time_s,RF1_N,RF2_N,RF3_N,RM3_Nmm,F_normal_N,F_tangential_N,F_tangential_from_torque_N,F_magnitude_N
0,0,0,0,0,-0,-0,-0,0
9.1510044e-10,1.39417614e-06,-2.21392924e-07,2.56747193e-11,-6.9466073e-06,-1.38420759e-06,2.76968008e-07,2.77864292e-07,1.41164512e-06
1.82760196e-09,2.09045061e-06,-3.3176056e-07,1.69277703e-10,-1.04108121e-05,-2.07551159e-06,4.15090915e-07,4.16432486e-07,2.11661259e-06
2.74010437e-09,2.52246969e-06,-3.99156932e-07,4.31114366e-10,-1.2533138e-05,-2.50448996e-06,4.99709532e-07,5.01325521e-07,2.55385586e-06
3.60697339e-09,2.87528269e-06,-4.53697339e-07,7.4440043e-10,-1.42538483e-05,-2.85483972e-06,5.6831507e-07,5.70153934e-07,2.91085767e-06
4.51944082e-09,3.1184702e-06,-4.90506011e-07,1.09403453e-09,-1.54202498e-05,-3.09636075e-06,6.14819206e-07,6.16809994e-07,3.15681069e-06
5.43189227e-09,3.21704647e-06,-5.04396723e-07,1.37139677e-09,-1.58672701e-05,-3.19430269e-06,6.32640806e-07,6.34690805e-07,3.25634856e-06
6.34433084e-09,3.26603367e-06,-5.10596408e-07,1.60982483e-09,-1.60718009e-05,-3.24300278e-06,6.40794497e-07,6.42872037e-07,3.30570526e-06
7.21112192e-09,4.09164886e-06,-6.48659238e-07,2.17449481e-09,-2.03590553e-05,-4.06243653e-06,8.11762694e-07,8.14362211e-07,4.14274715e-06
8.12350187e-09,4.97810788e-06,-7.88837895e-07,2.82272605e-09,-2.47608859e-05,-4.94258082e-06,9.87278128e-07,9.90435437e-07,5.04022135e-06
9.03586717e-09,5.95065785e-06,-9.42661245e-07,3.54045548e-09,-2.95909431e-05,-5.90820156e-06,1.17987006e-06,1.18363772e-06,6.02486113e-06
9.90259785e-09,7.40273845e-06,-1.18734522e-06,1.8691928e-09,-3.71776769e-05,-7.3493359e-06,1.48242605e-06,1.48710707e-06,7.49735478e-06
1.08149258e-08,8.13500628e-06,-1.30134777e-06,2.74909007e-09,-4.07688785e-05,-8.07645911e-06,1.62562031e-06,1.63075514e-06,8.23843679e-06
1.17273062e-08,8.97624523e-06,-1.42903696e-06,4.16360368e-09,-4.48125829e-05,-8.91191895e-06,1.78684795e-06,1.79250332e-06,9.08928723e-06
1.26397346e-08,9.50428966e-06,-1.4990236e-06,6.20716811e-09,-4.7096768e-05,-9.43674229e-06,1.87789475e-06,1.88387072e-06,9.62177906e-06
1.35065727e-08,9.0498188e-06,-1.41398584e-06,7.61786279e-09,-4.4510758e-05,-8.98603556e-06,1.77475103e-06,1.78043032e-06,9.15961977e-06
1.44190242e-08,8.79866093e-06,-1.36439826e-06,8.59125215e-09,-4.30167602e-05,-8.73706156e-06,1.71515948e-06,1.72067041e-06,8.90382449e-06
1.53314357e-08,8.48323634e-06,-1.307861e-06,8.737576e-09,-4.12839254e-05,-8.42415017e-06,1.64605382e-06,1.65135702e-06,8.58346524e-06
1.62438187e-08,8.11159589e-06,-1.24461383e-06,8.59406857e-09,-3.93264236e-05,-8.0553362e-06,1.56799559e-06,1.57305694e-06,8.20652943e-06
1.71105494e-08,9.25303266e-06,-1.46782202e-06,1.00381436e-08,-4.60610063e-05,-9.18693399e-06,1.83667053e-06,1.84244025e-06,9.36873607e-06
1.80228596e-08,1.06841571e-05,-1.69204884e-06,1.21975035e-08,-5.3114949e-05,-1.0607947e-05,2.11794771e-06,2.12459796e-06,1.08173191e-05
1.89351574e-08,1.2120714e-05,-1.91721529e-06,1.40761527e-08,-6.0197799e-05,-1.20343506e-05,2.400381e-06,2.40791196e-06,1.22714148e-05
1.98018331e-08,1.39511576e-05,-2.26205543e-06,5.98179595e-09,-7.06700957e-05,-1.38495401e-05,2.81814353e-06,2.82680383e-06,1.41333552e-05
2.07141202e-08,1.49632333e-05,-2.41698058e-06,7.65268116e-09,-7.55672081e-05,-1.48546109e-05,3.01341699e-06,3.02268832e-06,1.51571833e-05
2.16264588e-08,1.63719578e-05,-2.6165244e-06,1.27897e-08,-8.19814522e-05,-1.62542289e-05,3.26913515e-06,3.27925809e-06,1.65797276e-05
2.25388241e-08,1.66083719e-05,-2.60864476e-06,1.90946956e-08,-8.20240384e-05,-1.6490769e-05,3.27071586e-06,3.28096154e-06,1.68120019e-05
2.3405617e-08,1.53878718e-05,-2.37924314e-06,2.17592611e-08,-7.50540785e-05,-1.52804188e-05,2.99269075e-06,3.00216314e-06,1.55707376e-05
2.43180001e-08,1.48464487e-05,-2.26892234e-06,2.33765185e-08,-7.17481671e-05,-1.47438405e-05,2.86080705e-06,2.86992668e-06,1.50188413e-05
2.52303192e-08,1.40586253e-05,-2.12966393e-06,2.30165664e-08,-6.74693365e-05,-1.39622161e-05,2.69015549e-06,2.69877346e-06,1.42190346e-05
2.61425992e-08,1.31295174e-05,-1.97380405e-06,2.18193765e-08,-6.26324618e-05,-1.3040084e-05,2.49726587e-06,2.50529847e-06,1.32770706e-05
2.70092215e-08,1.42973977e-05,-2.26850716e-06,2.44548062e-08,-7.11795656e-05,-1.41952452e-05,2.83843601e-06,2.84718262e-06,1.44762669e-05
2.79213968e-08,1.62483921e-05,-2.56827093e-06,2.8449584e-08,-8.06475073e-05,-1.61326916e-05,3.21597897e-06,3.22590029e-06,1.64501389e-05
2.88335507e-08,1.82823096e-05,-2.88478213e-06,3.23591038e-08,-9.06178684e-05,-1.81523252e-05,3.613572e-06,3.62471474e-06,1.85085348e-05
2.97000824e-08,2.05980741e-05,-3.38070618e-06,1.18379475e-08,-0.000105356346,-2.04464057e-05,4.20170524e-06,4.21425386e-06,2.08736669e-05
3.0612231e-08,2.19928879e-05,-3.59127421e-06,1.49266945e-08,-0.000112031368,-2.18316833e-05,4.46788252e-06,4.48125473e-06,2.22841781e-05
3.15244364e-08,2.38473895e-05,-3.83469478e-06,2.46921079e-08,-0.00011999339,-2.36749672e-05,4.78526866e-06,4.79973562e-06,2.41537467e-05
3.24366951e-08,2.44912299e-05,-3.84223722e-06,3.79413763e-08,-0.000120834266,-2.4317991e-05,4.81855182e-06,4.83337062e-06,2.47908162e-05
3.33033974e-08,2.24477335e-05,-3.44319437e-06,4.35978649e-08,-0.000108791501,-2.22920867e-05,4.3381101e-06,4.35166003e-06,2.2710311e-05
3.4215784e-08,2.13941275e-05,-3.22608844e-06,4.68099657e-08,-0.000102298218,-2.12480054e-05,4.07904483e-06,4.09192871e-06,2.1636047e-05
3.51281706e-08,2.00723098e-05,-2.98853911e-06,4.48577708e-08,-9.50222093e-05,-1.99367444e-05,3.7888269e-06,3.80088837e-06,2.02936196e-05
3.6040543e-08,1.86036596e-05,-2.7404617e-06,4.10686312e-08,-8.7334316e-05,-1.84791894e-05,3.48221758e-06,3.49337264e-06,1.88044666e-05
3.69074478e-08,1.95685916e-05,-3.11062013e-06,4.46033539e-08,-9.75602015e-05,-1.94285472e-05,3.89066691e-06,3.90240806e-06,1.98143313e-05
3.78201044e-08,2.22308154e-05,-3.5162243e-06,5.29058042e-08,-0.00011039299,-2.20724216e-05,4.4024072e-06,4.4157196e-06,2.25072385e-05
3.87327717e-08,2.48082979e-05,-3.91415733e-06,5.83365676e-08,-0.000122948026,-2.46319294e-05,4.90309374e-06,4.91792103e-06,2.51152479e-05
3.96454105e-08,2.70693981e-05,-4.50244852e-06,1.92813481e-08,-0.000139937809,-2.68676956e-05,5.58133425e-06,5.59751235e-06,2.74412961e-05
4.05122904e-08,2.93541671e-05,-4.84849943e-06,2.48393981e-08,-0.000150899577,-2.91367986e-05,6.01847474e-06,6.0359831e-06,2.97519022e-05
4.14245989e-08,3.174827e-05,-5.13819896e-06,4.33896936e-08,-0.000160564261,-3.15174016e-05,6.40368112e-06,6.42257044e-06,3.21613995e-05
4.23367048e-08,3.24304419e-05,-5.0777553e-06,6.59116708e-08,-0.000159745105,-3.2201445e-05,6.37056542e-06,6.38980418e-06,3.28256227e-05
4.32031335e-08,2.95830105e-05,-4.49283743e-06,7.5760525e-08,-0.000142243778,-2.93796816e-05,5.67224853e-06,5.68975112e-06,2.99223301e-05
4.41151329e-08,2.81374741e-05,-4.17946603e-06,7.8784538e-08,-0.000132948175,-2.79478331e-05,5.30132176e-06,5.31792699e-06,2.84462932e-05
4.50269546e-08,2.62196518e-05,-3.8296489e-06,7.84767877e-08,-0.000122263227,-2.60455337e-05,4.87509201e-06,4.89052909e-06,2.64979718e-05
4.59386911e-08,2.41329326e-05,-3.476855e-06,6.95137388e-08,-0.000111332753,-2.39745917e-05,4.43913379e-06,4.4533101e-06,2.43822023e-05
4.68053472e-08,2.45222327e-05,-3.89776369e-06,7.23716269e-08,-0.000122242447,-2.43467486e-05,4.87527365e-06,4.88969788e-06,2.48301771e-05
4.77183555e-08,2.77997387e-05,-4.3912305e-06,8.42031582e-08,-0.000137893236,-2.76018995e-05,5.49941103e-06,5.51572943e-06,2.8144546e-05
4.86311968e-08,3.09611532e-05,-4.87582429e-06,9.3818123e-08,-0.00015320447,-3.07414067e-05,6.11004005e-06,6.12817879e-06,3.13428696e-05
4.95438961e-08,3.33922326e-05,-5.62225841e-06,3.14687298e-08,-0.000174316636,-3.3140692e-05,6.95309435e-06,6.97266543e-06,3.386225e-05
5.04107547e-08,3.66196873e-05,-6.09983363e-06,4.01899172e-08,-0.000189519211,-3.63464672e-05,7.55935132e-06,7.58076843e-06,3.71242654e-05
5.13230205e-08,3.91030153e-05,-6.36075265e-06,6.45300346e-08,-0.000198554408,-3.88173748e-05,7.91936827e-06,7.94217631e-06,3.9617031e-05
5.22350518e-08,3.99268647e-05,-6.25039911e-06,9.90176474e-08,-0.00019663159,-3.96449782e-05,7.84204819e-06,7.86526361e-06,4.04132629e-05
5.31013598e-08,3.64814587e-05,-5.49782953e-06,1.14313316e-07,-0.000174336237,-3.62324228e-05,6.9523011e-06,6.97344949e-06,3.6893577e-05
5.40132525e-08,3.44897853e-05,-5.0454305e-06,1.22784613e-07,-0.000161013901,-3.42604338e-05,6.42061824e-06,6.44055603e-06,3.48570902e-05
5.49249357e-08,3.21044427e-05,-4.59664625e-06,1.16061628e-07,-0.000147382903,-3.18949457e-05,5.87680471e-06,5.89531614e-06,3.243205e-05
5.58365016e-08,2.94574529e-05,-4.14746546e-06,1.02775758e-07,-0.000133476919,-2.92680357e-05,5.32213186e-06,5.33907674e-06,2.97481691e-05
5.67024294e-08,2.90012831e-05,-4.61172931e-06,1.00525853e-07,-0.000144612495,-2.87936652e-05,5.76778242e-06,5.78449981e-06,2.93658403e-05
5.76136756e-08,3.28957503e-05,-5.19039031e-06,1.18196361e-07,-0.000163015968,-3.2661877e-05,6.50171771e-06,6.52063871e-06,3.33029205e-05
5.8524833e-08,3.65616943e-05,-5.74779779e-06,1.31427257e-07,-0.000180656643,-3.63025982e-05,7.20527797e-06,7.22626573e-06,3.70109706e-05
5.94359726e-08,3.84047817e-05,-6.56383418e-06,3.65872026e-08,-0.000202910844,-3.81115786e-05,8.09436546e-06,8.11643375e-06,3.896168e-05
6.03016446e-08,4.32007328e-05,-7.29980275e-06,5.23781836e-08,-0.000226157543,-4.28742625e-05,9.02153222e-06,9.04630171e-06,4.38131621e-05
6.12129725e-08,4.61235068e-05,-7.59048544e-06,8.39829113e-08,-0.000236380816,-4.57830744e-05,9.42886219e-06,9.45523265e-06,4.67439878e-05
6.21244993e-08,4.73345317e-05,-7.45815987e-06,1.30684015e-07,-0.000234301027,-4.69984223e-05,9.34507055e-06,9.3720411e-06,4.79186719e-05
6.30362536e-08,4.37465969e-05,-6.57689816e-06,1.55339819e-07,-0.000208646859,-4.34485985e-05,8.32103463e-06,8.34587438e-06,4.42384953e-05
6.39024975e-08,4.10998837e-05,-5.97264761e-06,1.6465799e-07,-0.000190867417,-4.08281659e-05,7.61142712e-06,7.63469667e-06,4.15319163e-05
6.48141452e-08,3.82996222e-05,-5.42031376e-06,1.61080592e-07,-0.00017422947,-3.80522319e-05,6.94755448e-06,6.96917879e-06,3.86816082e-05
6.5725601e-08,3.52427269e-05,-4.88497835e-06,1.43225648e-07,-0.000157756294,-3.50191894e-05,6.29040407e-06,6.31025177e-06,3.55799568e-05
6.66369786e-08,3.38685531e-05,-5.40405017e-06,1.37039422e-07,-0.000169330815,-3.36253575e-05,6.7541084e-06,6.7732326e-06,3.42972511e-05
6.75025191e-08,3.8264654e-05,-6.06187314e-06,1.52924926e-07,-0.0001902191,-3.79916361e-05,7.58720232e-06,7.60876399e-06,3.87421403e-05
6.84134775e-08,4.25751423e-05,-6.70653026e-06,1.68787992e-07,-0.000210691418,-4.2272897e-05,8.40371734e-06,8.42765672e-06,4.31004499e-05
6.93244289e-08,4.52594759e-05,-7.10097129e-06,1.84735271e-07,-0.000223264593,-4.493931e-05,8.90518757e-06,8.93058372e-06,4.58135141e-05
7.02354441e-08,5.00476199e-05,-8.53218899e-06,7.44936131e-08,-0.000263871189,-4.96663906e-05,1.05267351e-05,1.05548475e-05,5.07697553e-05
7.11010344e-08,5.3334883e-05,-8.85234658e-06,1.13911369e-07,-0.000275199156,-5.29382213e-05,1.09780921e-05,1.10079662e-05,5.40646535e-05
7.20124405e-08,5.52402817e-05,-8.72250257e-06,1.73662272e-07,-0.000273884361,-5.48472883e-05,1.09245476e-05,1.09553745e-05,5.5924958e-05
7.29241378e-08,5.09732818e-05,-7.60344255e-06,2.13165947e-07,-0.000241602087,-5.0628452e-05,9.63574821e-06,9.66408348e-06,5.15376875e-05
7.38361834e-08,4.77723588e-05,-6.82749487e-06,2.2381488e-07,-0.000218972142,-4.7461119e-05,8.73241843e-06,8.75888567e-06,4.82582951e-05
7.47029176e-08,4.4731707e-05,-6.20812989e-06,2.13836316e-07,-0.000200416718,-4.44476674e-05,7.99195523e-06,8.01666873e-06,4.5160959e-05
7.5615425e-08,4.11214714e-05,-5.57797466e-06,1.90418234e-07,-0.000181014795,-4.08655192e-05,7.21793314e-06,7.2405918e-06,4.14984997e-05
7.65280035e-08,3.79802732e-05,-6.07135053e-06,1.74048765e-07,-0.000190157487,-3.77071038e-05,7.58529993e-06,7.60629948e-06,3.84628749e-05
7.7440717e-08,4.33445566e-05,-6.85552232e-06,2.03979226e-07,-0.000215181703,-4.30357378e-05,8.58335859e-06,8.6072681e-06,4.38838283e-05
7.83077851e-08,4.79691516e-05,-7.53246695e-06,2.27378123e-07,-0.000236777501,-4.76295631e-05,9.44469622e-06,9.47110006e-06,4.85574842e-05
7.92205057e-08,5.18548732e-05,-8.13279257e-06,2.30417911e-07,-0.000255710358,-5.14881698e-05,1.01999291e-05,1.02284143e-05,5.24892682e-05
8.01331268e-08,5.65428927e-05,-9.77607669e-06,8.58776659e-08,-0.000301512016,-5.61067256e-05,1.20293695e-05,1.20604807e-05,5.73818592e-05
8.10453784e-08,6.07430666e-05,-1.01871792e-05,1.43949407e-07,-0.000316035555,-6.02871001e-05,1.26081053e-05,1.26414222e-05,6.15915536e-05
8.19116579e-08,6.25638058e-05,-9.96963445e-06,2.17879943e-07,-0.000312443299,-6.21150824e-05,1.24635447e-05,1.2497732e-05,6.33535388e-05
8.28232558e-08,5.85260277e-05,-8.74295984e-06,2.68764296e-07,-0.000277705694,-5.8129588e-05,1.10763833e-05,1.11082278e-05,5.9176072e-05
8.37348537e-08,5.47067211e-05,-7.75819171e-06,2.88937827e-07,-0.000249233184,-5.43527167e-05,9.93967134e-06,9.96932737e-06,5.52548492e-05
8.46007282e-08,5.12242914e-05,-7.00425153e-06,2.79223883e-07,-0.000226868928,-5.09032221e-05,9.04707418e-06,9.07475711e-06,5.17016976e-05
8.55118856e-08,4.70534287e-05,-6.25313533e-06,2.51822172e-07,-0.000203878109,-4.67657323e-05,8.12976877e-06,8.15512438e-06,4.74677814e-05
8.64229577e-08,4.27681189e-05,-5.54542385e-06,2.24011444e-07,-0.000181855983,-4.25121511e-05,7.2512567e-06,7.27423932e-06,4.31267191e-05
8.73362183e-08,4.85221572e-05,-7.67855454e-06,2.60588024e-07,-0.00024097439,-4.81762843e-05,9.61278127e-06,9.63897561e-06,4.9126651e-05
8.82037341e-08,5.35206564e-05,-8.38787037e-06,2.79483118e-07,-0.000263756083,-5.31424202e-05,1.05214164e-05,1.05502433e-05,5.41746725e-05
8.91165755e-08,5.7633617e-05,-8.99957286e-06,2.98197591e-07,-0.000283201982,-5.72276293e-05,1.12971041e-05,1.13280793e-05,5.83327956e-05
9.0029225e-08,6.34456519e-05,-1.10956134e-05,1.07209516e-07,-0.00034145161,-6.2951196e-05,1.36238875e-05,1.36580644e-05,6.44086553e-05
9.09414837e-08,6.75558331e-05,-1.14633449e-05,1.66609311e-07,-0.000354799064,-6.70433841e-05,1.41556882e-05,1.41919625e-05,6.85217237e-05
9.18077419e-08,7.02203542e-05,-1.12851521e-05,2.56231203e-07,-0.000353043637,-6.97128997e-05,1.40841904e-05,1.41217455e-05,7.11218564e-05
9.2719219e-08,6.69429646e-05,-1.0024839e-05,3.3009664e-07,-0.000318236562,-6.64885308e-05,1.26938247e-05,1.27294625e-05,6.76902273e-05
9.36307529e-08,6.16420148e-05,-8.69034375e-06,3.54289853e-07,-0.000279527419,-6.12451867e-05,1.11484155e-05,1.11810968e-05,6.2252595e-05
9.45421164e-08,5.73775651e-05,-7.72035764e-06,3.44573294e-07,-0.000250974641,-5.70229372e-05,1.00086728e-05,1.00389856e-05,5.78956616e-05
9.54076285e-08,5.29772151e-05,-6.89191029e-06,3.17359905e-07,-0.000225820622,-5.26592361e-05,9.00492105e-06,9.03282489e-06,5.3424568e-05
9.63185585e-08,4.82900359e-05,-6.11188125e-06,2.79816049e-07,-0.000201586008,-4.8006999e-05,8.03807878e-06,8.06344033e-06,4.8676082e-05
9.72291616e-08,5.33584134e-05,-8.46223611e-06,3.13708028e-07,-0.000265435316,-5.29773332e-05,1.05892346e-05,1.06174126e-05,5.40261801e-05
9.81393029e-08,5.93666991e-05,-9.32279454e-06,3.4202381e-07,-0.000293016172,-5.89463998e-05,1.16893721e-05,1.17206469e-05,6.00952281e-05
9.90039766e-08,6.43290332e-05,-1.00544366e-05,3.6112084e-07,-0.000316317135,-6.38755066e-05,1.26188694e-05,1.26526854e-05,6.5111033e-05
9.99142031e-08,6.90436427e-05,-1.22593838e-05,1.21574715e-07,-0.00037617475,-6.84981706e-05,1.50105869e-05,1.504699e-05,7.01236898e-05
1.00824522e-07,7.51522675e-05,-1.2913074e-05,2.06562348e-07,-0.000398688077,-7.45757685e-05,1.5908034e-05,1.59475231e-05,7.62538751e-05
1.01735182e-07,7.79328038e-05,-1.26081768e-05,3.03315687e-07,-0.0003938835,-7.73662733e-05,1.57145725e-05,1.575534e-05,7.89466911e-05
1.0260073e-07,7.4849042e-05,-1.12272492e-05,3.9578137e-07,-0.000356259989,-7.43402005e-05,1.42114319e-05,1.42503995e-05,7.56874286e-05
1.03512406e-07,6.84422193e-05,-9.55021733e-06,4.29532179e-07,-0.000307875132,-6.8005566e-05,1.2279537e-05,1.23150053e-05,6.91066461e-05
1.04424522e-07,6.41407096e-05,-8.49786557e-06,4.28211052e-07,-0.00027722813,-6.37495799e-05,1.10560124e-05,1.10891252e-05,6.47026098e-05
1.05336952e-07,5.90305863e-05,-7.53327686e-06,3.8803654e-07,-0.000247955497,-5.86821174e-05,9.88784488e-06,9.91821988e-06,5.95105953e-05
1.06203778e-07,5.3787724e-05,-6.65943526e-06,3.40795879e-07,-0.000220815986,-5.34783932e-05,8.80504369e-06,8.83263943e-06,5.41994786e-05
1.07116428e-07,5.77352803e-05,-9.14697921e-06,3.73171048e-07,-0.000286956638,-5.73233166e-05,1.1448458e-05,1.14782655e-05,5.84565572e-05
1.08029127e-07,6.4043852e-05,-1.00157795e-05,4.00140351e-07,-0.000315045443,-6.35920994e-05,1.25688389e-05,1.26018177e-05,6.48235369e-05
1.08941862e-07,6.94869304e-05,-1.08102058e-05,4.34814609e-07,-0.000340399856,-6.89990554e-05,1.35802949e-05,1.36159942e-05,7.0324129e-05
1.0980893e-07,7.63305143e-05,-1.37115449e-05,1.53122556e-07,-0.000419808726,-7.57211425e-05,1.67529835e-05,1.67923491e-05,7.75524166e-05
1.10721288e-07,8.30316494e-05,-1.43644929e-05,2.4813184e-07,-0.000442901131,-8.23908064e-05,1.76733832e-05,1.77160453e-05,8.42653845e-05
1.11633391e-07,8.49078351e-05,-1.38047499e-05,3.71236979e-07,-0.000430813467,-8.42878751e-05,1.71891153e-05,1.72325387e-05,8.60235398e-05
1.12545194e-07,8.27964905e-05,-1.24173821e-05,4.76518068e-07,-0.000394013739,-8.22336993e-05,1.5718426e-05,1.57605496e-05,8.37238155e-05
1.13411367e-07,7.58482856e-05,-1.05452837e-05,5.10519783e-07,-0.00034020943,-7.53659162e-05,1.3569971e-05,1.36083772e-05,7.65795408e-05
1.14323043e-07,7.05066122e-05,-9.20474758e-06,5.12930512e-07,-0.0003013112,-7.00821227e-05,1.20168972e-05,1.2052448e-05,7.11067707e-05
1.15234521e-07,6.47531924e-05,-8.08022469e-06,4.70320174e-07,-0.000267393247,-6.4378274e-05,1.06631984e-05,1.06957299e-05,6.52570851e-05
1.16100331e-07,5.93143013e-05,-7.15392753e-06,4.11097488e-07,-0.000238746288,-5.89807754e-05,9.52014457e-06,9.54985153e-06,5.97455774e-05
1.17012846e-07,6.21099534e-05,-9.85969564e-06,4.27192219e-07,-0.000309172028,-6.16659894e-05,1.23355446e-05,1.23668811e-05,6.28891279e-05
1.1792639e-07,6.86954736e-05,-1.07428004e-05,4.61812107e-07,-0.000337896432,-6.82109271e-05,1.34812936e-05,1.35158573e-05,6.95319288e-05
1.18839395e-07,7.50757099e-05,-1.16411184e-05,5.22664152e-07,-0.000366792869,-7.45501368e-05,1.46340344e-05,1.46717147e-05,7.59746736e-05
1.19706527e-07,8.01664137e-05,-1.46449111e-05,1.60473107e-07,-0.000446985709,-7.95166489e-05,1.78389982e-05,1.78794283e-05,8.149327e-05
1.20618807e-07,8.79641448e-05,-1.55638809e-05,2.53367432e-07,-0.000477831578,-8.72713936e-05,1.9069059e-05,1.91132631e-05,8.93307861e-05
1.21530491e-07,9.27187357e-05,-1.53749534e-05,3.9191724e-07,-0.000477919442,-9.20297364e-05,1.90704155e-05,1.91167777e-05,9.3985673e-05
1.22441691e-07,9.26543944e-05,-1.40386383e-05,5.55830297e-07,-0.00044446651,-9.2018885e-05,1.77325964e-05,1.77786604e-05,9.37135482e-05
1.23307203e-07,8.34013335e-05,-1.15857029e-05,6.25077064e-07,-0.000373821124,-8.28713168e-05,1.49115993e-05,1.49528449e-05,8.42045228e-05
1.24218317e-07,7.77111054e-05,-1.00519983e-05,6.09373387e-07,-0.000329745671,-7.72469721e-05,1.31515731e-05,1.31898269e-05,7.83608953e-05
1.25129063e-07,7.17035582e-05,-8.8401066e-06,5.64423544e-07,-0.000293389428,-7.1292693e-05,1.1700413e-05,1.17355771e-05,7.22486423e-05
1.26039581e-07,6.54708201e-05,-7.77291643e-06,4.89891477e-07,-0.000260420813,-6.51076167e-05,1.03848334e-05,1.04168325e-05,6.5932439e-05
1.26904467e-07,6.63566607e-05,-1.05637e-05,4.96894927e-07,-0.000331037736,-6.58811471e-05,1.32088089e-05,1.32415094e-05,6.71940852e-05
1.27813919e-07,7.36213406e-05,-1.14962013e-05,5.46809758e-07,-0.000361681188,-7.31027259e-05,1.4431074e-05,1.44672475e-05,7.45155248e-05
1.28723428e-07,8.11256323e-05,-1.25813249e-05,5.86624026e-07,-0.000396379561,-8.05576216e-05,1.58154212e-05,1.58551824e-05,8.20975157e-05
1.29632937e-07,8.75561018e-05,-1.60932759e-05,1.96328628e-07,-0.000490621198,-8.68425069e-05,1.95817132e-05,1.96248479e-05,8.90230478e-05
1.30542389e-07,9.44629501e-05,-1.68276529e-05,3.28710172e-07,-0.000515951775,-9.37144632e-05,2.0591703e-05,2.0638071e-05,9.59506482e-05
1.31406679e-07,9.96348317e-05,-1.67166509e-05,4.51972767e-07,-0.000518407091,-9.88866467e-05,2.06876099e-05,2.07362836e-05,0.000101028463
1.32317084e-07,0.000101103011,-1.54124245e-05,6.36354798e-07,-0.000487305602,-0.000100405807,1.94431383e-05,1.94922241e-05,0.000102273
1.33228099e-07,9.08925795e-05,-1.24736971e-05,7.20004607e-07,-0.000403557729,-9.03210603e-05,1.60984532e-05,1.61423092e-05,9.17473298e-05
1.34139626e-07,8.43432281e-05,-1.06635362e-05,7.3977111e-07,-0.00035170815,-8.38493348e-05,1.4027836e-05,1.4068326e-05,8.5017871e-05
1.35005379e-07,7.7994584e-05,-9.35833395e-06,6.82253301e-07,-0.000312677439,-7.75579631e-05,1.24697998e-05,1.25070976e-05,7.85569794e-05
1.3591665e-07,7.14055786e-05,-8.24236213e-06,6.01194358e-07,-0.000278131454,-7.10188552e-05,1.10912307e-05,1.11252582e-05,7.18822275e-05
1.36827737e-07,7.0524271e-05,-1.12045054e-05,5.67041127e-07,-0.000351241993,-7.00197984e-05,1.40157617e-05,1.40496797e-05,7.14110305e-05
1.37738184e-07,7.81779599e-05,-1.21746416e-05,6.30036482e-07,-0.000383216771,-7.76285701e-05,1.52911877e-05,1.53286709e-05,7.91227671e-05
1.38603042e-07,8.60876826e-05,-1.33105168e-05,6.60450667e-07,-0.000419590826,-8.54865429e-05,1.67424589e-05,1.6783633e-05,8.71131169e-05
1.39513375e-07,9.09315713e-05,-1.70632338e-05,1.6906256e-07,-0.000518241257,-9.01764884e-05,2.06858781e-05,2.07296503e-05,9.25188262e-05
1.40423793e-07,0.00010033149,-1.82562362e-05,2.93774718e-07,-0.000557548483,-9.95211809e-05,2.22538227e-05,2.23019393e-05,0.000101979333
1.41334269e-07,0.00010722084,-1.82461445e-05,4.88035198e-07,-0.000564259593,-0.000106405423,2.25192395e-05,2.25703837e-05,0.00010876336
1.4224517e-07,0.000108491557,-1.66347581e-05,7.34992398e-07,-0.000525283976,-0.000107739562,2.09599572e-05,2.10113591e-05,0.000109761893
1.43110455e-07,9.80282784e-05,-1.35189775e-05,8.07138179e-07,-0.000436860049,-9.74092514e-05,1.74282494e-05,1.7474402e-05,9.89593735e-05
1.44021357e-07,9.14789634e-05,-1.15580297e-05,8.35330979e-07,-0.000381245045,-9.09435921e-05,1.52069673e-05,1.52498018e-05,9.22100134e-05
1.44932059e-07,8.46253461e-05,-1.00426378e-05,7.5204872e-07,-0.000336454192,-8.41560564e-05,1.3418716e-05,1.34581677e-05,8.52224697e-05
1.45842435e-07,7.71460764e-05,-8.71277825e-06,6.52832171e-07,-0.000295666367,-7.67359495e-05,1.17908292e-05,1.18266547e-05,7.76392671e-05
1.4670718e-07,7.42714692e-05,-1.18911421e-05,6.41720248e-07,-0.000372163864,-7.37365411e-05,1.48516971e-05,1.48865546e-05,7.52200917e-05
1.47616447e-07,8.36796462e-05,-1.31528732e-05,7.0943895e-07,-0.000413194939,-8.30867368e-05,1.64886456e-05,1.65277976e-05,8.47100027e-05
1.4852543e-07,9.20000384e-05,-1.42729823e-05,7.7477705e-07,-0.000449587649,-9.13556811e-05,1.79405857e-05,1.7983506e-05,9.31038419e-05
1.49434541e-07,9.64729988e-05,-1.48558838e-05,8.09442497e-07,-0.000468669517,-9.58017538e-05,1.87018917e-05,1.87467807e-05,9.76134826e-05
1.50343638e-07,0.000107816297,-1.97186182e-05,3.86665164e-07,-0.000601619831,-0.000106941521,2.40143473e-05,2.40647933e-05,0.000109605325
1.51207331e-07,0.000113376031,-1.95048706e-05,5.67039478e-07,-0.000601896842,-0.000112505355,2.40231007e-05,2.40758737e-05,0.000115042974
1.52117209e-07,0.000114688199,-1.78988976e-05,7.79902791e-07,-0.000563097827,-0.000113880695,2.24708851e-05,2.25239131e-05,0.000116079118
1.53027941e-07,0.000105753476,-1.4686254e-05,8.93486401e-07,-0.000473801716,-0.00010508159,1.89035176e-05,1.89520686e-05,0.000106772103
1.5393951e-07,9.77495802e-05,-1.23016925e-05,9.52254538e-07,-0.000406135048,-9.71794544e-05,1.62007931e-05,1.62454019e-05,9.85252194e-05
1.54806102e-07,9.05566048e-05,-1.06304033e-05,8.76240449e-07,-0.000357108336,-9.00590665e-05,1.42431984e-05,1.42843334e-05,9.11826297e-05
1.55718524e-07,8.28380726e-05,-9.19192826e-06,7.77365813e-07,-0.000313367142,-8.24042318e-05,1.24972151e-05,1.25346857e-05,8.33501176e-05
1.56631046e-07,7.81122435e-05,-1.25427387e-05,7.0384624e-07,-0.00039230258,-7.75481863e-05,1.56563624e-05,1.56921032e-05,7.91159799e-05
1.57543766e-07,8.84174515e-05,-1.39243139e-05,7.7876706e-07,-0.000437231414,-8.77899029e-05,1.74489309e-05,1.74892566e-05,8.95105509e-05
1.58410799e-07,9.64619758e-05,-1.48963127e-05,8.5458629e-07,-0.000469642604,-9.57891229e-05,1.87418474e-05,1.87857042e-05,9.76091349e-05
1.59323562e-07,0.000101986567,-1.55786183e-05,9.20417222e-07,-0.000492269173,-0.00010128201,1.9644532e-05,1.96907669e-05,0.000103173642
1.60236041e-07,0.000115221141,-2.14866741e-05,3.75898736e-07,-0.000653242751,-0.000114269738,2.60771037e-05,2.612971e-05,0.000117208062
1.61102449e-07,0.000121479396,-2.12333453e-05,5.98599115e-07,-0.000653234951,-0.000120533118,2.6074241e-05,2.6129398e-05,0.000123322572
1.62014018e-07,0.00012342073,-1.93192864e-05,8.80379673e-07,-0.000607374066,-0.000122549441,2.42393458e-05,2.42949626e-05,0.000124926725
1.62925332e-07,0.000113204012,-1.57076847e-05,1.02903255e-06,-0.000506817712,-0.000112485321,2.02220733e-05,2.02727085e-05,0.000114293214
1.63836674e-07,0.000105777079,-1.33091899e-05,1.0639468e-06,-0.000439388037,-0.000105160243,1.75284989e-05,1.75755215e-05,0.000106616401
1.647023e-07,9.77283344e-05,-1.13226024e-05,9.97242068e-07,-0.000381621387,-9.71973788e-05,1.52216366e-05,1.52648555e-05,9.83871087e-05
1.65613315e-07,8.8905239e-05,-9.58301825e-06,9.19297179e-07,-0.000329243601,-8.84509057e-05,1.31306142e-05,1.31697441e-05,8.94249454e-05
1.66524217e-07,8.07892138e-05,-1.28577203e-05,7.7405133e-07,-0.000402853533,-8.02104194e-05,1.60781424e-05,1.61141413e-05,8.180964e-05
1.67438145e-07,9.28357913e-05,-1.46018874e-05,8.56281645e-07,-0.000458597322,-9.21776128e-05,1.83026489e-05,1.83438929e-05,9.39810219e-05
1.68306016e-07,0.000102068647,-1.5850841e-05,9.34590503e-07,-0.000499125803,-0.000101353138,1.99198193e-05,1.99650321e-05,0.000103296328
1.69218879e-07,0.000107939493,-1.65250731e-05,1.02811953e-06,-0.000521898735,-0.000107192327,2.08282833e-05,2.08759494e-05,0.000109201966
1.70131443e-07,0.000119396253,-2.26176671e-05,4.21970981e-07,-0.000685682637,-0.000118396283,2.73741521e-05,2.74273055e-05,0.000121520377
1.71043311e-07,0.0001276986,-2.26905267e-05,6.6869211e-07,-0.000695886905,-0.000126689076,2.77789588e-05,2.78354762e-05,0.000129700577
1.71908695e-07,0.000130408662,-2.10299258e-05,9.15609121e-07,-0.000657134224,-0.000129463376,2.62280597e-05,2.62853689e-05,0.000132096613
1.72819242e-07,0.000123157137,-1.73678109e-05,1.1157606e-06,-0.000558313972,-0.000122364097,2.22788904e-05,2.23325589e-05,0.000124380731
1.73729859e-07,0.00011290532,-1.4094293e-05,1.20063658e-06,-0.000466171798,-0.000112251386,1.85980276e-05,1.86468719e-05,0.000113787969
1.74640562e-07,0.000104968181,-1.20231225e-05,1.14326849e-06,-0.000406406791,-0.000104403421,1.6211113e-05,1.62562716e-05,0.000105660691
1.75505306e-07,9.61129044e-05,-1.03249595e-05,1.03993625e-06,-0.000355033844,-9.56231361e-05,1.41601917e-05,1.42013538e-05,9.66714883e-05
1.76415412e-07,8.65089387e-05,-8.71938119e-06,8.84545273e-07,-0.000305218069,-8.60910585e-05,1.21718415e-05,1.22087228e-05,8.69517481e-05
1.77324878e-07,9.69195244e-05,-1.53195815e-05,9.99472832e-07,-0.000480625022,-9.62293792e-05,1.91830747e-05,1.92250009e-05,9.81278896e-05
1.78233108e-07,0.000107484651,-1.67219296e-05,1.03430477e-06,-0.000526328455,-0.000106729976,2.10067935e-05,2.10531382e-05,0.000108782549
1.79141566e-07,0.000114204624,-1.76033009e-05,1.07416895e-06,-0.000555132166,-0.000113409328,2.2156187e-05,2.22052867e-05,0.000115558324
1.80004761e-07,0.000124712213,-2.38621269e-05,4.43910267e-07,-0.000722107012,-0.000123658226,2.88301981e-05,2.88842805e-05,0.000126975329
1.80913048e-07,0.000134026399,-2.42553051e-05,6.40357598e-07,-0.000741333235,-0.000132949239,2.95955299e-05,2.96533294e-05,0.000136205013
1.81822116e-07,0.000139857744,-2.26093471e-05,1.00848911e-06,-0.000706097402,-0.00013884174,2.81840801e-05,2.82438961e-05,0.000141677056
1.82732109e-07,0.000130343105,-1.81002724e-05,1.28674696e-06,-0.000583833782,-0.000129515027,2.32981281e-05,2.33533513e-05,0.000131600155
1.83642584e-07,0.000120312492,-1.46935481e-05,1.3354861e-06,-0.000488589867,-0.00011962867,1.94930113e-05,1.95435947e-05,0.000121213777
1.84507542e-07,0.000111867164,-1.24590297e-05,1.29473563e-06,-0.000424233003,-0.000111279454,1.69225572e-05,1.69693201e-05,0.000112566275
1.85417719e-07,0.000102571008,-1.06087582e-05,1.18690923e-06,-0.00036861698,-0.000102064725,1.47020186e-05,1.47446792e-05,0.000103125003
1.86327597e-07,9.25077329e-05,-8.96154324e-06,9.95896585e-07,-0.000317299855,-9.20753704e-05,1.26536976e-05,1.26919942e-05,9.29461227e-05
1.87236964e-07,0.000100649682,-1.59154715e-05,1.05101003e-06,-0.000499250134,-9.99327242e-05,1.99276546e-05,1.99700054e-05,0.000101905669
1.88144909e-07,0.000111296795,-1.72322689e-05,1.16298611e-06,-0.000542895868,-0.000110518662,2.16691696e-05,2.17158347e-05,0.000112628949
1.89007807e-07,0.000118682256,-1.82353015e-05,1.2596621e-06,-0.00057540898,-0.000117858105,2.29667396e-05,2.30163592e-05,0.0001200816
1.89916108e-07,0.000128113781,-2.49741388e-05,5.10024392e-07,-0.000753286353,-0.000127012605,3.0077347e-05,3.01314541e-05,0.000130526276
1.90824139e-07,0.000141260258,-2.58439304e-05,7.68157406e-07,-0.00078828627,-0.000140113783,3.14721617e-05,3.15314508e-05,0.000143606961
1.9173288e-07,0.000144343358,-2.37631575e-05,1.09312816e-06,-0.000739410752,-0.000143277625,2.95163443e-05,2.95764301e-05,0.000146290422
1.9264256e-07,0.000139442811,-1.99037386e-05,1.38193468e-06,-0.00063803856,-0.000138535334,2.54640429e-05,2.55215424e-05,0.000140862934
1.93507375e-07,0.000127478008,-1.58305265e-05,1.51193672e-06,-0.000524193863,-0.000126742987,2.09156245e-05,2.09677545e-05,0.000128466081
1.94417836e-07,0.00011820397,-1.30430244e-05,1.44118815e-06,-0.000445187179,-0.000117587838,1.77594895e-05,1.78074872e-05,0.000118930131
1.9532817e-07,0.000108591536,-1.10198553e-05,1.33382639e-06,-0.000384934887,-0.000108063997,1.53535438e-05,1.53973955e-05,0.0001091574
1.96238148e-07,9.80190016e-05,-9.21703577e-06,1.11568636e-06,-0.000329219009,-9.75720137e-05,1.31293777e-05,1.31687603e-05,9.84577228e-05
1.9710231e-07,0.00010352621,-1.6338161e-05,1.18716594e-06,-0.000512684463,-0.000102790048,2.04650364e-05,2.05073785e-05,0.000104814222
1.98010241e-07,0.000114627786,-1.76779376e-05,1.3110166e-06,-0.000557359774,-0.000113829167,2.2247686e-05,2.22943909e-05,0.000115990334
1.98918443e-07,0.000124629194,-1.90102546e-05,1.3958994e-06,-0.000600737578,-0.000123769297,2.39788869e-05,2.40295031e-05,0.000126078445
1.99826601e-07,0.000133409761,-2.64620594e-05,5.34644698e-07,-0.000795767235,-0.000132244848,3.17758601e-05,3.18306894e-05,0.000136009893
2.00734419e-07,0.000145598853,-2.72488123e-05,7.61780598e-07,-0.000827722193,-0.000144392728,3.30494174e-05,3.31088877e-05,0.000148128674
2.01642834e-07,0.000151472515,-2.54392326e-05,1.15423938e-06,-0.000788437435,-0.000150334056,3.14761689e-05,3.15374974e-05,0.000153598209
2.02506925e-07,0.000150029417,-2.17624183e-05,1.55820669e-06,-0.000695118331,-0.000149039144,2.77445872e-05,2.78047333e-05,0.000151607575
2.03417571e-07,0.000135262337,-1.68221231e-05,1.64139556e-06,-0.000556785846,-0.000134481436,2.2217718e-05,2.22714338e-05,0.000136314261
2.04329268e-07,0.00012581647,-1.38971072e-05,1.57053455e-06,-0.000474172761,-0.000125160094,1.89173079e-05,1.89669104e-05,0.000126591391
2.05241491e-07,0.000115077542,-1.15424127e-05,1.46496916e-06,-0.000404503633,-0.000114523919,1.61350543e-05,1.61801453e-05,0.00011566423
2.06108169e-07,0.000105092164,-9.72857106e-06,1.26463181e-06,-0.000349107984,-0.000104619062,1.39233549e-05,1.39643194e-05,0.000105549075
2.07020193e-07,0.000108560751,-1.72338259e-05,1.28633428e-06,-0.000540111039,-0.000107784745,2.15613129e-05,2.16044416e-05,0.000109927686
2.0793189e-07,0.00012086855,-1.88290378e-05,1.39958547e-06,-0.00059238181,-0.000120018907,2.36474294e-05,2.36952724e-05,0.000122334369
2.08843957e-07,0.000129429871,-1.97713216e-05,1.5304206e-06,-0.000624559005,-0.000128535699,2.4931321e-05,2.49823602e-05,0.000130940211
2.09710635e-07,0.000139719807,-2.79347132e-05,6.26529754e-07,-0.000838887005,-0.000138490955,3.34996705e-05,3.35554802e-05,0.000142486368
2.10622645e-07,0.000152087407,-2.87992352e-05,7.74455145e-07,-0.000872961245,-0.000150814091,3.4858073e-05,3.49184498e-05,0.000154792038
2.11534314e-07,0.000159690346,-2.71391364e-05,1.24061501e-06,-0.000839153887,-0.000158477335,3.35033386e-05,3.35661555e-05,0.000161984809
2.124453e-07,0.000156556431,-2.27037945e-05,1.70158512e-06,-0.000725178223,-0.000155523293,2.89462213e-05,2.90071289e-05,0.000158203267
2.13310756e-07,0.000141616023,-1.74971065e-05,1.78709172e-06,-0.000580019841,-0.000140803048,2.31462411e-05,2.32007937e-05,0.000142704031
2.14221728e-07,0.000131671055,-1.42008066e-05,1.76459503e-06,-0.000487629906,-0.000130997851,1.94548853e-05,1.95051963e-05,0.000132446379
2.15132431e-07,0.000120206663,-1.16864558e-05,1.61010087e-06,-0.000413243135,-0.000119643177,1.64840923e-05,1.65297254e-05,0.000120784136
2.16043077e-07,0.000109471432,-9.75096373e-06,1.45159277e-06,-0.000354054384,-0.000108993932,1.41208537e-05,1.41621754e-05,0.000109914434
2.16908887e-07,0.000110719906,-1.75066234e-05,1.4402309e-06,-0.000549072749,-0.000109931264,2.19202353e-05,2.196291e-05,0.000112104655
2.17821722e-07,0.000123659105,-1.91120707e-05,1.50538779e-06,-0.000602232409,-0.000122795912,2.40418284e-05,2.40892963e-05,0.000125136373
2.18734357e-07,0.000134386501,-2.0447178e-05,1.64838934e-06,-0.000646406203,-0.000133461337,2.58048492e-05,2.58562481e-05,0.000135943134
2.19601418e-07,0.000142112636,-2.90665812e-05,5.54182407e-07,-0.000869537471,-0.000140836608,3.47263207e-05,3.47814988e-05,0.000145055764
2.20513428e-07,0.000158380528,-3.06698348e-05,9.20255047e-07,-0.00092599832,-0.000157027374,3.69788341e-05,3.70399328e-05,0.000161325377
2.21424969e-07,0.000165549936,-2.90325261e-05,1.2671627e-06,-0.00089232059,-0.000164256523,3.56295349e-05,3.56928236e-05,0.000168081155
2.22335913e-07,0.000165670979,-2.51814508e-05,1.7170679e-06,-0.000796225795,-0.000164531471,3.17863805e-05,3.18490318e-05,0.000167582598
2.23201098e-07,0.000151591812,-1.95627417e-05,1.90401818e-06,-0.000641646679,-0.000150688254,2.56091493e-05,2.56658671e-05,0.000152860733
2.24112028e-07,0.000139771961,-1.55245507e-05,1.89701586e-06,-0.000528833363,-0.000139039342,2.11015204e-05,2.11533345e-05,0.000140644272
2.25022703e-07,0.000127814434,-1.25567831e-05,1.72373416e-06,-0.000442624558,-0.000127210058,1.76579531e-05,1.77049823e-05,0.000128441323
2.25933192e-07,0.000116322633,-1.03845177e-05,1.52842506e-06,-0.000376760319,-0.000115814318,1.50278759e-05,1.50704128e-05,0.000116795245
2.2684354e-07,0.000114933711,-1.83315151e-05,1.4373361e-06,-0.000573898316,-0.000114108712,2.29129744e-05,2.29559327e-05,0.000116395311
2.27706892e-07,0.00012841502,-2.01081511e-05,1.57512193e-06,-0.000631877861,-0.00012750819,2.52272979e-05,2.52751145e-05,0.00012998937
2.2861559e-07,0.000141357072,-2.17893703e-05,1.71778174e-06,-0.000686928863,-0.000140372659,2.74247163e-05,2.74771545e-05,0.00014303688
2.29524304e-07,0.000145142985,-3.00565716e-05,2.8327301e-07,-0.000897284772,-0.000143824944,3.58367009e-05,3.58913909e-05,0.000148222684
2.30432406e-07,0.000165310004,-3.23959248e-05,9.83594191e-07,-0.000976062962,-0.000163882283,3.89806485e-05,3.90425185e-05,0.000168457297
2.31340181e-07,0.000176298287,-3.08971103e-05,1.47233857e-06,-0.000949694018,-0.000174921712,3.7922447e-05,3.79877607e-05,0.000178991299
2.32204144e-07,0.000177789392,-2.65507551e-05,1.95007829e-06,-0.00084260694,-0.000176585433,3.36391968e-05,3.37042776e-05,0.000179771559
2.33113951e-07,0.00015891045,-1.97422742e-05,2.13592648e-06,-0.000653467025,-0.000157993859,2.60812056e-05,2.6138681e-05,0.000160146342
2.34023759e-07,0.000148913285,-1.59044121e-05,2.13517956e-06,-0.000547499745,-0.000148158163,2.18466333e-05,2.18999898e-05,0.000149775417
2.34933623e-07,0.000135088674,-1.26464465e-05,1.95925759e-06,-0.000452161505,-0.000134474895,1.80384368e-05,1.80864602e-05,0.000135693482
2.35843444e-07,0.000122111625,-1.0239376e-05,1.74083812e-06,-0.000378936733,-0.000121604483,1.51143482e-05,1.51574693e-05,0.000122552537
2.36707677e-07,0.000116449482,-1.84795899e-05,1.5683521e-06,-0.000579092244,-0.000115617349,2.31215455e-05,2.31636898e-05,0.000117917077
2.37615311e-07,0.000131126726,-2.03951895e-05,1.72932334e-06,-0.000641745108,-0.000130206249,2.5622546e-05,2.56698043e-05,0.000132714628
2.38522006e-07,0.000145422455,-2.2372973e-05,1.89499156e-06,-0.000705566199,-0.000144411452,2.81704242e-05,2.8222648e-05,0.000147145612
2.39428942e-07,0.000148483276,-2.23031766e-05,1.98580665e-06,-0.000706904335,-0.000147472616,2.82230838e-05,2.82761734e-05,0.000150162107
2.40335993e-07,0.000169076462,-3.37302772e-05,1.00620309e-06,-0.00101314788,-0.000167592368,4.04645517e-05,4.05259151e-05,0.000172411119
2.41242105e-07,0.000180976858,-3.22746237e-05,1.57162344e-06,-0.00098877342,-0.000179541455,3.94859515e-05,3.95509368e-05,0.000183838909
2.42104477e-07,0.000182052216,-2.80351669e-05,2.1016408e-06,-0.000883937289,-0.000180785486,3.52928887e-05,3.53574916e-05,0.000184210197
2.4301346e-07,0.000167449864,-2.13194271e-05,2.31688659e-06,-0.000701430894,-0.000166463372,2.79985824e-05,2.80572358e-05,0.000168817483
2.43923182e-07,0.000156018723,-1.68518764e-05,2.30961177e-06,-0.000578289153,-0.000155220029,2.30774815e-05,2.31315661e-05,0.000156943181
2.44832989e-07,0.000142205565,-1.33177164e-05,2.15679052e-06,-0.000476066052,-0.000141559249,1.89937695e-05,1.90426421e-05,0.000142844097
2.4574274e-07,0.000129143969,-1.0710517e-05,1.94795439e-06,-0.00039775981,-0.000128612362,1.58663311e-05,1.59103924e-05,0.000129601985
2.46606731e-07,0.00011942807,-1.91608269e-05,1.6965131e-06,-0.000599079765,-0.000118566312,2.39213493e-05,2.39631906e-05,0.000120967266
2.47514407e-07,0.000135179624,-2.12829018e-05,1.84206294e-06,-0.000667969522,-0.000134220405,2.66716209e-05,2.67187809e-05,0.000136857173
2.4842052e-07,0.000148764753,-2.31187751e-05,1.98605971e-06,-0.000727524632,-0.000147721253,2.90492859e-05,2.91009853e-05,0.000150563521
2.49327286e-07,0.000155869784,-2.36947762e-05,2.17404681e-06,-0.00074907206,-0.000154797567,2.99089518e-05,2.99628824e-05,0.000157675485
2.50233938e-07,0.00017243615,-3.49840811e-05,1.06155687e-06,-0.00104780844,-0.000170899229,4.18517044e-05,4.19123378e-05,0.000175952376
2.51139852e-07,0.000184969831,-3.40105471e-05,1.47681624e-06,-0.00103611348,-0.000183461816,4.13801627e-05,4.14445391e-05,0.000188076412
2.52001968e-07,0.000188005302,-3.00317952e-05,2.01377793e-06,-0.000939765538,-0.000186653967,3.75259798e-05,3.75906215e-05,0.000190399469
2.5291078e-07,0.000176005051,-2.29536035e-05,2.5093666e-06,-0.000750830281,-0.000174946366,2.99735679e-05,3.00332112e-05,0.000177513219
2.5382073e-07,0.00016254709,-1.75359564e-05,2.47821708e-06,-0.000601912616,-0.000161715819,2.40220795e-05,2.40765046e-05,0.000163509045
2.54732299e-07,0.000150212742,-1.37719317e-05,2.30358182e-06,-0.000495440792,-0.000149541857,1.97678231e-05,1.98176317e-05,0.000150860334
2.55644579e-07,0.000136822142,-1.10088977e-05,2.13873523e-06,-0.000412913389,-0.00013627246,1.64715181e-05,1.65165355e-05,0.000137280984
2.56511214e-07,0.000123164165,-8.86335965e-06,1.82774465e-06,-0.000345544511,-0.000122711207,1.37815229e-05,1.38217804e-05,0.0001234962
2.57422556e-07,0.000139640193,-2.18563127e-05,2.1003566e-06,-0.000686749932,-0.000138654476,2.74229484e-05,2.74699973e-05,0.00014135591
2.58334182e-07,0.000154419889,-2.38765388e-05,2.11722909e-06,-0.000752110325,-0.000153341563,3.00325886e-05,3.0084413e-05,0.000156269236
2.59200561e-07,0.000159544186,-2.41254456e-05,2.25569738e-06,-0.000763488002,-0.000158451807,3.04862136e-05,3.05395201e-05,0.000161373705
2.60112671e-07,0.000179763811,-3.69428089e-05,1.17393063e-06,-0.00110407616,-0.0001781427,4.41018937e-05,4.41630464e-05,0.000183524322
2.6102461e-07,0.000188568854,-3.58675825e-05,1.51530662e-06,-0.00108607998,-0.000186983699,4.33796352e-05,4.34431992e-05,0.000191955704
2.61935725e-07,0.000195077999,-3.19011742e-05,2.23702796e-06,-0.000993538881,-0.00019364625,3.9676696e-05,3.97415552e-05,0.000197681853
2.62800768e-07,0.000183766722,-2.45660322e-05,2.7013898e-06,-0.000798881927,-0.000182637349,3.18950908e-05,3.19552771e-05,0.000185421131
2.63711286e-07,0.000168557686,-1.83455249e-05,2.74960075e-06,-0.000628145644,-0.000167689233,2.50713601e-05,2.51258258e-05,0.000169575388
2.64621889e-07,0.000156663969,-1.44084315e-05,2.61016589e-06,-0.000517797424,-0.000155962471,2.06617941e-05,2.07118969e-05,0.000157346799
2.65532009e-07,0.000143467681,-1.15184457e-05,2.29092689e-06,-0.000432297849,-0.000142892308,1.72464092e-05,1.7291914e-05,0.000143947555
2.66442129e-07,0.000129895314,-9.15790861e-06,1.94798781e-06,-0.0003596475,-0.000129425193,1.43450104e-05,1.43859e-05,0.00013023231
2.67308849e-07,0.000142904493,-2.22823746e-05,2.12895725e-06,-0.00070064154,-0.000141899128,2.79792066e-05,2.80256616e-05,0.000144646918
2.68221754e-07,0.000158212773,-2.41269845e-05,2.33517198e-06,-0.000762142416,-0.000157121398,3.0434509e-05,3.04856966e-05,0.000160058883
2.69134404e-07,0.000168913888,-2.56549556e-05,2.5026327e-06,-0.000811091042,-0.00016775285,3.23891883e-05,3.24436417e-05,0.00017086937
2.70001095e-07,0.000187972808,-3.94923154e-05,1.25918075e-06,-0.00117598672,-0.000186243178,4.69776332e-05,4.70394688e-05,0.000192080725
2.70912693e-07,0.000196887704,-3.72927097e-05,1.77918287e-06,-0.00113000802,-0.000195238904,4.51362878e-05,4.52003209e-05,0.000200396307
2.71823723e-07,0.000203796066,-3.319807e-05,2.40461873e-06,-0.00103466318,-0.000202305482,4.13211841e-05,4.1386527e-05,0.000206496321
2.72734155e-07,0.000191026586,-2.53880153e-05,2.89429727e-06,-0.000826675387,-0.000189858535,3.30067335e-05,3.30670155e-05,0.000192728007
2.73644531e-07,0.000175624868,-1.90827541e-05,2.91757078e-06,-0.000653631869,-0.00017472128,2.60906114e-05,2.61452748e-05,0.000176682647
2.74509233e-07,0.000161435062,-1.46541024e-05,2.76545757e-06,-0.000528693956,-0.000160719924,2.10980613e-05,2.11477582e-05,0.000162122391
2.75419495e-07,0.000147301296,-1.12986545e-05,2.60697698e-06,-0.000430625165,-0.000146731645,1.71800975e-05,1.72250066e-05,0.000147756989
2.76329843e-07,0.000133804162,-8.8218103e-06,2.18303944e-06,-0.000355148746,-0.000133344355,1.41654931e-05,1.42059498e-05,0.00013411243
2.77239394e-07,0.000145964412,-2.29146608e-05,2.22760991e-06,-0.000719477364,-0.000144931314,2.87333512e-05,2.87790946e-05,0.000147768919
2.78101311e-07,0.00016105175,-2.48163069e-05,2.42596002e-06,-0.000782176328,-0.000159930538,3.12368088e-05,3.12870531e-05,0.000162970551
2.790091e-07,0.00016909941,-2.56846015e-05,2.60702836e-06,-0.000811968814,-0.000167937039,3.24262294e-05,3.24787525e-05,0.000171058779
2.79916833e-07,0.000194632899,-4.1221545e-05,1.397593e-06,-0.00122583937,-0.000192828792,4.89718122e-05,4.90335748e-05,0.000198955107
2.80824139e-07,0.000201810588,-3.86971478e-05,2.05947708e-06,-0.00116999447,-0.000200101688,4.67364653e-05,4.67997789e-05,0.000205497504
2.81731928e-07,0.000209344202,-3.51829367e-05,2.62938761e-06,-0.00108977803,-0.000207769806,4.35263293e-05,4.35911212e-05,0.000212296367
2.8264148e-07,0.000202476163,-2.77875533e-05,3.07062123e-06,-0.000898095779,-0.000201202998,3.58622132e-05,3.59238312e-05,0.000204397098
2.8350567e-07,0.000183505283,-2.03239451e-05,3.10997484e-06,-0.000692523725,-0.000182545757,2.76459422e-05,2.7700949e-05,0.000184653523
2.84416643e-07,0.000168905375,-1.53631736e-05,2.99882436e-06,-0.000553882448,-0.000168155906,2.21052982e-05,2.21552979e-05,0.000169629142
2.8532736e-07,0.000153711691,-1.18405706e-05,2.68502845e-06,-0.000450574444,-0.000153115242,1.79779276e-05,1.80229777e-05,0.000154190442
2.86238532e-07,0.000139486554,-9.20212369e-06,2.35877928e-06,-0.000370331487,-0.000139006993,1.47727374e-05,1.48132595e-05,0.000139809662
2.87105735e-07,0.000146465172,-2.30690475e-05,2.30267892e-06,-0.000723795732,-0.0001454255,2.89076395e-05,2.89518293e-05,0.000148288671
2.88020516e-07,0.000164087105,-2.54082261e-05,2.57397733e-06,-0.000799972622,-0.000162939795,3.19496363e-05,3.19989049e-05,0.000166062583
2.88933563e-07,0.000179309573,-2.75339517e-05,2.79135998e-06,-0.000868400093,-0.00017806508,3.46823978e-05,3.47360037e-05,0.000181432723
2.89800425e-07,0.000199871356,-4.3091055e-05,1.56541932e-06,-0.001277762,-0.000197988298,5.10493092e-05,5.111048e-05,0.000204469676
2.90711966e-07,0.000208336365,-4.05475985e-05,2.2260117e-06,-0.00122273434,-0.000206548247,4.88463972e-05,4.89093736e-05,0.000212257165
2.91623138e-07,0.000216896937,-3.68667643e-05,2.91493825e-06,-0.00113938679,-0.000215249165,4.55108389e-05,4.55754716e-05,0.000220027126
2.92532519e-07,0.000212042229,-2.94544552e-05,3.3801964e-06,-0.000949309906,-0.000210694753,3.79103223e-05,3.79723962e-05,0.000214104875
2.93442071e-07,0.000191520769,-2.08125712e-05,3.36235621e-06,-0.000712744892,-0.000190535292,2.84547113e-05,2.85097957e-05,0.000192677641
2.94305892e-07,0.000178026821,-1.56350616e-05,3.38572318e-06,-0.000569806318,-0.000177259183,2.27417292e-05,2.27922527e-05,0.000178744139
2.95215671e-07,0.000161677686,-1.16749388e-05,3.00983857e-06,-0.000454408786,-0.000161081488,1.81309832e-05,1.81763514e-05,0.00016212661
2.96124966e-07,0.000146177161,-8.97861355e-06,2.62743174e-06,-0.000371440197,-0.000145701186,1.4816959e-05,1.48576079e-05,0.000146476214
2.97033893e-07,0.000150944295,-2.36819214e-05,2.46143372e-06,-0.000743572076,-0.000149876532,2.96991403e-05,2.97428831e-05,0.000152810577
2.979383e-07,0.000166735583,-2.56614294e-05,2.76228729e-06,-0.000808915473,-0.000165576029,3.23085479e-05,3.23566189e-05,0.000168721349
2.98843247e-07,0.000179458613,-2.77728814e-05,2.88817319e-06,-0.000874466379,-0.000178204446,3.49270965e-05,3.49786552e-05,0.000181617919
2.99703203e-07,0.00019903839,-4.36879927e-05,1.49704454e-06,-0.00129177829,-0.000197132127,5.16124597e-05,5.16711315e-05,0.000203782145
3.00607667e-07,0.00021184377,-4.24260652e-05,2.45960723e-06,-0.00127313286,-0.000209977727,5.08636202e-05,5.09253144e-05,0.00021606435
3.01512074e-07,0.000214471977,-3.8680846e-05,2.7948256e-06,-0.00118220446,-0.000212753601,4.7226497e-05,4.72881785e-05,0.000217950103
3.02419039e-07,0.000222971386,-3.40568477e-05,3.34576248e-06,-0.00107522856,-0.000221431122,4.29460831e-05,4.30091424e-05,0.000225582141
3.03327226e-07,0.000202560317,-2.39830588e-05,3.53532346e-06,-0.000803006522,-0.000201439224,3.20641271e-05,3.21202609e-05,0.000204005803
3.04236693e-07,0.000185024968,-1.70704589e-05,3.44970158e-06,-0.000612656295,-0.000184194332,2.44558296e-05,2.45062518e-05,0.000185842783
3.05101054e-07,0.000172011394,-1.31646639e-05,3.2430612e-06,-0.00050197728,-0.000171347357,2.00327547e-05,2.00790912e-05,0.000172544909
3.06010548e-07,0.000155132031,-9.92599871e-06,2.8115619e-06,-0.000404076098,-0.000154611008,1.61216856e-05,1.61630439e-05,0.000155474684
3.06920128e-07,0.000154086403,-2.45773463e-05,2.59872991e-06,-0.000769059756,-0.000152980319,3.07194997e-05,3.07623902e-05,0.00015605582
3.07825189e-07,0.000171397449,-2.68019867e-05,2.84605221e-06,-0.000842051755,-0.000170188556,3.36346178e-05,3.36820702e-05,0.000173503694
3.08730307e-07,0.00019144539,-3.05308895e-05,3.06244283e-06,-0.000955377414,-0.000190071344,3.81622417e-05,3.82150966e-05,0.000193888759
3.09635624e-07,0.000204691081,-4.50352018e-05,1.20579023e-06,-0.00133106415,-0.000202726423,5.31846385e-05,5.32425661e-05,0.000209590224
3.10540372e-07,0.000219094858,-4.36678565e-05,2.53007875e-06,-0.00131138915,-0.000217173357,5.23943844e-05,5.24555659e-05,0.000223418531
3.11445206e-07,0.000223864059,-3.89413144e-05,3.28505052e-06,-0.00119809713,-0.000222127754,4.78623402e-05,4.79238853e-05,0.000227249498
3.12307094e-07,0.000229502373,-3.3358745e-05,3.82231201e-06,-0.00106429204,-0.000227984802,4.25097086e-05,4.25716816e-05,0.000231945587
3.13215878e-07,0.000207980745,-2.33786996e-05,4.01464195e-06,-0.000793300569,-0.000206879484,3.16770106e-05,3.17320228e-05,0.000209329098
3.14125884e-07,0.000191466548,-1.61603057e-05,3.92057518e-06,-0.000596342841,-0.000190667155,2.38039989e-05,2.38537136e-05,0.000192187319
3.15035891e-07,0.000175268622,-1.14221593e-05,3.42784051e-06,-0.000461669028,-0.000174671661,1.84218983e-05,1.84667611e-05,0.000175673862
3.15900252e-07,0.000160567928,-8.59694865e-06,3.17904892e-06,-0.00037629393,-0.000160095705,1.50110765e-05,1.50517572e-05,0.00016082933
3.16810315e-07,0.000155346526,-2.42452024e-05,2.80520339e-06,-0.0007619838,-0.000154252716,3.0438013e-05,3.0479352e-05,0.000157252161
3.17717166e-07,0.000172109387,-2.63632028e-05,3.01577302e-06,-0.000831755053,-0.000170917471,3.32246548e-05,3.32702021e-05,0.000174142914
3.18624245e-07,0.000191172439,-2.99433977e-05,3.35711752e-06,-0.000940368802,-0.000189822105,3.75643048e-05,3.76147521e-05,0.000193532372
3.19531097e-07,0.000209264836,-3.38706959e-05,3.68894894e-06,-0.00105667661,-0.000207742979,4.22119644e-05,4.22670646e-05,0.000212020291
3.20437692e-07,0.000220967035,-4.6459485e-05,2.40839336e-06,-0.00138295128,-0.000218932401,5.5258647e-05,5.5318051e-05,0.000225811236
3.21344146e-07,0.000228106364,-4.22006851e-05,3.25385258e-06,-0.00128372724,-0.000226236326,5.12887507e-05,5.13490895e-05,0.000231999998
3.22207114e-07,0.000232491191,-3.66968561e-05,3.77893434e-06,-0.0011506275,-0.00023083774,4.59646705e-05,4.60251002e-05,0.000235399859
3.2311678e-07,0.000216738816,-2.66393763e-05,3.86510237e-06,-0.000883509638,-0.000215500157,3.52853086e-05,3.53403855e-05,0.000218404005
3.24025564e-07,0.000198428912,-1.85401732e-05,3.77331503e-06,-0.000662745035,-0.000197528781,2.64603831e-05,2.65098014e-05,0.000199328897
3.2493648e-07,0.000184538716,-1.35520158e-05,3.63141953e-06,-0.000524150324,-0.000183849169,2.09207561e-05,2.0966013e-05,0.000185071289
3.25802432e-07,0.000168743383,-1.0051569e-05,3.31202614e-06,-0.000420808879,-0.000168206451,1.67914644e-05,1.68323552e-05,0.000169074933
3.26713831e-07,0.000157498944,-2.49308196e-05,2.82426208e-06,-0.000781231385,-0.000156375995,3.12091555e-05,3.12492554e-05,0.000159484919
3.27626594e-07,0.000177610302,-2.74926497e-05,3.2198534e-06,-0.000865453039,-0.00017636882,3.45731762e-05,3.46181216e-05,0.000179754367
3.28539329e-07,0.000200009265,-3.18879611e-05,3.52613347e-06,-0.000997779658,-0.0001985741,3.98606914e-05,3.99111863e-05,0.000202565993
3.29406674e-07,0.000221815862,-3.68023284e-05,3.78932441e-06,-0.00114247692,-0.000220166733,4.56431591e-05,4.56990767e-05,0.000224880073
3.3031958e-07,0.000223566283,-4.79271039e-05,2.37753625e-06,-0.00142216589,-0.000221470881,5.68290341e-05,5.68866357e-05,0.000228658136
3.31230524e-07,0.000238000444,-4.50913358e-05,3.38678228e-06,-0.00136582588,-0.000236006897,5.45727468e-05,5.46330353e-05,0.000242257942
3.32140701e-07,0.000240155103,-3.81760401e-05,3.9210322e-06,-0.001195219,-0.00023843637,4.7749146e-05,4.78087598e-05,0.000243202093
3.33005033e-07,0.00022577199,-2.8617631e-05,4.24901373e-06,-0.000941950886,-0.000224446996,3.76232115e-05,3.76780354e-05,0.000227618133
3.33914841e-07,0.000207641002,-2.00528739e-05,4.16633475e-06,-0.000709740154,-0.00020667301,2.83402591e-05,2.83896062e-05,0.000208648656
3.34824705e-07,0.000191605504,-1.41219562e-05,3.81958307e-06,-0.000545439194,-0.000190887513,2.17728366e-05,2.18175678e-05,0.000192163181
3.35734228e-07,0.000176048779,-1.03366492e-05,3.45555259e-06,-0.000435225083,-0.000175494603,1.73684545e-05,1.74090033e-05,0.000176385827
3.36644035e-07,0.000159670351,-2.5296813e-05,3.00931538e-06,-0.000792511448,-0.000158531029,3.16616893e-05,3.17004579e-05,0.000161689845
3.37525933e-07,0.000175342648,-2.70840555e-05,3.31835395e-06,-0.000852913014,-0.000174119319,3.40742269e-05,3.41165205e-05,0.000177453097
3.38440515e-07,0.000208023004,-3.40592233e-05,3.56500959e-06,-0.00106002111,-0.000206494602,4.23506809e-05,4.24008444e-05,0.000210822936
3.39309963e-07,0.00022320883,-3.74558113e-05,3.88334411e-06,-0.00116013759,-0.000221532454,4.63518231e-05,4.64055035e-05,0.000226362983
3.40221533e-07,0.000234788648,-5.0084036e-05,2.67288442e-06,-0.00148726709,-0.000232598014,5.94330158e-05,5.94906835e-05,0.000240085951
3.41132164e-07,0.00024522029,-4.54515866e-05,3.95116012e-06,-0.00138201239,-0.000243206561,5.52214263e-05,5.52804954e-05,0.000249428244
3.42041972e-07,0.000239527784,-3.63872423e-05,4.44870602e-06,-0.00114982738,-0.000237881086,4.5936693e-05,4.59930953e-05,0.000242316697
3.42905935e-07,0.000229795754,-2.82178826e-05,4.45672731e-06,-0.000935941353,-0.000228483528,3.73846905e-05,3.74376541e-05,0.000231564678
3.43814975e-07,0.000214682354,-2.0256286e-05,4.5348138e-06,-0.000721837569,-0.000213700595,2.88250875e-05,2.88735027e-05,0.000215683552
3.44724299e-07,0.000195668545,-1.36124363e-05,4.01341458e-06,-0.000536736392,-0.000194967678,2.14262026e-05,2.14694557e-05,0.00019618253
3.45633651e-07,0.000178507093,-9.55794894e-06,3.83711267e-06,-0.000418188982,-0.00017798209,1.66886834e-05,1.67275593e-05,0.000178803971
3.46542947e-07,0.000159725969,-6.59019315e-06,3.14954195e-06,-0.00032516502,-0.000159334668,1.29722568e-05,1.30066008e-05,0.000159892887
3.47404637e-07,0.00017818631,-2.69587072e-05,3.45430817e-06,-0.000852587516,-0.000176965719,3.4062695e-05,3.41035007e-05,0.000180247234
3.48306969e-07,0.000200322276,-3.19591381e-05,3.57141016e-06,-0.000999754411,-0.000198884015,3.99443287e-05,3.99901764e-05,0.000202887052
3.49210296e-07,0.000226279735,-3.84339255e-05,3.94743984e-06,-0.00118759414,-0.000224561788,4.74519584e-05,4.75037657e-05,0.000229554498
3.50113311e-07,0.000238056164,-5.24867937e-05,2.82852784e-06,-0.00155051006,-0.000235766832,6.19645174e-05,6.20204024e-05,0.000243790076
3.51015927e-07,0.00024706978,-4.77516223e-05,3.95499001e-06,-0.00144126103,-0.000244962595,5.75935821e-05,5.76504413e-05,0.000251673073
3.51919795e-07,0.000244865048,-3.95747193e-05,4.52906215e-06,-0.00123475352,-0.000243086616,4.9335054e-05,4.93901409e-05,0.000248083782
3.52826049e-07,0.000238516965,-3.08779672e-05,4.99434782e-06,-0.00101109419,-0.000237091387,4.03914027e-05,4.04437678e-05,0.000240559213
3.53733924e-07,0.000222511488,-2.19207031e-05,4.82745872e-06,-0.00077122316,-0.000221456908,3.08012552e-05,3.08489264e-05,0.000223640747
3.54643817e-07,0.000205072531,-1.50704182e-05,4.46496597e-06,-0.000582552166,-0.000204305839,2.32590774e-05,2.33020866e-05,0.000205674005
3.5550886e-07,0.000186600882,-1.03825278e-05,3.9047909e-06,-0.000446868857,-0.000186036431,1.78362679e-05,1.78747543e-05,0.000186930291
3.5642006e-07,0.000167534527,-7.1877048e-06,3.48770527e-06,-0.000347890717,-0.000167113085,1.38815496e-05,1.39156287e-05,0.000167724908
3.57332794e-07,0.000182930453,-2.81951616e-05,3.77336801e-06,-0.000888191862,-0.000181656622,3.54878755e-05,3.55276745e-05,0.000185129025
3.58200367e-07,0.000204433803,-3.33555363e-05,3.68108499e-06,-0.00103871268,-0.000202936413,4.15040271e-05,4.15485073e-05,0.000207169791
3.59113699e-07,0.000230357837,-3.93659866e-05,4.10506436e-06,-0.00121491042,-0.000228599355,4.85463545e-05,4.85964166e-05,0.000233733321
3.60026689e-07,0.000242271068,-5.36725456e-05,2.97975453e-06,-0.00158429844,-0.000239930947,6.3317872e-05,6.33719377e-05,0.000248163034
3.60938117e-07,0.000256937172,-5.01213726e-05,4.15564136e-06,-0.00151030463,-0.000254727329,6.03560273e-05,6.04121853e-05,0.000261813162
3.61803245e-07,0.000256048021,-4.1341671e-05,4.93936159e-06,-0.00129005907,-0.000254189984,5.1547792e-05,5.16023627e-05,0.000259411102
3.62713138e-07,0.000244492578,-3.14287499e-05,5.12517227e-06,-0.00103078678,-0.000243040195,4.11807057e-05,4.12314711e-05,0.000246557608
3.63622775e-07,0.000228623219,-2.23551724e-05,5.09477695e-06,-0.000788150937,-0.000227546377,3.1479781e-05,3.15260375e-05,0.000229770074
3.64532013e-07,0.000211503793,-1.54151694e-05,4.68323515e-06,-0.000597564387,-0.00021071817,2.38607348e-05,2.39025755e-05,0.000212116512
3.6544094e-07,0.000192323947,-1.0328853e-05,4.18192758e-06,-0.000451220694,-0.000191757064,1.80114976e-05,1.80488278e-05,0.000192646501
3.66303652e-07,0.000173629858,-6.67240511e-06,3.67895655e-06,-0.00034108921,-0.000173224148,1.36104103e-05,1.36435684e-05,0.00017379696
3.67214511e-07,0.00018304275,-2.80556396e-05,3.80597703e-06,-0.000884765002,-0.000181774409,3.53529558e-05,3.53906001e-05,0.000185219472
3.68125797e-07,0.000201809613,-3.26087975e-05,3.8083449e-06,-0.00101736072,-0.000200344183,4.0652946e-05,4.06944286e-05,0.000204462605
3.69037934e-07,0.000241108879,-4.18353593e-05,4.41942939e-06,-0.00128733262,-0.000239243049,5.1443679e-05,5.14933048e-05,0.000244751344
3.6990312e-07,0.000246138225,-5.59336841e-05,2.9041264e-06,-0.00164460158,-0.00024370459,6.57318468e-05,6.57840632e-05,0.000252430261
3.70815513e-07,0.000255782768,-5.2142761e-05,3.85480735e-06,-0.00155957078,-0.000253493015,6.23296349e-05,6.23828312e-05,0.000261071928
3.71726344e-07,0.000256698258,-4.43085119e-05,4.6403311e-06,-0.00136475789,-0.000254721059,5.45382622e-05,5.45903156e-05,0.00026053555
3.72636094e-07,0.000251379213,-3.55346347e-05,5.3617764e-06,-0.00114020903,-0.00024975713,4.55586981e-05,4.56083613e-05,0.000253934968
3.73500285e-07,0.000237781715,-2.64080354e-05,5.33043158e-06,-0.000898534607,-0.000236535475,3.58956442e-05,3.59413843e-05,0.000239303033
3.74409012e-07,0.000219471796,-1.76199264e-05,4.96364464e-06,-0.000660585298,-0.000218591633,2.63823634e-05,2.64234119e-05,0.000220233896
3.75318308e-07,0.000200878087,-1.13706737e-05,4.47650291e-06,-0.000485781406,-0.0002002627,1.93945594e-05,1.94312562e-05,0.00020124944
3.76227092e-07,0.000183428056,-7.80812752e-06,3.79819494e-06,-0.000379250065,-0.000182969091,1.51370477e-05,1.51700026e-05,0.000183633452
3.77137866e-07,0.000188137084,-2.98949908e-05,3.54873623e-06,-0.000935779186,-0.000186791114,3.73945547e-05,3.74311674e-05,0.000190530487
3.78005609e-07,0.000194798355,-3.12411466e-05,3.81535938e-06,-0.000976093695,-0.000193393224,3.90060136e-05,3.90437478e-05,0.000197324517
3.78918628e-07,0.000251228426,-4.39545402e-05,4.41335442e-06,-0.00135036616,-0.000249269758,5.39658387e-05,5.40146464e-05,0.000255082735
3.7983213e-07,0.000246131531,-5.68418545e-05,2.68734175e-06,-0.00166721141,-0.000243661584,6.66390231e-05,6.66884566e-05,0.000252624125
3.80745064e-07,0.000263016962,-5.46062329e-05,4.27617351e-06,-0.00162830367,-0.00026062291,6.50804269e-05,6.51321467e-05,0.000268659726
3.81610107e-07,0.000268869597,-4.64559598e-05,5.05372827e-06,-0.00143055164,-0.000266796787,5.71707162e-05,5.72220655e-05,0.000272900268
3.82519801e-07,0.000252544502,-3.47913156e-05,5.7115285e-06,-0.00112273404,-0.000250951211,4.48625727e-05,4.49093617e-05,0.000254993691
3.83429693e-07,0.000241428308,-2.60015167e-05,5.68877158e-06,-0.00089196855,-0.000240195408,3.56352756e-05,3.5678742e-05,0.000242891064
3.8433862e-07,0.000226026081,-1.77445563e-05,5.32069089e-06,-0.000670213252,-0.000225135691,2.6768995e-05,2.68085301e-05,0.000226783968
3.85202213e-07,0.000206163415,-1.13926753e-05,4.71669227e-06,-0.000491577142,-0.000205542921,1.96279001e-05,1.96630857e-05,0.000206531823
3.86110912e-07,0.000187110301,-7.00654709e-06,4.25932649e-06,-0.000362865714,-0.000186680446,1.4483359e-05,1.45146286e-05,0.000187289878
3.8702521e-07,0.000186495614,-2.86354771e-05,3.85800058e-06,-0.000902609143,-0.000185201324,3.60704072e-05,3.61043657e-05,0.000188720663
3.87909694e-07,0.000212447456,-3.69045083e-05,3.63410823e-06,-0.00113523973,-0.000210801734,4.53706209e-05,4.54095891e-05,0.000215659618
3.88835133e-07,0.000233253755,-4.18596355e-05,4.12837107e-06,-0.00127991219,-0.000231393238,5.11538147e-05,5.11964876e-05,0.000237016005
3.8970947e-07,0.000241470741,-4.27600899e-05,4.70828218e-06,-0.00131064921,-0.000239567643,5.23821405e-05,5.24259685e-05,0.00024527273
3.9062823e-07,0.000262676826,-5.52514575e-05,3.99620603e-06,-0.00164400379,-0.000260257243,6.57115336e-05,6.57601515e-05,0.00026845448
3.91538464e-07,0.000265040435,-4.53602006e-05,5.28972623e-06,-0.00139925198,-0.000263014507,5.59227078e-05,5.59700793e-05,0.000268946019
3.92444576e-07,0.000243554969,-3.25220171e-05,5.68415135e-06,-0.00105694158,-0.000242059617,4.2235604e-05,4.2277663e-05,0.000245782452
3.93307118e-07,0.000226026168,-2.48117594e-05,5.61218985e-06,-0.000846715586,-0.000224853166,3.38305486e-05,3.38686234e-05,0.000227453179
3.94216613e-07,0.000211053179,-1.91694453e-05,4.72141073e-06,-0.000690719346,-0.000210117785,2.75939879e-05,2.76287738e-05,0.000211974535
3.95125909e-07,0.000199583854,-1.35947821e-05,4.15568184e-06,-0.000539929548,-0.000198880562,2.15651332e-05,2.15971819e-05,0.000200089486
3.96032988e-07,0.000179135604,-8.54948121e-06,3.63462118e-06,-0.000393355527,-0.000178650427,1.57061561e-05,1.57342211e-05,0.000179376333
3.96942596e-07,0.000175137277,-2.68995809e-05,3.50231358e-06,-0.000847787713,-0.000173921489,3.38816872e-05,3.39115085e-05,0.000177225617
3.97802069e-07,0.000204041964,-3.58133912e-05,3.58334455e-06,-0.00109948288,-0.000202446599,4.39442465e-05,4.39793151e-05,0.000207192091
3.98703548e-07,0.0002391085,-4.35493494e-05,4.08315873e-06,-0.00132793258,-0.000237175729,5.30763042e-05,5.31173032e-05,0.000243076311
3.99605256e-07,0.000248741038,-4.46412269e-05,4.84190741e-06,-0.00136486953,-0.000246756899,5.45525071e-05,5.45947812e-05,0.000252761523
4.00507901e-07,0.000262785848,-5.59236541e-05,4.4659314e-06,-0.00166082906,-0.000260339298,6.63875523e-05,6.64331624e-05,0.000268707651
4.01410773e-07,0.00027147634,-4.72049287e-05,5.54797543e-06,-0.00145171827,-0.000269371494,5.80233279e-05,5.80687309e-05,0.000275605675
4.0231626e-07,0.000249628443,-3.28689202e-05,5.98719043e-06,-0.0010716297,-0.000248114361,4.28251039e-05,4.28651879e-05,0.000251854267
4.03223396e-07,0.00023258572,-2.4262652e-05,5.61644856e-06,-0.000839510991,-0.000231429429,3.35441926e-05,3.35804396e-05,0.000233915237
4.04132464e-07,0.000216646993,-1.87494916e-05,5.25162432e-06,-0.000685776817,-0.000215723919,2.7398063e-05,2.74310727e-05,0.000217520212
4.05042528e-07,0.000206439072,-1.41134824e-05,4.36128084e-06,-0.00055970659,-0.000205709554,2.23575541e-05,2.23882636e-05,0.000206966909
4.05907286e-07,0.000186274658,-9.11073676e-06,3.72230397e-06,-0.000414486509,-0.000185761325,1.65524487e-05,1.65794604e-05,0.000186534472
4.06818202e-07,0.000178675691,-2.80658442e-05,3.80695883e-06,-0.000880423118,-0.000177410435,3.51885164e-05,3.52169247e-05,0.00018090657
4.07731363e-07,0.000205708566,-3.48985632e-05,3.87844966e-06,-0.00107823941,-0.000204148451,4.30967966e-05,4.31295764e-05,0.00020868389
4.08644041e-07,0.000245086121,-4.5296194e-05,4.37718973e-06,-0.00137750048,-0.000243078714,5.50607927e-05,5.51000191e-05,0.000249275173
4.09512467e-07,0.000256657862,-4.66061974e-05,5.25840278e-06,-0.00142182922,-0.000254588813,5.68324945e-05,5.68731688e-05,0.000260908119
4.10424093e-07,0.000274260296,-5.84171175e-05,4.53741086e-06,-0.00173455663,-0.000271704855,6.93378767e-05,6.93822652e-05,0.000280449385
4.11336202e-07,0.000273064245,-4.94855485e-05,5.32274362e-06,-0.00151020871,-0.000270866928,6.03656227e-05,6.04083482e-05,0.000277563025
4.12200166e-07,0.000260470202,-3.74735755e-05,6.0744419e-06,-0.00119747035,-0.00025876331,4.78596306e-05,4.78988141e-05,0.000263222138
4.13108296e-07,0.000233999919,-2.59388653e-05,6.14091778e-06,-0.000882738386,-0.000232775466,3.52756179e-05,3.53095355e-05,0.000235513265
4.14018217e-07,0.000218074929,-1.87931546e-05,5.64507991e-06,-0.000688235683,-0.000217148966,2.74987933e-05,2.75294273e-05,0.000218955987
4.14927626e-07,0.000209962833,-1.41223336e-05,4.71892099e-06,-0.000563400739,-0.000209230142,2.25073111e-05,2.25360296e-05,0.000210490141
4.15836752e-07,0.000187088706,-9.13129406e-06,3.85366093e-06,-0.000415761169,-0.000186573901,1.66055428e-05,1.66304468e-05,0.000187351048
4.16700431e-07,0.000173041248,-2.73435235e-05,3.62437549e-06,-0.000856673811,-0.000171809384,3.42414559e-05,3.42669524e-05,0.000175225791
4.17613961e-07,0.000209070291,-3.67952671e-05,4.01803663e-06,-0.00112893607,-0.000207431639,4.51264165e-05,4.51574428e-05,0.000212321508
4.18527605e-07,0.000236734879,-4.44504294e-05,4.48008132e-06,-0.00134792342,-0.000234767973,5.3881744e-05,5.39169367e-05,0.0002409135
4.19441136e-07,0.000255054998,-4.69958977e-05,5.46158253e-06,-0.00142988178,-0.000252971647,5.71577856e-05,5.71952714e-05,0.000259406043
4.20308623e-07,0.000279908039,-6.16004327e-05,4.61667378e-06,-0.00181966904,-0.000277220783,7.2744495e-05,7.27867614e-05,0.000286643398
4.21218942e-07,0.000272885867,-5.03660958e-05,5.15147758e-06,-0.00153194985,-0.000270653481,6.12383325e-05,6.1277994e-05,0.00027754275
4.2212568e-07,0.000261229579,-3.73618386e-05,5.94249786e-06,-0.00119536265,-0.000259526548,4.77783501e-05,4.78145061e-05,0.000263954756
4.23035033e-07,0.000242842565,-2.70036035e-05,6.28915996e-06,-0.000918135687,-0.000241568461,3.66931159e-05,3.67254275e-05,0.000244420252
4.239443e-07,0.000222772738,-2.0158097e-05,5.67564257e-06,-0.000726981903,-0.000221788435,2.90505061e-05,2.90792761e-05,0.000223754899
4.24807922e-07,0.000208426005,-1.50027545e-05,4.92002437e-06,-0.000583793852,-0.000207659336,2.3325571e-05,2.33517541e-05,0.000209023178
4.25716564e-07,0.000180281582,-1.06030957e-05,4.04979801e-06,-0.000445651385,-0.000179713366,1.78039548e-05,1.78260554e-05,0.000180638521
4.2662478e-07,0.000181837197,-8.88725299e-06,3.82704911e-06,-0.000404337799,-0.000181336351,1.61516926e-05,1.6173512e-05,0.000182094469
4.27532314e-07,0.000206713914,-3.67950815e-05,3.99525652e-06,-0.0011265073,-0.000205077154,4.50320012e-05,4.50602919e-05,0.000210001148
4.28443826e-07,0.000238132372,-4.50715088e-05,4.3596192e-06,-0.00136477116,-0.000236139512,5.45582114e-05,5.45908464e-05,0.00024239941
4.293085e-07,0.000261655165,-4.88668411e-05,5.18220895e-06,-0.00148316997,-0.000259491716,5.92911687e-05,5.93267987e-05,0.000266229692
4.30210605e-07,0.000271278666,-6.00080857e-05,4.44786383e-06,-0.00177115656,-0.000268661989,7.08083389e-05,7.08462624e-05,0.000277872036
4.31110379e-07,0.00027716512,-5.47984819e-05,5.06910055e-06,-0.00164689531,-0.000274752062,6.58382975e-05,6.58758124e-05,0.000282575783
4.32013707e-07,0.00027225673,-4.31190201e-05,5.78013669e-06,-0.00135017314,-0.000270314652,5.39718948e-05,5.40069258e-05,0.000275710694
4.32923031e-07,0.000247622491,-2.98590876e-05,6.49129288e-06,-0.000994194997,-0.000246230374,3.9737462e-05,3.97677999e-05,0.000249500701
4.3383028e-07,0.000232633378,-2.24319447e-05,5.85978023e-06,-0.000793608546,-0.000231550257,3.17168554e-05,3.17443418e-05,0.000233785837
4.34740002e-07,0.000213296546,-1.60789496e-05,5.21966103e-06,-0.00061550102,-0.000212482945,2.4595675e-05,2.46200408e-05,0.000213965403
4.3560388e-07,0.000206347453,-1.12183288e-05,4.66971505e-06,-0.000487095007,-0.000205733784,1.94610526e-05,1.94838003e-05,0.000206704931
4.36512096e-07,0.000189761064,-7.48297271e-06,4.08962978e-06,-0.000377142656,-0.000189310036,1.50654057e-05,1.50857063e-05,0.000189952576
4.37424688e-07,0.000206312456,-3.52717907e-05,4.03823105e-06,-0.0010879878,-0.000204736932,4.34938748e-05,4.35195118e-05,0.000209344778
4.38338475e-07,0.000244027149,-4.62761491e-05,4.2702859e-06,-0.00140070554,-0.000241981401,5.59976163e-05,5.60282217e-05,0.000248412896
4.39206758e-07,0.000281441695,-5.25103605e-05,5.68339965e-06,-0.00159394671,-0.000279116717,6.37230238e-05,6.37578685e-05,0.000286354791
4.40118185e-07,0.000287339964,-6.55991535e-05,4.73627279e-06,-0.0019268553,-0.000284486857,7.7037215e-05,7.7074212e-05,0.00029477099
4.41017249e-07,0.000291468838,-5.8380585e-05,5.62385731e-06,-0.00175064115,-0.000288901093,6.99895315e-05,7.00256461e-05,0.000297311291
4.41918615e-07,0.000286811526,-4.56058515e-05,6.60146361e-06,-0.00142680819,-0.00028475836,5.70387736e-05,5.70723275e-05,0.000290489801
4.42828025e-07,0.000256039086,-3.07612754e-05,7.03557134e-06,-0.00102509581,-0.000254604159,4.09755022e-05,4.10038326e-05,0.000257976295
4.43737832e-07,0.000239009722,-2.25859658e-05,6.29607939e-06,-0.000803777133,-0.000237915342,3.2125739e-05,3.21510853e-05,0.00024015706
4.44601625e-07,0.000217819965,-1.59127176e-05,5.71321016e-06,-0.000615817611,-0.000217009393,2.46104645e-05,2.46327044e-05,0.000218475153
4.45510949e-07,0.000209820209,-1.09114198e-05,5.21279526e-06,-0.000482845877,-0.000209216035,1.92932624e-05,1.93138351e-05,0.000210168391
4.46418483e-07,0.000193549175,-7.66698759e-06,4.37209474e-06,-0.000385479245,-0.000193087758,1.54007574e-05,1.54191698e-05,0.000193750306
4.47326272e-07,0.000206461671,-3.61104649e-05,4.15437671e-06,-0.00110902917,-0.00020485249,4.43378451e-05,4.43611667e-05,0.000209636939
4.48228292e-07,0.000239218774,-4.51545384e-05,4.54606834e-06,-0.00136779458,-0.000237221725,5.46846191e-05,5.47117833e-05,0.000243485566
4.49129828e-07,0.000283196016,-5.36609368e-05,5.76116099e-06,-0.00162437104,-0.000280823624,6.49428339e-05,6.49748417e-05,0.000288292682
4.50031166e-07,0.000291538512,-6.79775694e-05,4.5112688e-06,-0.00199040212,-0.000288586935,7.95816256e-05,7.96160847e-05,0.000299392728
4.50934408e-07,0.000314877921,-6.48298301e-05,6.02313867e-06,-0.00193513581,-0.000312033551,7.73697316e-05,7.74054322e-05,0.000321538941
4.51838332e-07,0.000293307967,-4.84062512e-05,6.75775482e-06,-0.00150319911,-0.000291137618,6.00967216e-05,6.01279642e-05,0.000297352309
4.52743251e-07,0.000262988819,-3.22466331e-05,7.21704009e-06,-0.00106909149,-0.000261488934,4.27375869e-05,4.27636597e-05,0.000265056691
4.53604258e-07,0.000245825679,-2.37173117e-05,6.83292092e-06,-0.00083879946,-0.000244680605,3.35287456e-05,3.35519784e-05,0.00024706166
4.54511849e-07,0.000226794829,-1.70800995e-05,6.10333245e-06,-0.000653908472,-0.000225930396,2.61358115e-05,2.61563389e-05,0.000227518955
4.55419951e-07,0.000207019053,-1.28088714e-05,5.07339973e-06,-0.000527382304,-0.000206341242,2.10771797e-05,2.10952922e-05,0.000207476974
4.5632828e-07,0.000193269065,-8.69769883e-06,4.37960443e-06,-0.000410891662,-0.000192766655,1.64194428e-05,1.64356665e-05,0.000193514243
4.57240589e-07,0.000207393285,-3.62461615e-05,3.89794832e-06,-0.00111329486,-0.000205777932,4.45106878e-05,4.45317943e-05,0.000210572916
4.58102022e-07,0.000234674473,-4.31669214e-05,4.53682605e-06,-0.00131351862,-0.000232760542,5.25168684e-05,5.25407447e-05,0.000238654718
4.59008135e-07,0.000286369061,-5.39028188e-05,5.62812966e-06,-0.00163350988,-0.000283984458,6.53114103e-05,6.53403951e-05,0.000291452275
4.59914361e-07,0.000294182333,-5.36371481e-05,6.63946958e-06,-0.00163469056,-0.000291802105,6.53583997e-05,6.53876225e-05,0.000299105786
4.6081999e-07,0.000303051522,-6.48965652e-05,5.22944811e-06,-0.00192486832,-0.000300213942,7.69634834e-05,7.6994733e-05,0.000309966347
4.61726785e-07,0.000309553783,-5.37748529e-05,7.00070996e-06,-0.00165351399,-0.000307155753,6.61106884e-05,6.61405595e-05,0.000314267863
4.62634489e-07,0.00027293546,-3.44326509e-05,7.51257903e-06,-0.00113359257,-0.000271340202,4.53196157e-05,4.53437027e-05,0.000275201402
4.63543785e-07,0.000248237542,-2.39524761e-05,7.18534739e-06,-0.000847017101,-0.000247081135,3.38601707e-05,3.38806841e-05,0.000249493943
4.64407435e-07,0.000233487153,-1.79017679e-05,6.38624897e-06,-0.000681071484,-0.000232584509,2.72244442e-05,2.72428594e-05,0.000234259489
4.65316475e-07,0.000219807131,-1.30614444e-05,5.64504944e-06,-0.000546437572,-0.00021910899,2.18409374e-05,2.18575029e-05,0.000220267207
4.66225089e-07,0.000203191274,-7.81489689e-06,4.77738286e-06,-0.000398715201,-0.00020271623,1.59341295e-05,1.59486081e-05,0.000203397615
4.67133304e-07,0.00021318697,-3.66924287e-05,4.32783736e-06,-0.00113018753,-0.000211549137,4.51882836e-05,4.52075014e-05,0.00021636485
4.68036603e-07,0.000248398661,-4.64985787e-05,4.67511109e-06,-0.00141042855,-0.000246340521,5.63946819e-05,5.6417142e-05,0.000252756541
4.68933592e-07,0.000280839478,-5.34755964e-05,5.65571008e-06,-0.00161721697,-0.000278476383,6.46634053e-05,6.46886788e-05,0.000285941321
4.69830752e-07,0.000301341148,-5.57253916e-05,6.7730889e-06,-0.00169394759,-0.000298871686,6.77312491e-05,6.77579036e-05,0.000306525173
4.70728992e-07,0.00033261301,-7.18665469e-05,6.26111296e-06,-0.00212851469,-0.00032947306,8.51100342e-05,8.51405878e-05,0.000340346025
4.71628653e-07,0.000307140697,-5.50351251e-05,6.58437966e-06,-0.00168249581,-0.000304694199,6.72734549e-05,6.72998326e-05,0.00031210195
4.72530559e-07,0.000292055018,-4.01116667e-05,7.80699429e-06,-0.00129454036,-0.000290217366,5.17586674e-05,5.17816143e-05,0.000294900031
4.73434682e-07,0.000266745104,-2.79156502e-05,7.58593706e-06,-0.000964489533,-0.000265415409,3.85602798e-05,3.85795813e-05,0.000268309114
4.74341277e-07,0.000237459579,-1.82909334e-05,6.85010036e-06,-0.00069470203,-0.000236538194,2.77721531e-05,2.77880812e-05,0.000238261482
4.75203478e-07,0.000227780925,-1.25910137e-05,5.91122762e-06,-0.00054260355,-0.000227095219,2.16897498e-05,2.1704142e-05,0.000228205228
4.76111296e-07,0.000216610308,-7.55140127e-06,5.32218155e-06,-0.00040551144,-0.000216135067,1.62074629e-05,1.62204576e-05,0.000216807229
4.77018091e-07,0.000227200522,-3.73691983e-05,4.56377757e-06,-0.00116106553,-0.000225524417,4.64249045e-05,4.64426214e-05,0.00023029842
4.77926847e-07,0.000232356659,-4.26181468e-05,4.94268261e-06,-0.00129735121,-0.000230466527,5.18758449e-05,5.18940482e-05,0.000236284476
4.78834295e-07,0.00029171948,-5.7014513e-05,5.73255056e-06,-0.00171644008,-0.000289206163,6.86345752e-05,6.86576031e-05,0.000297294083
4.79740663e-07,0.000307776121,-5.81052263e-05,6.62509456e-06,-0.00175975461,-0.000305206344,7.03665105e-05,7.03901844e-05,0.000313283019
4.80600136e-07,0.000309065304,-6.9589325e-05,5.57345584e-06,-0.00204795296,-0.000306035254,8.18929767e-05,8.19181185e-05,0.000316851858
4.81505822e-07,0.000325267756,-6.14044839e-05,6.91608238e-06,-0.0018596797,-0.000322552052,7.43626078e-05,7.43871881e-05,0.00033108527
4.82411451e-07,0.00030947206,-4.51294545e-05,8.24896051e-06,-0.00143725146,-0.000307419818,5.74689374e-05,5.74900582e-05,0.000312854069
4.83318843e-07,0.000267848663,-2.97898478e-05,8.2215638e-06,-0.00101234019,-0.000266443137,4.04771088e-05,4.04936075e-05,0.000269625547
4.84227485e-07,0.00025021279,-2.11335955e-05,7.39818142e-06,-0.000778417045,-0.000249167528,3.11225338e-05,3.11366818e-05,0.000251212663
4.85136354e-07,0.000231413564,-1.46817974e-05,6.31005014e-06,-0.000598410668,-0.000230641342,2.39241279e-05,2.39364267e-05,0.000231964673
4.8604511e-07,0.000226336648,-1.0824956e-05,5.6505296e-06,-0.000496969384,-0.00022572272,1.9867349e-05,1.98787753e-05,0.000226665803
4.86905378e-07,0.000218327157,-3.43511092e-05,4.8325337e-06,-0.0010767167,-0.000216778841,4.30543896e-05,4.30686679e-05,0.000221065827
4.87811178e-07,0.000258749904,-4.77078283e-05,4.68189182e-06,-0.00145085796,-0.000256635127,5.80169035e-05,5.80343185e-05,0.00026315294
4.88713169e-07,0.000279789179,-5.56377672e-05,5.70760039e-06,-0.00167002052,-0.000277340461,6.67818459e-05,6.68008206e-05,0.000285324592
4.89612091e-07,0.000311028562,-5.97617545e-05,6.91342393e-06,-0.00180430769,-0.000308389939,7.21517766e-05,7.21723074e-05,0.000316793354
4.90510899e-07,0.000326924026,-7.41486001e-05,6.02052069e-06,-0.00217964104,-0.000323697369,8.71627633e-05,8.71856418e-05,0.000335281345
4.91410788e-07,0.000328409224,-6.19183556e-05,7.79088168e-06,-0.00187556632,-0.000325670457,7.50016938e-05,7.50226527e-05,0.000334286103
4.92309937e-07,0.000310727541,-4.40202384e-05,8.28697193e-06,-0.0014107083,-0.000308718652,5.64108144e-05,5.64283319e-05,0.00031393958
4.93212269e-07,0.000278360385,-3.02926619e-05,8.30608042e-06,-0.00103534386,-0.000276926343,4.13998775e-05,4.14137542e-05,0.000280127007
4.94115568e-07,0.000257418724,-2.20494403e-05,7.66977064e-06,-0.000808436947,-0.000256331074,3.23258065e-05,3.23374779e-05,0.000258475149
4.95020345e-07,0.000232951221,-1.46237353e-05,7.12362043e-06,-0.000598430517,-0.000232180091,2.39276021e-05,2.39372207e-05,0.000233518459
4.9592478e-07,0.000230759615,-1.05210866e-05,5.82610028e-06,-0.000493737345,-0.000230154301,1.97405942e-05,1.97494938e-05,0.000231072795
4.96829102e-07,0.000217875247,-3.39540275e-05,5.43122405e-06,-0.00106628169,-0.000216343172,4.26395539e-05,4.26512677e-05,0.000220571978
4.97733197e-07,0.00024196491,-4.6758887e-05,4.46266085e-06,-0.00141028408,-0.000239901507,5.63975006e-05,5.64113632e-05,0.000246481899
4.98635814e-07,0.000286952651,-5.78045438e-05,5.63964977e-06,-0.00173124031,-0.000284411554,6.92333517e-05,6.92496123e-05,0.000292771233
4.99531723e-07,0.000318212929,-6.26439287e-05,7.17955845e-06,-0.0018834098,-0.000315453304,7.53189434e-05,7.5336392e-05,0.000324399871
5.00429167e-07,0.000326257199,-7.70831684e-05,6.13053635e-06,-0.00225219596,-0.000322913724,9.00683183e-05,9.00878385e-05,0.000335295628
5.01328998e-07,0.000327995542,-6.63839455e-05,7.21605193e-06,-0.00198662397,-0.000325078531,7.94471688e-05,7.9464959e-05,0.000334723729
5.02228431e-07,0.000331019517,-5.06568758e-05,8.76980539e-06,-0.0015967259,-0.000328729002,6.38536058e-05,6.38690358e-05,0.000334987984
5.03131901e-07,0.000287135103,-3.33385979e-05,8.71348766e-06,-0.00112014066,-0.000285572237,4.47942721e-05,4.48056264e-05,0.000289195356
5.04036905e-07,0.000263976806,-2.45171577e-05,8.00193084e-06,-0.000876574253,-0.000262785228,3.50538033e-05,3.50629701e-05,0.000265233626
5.04943614e-07,0.000244305353,-1.7322438e-05,6.94535674e-06,-0.000677143107,-0.000243417222,2.70781903e-05,2.70857243e-05,0.000245017163
5.05804678e-07,0.000240011752,-1.34384491e-05,6.42485475e-06,-0.000575808866,-0.000239282373,2.30256099e-05,2.30323547e-05,0.000240473516
5.06710194e-07,0.000228309727,-9.27791552e-06,5.36299103e-06,-0.000460156327,-0.000227756086,1.84004482e-05,1.84062531e-05,0.000228561093
5.07615141e-07,0.000256311614,-4.67718346e-05,4.81909638e-06,-0.00142488838,-0.000254236218,5.69841529e-05,5.69955353e-05,0.000260588702
5.0851753e-07,0.000288925949,-5.70483135e-05,5.60379522e-06,-0.00171424274,-0.000286413515,6.85566372e-05,6.85697095e-05,0.000294557492
5.09416111e-07,0.000336546334,-6.64878316e-05,7.67001075e-06,-0.00199769065,-0.000333618329,7.98929123e-05,7.99076259e-05,0.000343136847
5.10317363e-07,0.000331674702,-7.85628945e-05,6.04022989e-06,-0.00229449011,-0.00032826772,9.17635031e-05,9.17796046e-05,0.000340905736
5.11216854e-07,0.000346200075,-7.23591438e-05,7.70613769e-06,-0.00215401687,-0.000343029558,8.61455747e-05,8.61606747e-05,0.000353765066
5.12116173e-07,0.000334904529,-5.54291146e-05,8.90829051e-06,-0.00171974162,-0.000332420068,6.87773863e-05,6.87896647e-05,0.000339577367
5.13017994e-07,0.000306275411,-3.80890961e-05,9.63728507e-06,-0.0012578828,-0.000304507266,5.03063786e-05,5.03153121e-05,0.000308785175
5.13921691e-07,0.000276241277,-2.6142734e-05,9.08189395e-06,-0.000929375004,-0.000274974883,3.71685273e-05,3.71750002e-05,0.000277624146
5.14826752e-07,0.000249683915,-1.75019595e-05,7.90968625e-06,-0.000686932879,-0.000248784303,2.74726533e-05,2.74773152e-05,0.000250421523
5.15732324e-07,0.000248756551,-1.28954644e-05,6.75840056e-06,-0.000570914359,-0.000248041891,2.28327582e-05,2.28365744e-05,0.000249182244
5.16635282e-07,0.000233081417,-1.01971145e-05,5.70729162e-06,-0.000487823912,-0.000232487201,1.95097286e-05,1.95129565e-05,0.000233374166
5.17540741e-07,0.000249308359,-4.30973523e-05,5.05106027e-06,-0.00132600928,-0.000247385505,5.30325543e-05,5.30403713e-05,0.000253056423
5.18401009e-07,0.000278338091,-5.51130579e-05,5.51312723e-06,-0.00165522029,-0.000275911516,6.61995283e-05,6.62088115e-05,0.00028379559
5.19305956e-07,0.000316663558,-6.30847935e-05,7.17898047e-06,-0.00189269276,-0.000313887542,7.56974972e-05,7.57077103e-05,0.000322966001
5.20209369e-07,0.000339593273,-6.37154299e-05,8.61988428e-06,-0.00193136407,-0.000336773697,7.72445732e-05,7.72545626e-05,0.000345626314
5.2111244e-07,0.000334534154,-7.27165534e-05,7.50638128e-06,-0.00215117936,-0.000331358676,8.6036186e-05,8.60471744e-05,0.000342428303
5.22013238e-07,0.000339319318,-6.10244497e-05,8.69942505e-06,-0.00186384621,-0.000336607572,7.45447902e-05,7.45538482e-05,0.000344872822
5.22916935e-07,0.000328735681,-4.39289324e-05,9.90544868e-06,-0.00142614671,-0.000326716039,5.7039715e-05,5.70458686e-05,0.000331805692
5.23821257e-07,0.000277783663,-2.73346632e-05,9.06188689e-06,-0.000960614358,-0.000276468371,3.84211821e-05,3.84245743e-05,0.000279272385
5.24727568e-07,0.000256450672,-1.85505014e-05,8.09318954e-06,-0.000719819102,-0.000255503717,2.87909546e-05,2.87927641e-05,0.000257248067
5.25634391e-07,0.000253575417,-1.53682286e-05,7.54106486e-06,-0.000637437799,-0.000252758019,2.54962477e-05,2.5497512e-05,0.000254152597
5.26541669e-07,0.00024765305,-1.20659297e-05,6.64476829e-06,-0.000549011747,-0.000246972445,2.19597588e-05,2.19604699e-05,0.00024803583
5.27403245e-07,0.00025268193,-4.63357464e-05,4.71707972e-06,-0.00141021691,-0.000250626876,5.64032649e-05,5.64086763e-05,0.000256938533
5.28308078e-07,0.000277722283,-5.40807741e-05,5.762196e-06,-0.00162873149,-0.000275337481,6.51434445e-05,6.51492598e-05,0.000282997526
5.29212059e-07,0.000342163403,-6.9189482e-05,7.63624575e-06,-0.00207060343,-0.000339122867,8.28170245e-05,8.28241371e-05,0.000349172294
5.30114221e-07,0.000333412929,-6.27752815e-05,8.43414182e-06,-0.00190159946,-0.000330635892,7.6058029e-05,7.60639785e-05,0.000339375974
5.31013086e-07,0.000349704758,-7.52756678e-05,7.96286531e-06,-0.00223018113,-0.000346414808,8.91999157e-05,8.9207245e-05,0.00035780337
5.31912292e-07,0.00034880251,-5.96793907e-05,9.17044053e-06,-0.00183962227,-0.000346136967,7.35800337e-05,7.35848909e-05,0.000353989997
5.32810759e-07,0.000334811339,-4.22487792e-05,1.04396086e-05,-0.00139015075,-0.000332854025,5.56038672e-05,5.56060299e-05,0.000337627868
5.33711443e-07,0.000282425171,-2.64966056e-05,9.32071816e-06,-0.000944237225,-0.00028113968,3.77694057e-05,3.7769489e-05,0.000283818469
5.34614173e-07,0.000266760355,-1.8319246e-05,9.00826672e-06,-0.000724273501,-0.000265814401,2.89721615e-05,2.897094e-05,0.000267540334
5.35517245e-07,0.000252924336,-1.44408332e-05,7.6678225e-06,-0.000613547163,-0.000252144544,2.45435578e-05,2.45418865e-05,0.000253452269
5.36419748e-07,0.000249268807,-1.00715588e-05,6.67768018e-06,-0.000500728434,-0.000248666664,2.00315963e-05,2.00291374e-05,0.000249561547
5.37322364e-07,0.000249941077,-4.31918961e-05,5.34803667e-06,-0.00132886122,-0.000248013935,5.31523244e-05,5.3154449e-05,0.000253701957
5.38227312e-07,0.000275642087,-5.20895555e-05,6.35890592e-06,-0.00157682819,-0.000273338576,6.3070633e-05,6.30731275e-05,0.000280592797
5.391326e-07,0.000317448983,-6.42060331e-05,7.39134384e-06,-0.00192130683,-0.000314627501,7.68492486e-05,7.68522732e-05,0.000323961268
5.40036524e-07,0.000338418176,-6.58351055e-05,8.52022549e-06,-0.00198295014,-0.000335514776,7.9315562e-05,7.93180056e-05,0.000344867681
5.40932035e-07,0.00033631624,-7.89956975e-05,7.12783594e-06,-0.0023096439,-0.000332888237,9.23815719e-05,9.23857559e-05,0.000345542674
5.41830559e-07,0.000363019441,-6.82376485e-05,9.56862277e-06,-0.00206754194,-0.000360000286,8.26999714e-05,8.27016775e-05,0.000369501082
5.42728628e-07,0.000341353007,-4.76013083e-05,1.02859767e-05,-0.00153031899,-0.000339176416,6.12137118e-05,6.12127595e-05,0.000344809456
5.43629085e-07,0.000311593321,-3.42262501e-05,1.04676574e-05,-0.00116641738,-0.000309975395,4.66592822e-05,4.66566952e-05,0.000313642162
5.44531474e-07,0.0002863626,-2.36183332e-05,9.26730809e-06,-0.000876174832,-0.000285189059,3.50508908e-05,3.50469933e-05,0.000287484342
5.45434716e-07,0.000265433715,-1.66116934e-05,7.97293069e-06,-0.000680207333,-0.000264557106,2.72129233e-05,2.72082933e-05,0.000266072496
5.46338299e-07,0.00025372699,-1.10103147e-05,7.03321211e-06,-0.000528565026,-0.000253083741,2.1147881e-05,2.1142601e-05,0.000254063139
5.47240177e-07,0.000253828039,-4.32444103e-05,5.51841413e-06,-0.00133398874,-0.000251895688,5.33602337e-05,5.33595495e-05,0.000257544569
5.48142566e-07,0.000284331618,-5.37313026e-05,6.33018908e-06,-0.00162644777,-0.000281955504,6.50585554e-05,6.5057911e-05,0.000289433227
5.49038703e-07,0.000326485606,-6.52301678e-05,7.26689177e-06,-0.00195583189,-0.000323615941,7.82339326e-05,7.82332756e-05,0.000333017467
5.49932167e-07,0.000353747018,-6.8438967e-05,8.92895787e-06,-0.0020632206,-0.00035072723,8.25303309e-05,8.2528824e-05,0.000360417219
5.50826655e-07,0.000396438903,-9.16118079e-05,9.50217418e-06,-0.00268479739,-0.000392458299,0.000107391856,0.000107391896,0.00040699732
5.51725577e-07,0.000355192344,-6.54780815e-05,9.63814546e-06,-0.00199067756,-0.000352289803,7.96296114e-05,7.96271022e-05,0.00036130579
5.52621714e-07,0.000346527173,-4.90184793e-05,1.06306825e-05,-0.00157079543,-0.000344289772,6.28366607e-05,6.28318172e-05,0.000350138407
5.53521545e-07,0.000318192207,-3.5102832e-05,1.04739747e-05,-0.00119481748,-0.000316533949,4.7799048e-05,4.77926992e-05,0.000320293918
5.54423536e-07,0.000291387027,-2.41898433e-05,9.81737594e-06,-0.000895389938,-0.000290186612,3.58228672e-05,3.58155975e-05,0.000292554147
5.55326778e-07,0.000273021986,-1.7555918e-05,8.46221428e-06,-0.00071130041,-0.000272101548,2.84598426e-05,2.84520164e-05,0.000273716686
5.56230589e-07,0.000256832311,-1.23710915e-05,7.78432332e-06,-0.000565589231,-0.000256132161,2.26317491e-05,2.26235692e-05,0.000257247887
5.57133774e-07,0.000248178461,-3.58708712e-05,6.92316371e-06,-0.00114405388,-0.000246545493,4.57666698e-05,4.57621552e-05,0.000250852942
5.58037016e-07,0.000274141261,-4.89405211e-05,5.94680614e-06,-0.00149649824,-0.000271964878,5.98641004e-05,5.98599296e-05,0.000278538992
5.58939348e-07,0.00031608899,-6.19512066e-05,6.91140031e-06,-0.00186343421,-0.000313358765,7.45418405e-05,7.45373685e-05,0.000322176922
5.59841283e-07,0.000369165267,-7.14811467e-05,9.87839212e-06,-0.00215451536,-0.000366011491,8.61866427e-05,8.61806143e-05,0.00037615174
5.60742876e-07,0.000368910638,-8.85360278e-05,8.44215356e-06,-0.00258034607,-0.000365075052,0.000103217699,0.000103213843,0.000379479851
5.61600132e-07,0.000369292306,-7.43734126e-05,9.3748431e-06,-0.00222688611,-0.000366022768,8.90816753e-05,8.90754443e-05,0.000376823698
5.62502237e-07,0.000368005625,-5.61589841e-05,1.09079183e-05,-0.00177053537,-0.0003654655,7.08303628e-05,7.08214147e-05,0.00037242577
5.6340275e-07,0.000321767875,-3.58475554e-05,1.12947291e-05,-0.00121690123,-0.000320076975,4.86861643e-05,4.86760493e-05,0.000323955527
5.64307584e-07,0.000293132238,-2.34518466e-05,1.02534696e-05,-0.000878604478,-0.00029195994,3.51552506e-05,3.51441791e-05,0.000294247569
5.65213156e-07,0.000271175057,-1.61876123e-05,8.70173062e-06,-0.000675189134,-0.000270310814,2.70187739e-05,2.70075654e-05,0.000271797112
5.66118388e-07,0.000266121177,-1.16977226e-05,7.61004321e-06,-0.000557966763,-0.000265440524,2.23303743e-05,2.23186705e-05,0.000266486829
5.67021573e-07,0.000257592386,-3.97597214e-05,7.10455515e-06,-0.00125054072,-0.000255796375,5.00288659e-05,5.00216288e-05,0.000260739617
5.67924928e-07,0.000284156209,-5.22087576e-05,6.44408692e-06,-0.001588071,-0.000281841121,6.35302137e-05,6.35228399e-05,0.000288984484
5.68822998e-07,0.000320412626,-6.34841272e-05,7.67025995e-06,-0.00190595759,-0.000317617642,7.62464342e-05,7.62383034e-05,0.000326731263
5.69716917e-07,0.000368877663,-7.29257517e-05,9.94454876e-06,-0.00219021714,-0.000365666348,8.76185911e-05,8.76086857e-05,0.000376148627
5.70610212e-07,0.000359720783,-8.81976957e-05,8.02114209e-06,-0.00256261509,-0.000355906078,0.000102512142,0.000102504604,0.000370462163
5.7150686e-07,0.000363109109,-7.59908871e-05,9.18149453e-06,-0.00226102048,-0.000359779836,9.0450594e-05,9.0440819e-05,0.000371089127
5.72401859e-07,0.00037336786,-6.27281697e-05,1.05449399e-05,-0.00193990301,-0.000370560748,7.7608726e-05,7.75961205e-05,0.000378747381
5.73300099e-07,0.000344956992,-4.32934539e-05,1.1685288e-05,-0.00142598327,-0.000342949787,5.70534242e-05,5.70393307e-05,0.000347859448
5.74244609e-07,0.000311397569,-2.88203119e-05,1.09138346e-05,-0.00103087781,-0.000309995979,4.12498401e-05,4.12351126e-05,0.000312918788
5.7510124e-07,0.00028889309,-1.99107799e-05,9.89755245e-06,-0.000785815704,-0.000287865788,3.14474957e-05,3.14326282e-05,0.000289747508
5.76003401e-07,0.000267115422,-1.4827564e-05,8.18073931e-06,-0.000637077203,-0.000266308813,2.54974714e-05,2.54830881e-05,0.000267651695
5.76906984e-07,0.000264673261,-1.58179955e-05,7.46066826e-06,-0.000659379584,-0.000263828999,2.63894503e-05,2.63751834e-05,0.000265250458
5.77810511e-07,0.000279563101,-4.96859939e-05,5.69573058e-06,-0.00152037875,-0.00027735257,6.08257926e-05,6.08151499e-05,0.000284001174
5.78715628e-07,0.000330044219,-6.45321998e-05,8.09985249e-06,-0.00194166473,-0.000327199619,7.76788294e-05,7.76665891e-05,0.000336391437
5.79619098e-07,0.000359107158,-7.03747428e-05,8.83641678e-06,-0.00211662683,-0.000356005672,8.46789067e-05,8.46650731e-05,0.000366044584
5.80521601e-07,0.000372485491,-9.64215724e-05,7.09172173e-06,-0.00278071151,-0.000368331707,0.000111239892,0.00011122846,0.000384828342
5.81424558e-07,0.000387723965,-8.54231475e-05,9.70747533e-06,-0.00252112979,-0.000383997812,0.000100859641,0.000100845192,0.000397141313
5.82328369e-07,0.000382949336,-6.33874733e-05,1.17948148e-05,-0.00196582638,-0.000380108195,7.86506591e-05,7.86330551e-05,0.000388339135
5.83228427e-07,0.000346370332,-4.2775624e-05,1.1511308e-05,-0.00141435745,-0.000344382704,5.65925271e-05,5.65742981e-05,0.000349191454
5.84132806e-07,0.000319331448,-3.06890361e-05,1.06296748e-05,-0.0010853915,-0.000317848783,4.34343401e-05,4.341566e-05,0.000320978785
5.85038208e-07,0.000289457501,-2.05050601e-05,1.00490806e-05,-0.000801137066,-0.000288405982,3.2063871e-05,3.20454827e-05,0.000290356826
5.85944179e-07,0.000263687922,-1.37041015e-05,8.47082902e-06,-0.000605505251,-0.000262928982,2.42378441e-05,2.422021e-05,0.000264179631
5.86804447e-07,0.000254782906,-1.15390903e-05,7.21638071e-06,-0.000542526541,-0.000254117667,2.17184591e-05,2.17010616e-05,0.000255146147
5.87709053e-07,0.000267772935,-4.91280734e-05,5.82905477e-06,-0.00149459345,-0.000265594147,5.97968376e-05,5.97837381e-05,0.000272304775
5.88611101e-07,0.000311236741,-6.12599906e-05,7.48829461e-06,-0.00184104859,-0.000308538039,7.36571392e-05,7.36419437e-05,0.000317296659
5.89505134e-07,0.000355891418,-7.18877054e-05,8.65739185e-06,-0.00215111044,-0.000352732001,8.60620638e-05,8.60444177e-05,0.000363182453
5.90443165e-07,0.0003791544,-8.99236766e-05,7.62877517e-06,-0.00262491195,-0.000375255129,0.000105013879,0.000104996478,0.000389746745
5.91339472e-07,0.000387545442,-8.95657358e-05,9.04598437e-06,-0.00262433197,-0.000383653773,0.000104991777,0.000104973279,0.000397863445
5.92233278e-07,0.000382837403,-6.88169894e-05,1.13015949e-05,-0.00210124906,-0.000379779228,8.4071356e-05,8.40499625e-05,0.000389137484
5.93130551e-07,0.000365209882,-4.72165812e-05,1.23423424e-05,-0.00154400209,-0.000363029594,6.17833129e-05,6.17600838e-05,0.000368456235
5.94029359e-07,0.000328311813,-3.03032812e-05,1.18544458e-05,-0.00108462141,-0.000326837391,4.34080126e-05,4.33848565e-05,0.000329920389
5.94930782e-07,0.000303587469,-2.06692621e-05,1.09917082e-05,-0.00081925292,-0.000302518081,3.27929896e-05,3.27701168e-05,0.000304488731
5.95833683e-07,0.000278764084,-1.64609737e-05,9.31122486e-06,-0.000689346751,-0.000277882839,2.75953968e-05,2.757387e-05,0.000279404863
5.96737436e-07,0.000270776683,-1.33208332e-05,8.37253174e-06,-0.00060292118,-0.0002700274,2.41383572e-05,2.41168472e-05,0.000271233398
5.97640906e-07,0.000266988965,-4.83925724e-05,5.96035989e-06,-0.00147535792,-0.000264840216,5.90305744e-05,5.90143166e-05,0.000271404633
5.98544148e-07,0.000311301352,-6.00715975e-05,7.65263394e-06,-0.00181133393,-0.000308650121,7.24722805e-05,7.24533573e-05,0.000317136708
5.99435225e-07,0.000366429857,-7.38323142e-05,8.642799e-06,-0.00221010484,-0.000363184247,8.84265422e-05,8.84041935e-05,0.000373894034
6.00328519e-07,0.00038311418,-7.40609612e-05,1.14405811e-05,-0.00223244354,-0.000379846081,8.93222013e-05,8.92977417e-05,0.000390374676
6.01223746e-07,0.00042200365,-9.78597382e-05,1.04251467e-05,-0.0028658025,-0.000417752746,0.000114657106,0.0001146321,0.000433327004
6.02120622e-07,0.000379071484,-6.73128161e-05,1.10109204e-05,-0.00205980451,-0.000376076472,8.24177893e-05,8.23921803e-05,0.000385158987
6.03018407e-07,0.000381493708,-5.03764568e-05,1.29597165e-05,-0.00163908303,-0.000379174033,6.55918404e-05,6.55633211e-05,0.000385023624
6.03918807e-07,0.000340796076,-3.28884016e-05,1.22605425e-05,-0.0011615688,-0.00033920829,4.64903026e-05,4.64627519e-05,0.000342598793
6.04820912e-07,0.00031206882,-2.14227584e-05,1.11240452e-05,-0.000846451614,-0.000310962516,3.38850468e-05,3.38580646e-05,0.000313001002
6.05723983e-07,0.000285670743,-1.52250959e-05,9.58857618e-06,-0.000665277243,-0.000284833396,2.66367003e-05,2.66110897e-05,0.000286236821
6.06627566e-07,0.000275189348,-1.01351225e-05,8.6155278e-06,-0.000527652097,-0.000274563929,2.11316543e-05,2.11060839e-05,0.000275510663
6.07531547e-07,0.000280472887,-4.81966017e-05,6.9687153e-06,-0.00148383155,-0.000278321188,5.93739736e-05,5.93532622e-05,0.000284669133
6.08433197e-07,0.000330850395,-6.27887275e-05,8.14428859e-06,-0.00189862121,-0.00032807487,7.59689902e-05,7.59448484e-05,0.000336854178
6.09333767e-07,0.000389421388,-8.10061392e-05,9.49883906e-06,-0.00241214945,-0.000385870511,9.6514045e-05,9.6485978e-05,0.000397870883
6.10225186e-07,0.000388150307,-7.77766327e-05,1.08875893e-05,-0.00233018119,-0.000384729593,9.3236292e-05,9.32072476e-05,0.000396015663
6.11123824e-07,0.000393587688,-9.52494665e-05,9.56468193e-06,-0.0027721331,-0.000389463898,0.000110912587,0.000110885324,0.000405061986
6.12020983e-07,0.000401198893,-7.57697781e-05,1.17082882e-05,-0.00229304098,-0.000397847994,9.17528469e-05,9.1721639e-05,0.000408458927
6.12918939e-07,0.00037831525,-5.25606301e-05,1.31213237e-05,-0.00169037248,-0.000375910773,6.76471622e-05,6.7614899e-05,0.000382174328
6.13816326e-07,0.000351040071,-3.62401515e-05,1.28752317e-05,-0.00125542225,-0.000349310057,5.0249022e-05,5.02168899e-05,0.000353140555
6.1471593e-07,0.000319164159,-2.37226432e-05,1.15656158e-05,-0.000910892559,-0.000317960209,3.64668298e-05,3.64357023e-05,0.000320253474
6.15617353e-07,0.000293844409,-1.7507733e-05,1.03865459e-05,-0.000730373082,-0.000292909242,2.92443709e-05,2.92149233e-05,0.000294548701
6.16520822e-07,0.000290396216,-1.41503288e-05,9.80759614e-06,-0.000643050065,-0.000289598068,2.57517613e-05,2.57220026e-05,0.000290906141
6.17424405e-07,0.000279880187,-4.67572536e-05,7.25005202e-06,-0.0014472031,-0.000277786521,5.79120751e-05,5.78881241e-05,0.000283851586
6.18326851e-07,0.000320824649,-5.97367762e-05,8.01126862e-06,-0.00181228621,-0.00031817919,7.25185572e-05,7.24914484e-05,0.000326437005
6.19220884e-07,0.000360509643,-7.36417642e-05,9.03113869e-06,-0.00219923188,-0.000357276388,8.79993992e-05,8.79692752e-05,0.00036806504
6.20112758e-07,0.000368122215,-7.43898345e-05,1.05145155e-05,-0.00222549285,-0.000364852957,8.90512928e-05,8.90197139e-05,0.000375710484
6.2100321e-07,0.000392740796,-9.80223995e-05,9.71326608e-06,-0.00284045562,-0.000388506795,0.000113649435,0.000113618225,0.000404905015
6.2190054e-07,0.000368746027,-7.40876349e-05,1.05889621e-05,-0.0022185517,-0.000365488354,8.87742807e-05,8.8742068e-05,0.000376264184
6.22833966e-07,0.000392730843,-6.0657414e-05,1.29672871e-05,-0.00190691906,-0.00038999105,7.63139394e-05,7.62767624e-05,0.000397599028
6.23727772e-07,0.000370474794,-4.39534633e-05,1.3763628e-05,-0.00146740058,-0.000368420784,5.87333456e-05,5.86960232e-05,0.000373326824
6.24623681e-07,0.000329027156,-2.84636972e-05,1.28488309e-05,-0.00103908114,-0.000327625725,4.15985061e-05,4.15632455e-05,0.000330505891
6.25521011e-07,0.000300133863,-1.86819016e-05,1.09707098e-05,-0.000765888777,-0.000299146711,3.06691114e-05,3.06355511e-05,0.000300914781
6.26419194e-07,0.000289379066,-1.13183378e-05,9.87226122e-06,-0.000571196317,-0.000288694981,2.28813605e-05,2.28478527e-05,0.000289768546
6.27317092e-07,0.000292358221,-4.40570002e-05,9.15703822e-06,-0.00139209512,-0.000290362556,5.57129699e-05,5.56838047e-05,0.000295800947
6.28217265e-07,0.000305632217,-5.53801146e-05,7.80265964e-06,-0.00168820552,-0.00030317313,6.75578453e-05,6.75282208e-05,0.000310707081
6.2911846e-07,0.000352399045,-7.80814444e-05,9.21814262e-06,-0.00230196049,-0.000348994739,9.21111907e-05,9.20784194e-05,0.000361063392
6.30019144e-07,0.000388345594,-8.85882837e-05,1.02743752e-05,-0.00260026613,-0.000384492372,0.000104047104,0.000104010645,0.000398454197
6.30918976e-07,0.000419679447,-0.000119145814,7.79618767e-06,-0.00339492527,-0.000414579187,0.000135833212,0.000135797011,0.000436333982
6.31817841e-07,0.000403740822,-0.000111105051,1.01791893e-05,-0.00317814085,-0.000398974855,0.000127161506,0.000127125634,0.000418873011
6.32715569e-07,0.000424323574,-0.000102640726,1.18131238e-05,-0.00298717688,-0.000419879627,0.000119527042,0.000119487075,0.000436720923
6.33610284e-07,0.000446300866,-8.89691582e-05,1.36865128e-05,-0.0026675018,-0.000442386056,0.000106745267,0.000106700072,0.000455288145
6.34501816e-07,0.000417718402,-6.39166319e-05,1.40467673e-05,-0.00201310357,-0.000414828288,8.05697862e-05,8.05241428e-05,0.000422813565
6.35411482e-07,0.00036870304,-3.63640975e-05,1.29670589e-05,-0.00127588841,-0.000366953941,5.10791992e-05,5.10355365e-05,0.000370718794
6.36316827e-07,0.000298196828,-1.73739299e-05,1.08421264e-05,-0.000731192587,-0.000297263531,2.92847253e-05,2.92477035e-05,0.000298899236
6.3720438e-07,0.000316993857,-2.91463712e-05,8.45316117e-06,-0.0010440324,-0.000315574752,4.17994305e-05,4.17612959e-05,0.000318443201
6.3814332e-07,0.000305942609,-3.88487242e-05,6.30638988e-06,-0.00127539248,-0.000304144353,5.10520906e-05,5.10156993e-05,0.000308463732
6.39033942e-07,0.000178161295,-5.41413974e-05,1.66898133e-06,-0.00153015391,-0.000175853707,6.12226417e-05,6.12061564e-05,0.00018621365
6.39922064e-07,0.000205789795,-6.59378929e-05,2.93933908e-06,-0.00185239839,-0.000202988372,7.41145465e-05,7.40959356e-05,0.000216115444
6.40842927e-07,0.000213652704,-7.79214897e-05,2.30956425e-06,-0.0021596055,-0.000210365776,8.64029902e-05,8.638422e-05,0.000227430364
6.41701263e-07,0.000149924192,-5.09879646e-05,1.31723425e-06,-0.00142318488,-0.000147765294,5.69425483e-05,5.69273951e-05,0.000158362783
6.42636337e-07,0.000178289949,-4.61864984e-05,1.96374322e-06,-0.00133147172,-0.000176300369,5.32792504e-05,5.32588689e-05,0.000184185653
6.43524572e-07,0.000188331149,-6.53550524e-05,5.17733497e-06,-0.0018203723,-0.000185566999,7.28340125e-05,7.2814892e-05,0.00019941592
6.44408033e-07,0.000190248102,-6.5728389e-05,5.94582616e-06,-0.00183160626,-0.000187467489,7.32837082e-05,7.32642505e-05,0.000201370093
6.45336343e-07,0.000221554874,-7.60536059e-05,6.95917151e-06,-0.00212074397,-0.000218336321,8.4852603e-05,8.48297589e-05,0.000234348337
6.46221395e-07,0.000249893841,-8.53172896e-05,8.20101286e-06,-0.00238040439,-0.000246282171,9.52421332e-05,9.52161755e-05,0.00026418408
6.47106333e-07,0.000267480122,-9.26656357e-05,8.64896447e-06,-0.00258150464,-0.000263560529,0.000103287865,0.000103260186,0.000283209004
6.48034529e-07,0.00027030101,-9.5443138e-05,7.05137472e-06,-0.00265370426,-0.000266268091,0.000106175951,0.00010614817,0.000286743353
6.48918444e-07,0.000232141858,-7.68843602e-05,7.10522318e-06,-0.00215203664,-0.000228881615,8.61060592e-05,8.60814657e-05,0.000244645726
6.49804463e-07,0.000242784474,-4.56142043e-05,6.29899705e-06,-0.00138139073,-0.00024076619,5.52865072e-05,5.52556291e-05,0.000247112593
6.50736126e-07,0.000197271365,-4.30803448e-05,5.7194211e-06,-0.00127276767,-0.000195390815,5.09346356e-05,5.09107066e-05,0.000202001533
6.51620496e-07,0.000199425558,-4.62089229e-05,6.23826327e-06,-0.00135307841,-0.000197418175,5.41468559e-05,5.41231362e-05,0.000204804135
6.52505776e-07,0.000213537132,-4.98324116e-05,6.61100557e-06,-0.00145766023,-0.00021137356,5.83317587e-05,5.8306409e-05,0.000219374296
6.5343869e-07,0.000238150082,-5.40106666e-05,8.33577269e-06,-0.0015865569,-0.000235799736,6.34909271e-05,6.3462276e-05,0.000244340129
6.54321468e-07,0.000244629307,-5.56868363e-05,6.966201e-06,-0.00163488451,-0.000242206751,6.54248559e-05,6.53953804e-05,0.000250984162
6.55208794e-07,0.000233503859,-5.51685225e-05,6.93749507e-06,-0.0016108572,-0.000231110928,6.44620574e-05,6.44342881e-05,0.000240032804
6.56142333e-07,0.000258726068,-6.46369881e-05,6.51406754e-06,-0.00187252066,-0.000255934324,7.49315686e-05,7.49008264e-05,0.000266757477
6.57027215e-07,0.000273130572,-7.06966821e-05,6.29378246e-06,-0.00203825114,-0.000270084984,8.1562442e-05,8.15300457e-05,0.000282201953
6.57909027e-07,0.000288271956,-9.43639025e-05,6.5260715e-06,-0.00264461688,-0.00028426782,0.000105816225,0.000105784675,0.000303393897
6.58812326e-07,0.000253185222,-0.000121490142,4.96553776e-06,-0.0032873957,-0.000248124391,0.000131517672,0.000131495828,0.000280868774
6.59711588e-07,0.000192421547,-0.000114214963,2.09754239e-06,-0.00304513308,-0.00018770025,0.000121818413,0.000121805323,0.000223775578
6.60635237e-07,0.000206840195,-0.000116601288,3.73145826e-06,-0.00311908824,-0.000202011937,0.000124779421,0.00012476353,0.000237471368
6.61527622e-07,0.000184738979,-0.000124665239,4.97757947e-06,-0.00329854689,-0.000179605928,0.000131953109,0.000131941875,0.000222923055
6.62413527e-07,0.000182042815,-0.000130377346,8.54398513e-06,-0.00343857054,-0.000176683497,0.000137552829,0.000137542821,0.000224077751
6.63337005e-07,0.000189301252,-0.000136188537,6.55682334e-06,-0.00359097496,-0.000183703743,0.000143649632,0.000143638998,0.000233292249
6.64221602e-07,0.000159886971,-0.000132372297,7.32386661e-06,-0.00346634351,-0.000154465599,0.000138660187,0.00013865374,0.000207701487
6.65110292e-07,0.000171985244,-0.000126214218,3.58120565e-06,-0.00332452031,-0.000166800452,0.000132990835,0.000132980812,0.000213358333
6.66000233e-07,0.00014914597,-0.000148486346,2.79825531e-06,-0.00385821378,-0.000143088799,0.000154331821,0.000154328551,0.000210476948
6.6693184e-07,0.000152172972,-0.000158503055,5.35628806e-06,-0.00411146926,-0.000145712818,0.000164461565,0.00016445877,0.000219791996
6.6781854e-07,0.000185120312,-0.000163806661,6.08867686e-06,-0.00427676272,-0.000178421717,0.000171078471,0.000171070509,0.000247263471
6.68705695e-07,0.000178639108,-0.000162844197,6.15949375e-06,-0.00424626516,-0.000171984184,0.000169857598,0.000169850606,0.000241801784
6.69640428e-07,0.000166719212,-0.000131778725,3.90124887e-06,-0.00345825776,-0.000161316111,0.000138340306,0.000138330311,0.000212546813
6.70541397e-07,5.83262445e-05,-0.000133293885,5.42191344e-07,-0.00338818133,-5.2949256e-05,0.000135519691,0.000135527253,0.000145497438
6.71400699e-07,-5.46427182e-05,-0.000156538124,7.79721904e-06,-0.00385643891,6.08588652e-05,0.000154227785,0.000154257556,0.00016598436
6.72346516e-07,-4.50928128e-05,-0.000151431275,4.53053826e-06,-0.00373835559,5.11123792e-05,0.000149506915,0.000149534224,0.00015806745
6.73241288e-07,4.03696176e-05,-0.000141930548,2.90020853e-06,-0.00358606153,-3.46616181e-05,0.000143431373,0.000143442461,0.00014758861
6.74124806e-07,4.38964744e-05,-0.000145081751,3.40783754e-06,-0.00366828823,-3.80596393e-05,0.000146721092,0.000146731529,0.000151615396
6.7501054e-07,2.34084546e-05,-0.000143538578,3.13589317e-06,-0.00360934506,-1.76497181e-05,0.000144359851,0.000144373802,0.000145468598
6.7593902e-07,2.40156678e-05,-0.000142656529,2.32954471e-06,-0.00358790648,-1.82917182e-05,0.000143502789,0.000143516259,0.000144682633
6.76823959e-07,5.13162086e-05,-0.000160048861,2.72594366e-06,-0.00404958287,-4.48749137e-05,0.00016197294,0.000161983315,0.000168096466
6.77711228e-07,8.75805272e-05,-0.000179830677,3.97609892e-06,-0.00457988959,-8.03191631e-05,0.000183189118,0.000183195584,0.000200063066
6.78603215e-07,8.19931156e-05,-0.000167797916,1.86821893e-07,-0.0042736968,-7.52174029e-05,0.000170942546,0.000170947872,0.000186759328
6.79536981e-07,5.68618234e-05,-0.000172511864,2.60049478e-06,-0.00436643837,-4.99177054e-05,0.000174647739,0.000174657535,0.000181660047
6.80427945e-07,2.53034414e-05,-6.43728563e-05,-8.68323059e-06,-0.00163329765,-2.27089736e-05,6.53332326e-05,6.53319061e-05,6.97103096e-05
6.81319875e-07,0.000123003789,-8.14837549e-05,-2.78884642e-07,-0.0021580609,-0.000119646918,8.63374162e-05,8.63224361e-05,0.000147545288
6.82212942e-07,0.000165762744,-0.000130795946,5.33413413e-06,-0.00343262241,-0.000160399708,0.000137320065,0.000137304896,0.000211218654
6.83105782e-07,0.000173569468,-0.000238372595,1.09054781e-05,-0.00612805877,-0.000163898269,0.00024512285,0.000245122351,0.000295070811
6.84040572e-07,4.57563801e-05,-0.000321111467,1.11573736e-05,-0.00806793943,-3.28787461e-05,0.000322684379,0.000322717577,0.000324546927
6.8493091e-07,-5.213642e-05,-0.000420021184,1.19509523e-05,-0.010441605,6.88910839e-05,0.000417600311,0.0004176642,0.000423413305
6.85821647e-07,-0.000145989703,-0.000515800435,1.07982896e-05,-0.0127410665,0.000166499443,0.000509549819,0.000509642661,0.000536171321
6.86714543e-07,-0.000229923302,-0.000613053213,1.74354373e-05,-0.0150872124,0.000254254978,0.000603368356,0.000603488497,0.000654983176
6.87607724e-07,-0.000312681543,-0.000697481097,1.76119247e-05,-0.0171141233,0.000340323235,0.00068441926,0.000684564933,0.00076456511
6.88541718e-07,-0.000443760247,-0.000760626688,2.16935041e-05,-0.0185612664,0.000473822241,0.000742272591,0.000742450655,0.000880878382
6.89432795e-07,-0.000537689251,-0.000817584572,2.13948642e-05,-0.0198907517,0.00056995382,0.000795428757,0.000795630068,0.000978780877
6.90323759e-07,-0.000603543944,-0.000934133248,2.42860096e-05,-0.0227369703,0.00064041654,0.000909250721,0.000909478813,0.00111241181
6.91215803e-07,-0.000789656828,-0.00099543808,2.81197827e-05,-0.0240833126,0.000828832093,0.000963063985,0.000963332504,0.00127092313
6.92109552e-07,-0.00105813611,-0.00109184138,2.8522687e-05,-0.0262246039,0.00110095173,0.00104865386,0.00104898416,0.00152071798
6.93003983e-07,-0.00114073523,-0.00119091978,2.20900856e-05,-0.0286177061,0.00118744685,0.00114434993,0.00114470825,0.00164925885
6.93938091e-07,-0.00118681893,-0.00126969232,1.78675891e-05,-0.0305398144,0.00123664375,0.0012212166,0.00122159258,0.0017380958
6.948286e-07,-0.00129493559,-0.00135403324,1.82958247e-05,-0.0325393155,0.00134804667,0.00130116655,0.00130157262,0.00187365924
6.95719393e-07,-0.00135966681,-0.00142519607,2.47635144e-05,-0.0342527479,0.00141557187,0.00136968389,0.00137010992,0.00196989617
6.96608481e-07,-0.00141412544,-0.00151615299,2.68807489e-05,-0.0364709049,0.00147362423,0.00145839029,0.0014588362,0.00207344959
6.97541282e-07,-0.00152069028,-0.00160465261,3.53905343e-05,-0.0385758542,0.00158364287,0.00154255767,0.00154303417,0.00221103175
6.98436736e-07,-0.00162091525,-0.00171350269,3.02252884e-05,-0.0411955342,0.00168814052,0.00164731275,0.00164782137,0.00235889196
6.9931059e-07,-0.0017169459,-0.00178552151,1.70192088e-05,-0.0428992026,0.00178697435,0.00171543376,0.0017159681,0.00247715158
7.00232761e-07,-0.00180857803,-0.00181479985,1.59762221e-05,-0.0435394309,0.001879704,0.00174102437,0.00174157724,0.00256216866
7.01129409e-07,-0.00184045173,-0.00190740498,3.12504635e-05,-0.0458212458,0.00191525542,0.00183228082,0.00183284983,0.00265074196
7.02019577e-07,-0.00185160059,-0.00199189223,4.09140557e-05,-0.0479208678,0.00192977396,0.00191625466,0.00191683471,0.00271987746
7.02904913e-07,-0.00194837723,-0.0020577563,4.58470531e-05,-0.0494700484,0.00202910704,0.001978196,0.00197880194,0.00283419067
7.03832825e-07,-0.00205793208,-0.00215857779,4.71545864e-05,-0.0518798642,0.00214260605,0.00207455582,0.00207519457,0.00298274472
7.0472322e-07,-0.00217541261,-0.00226090639,3.5770885e-05,-0.0543194488,0.00226408465,0.0021721046,0.00217277795,0.0031377376
7.05612933e-07,-0.00222376874,-0.00235228334,3.00320371e-05,-0.0565541387,0.0023160562,0.00226147473,0.00226216555,0.00323717256
7.06502647e-07,-0.00232809572,-0.00243359152,3.62184765e-05,-0.0584816337,0.0024235512,0.00233854591,0.00233926535,0.00336804234
7.07436357e-07,-0.00242101494,-0.0025165868,4.34107897e-05,-0.0604626127,0.00251971502,0.00241775902,0.00241850451,0.00349233546
7.08328116e-07,-0.00249763345,-0.00259798532,4.60535412e-05,-0.0624199249,0.00259952732,0.00249602851,0.002496797,0.0036041395
7.09217204e-07,-0.00257241772,-0.00265010586,4.74604858e-05,-0.063647598,0.00267633603,0.00254511679,0.00254590392,0.00369359534
7.10113568e-07,-0.00270855729,-0.00274731941,4.07153675e-05,-0.0659408718,0.00281625421,0.00263680844,0.00263763487,0.00385819962
7.11019425e-07,-0.00290632481,-0.00281026214,3.670148e-05,-0.0673165768,0.00301638057,0.00269179224,0.00269266307,0.00404297467
7.11938583e-07,-0.00301560899,-0.00288588135,3.74956981e-05,-0.0690969974,0.0031286013,0.00276298075,0.0027638799,0.00417416035
7.12825397e-07,-0.00303810369,-0.00295461621,5.03773808e-05,-0.0707917437,0.00315382667,0.00283076109,0.00283166975,0.0042382035
7.13701354e-07,-0.00317875482,-0.00303020002,5.41622503e-05,-0.0725401267,0.00329738784,0.0029006599,0.00290160507,0.00439198451
7.14622843e-07,-0.00328375213,-0.00314951804,4.33925197e-05,-0.0754165575,0.00340707261,0.0030156837,0.0030166623,0.00455020602
7.15510168e-07,-0.00339030754,-0.0032422496,3.66232016e-05,-0.0776272416,0.00351725106,0.00310408001,0.00310508966,0.00469123746
7.16439956e-07,-0.00344286603,-0.00332579389,4.759898e-05,-0.0796620697,0.00357310839,0.00318545569,0.00318648279,0.00478711784
7.1732785e-07,-0.00352866319,-0.00339169311,6.34385433e-05,-0.0812229887,0.00366147219,0.00324787123,0.00324891955,0.00489480036
7.18214892e-07,-0.0035764731,-0.00347093726,7.75921726e-05,-0.0831550956,0.00371241277,0.0033251401,0.00332620382,0.00498443435
7.19101592e-07,-0.00366570894,-0.00351137668,8.45400791e-05,-0.0840765685,0.00380319438,0.00336197869,0.00336306274,0.00507684304
7.20017795e-07,-0.00376868574,-0.00361803127,8.25740499e-05,-0.0866386518,0.00391035385,0.00346443,0.00346554607,0.00522493646
7.20912112e-07,-0.0038814384,-0.00371268531,7.32380213e-05,-0.088891238,0.00402680148,0.00355449942,0.00355564952,0.00537168131
7.21837182e-07,-0.00396970101,-0.00381552498,6.46225235e-05,-0.0913726091,0.00411910597,0.00365372727,0.00365490437,0.00550644468
7.22717971e-07,-0.00408462947,-0.00387943303,6.57907003e-05,-0.0928548425,0.00423649815,0.00371298829,0.0037141937,0.00563369568
7.23601374e-07,-0.00416255463,-0.00394760119,7.58373862e-05,-0.0944802761,0.00431708697,0.00377798574,0.00377921104,0.00573726132
7.24529968e-07,-0.00426835008,-0.0040311995,6.99202647e-05,-0.0964635387,0.00442614084,0.00385728649,0.00385854155,0.00587147942
7.25418545e-07,-0.00436068745,-0.00412105257,5.95467282e-05,-0.0986164659,0.00452199752,0.00394337518,0.00394465864,0.00600018459
7.26304279e-07,-0.0044465242,-0.00420738617,5.83767142e-05,-0.100687936,0.00461121802,0.00402620717,0.00402751744,0.00612185296
7.27231338e-07,-0.00455141487,-0.00427097501,6.49536596e-05,-0.102172159,0.00471856767,0.00408555064,0.00408688635,0.00624186061
7.28118721e-07,-0.00463796733,-0.00431783078,7.49722749e-05,-0.103256539,0.00480692463,0.00412890775,0.00413026154,0.00633719374
7.29005251e-07,-0.00475657778,-0.00439860392,9.76157098e-05,-0.105156466,0.00492867027,0.00420487313,0.00420625865,0.00647937323
7.29931003e-07,-0.00495139183,-0.00445065228,0.000103064878,-0.106263086,0.00512540987,0.00424908937,0.00425052345,0.00665846898
7.30830436e-07,-0.00514909811,-0.00453508878,6.72337992e-05,-0.108176023,0.00532633456,0.00432555219,0.00432704091,0.00686183372
7.31714636e-07,-0.00538035389,-0.00459665479,3.81717982e-05,-0.109484129,0.00555986735,0.00437782119,0.00437936515,0.00707664471
7.32640842e-07,-0.00555271097,-0.00469151093,2.61427795e-05,-0.111682437,0.00573587979,0.004465709,0.00446729749,0.00726935742
7.33533398e-07,-0.00557733886,-0.00477800751,2.82206838e-05,-0.113818705,0.00576394692,0.00455115155,0.0045527482,0.0073441719
7.34426578e-07,-0.0056566759,-0.00485687936,3.87491564e-05,-0.115710139,0.00584637454,0.00462678767,0.00462840557,0.00745578707
7.35314586e-07,-0.00574133359,-0.00494926423,4.43876379e-05,-0.117933944,0.00593465892,0.00471571324,0.00471735775,0.00758024393
7.36232266e-07,-0.0058195577,-0.00506133912,4.45483201e-05,-0.120656036,0.00601730226,0.00482457035,0.00482624143,0.00771274206
7.37118683e-07,-0.00590252923,-0.00516285421,3.79195881e-05,-0.123109542,0.00610426694,0.00492268627,0.00492438167,0.00784196103
7.3803642e-07,-0.00602041697,-0.00523628201,4.84766788e-05,-0.124826618,0.00622499671,0.00499134108,0.0049930647,0.007979124
7.38930282e-07,-0.00611389149,-0.00528274896,6.98274598e-05,-0.125894412,0.00632025464,0.00503403287,0.0050357765,0.00808034539
7.39800726e-07,-0.00618223101,-0.00531908683,9.18110163e-05,-0.126734227,0.00638999262,0.00506760883,0.00506936908,0.00815604649
7.40728694e-07,-0.00630076602,-0.00536163291,0.000102330392,-0.127679288,0.00651013421,0.00510538074,0.00510717154,0.00827388853
7.41610279e-07,-0.00640739826,-0.00542349182,9.64751598e-05,-0.129118681,0.00661915486,0.00516292602,0.00516474724,0.0083951369
7.42536372e-07,-0.00651972089,-0.00549850287,8.49906355e-05,-0.130880922,0.00673438728,0.00523338536,0.00523523688,0.00852921554
7.43425346e-07,-0.00660114875,-0.00556720933,7.70781771e-05,-0.132516339,0.00681849753,0.00529878061,0.00530065358,0.00863567748
7.44316651e-07,-0.00668847142,-0.00564068509,7.99904665e-05,-0.134265035,0.0069086886,0.00536870563,0.00537060142,0.00874982152
7.45208183e-07,-0.00678535318,-0.00572290272,6.93385809e-05,-0.136222675,0.00700878069,0.00544698325,0.00544890702,0.00887679228
7.46139619e-07,-0.00689859502,-0.00582135376,5.06758515e-05,-0.138569623,0.00712586894,0.00554082707,0.00554278493,0.00902670155
7.47027059e-07,-0.0070058261,-0.00591391837,4.19886164e-05,-0.140775487,0.00723671585,0.00562902955,0.00563101947,0.00916830371
7.47914214e-07,-0.0070999437,-0.0059941751,3.83729821e-05,-0.142686814,0.00733396757,0.00570545837,0.00570747256,0.00929197547
7.48804212e-07,-0.00719921477,-0.00607947074,4.18464697e-05,-0.144718871,0.00743657015,0.00578671601,0.00578875482,0.00942286628
7.49741048e-07,-0.00730190519,-0.00616511796,5.27799275e-05,-0.146756336,0.00754260341,0.00586818819,0.00587025344,0.00955663563
7.5062934e-07,-0.00738985091,-0.00623638928,7.02768084e-05,-0.148449391,0.00763332888,0.00593588562,0.00593797565,0.00966992175
7.5151388e-07,-0.00748027861,-0.00631152,7.81633862e-05,-0.150236458,0.00772668867,0.0060073401,0.0060094583,0.00978754118
7.52400751e-07,-0.00757854152,-0.00639684917,6.62484235e-05,-0.152270466,0.00782828524,0.00608867155,0.00609081864,0.00991757833
7.53331165e-07,-0.0076822117,-0.00648921449,3.67030152e-05,-0.15447478,0.00793556611,0.00617681728,0.0061789912,0.0100562234
7.54222924e-07,-0.00775218988,-0.00654690526,3.66589629e-05,-0.155846313,0.00800779534,0.00623166353,0.00623385251,0.0101469089
7.55113717e-07,0,0,0,0,-0,-0,-0,0
7.56002578e-07,0,0,0,0,-0,-0,-0,0
7.56933957e-07,0,0,0,0,-0,-0,-0,0
7.57821113e-07,0,0,0,0,-0,-0,-0,0
7.58706676e-07,0,0,0,0,-0,-0,-0,0
7.59638453e-07,0,0,0,0,-0,-0,-0,0
7.6053135e-07,0,0,0,0,-0,-0,-0,0
7.61423735e-07,0,0,0,0,-0,-0,-0,0
7.62313277e-07,0,0,0,0,-0,-0,-0,0
7.63241246e-07,0,0,0,0,-0,-0,-0,0
7.64128117e-07,0,0,0,0,-0,-0,-0,0
7.65021809e-07,0,0,0,0,-0,-0,-0,0
7.65916127e-07,0,0,0,0,-0,-0,-0,0
7.6680692e-07,0,0,0,0,-0,-0,-0,0
7.67736651e-07,0,0,0,0,-0,-0,-0,0
7.68623067e-07,0,0,0,0,-0,-0,-0,0
7.69511416e-07,0,0,0,0,-0,-0,-0,0
7.70403631e-07,0,0,0,0,-0,-0,-0,0
7.71339558e-07,0,0,0,0,-0,-0,-0,0
7.72230351e-07,0,0,0,0,-0,-0,-0,0
7.7311762e-07,0,0,0,0,-0,-0,-0,0
7.74004207e-07,0,0,0,0,-0,-0,-0,0
7.74935302e-07,0,0,0,0,-0,-0,-0,0
7.75828539e-07,0,0,0,0,-0,-0,-0,0
7.7672172e-07,0,0,0,0,-0,-0,-0,0
7.77612399e-07,0,0,0,0,-0,-0,-0,0
7.78500805e-07,0,0,0,0,-0,-0,-0,0
7.79429797e-07,0,0,0,0,-0,-0,-0,0
7.80319112e-07,0,0,0,0,-0,-0,-0,0
7.81210815e-07,0,0,0,0,-0,-0,-0,0
7.82102518e-07,0,0,0,0,-0,-0,-0,0
7.83034295e-07,1.29591317e-05,-4.76601372e-06,6.74845211e-08,-0.000131922265,-1.27581761e-05,5.28042846e-06,5.27689059e-06,1.38079157e-05
7.8392253e-07,3.08534036e-05,-1.13201277e-05,-5.02609439e-08,-0.000313411205,-3.03760398e-05,1.25448798e-05,1.25364482e-05,3.28645756e-05
7.84810197e-07,3.79616358e-05,-1.38810592e-05,3.48697824e-07,-0.000384440733,-3.73761763e-05,1.53880164e-05,1.53776293e-05,4.04214199e-05
7.85741975e-07,0,0,0,0,-0,-0,-0,0
7.8663254e-07,0,0,0,0,-0,-0,-0,0
7.87523732e-07,0,0,0,0,-0,-0,-0,0
7.88414411e-07,0,0,0,0,-0,-0,-0,0
7.89303613e-07,0,0,0,0,-0,-0,-0,0
7.90234935e-07,0,0,0,0,-0,-0,-0,0
7.91125103e-07,0,0,0,0,-0,-0,-0,0
7.92015612e-07,0,0,0,0,-0,-0,-0,0
7.92906917e-07,0,0,0,0,-0,-0,-0,0
7.93840741e-07,0,0,0,0,-0,-0,-0,0
7.94730852e-07,0,0,0,0,-0,-0,-0,0
7.95620224e-07,0,0,0,0,-0,-0,-0,0
7.96510108e-07,0,0,0,0,-0,-0,-0,0
7.97400389e-07,0,0,0,0,-0,-0,-0,0
7.98333133e-07,0,0,0,0,-0,-0,-0,0
7.99223244e-07,0,0,0,0,-0,-0,-0,0
8.00112673e-07,0,0,0,0,-0,-0,-0,0
8.01001875e-07,0,0,0,0,-0,-0,-0,0
8.01933993e-07,0,0,0,0,-0,-0,-0,0
8.02824559e-07,0,0,0,0,-0,-0,-0,0
8.03715864e-07,0,0,0,0,-0,-0,-0,0
8.04607055e-07,0,0,0,0,-0,-0,-0,0
8.05539969e-07,0,0,0,0,-0,-0,-0,0
8.06430307e-07,0,0,0,0,-0,-0,-0,0
8.07320021e-07,0,0,0,0,-0,-0,-0,0
8.08210643e-07,0,0,0,0,-0,-0,-0,0
8.0910263e-07,0,0,0,0,-0,-0,-0,0
8.10035885e-07,0,0,0,0,-0,-0,-0,0
8.10924917e-07,0,0,0,0,-0,-0,-0,0
8.1181355e-07,0,0,0,0,-0,-0,-0,0
8.12703206e-07,0,0,0,0,-0,-0,-0,0
8.13636916e-07,0,0,0,0,-0,-0,-0,0
8.14528448e-07,0,0,0,0,-0,-0,-0,0
8.15418616e-07,0,0,0,0,-0,-0,-0,0
8.16307306e-07,0,0,0,0,-0,-0,-0,0
8.17238856e-07,0,0,0,0,-0,-0,-0,0
8.18129536e-07,0,0,0,0,-0,-0,-0,0
8.19020897e-07,0,0,0,0,-0,-0,-0,0
8.19911577e-07,0,0,0,0,-0,-0,-0,0
8.20800892e-07,1.58537878e-05,-5.83385918e-06,1.62575926e-08,-0.000161452321,-1.56078143e-05,6.46317513e-06,6.45809283e-06,1.68930981e-05
8.21731703e-07,3.6382251e-05,-1.33691019e-05,1.08740771e-07,-0.000370040943,-3.58185276e-05,1.481331e-05,1.48016377e-05,3.87609713e-05
8.22620621e-07,4.91414467e-05,-1.79886574e-05,2.42720688e-07,-0.000498090521,-4.83827843e-05,1.99394021e-05,1.99236209e-05,5.23309897e-05
8.23511357e-07,0,0,0,0,-0,-0,-0,0
8.24403287e-07,0,0,0,0,-0,-0,-0,0
8.25337054e-07,0,0,0,0,-0,-0,-0,0
8.2622654e-07,0,0,0,0,-0,-0,-0,0
8.27115343e-07,0,0,0,0,-0,-0,-0,0
8.28004659e-07,0,0,0,0,-0,-0,-0,0
8.28937402e-07,0,0,0,0,-0,-0,-0,0
8.29828878e-07,0,0,0,0,-0,-0,-0,0
8.30720523e-07,0,0,0,0,-0,-0,-0,0
8.31610294e-07,0,0,0,0,-0,-0,-0,0
8.32541161e-07,0,0,0,0,-0,-0,-0,0
8.33430533e-07,0,0,0,0,-0,-0,-0,0
8.34322009e-07,0,0,0,0,-0,-0,-0,0
8.35214053e-07,0,0,0,0,-0,-0,-0,0
8.36105301e-07,0,0,0,0,-0,-0,-0,0
8.37037931e-07,0,0,0,0,-0,-0,-0,0
8.37927132e-07,0,0,0,0,-0,-0,-0,0
8.38816106e-07,0,0,0,0,-0,-0,-0,0
8.39706729e-07,0,0,0,0,-0,-0,-0,0
8.40641121e-07,2.33355604e-05,-8.56770748e-06,1.25679506e-07,-0.000237149754,-2.29742775e-05,9.49402775e-06,9.48599016e-06,2.48589981e-05
8.41532085e-07,3.95118768e-05,-1.45232043e-05,3.17613143e-07,-0.000401950616,-3.88994983e-05,1.60916409e-05,1.60780246e-05,4.20976573e-05
8.42421514e-07,1.62103624e-05,-6.12517715e-06,1.35866998e-07,-0.000169073901,-1.59524541e-05,6.76851926e-06,6.76295604e-06,1.73295154e-05
8.43310147e-07,0,0,0,0,-0,-0,-0,0
8.44241526e-07,0,0,0,0,-0,-0,-0,0
8.4513232e-07,0,0,0,0,-0,-0,-0,0
8.46023909e-07,0,0,0,0,-0,-0,-0,0
8.46914816e-07,0,0,0,0,-0,-0,-0,0
8.47804245e-07,0,0,0,0,-0,-0,-0,0
8.48735056e-07,0,0,0,0,-0,-0,-0,0
8.49624087e-07,0,0,0,0,-0,-0,-0,0
8.50514709e-07,0,0,0,0,-0,-0,-0,0
8.51406639e-07,0,0,0,0,-0,-0,-0,0
8.5234052e-07,0,0,0,0,-0,-0,-0,0
8.53230176e-07,0,0,0,0,-0,-0,-0,0
8.54118866e-07,0,0,0,0,-0,-0,-0,0
8.55008068e-07,0,0,0,0,-0,-0,-0,0
8.55941209e-07,0,0,0,0,-0,-0,-0,0
8.56832798e-07,0,0,0,0,-0,-0,-0,0
8.5772416e-07,0,0,0,0,-0,-0,-0,0
8.5861393e-07,0,0,0,0,-0,-0,-0,0
8.59502109e-07,0,0,0,0,-0,-0,-0,0
8.60433147e-07,2.7241771e-05,-1.00328652e-05,9.16513585e-08,-0.000277604995,-2.68187729e-05,1.11142203e-05,1.11041998e-05,2.90306885e-05
8.61323713e-07,3.99435448e-05,-1.4650127e-05,2.27892034e-08,-0.000405525352,-3.93257454e-05,1.62357242e-05,1.62210141e-05,4.25454288e-05
8.62215245e-07,6.47177294e-05,-2.36846299e-05,4.21204277e-07,-0.000655746262,-6.37188295e-05,2.62537037e-05,2.62298505e-05,6.89167876e-05
8.63106834e-07,8.34412931e-05,-3.04204405e-05,4.57102658e-07,-0.000842552399,-8.21580558e-05,3.37328691e-05,3.3702096e-05,8.88147597e-05
8.64039464e-07,0.000105596657,-3.8320788e-05,1.25899544e-06,-0.00106184743,-0.000103979768,4.25128755e-05,4.24738973e-05,0.000112341986
8.64928097e-07,4.93509178e-05,-1.78408482e-05,6.31736555e-07,-0.000494546373,-4.85979987e-05,1.98000877e-05,1.97818549e-05,5.24805492e-05
8.65817469e-07,0,0,0,0,-0,-0,-0,0
8.66708149e-07,0,0,0,0,-0,-0,-0,0
8.67642143e-07,0,0,0,0,-0,-0,-0,0
8.68533505e-07,0,0,0,0,-0,-0,-0,0
8.69423843e-07,0,0,0,0,-0,-0,-0,0
8.70312874e-07,0,0,0,0,-0,-0,-0,0
8.71201962e-07,0,0,0,0,-0,-0,-0,0
8.72135217e-07,0,0,0,0,-0,-0,-0,0
8.73026863e-07,0,0,0,0,-0,-0,-0,0
8.73917998e-07,0,0,0,0,-0,-0,-0,0
8.74807938e-07,0,0,0,0,-0,-0,-0,0
8.75738976e-07,0,0,0,0,-0,-0,-0,0
8.76627837e-07,0,0,0,0,-0,-0,-0,0
8.77517891e-07,0,0,0,0,-0,-0,-0,0
8.78408741e-07,0,0,0,0,-0,-0,-0,0
8.79342167e-07,0,0,0,0,-0,-0,-0,0
8.80232108e-07,0,0,0,0,-0,-0,-0,0
8.81121139e-07,0,0,0,0,-0,-0,-0,0
8.82010568e-07,0,0,0,0,-0,-0,-0,0
8.82900906e-07,0,0,0,0,-0,-0,-0,0
8.83834389e-07,0,0,0,0,-0,-0,-0,0
8.84725125e-07,0,0,0,0,-0,-0,-0,0
8.8561552e-07,0,0,0,0,-0,-0,-0,0
8.86505177e-07,0,0,0,0,-0,-0,-0,0
8.87436556e-07,0,0,0,0,-0,-0,-0,0
8.88326497e-07,0,0,0,0,-0,-0,-0,0
8.89217517e-07,1.34100228e-05,-4.93277048e-06,3.36629462e-08,-0.000136491813,-1.3202038e-05,5.46508267e-06,5.45967254e-06,1.42885293e-05
8.90108879e-07,3.27681264e-05,-1.20357154e-05,9.91113183e-08,-0.00033308097,-3.22606152e-05,1.33364636e-05,1.33232388e-05,3.49087149e-05
8.91042021e-07,5.32342128e-05,-1.95025314e-05,2.34006592e-07,-0.000539855624,-5.24117379e-05,2.16157321e-05,2.1594225e-05,5.66946638e-05
8.91931677e-07,7.79189868e-05,-2.84838079e-05,5.94781739e-07,-0.000788636447,-7.67176114e-05,3.15769523e-05,3.15454579e-05,8.29641464e-05
8.92820424e-07,0.000102588237,-3.75579002e-05,6.72119484e-07,-0.00103972072,-0.000101004262,4.16302932e-05,4.15888289e-05,0.000109249229
8.93709512e-07,0.000104769475,-3.80275051e-05,1.05268077e-06,-0.00105360837,-0.000103164976,4.21867487e-05,4.21443349e-05,0.00011146229
8.94600362e-07,0.000102740974,-3.69968657e-05,1.55801297e-06,-0.00102585391,-0.000101179313,4.10758153e-05,4.10341565e-05,0.000109210363
8.95534356e-07,0,0,0,0,-0,-0,-0,0
8.96424808e-07,0,0,0,0,-0,-0,-0,0
8.97313839e-07,0,0,0,0,-0,-0,-0,0
8.98202302e-07,0,0,0,0,-0,-0,-0,0
8.99134534e-07,0,0,0,0,-0,-0,-0,0
9.00026293e-07,0,0,0,0,-0,-0,-0,0
9.0091828e-07,0,0,0,0,-0,-0,-0,0
9.01809017e-07,0,0,0,0,-0,-0,-0,0
9.02740567e-07,0,0,0,0,-0,-0,-0,0
9.03629655e-07,0,0,0,0,-0,-0,-0,0
9.04519823e-07,0,0,0,0,-0,-0,-0,0
9.05411014e-07,0,0,0,0,-0,-0,-0,0
9.06302148e-07,0,0,0,0,-0,-0,-0,0
9.07234664e-07,0,0,0,0,-0,-0,-0,0
9.0812398e-07,0,0,0,0,-0,-0,-0,0
9.09013636e-07,0,0,0,0,-0,-0,-0,0
9.09904031e-07,0,0,0,0,-0,-0,-0,0
9.10837514e-07,0,0,0,0,-0,-0,-0,0
9.11728478e-07,0,0,0,0,-0,-0,-0,0
9.12618759e-07,0,0,0,0,-0,-0,-0,0
9.13508245e-07,0,0,0,0,-0,-0,-0,0
9.14439966e-07,0,0,0,0,-0,-0,-0,0
9.15329849e-07,0,0,0,0,-0,-0,-0,0
9.16219847e-07,0,0,0,0,-0,-0,-0,0
9.17110242e-07,0,0,0,0,-0,-0,-0,0
9.1800058e-07,0,0,0,0,-0,-0,-0,0
9.18932869e-07,0,0,0,0,-0,-0,-0,0
9.1982281e-07,0,0,0,0,-0,-0,-0,0
9.20712978e-07,0,0,0,0,-0,-0,-0,0
9.21603259e-07,0,0,0,0,-0,-0,-0,0
9.22536344e-07,0,0,0,0,-0,-0,-0,0
9.23426796e-07,0,0,0,0,-0,-0,-0,0
9.24316339e-07,0,0,0,0,-0,-0,-0,0
9.25205313e-07,0,0,0,0,-0,-0,-0,0
9.26136863e-07,0,0,0,0,-0,-0,-0,0
9.27026974e-07,0,0,0,0,-0,-0,-0,0
9.27918052e-07,0,0,0,0,-0,-0,-0,0
9.28808845e-07,1.90867577e-05,-7.02698071e-06,-5.15862517e-08,-0.000194400622,-1.8790486e-05,7.78462661e-06,7.77602487e-06,2.03392585e-05
9.29740963e-07,3.42940584e-05,-1.2598096e-05,1.20384641e-07,-0.000348598784,-3.37628374e-05,1.39594154e-05,1.39439513e-05,3.65350374e-05
9.30630449e-07,1.91562503e-05,-7.03334263e-06,1.92999664e-07,-0.000194628083,-1.88596687e-05,7.7937624e-06,7.78512331e-06,2.04075252e-05
9.3152056e-07,0,0,0,0,-0,-0,-0,0
9.32411069e-07,0,0,0,0,-0,-0,-0,0
9.33301578e-07,0,0,0,0,-0,-0,-0,0
9.34233867e-07,0,0,0,0,-0,-0,-0,0
9.35123467e-07,0,0,0,0,-0,-0,-0,0
9.36013123e-07,0,0,0,0,-0,-0,-0,0
9.36903405e-07,0,0,0,0,-0,-0,-0,0
9.37836717e-07,0,0,0,0,-0,-0,-0,0
9.38727339e-07,0,0,0,0,-0,-0,-0,0
9.39617621e-07,0,0,0,0,-0,-0,-0,0
9.40507846e-07,0,0,0,0,-0,-0,-0,0
9.41441044e-07,0,0,0,0,-0,-0,-0,0
9.42332065e-07,0,0,0,0,-0,-0,-0,0
9.43222517e-07,0,0,0,0,-0,-0,-0,0
9.44112116e-07,0,0,0,0,-0,-0,-0,0
9.45001887e-07,0,0,0,0,-0,-0,-0,0
9.45934346e-07,0,0,0,0,-0,-0,-0,0
9.46824457e-07,0,0,0,0,-0,-0,-0,0
9.47714568e-07,0,0,0,0,-0,-0,-0,0
9.48604566e-07,1.33272706e-05,-4.90591856e-06,9.3927266e-09,-0.000135715512,-1.31204258e-05,5.43494303e-06,5.4286205e-06,1.42015586e-05
9.49536798e-07,3.40445986e-05,-1.24882417e-05,1.47565856e-07,-0.000345587789,-3.35179701e-05,1.38396733e-05,1.38235115e-05,3.62631031e-05
9.50426625e-07,4.82717915e-05,-1.76689828e-05,3.72236798e-07,-0.000489056751,-4.75266083e-05,1.95852063e-05,1.956227e-05,5.1405227e-05
9.51317247e-07,0,0,0,0,-0,-0,-0,0
9.5220804e-07,0,0,0,0,-0,-0,-0,0
9.53140727e-07,0,0,0,0,-0,-0,-0,0
9.54030838e-07,0,0,0,0,-0,-0,-0,0
9.54920893e-07,0,0,0,0,-0,-0,-0,0
9.55810492e-07,0,0,0,0,-0,-0,-0,0
9.56700319e-07,0,0,0,0,-0,-0,-0,0
9.57632778e-07,0,0,0,0,-0,-0,-0,0
9.58522833e-07,0,0,0,0,-0,-0,-0,0
9.59412773e-07,0,0,0,0,-0,-0,-0,0
9.60302373e-07,0,0,0,0,-0,-0,-0,0
9.61234264e-07,0,0,0,0,-0,-0,-0,0
9.62123977e-07,0,0,0,0,-0,-0,-0,0
9.63014031e-07,0,0,0,0,-0,-0,-0,0
9.63904313e-07,0,0,0,0,-0,-0,-0,0
9.64836772e-07,0,0,0,0,-0,-0,-0,0
9.65726599e-07,0,0,0,0,-0,-0,-0,0
9.66616426e-07,0,0,0,0,-0,-0,-0,0
9.67506594e-07,0,0,0,0,-0,-0,-0,0
9.68439508e-07,0,0,0,0,-0,-0,-0,0
9.69330131e-07,0,0,0,0,-0,-0,-0,0
9.70220526e-07,0,0,0,0,-0,-0,-0,0
9.71111035e-07,0,0,0,0,-0,-0,-0,0
9.72001544e-07,0,0,0,0,-0,-0,-0,0
9.72934345e-07,0,0,0,0,-0,-0,-0,0
9.73824399e-07,0,0,0,0,-0,-0,-0,0
9.74714567e-07,0,0,0,0,-0,-0,-0,0
9.75604962e-07,0,0,0,0,-0,-0,-0,0
9.7653799e-07,0,0,0,0,-0,-0,-0,0
9.77427703e-07,0,0,0,0,-0,-0,-0,0
9.78317189e-07,3.05231988e-05,-1.12529142e-05,8.81139695e-09,-0.000311223848,-3.0048787e-05,1.24645155e-05,1.24489539e-05,3.25314282e-05
9.79207243e-07,4.30994369e-05,-1.58220555e-05,2.64074487e-07,-0.000437773124,-4.24322485e-05,1.75329173e-05,1.7510925e-05,4.59126196e-05
9.80140612e-07,6.51312948e-05,-2.3871773e-05,3.62582824e-07,-0.000660599617,-6.41245804e-05,2.64572353e-05,2.64239847e-05,6.93691472e-05
9.81031803e-07,8.65224574e-05,-3.16555379e-05,6.73407612e-07,-0.000876150269,-8.51873648e-05,3.50901923e-05,3.50460107e-05,9.21339362e-05
9.81922312e-07,8.39631612e-05,-3.0700241e-05,8.61777039e-07,-0.000849760952,-8.26683174e-05,3.4033315e-05,3.39904381e-05,8.94039143e-05
9.82812139e-07,4.15945215e-05,-1.52337634e-05,2.59539235e-07,-0.000421591947,-4.09520622e-05,1.68849152e-05,1.68636779e-05,4.42971684e-05
9.83701852e-07,0,0,0,0,-0,-0,-0,0
9.84634312e-07,0,0,0,0,-0,-0,-0,0
9.85524707e-07,0,0,0,0,-0,-0,-0,0
9.86414761e-07,0,0,0,0,-0,-0,-0,0
9.87304247e-07,0,0,0,0,-0,-0,-0,0
9.88235797e-07,0,0,0,0,-0,-0,-0,0
9.89125397e-07,0,0,0,0,-0,-0,-0,0
9.90015451e-07,0,0,0,0,-0,-0,-0,0
9.90905733e-07,0,0,0,0,-0,-0,-0,0
9.91838192e-07,0,0,0,0,-0,-0,-0,0
9.92727905e-07,0,0,0,0,-0,-0,-0,0
9.93617277e-07,0,0,0,0,-0,-0,-0,0
9.94507445e-07,0,0,0,0,-0,-0,-0,0
9.95440246e-07,0,0,0,0,-0,-0,-0,0
9.963303e-07,0,0,0,0,-0,-0,-0,0
9.97220241e-07,0,0,0,0,-0,-0,-0,0
9.9810984e-07,2.53201561e-05,-9.34383479e-06,-3.79732912e-09,-0.000258384796,-2.49262489e-05,1.03488969e-05,1.03353919e-05,2.6989212e-05
9.99041845e-07,3.74673909e-05,-1.37518609e-05,1.08177282e-07,-0.000380478828,-3.68874933e-05,1.52391569e-05,1.52191531e-05,3.99115367e-05
9.99931785e-07,4.97490655e-05,-1.82034601e-05,2.33844148e-07,-0.000503793883,-4.89813273e-05,2.01783312e-05,2.01517553e-05,5.29753731e-05
1.00082195e-06,0,0,0,0,-0,-0,-0,0
1.00171201e-06,0,0,0,0,-0,-0,-0,0
1.00260206e-06,0,0,0,0,-0,-0,-0,0
1.00353475e-06,0,0,0,0,-0,-0,-0,0
1.00442537e-06,0,0,0,0,-0,-0,-0,0
1.00531622e-06,0,0,0,0,-0,-0,-0,0
1.00620662e-06,0,0,0,0,-0,-0,-0,0
1.00713919e-06,0,0,0,0,-0,-0,-0,0
1.00802959e-06,0,0,0,0,-0,-0,-0,0
1.00891998e-06,0,0,0,0,-0,-0,-0,0
1.00981015e-06,0,0,0,0,-0,-0,-0,0
1.0107002e-06,0,0,0,0,-0,-0,-0,0
1.01163266e-06,0,0,0,0,-0,-0,-0,0
1.01252249e-06,0,0,0,0,-0,-0,-0,0
1.01341266e-06,0,0,0,0,-0,-0,-0,0
1.01430339e-06,2.36786627e-06,-1.97131885e-06,-6.53402685e-06,-5.15857355e-05,-2.2871405e-06,2.0644314e-06,2.06342942e-06,7.2240152e-06
1.01523653e-06,0,0,0,0,-0,-0,-0,0
1.01612659e-06,0,0,0,0,-0,-0,-0,0
1.01701607e-06,1.46264338e-05,-5.38554423e-06,-3.36686981e-08,-0.000148949694,-1.43993699e-05,5.96613771e-06,5.95798774e-06,1.55864616e-05
1.01790567e-06,3.04713594e-05,-1.12201524e-05,4.47533317e-08,-0.000310318108,-2.99982992e-05,1.24297068e-05,1.24127243e-05,3.24714885e-05
1.01883813e-06,4.57534843e-05,-1.67992839e-05,3.47313204e-07,-0.000464749552,-4.50450942e-05,1.86154977e-05,1.85899821e-05,4.87413366e-05
1.01972807e-06,1.62823253e-05,-6.04926117e-06,1.10271664e-07,-0.000167161837,-1.60273953e-05,6.69554176e-06,6.6864735e-06,1.73700846e-05
1.02061801e-06,0,0,0,0,-0,-0,-0,0
1.0215075e-06,0,0,0,0,-0,-0,-0,0
1.02243894e-06,0,0,0,0,-0,-0,-0,0
1.02332888e-06,0,0,0,0,-0,-0,-0,0
1.0242195e-06,0,0,0,0,-0,-0,-0,0
1.02511024e-06,0,0,0,0,-0,-0,-0,0
1.02604224e-06,0,0,0,0,-0,-0,-0,0
1.0269315e-06,0,0,0,0,-0,-0,-0,0
1.02782155e-06,0,0,0,0,-0,-0,-0,0
1.02871229e-06,0,0,0,0,-0,-0,-0,0
1.02960246e-06,0,0,0,0,-0,-0,-0,0
1.03053446e-06,0,0,0,0,-0,-0,-0,0
1.03142429e-06,0,0,0,0,-0,-0,-0,0
1.03231469e-06,0,0,0,0,-0,-0,-0,0
1.03320531e-06,0,0,0,0,-0,-0,-0,0
1.03413811e-06,0,0,0,0,-0,-0,-0,0
1.03502794e-06,0,0,0,0,-0,-0,-0,0
1.03591776e-06,0,0,0,0,-0,-0,-0,0
1.03680782e-06,0,0,0,0,-0,-0,-0,0
1.03774039e-06,0,0,0,0,-0,-0,-0,0
1.03863056e-06,0,0,0,0,-0,-0,-0,0
1.0395205e-06,0,0,0,0,-0,-0,-0,0
1.04040998e-06,0,0,0,0,-0,-0,-0,0
1.04134187e-06,0,0,0,0,-0,-0,-0,0
1.04223216e-06,0,0,0,0,-0,-0,-0,0
1.04312289e-06,0,0,0,0,-0,-0,-0,0
1.04401352e-06,0,0,0,0,-0,-0,-0,0
1.04490391e-06,0,0,0,0,-0,-0,-0,0
1.0458366e-06,0,0,0,0,-0,-0,-0,0
1.04672677e-06,2.35269522e-06,-7.88073237e-07,-7.08419057e-09,-2.2002956e-05,-2.31929879e-06,8.81525578e-07,8.80118241e-07,2.48118609e-06
1.04761727e-06,3.67044959e-05,-1.34978854e-05,1.93358701e-07,-0.000373327901,-3.61353647e-05,1.49548769e-05,1.4933116e-05,3.91081873e-05
1.04850835e-06,5.38477907e-05,-1.9760957e-05,2.21699409e-07,-0.000546663534,-5.30144907e-05,2.18984876e-05,2.18665414e-05,5.73596473e-05
1.04944115e-06,6.99292505e-05,-2.56663534e-05,3.6856099e-07,-0.000710018852,-6.88469341e-05,2.84422472e-05,2.84007541e-05,7.44915942e-05
1.05033098e-06,7.62832569e-05,-2.78273546e-05,5.81135168e-07,-0.000770257902,-7.51094411e-05,3.08556124e-05,3.08103161e-05,8.12024302e-05
1.05122058e-06,0,0,0,0,-0,-0,-0,0
1.05211006e-06,0,0,0,0,-0,-0,-0,0
1.05300012e-06,0,0,0,0,-0,-0,-0,0
1.05393258e-06,0,0,0,0,-0,-0,-0,0
1.05482206e-06,0,0,0,0,-0,-0,-0,0
1.05571098e-06,0,0,0,0,-0,-0,-0,0
1.05664219e-06,0,0,0,0,-0,-0,-0,0
1.0575319e-06,0,0,0,0,-0,-0,-0,0
1.05842219e-06,0,0,0,0,-0,-0,-0,0
1.05931258e-06,0,0,0,0,-0,-0,-0,0
1.06020275e-06,0,0,0,0,-0,-0,-0,0
1.06113487e-06,0,0,0,0,-0,-0,-0,0
1.06202481e-06,0,0,0,0,-0,-0,-0,0
1.06291543e-06,0,0,0,0,-0,-0,-0,0
1.06380571e-06,0,0,0,0,-0,-0,-0,0
1.06473794e-06,0,0,0,0,-0,-0,-0,0
1.06562766e-06,0,0,0,0,-0,-0,-0,0
1.06651748e-06,0,0,0,0,-0,-0,-0,0
1.06740742e-06,0,0,0,0,-0,-0,-0,0
1.06833988e-06,0,0,0,0,-0,-0,-0,0
1.06923005e-06,0,0,0,0,-0,-0,-0,0
1.07011999e-06,0,0,0,0,-0,-0,-0,0
1.07101005e-06,0,0,0,0,-0,-0,-0,0
1.07190044e-06,0,0,0,0,-0,-0,-0,0
1.07283347e-06,0,0,0,0,-0,-0,-0,0
1.07372352e-06,0,0,0,0,-0,-0,-0,0
1.07461335e-06,0,0,0,0,-0,-0,-0,0
1.07550329e-06,0,0,0,0,-0,-0,-0,0
1.07643541e-06,0,0,0,0,-0,-0,-0,0
1.07732535e-06,0,0,0,0,-0,-0,-0,0
1.0782154e-06,0,0,0,0,-0,-0,-0,0
1.07910569e-06,3.01677551e-06,-3.19115173e-07,-5.93476823e-09,-1.09627672e-05,-3.00160121e-06,4.39498759e-07,4.38510688e-07,3.0336124e-06
1.0800386e-06,0,0,0,0,-0,-0,-0,0
1.08092911e-06,0,0,0,0,-0,-0,-0,0
1.08181939e-06,0,0,0,0,-0,-0,-0,0
1.08270933e-06,0,0,0,0,-0,-0,-0,0
1.08364213e-06,0,0,0,0,-0,-0,-0,0
1.08453264e-06,0,0,0,0,-0,-0,-0,0
1.0854227e-06,0,0,0,0,-0,-0,-0,0
1.0863123e-06,1.48085928e-05,-5.4531688e-06,-2.91082749e-08,-0.000150787877,-1.45786789e-05,6.04099261e-06,6.03151508e-06,1.57807579e-05
1.08720212e-06,3.89374291e-05,-1.43368907e-05,5.93173795e-08,-0.000396439485,-3.83329606e-05,1.58825046e-05,1.58575794e-05,4.14930516e-05
1.08813458e-06,5.50469085e-05,-2.0220943e-05,2.65662834e-07,-0.000559269974,-5.41942548e-05,2.24060577e-05,2.2370799e-05,5.86440044e-05
1.08902464e-06,2.89747368e-05,-1.06687376e-05,2.65407749e-07,-0.000295008242,-2.85249244e-05,1.18188841e-05,1.18003297e-05,3.08776258e-05
1.08991469e-06,0,0,0,0,-0,-0,-0,0
1.09080452e-06,0,0,0,0,-0,-0,-0,0
1.09173641e-06,0,0,0,0,-0,-0,-0,0
1.09262635e-06,0,0,0,0,-0,-0,-0,0
1.09351663e-06,0,0,0,0,-0,-0,-0,0
1.09440646e-06,0,0,0,0,-0,-0,-0,0
1.09533801e-06,0,0,0,0,-0,-0,-0,0
1.09622704e-06,0,0,0,0,-0,-0,-0,0
1.09711641e-06,0,0,0,0,-0,-0,-0,0
1.09800658e-06,0,0,0,0,-0,-0,-0,0
1.09893938e-06,0,0,0,0,-0,-0,-0,0
1.09982943e-06,0,0,0,0,-0,-0,-0,0
1.10071926e-06,0,0,0,0,-0,-0,-0,0
1.10160909e-06,0,0,0,0,-0,-0,-0,0
1.10254189e-06,0,0,0,0,-0,-0,-0,0
1.10343285e-06,0,0,0,0,-0,-0,-0,0
1.10432325e-06,0,0,0,0,-0,-0,-0,0
1.10521319e-06,0,0,0,0,-0,-0,-0,0
1.10610301e-06,0,0,0,0,-0,-0,-0,0
1.10703547e-06,0,0,0,0,-0,-0,-0,0
1.10792575e-06,0,0,0,0,-0,-0,-0,0
1.10881604e-06,0,0,0,0,-0,-0,-0,0
1.10970586e-06,0,0,0,0,-0,-0,-0,0
1.11063775e-06,0,0,0,0,-0,-0,-0,0
1.11152758e-06,0,0,0,0,-0,-0,-0,0
1.11241786e-06,0,0,0,0,-0,-0,-0,0
1.11330814e-06,0,0,0,0,-0,-0,-0,0
1.11424026e-06,0,0,0,0,-0,-0,-0,0
1.1151302e-06,0,0,0,0,-0,-0,-0,0
1.11602026e-06,1.7176093e-05,-6.32476895e-06,-4.89094596e-08,-0.000174874207,-1.69094307e-05,7.00657033e-06,6.99496828e-06,1.83036408e-05
1.11691031e-06,4.60001866e-05,-1.53526944e-05,4.92362773e-08,-0.000428854895,-4.53494473e-05,1.71799307e-05,1.71541958e-05,4.84945854e-05
1.11780071e-06,5.65091286e-05,-2.07432895e-05,1.08171974e-07,-0.000573706464,-5.5634417e-05,2.29864595e-05,2.29482586e-05,6.01961575e-05
1.11870497e-06,7.85572411e-05,-2.87752082e-05,3.24428157e-07,-0.000796013104,-7.73437022e-05,3.18936429e-05,3.18405242e-05,8.36621658e-05
1.11963743e-06,3.26794943e-05,-1.19973347e-05,3.02185384e-07,-0.000331811956,-3.21735888e-05,1.32945693e-05,1.32724782e-05,3.48134558e-05
1.12052749e-06,0,0,0,0,-0,-0,-0,0
1.12141777e-06,0,0,0,0,-0,-0,-0,0
1.12230771e-06,0,0,0,0,-0,-0,-0,0
1.12323983e-06,0,0,0,0,-0,-0,-0,0
1.12412954e-06,0,0,0,0,-0,-0,-0,0
1.12501948e-06,0,0,0,0,-0,-0,-0,0
1.12590897e-06,0,0,0,0,-0,-0,-0,0
1.12684074e-06,0,0,0,0,-0,-0,-0,0
1.12773046e-06,0,0,0,0,-0,-0,-0,0
1.1286204e-06,1.42806321e-05,-2.25849976e-06,9.04039936e-08,-7.08474909e-05,-1.41788932e-05,2.82776617e-06,2.83389963e-06,1.4458404e-05
1.12951045e-06,0,0,0,0,-0,-0,-0,0
1.13040039e-06,0,0,0,0,-0,-0,-0,0
1.13133262e-06,0,0,0,0,-0,-0,-0,0
1.13222256e-06,0,0,0,0,-0,-0,-0,0
1.13311273e-06,0,0,0,0,-0,-0,-0,0
1.13400301e-06,0,0,0,0,-0,-0,-0,0
1.13493547e-06,0,0,0,0,-0,-0,-0,0
1.13582541e-06,0,0,0,0,-0,-0,-0,0
1.13671547e-06,0,0,0,0,-0,-0,-0,0
1.13760564e-06,0,0,0,0,-0,-0,-0,0
1.13853855e-06,0,0,0,0,-0,-0,-0,0
1.1394286e-06,0,0,0,0,-0,-0,-0,0
1.14031832e-06,0,0,0,0,-0,-0,-0,0
1.14120814e-06,0,0,0,0,-0,-0,-0,0
1.14214072e-06,0,0,0,0,-0,-0,-0,0
1.143031e-06,0,0,0,0,-0,-0,-0,0
1.14392117e-06,0,0,0,0,-0,-0,-0,0
1.14481088e-06,0,0,0,0,-0,-0,-0,0
1.14570025e-06,2.24730666e-05,-8.30576937e-06,5.50688872e-09,-0.000229545883,-2.21229483e-05,9.19780861e-06,9.18183534e-06,2.39588096e-05
1.14663248e-06,2.80875029e-05,-1.0337797e-05,-3.013756e-08,-0.000285818853,-2.76516342e-05,1.14527284e-05,1.14327541e-05,2.99295635e-05
1.14752311e-06,2.00079412e-05,-7.35277854e-06,1.54100391e-07,-0.000203319287,-1.96979043e-05,8.14700135e-06,8.13277147e-06,2.1316773e-05
1.1484135e-06,7.2636675e-07,-2.76164315e-07,1.36910971e-08,-7.61188721e-06,-7.14742107e-07,3.04990335e-07,3.04475489e-07,7.7721479e-07
1.14930344e-06,0,0,0,0,-0,-0,-0,0
1.15023568e-06,0,0,0,0,-0,-0,-0,0
1.15112562e-06,0,0,0,0,-0,-0,-0,0
1.1520159e-06,0,0,0,0,-0,-0,-0,0
1.15290584e-06,0,0,0,0,-0,-0,-0,0
1.15383796e-06,0,0,0,0,-0,-0,-0,0
1.1547279e-06,0,0,0,0,-0,-0,-0,0
1.15561772e-06,0,0,0,0,-0,-0,-0,0
1.15650744e-06,0,0,0,0,-0,-0,-0,0
1.15743978e-06,0,0,0,0,-0,-0,-0,0
1.15832984e-06,0,0,0,0,-0,-0,-0,0
1.15921989e-06,0,0,0,0,-0,-0,-0,0
1.16010983e-06,0,0,0,0,-0,-0,-0,0
1.16104195e-06,0,0,0,0,-0,-0,-0,0
1.16193178e-06,0,0,0,0,-0,-0,-0,0
1.16282183e-06,0,0,0,0,-0,-0,-0,0
1.16371189e-06,0,0,0,0,-0,-0,-0,0
1.16460194e-06,0,0,0,0,-0,-0,-0,0
1.16553417e-06,2.78089101e-05,-1.02512313e-05,4.28368594e-08,-0.000283366477,-2.7376726e-05,1.13550912e-05,1.13346591e-05,2.96382364e-05
1.16642411e-06,3.46389024e-05,-1.27434687e-05,1.11046944e-07,-0.000352325093,-3.41015922e-05,1.41184619e-05,1.40930037e-05,3.69088321e-05
1.16731417e-06,1.28098663e-05,-4.71309295e-06,1.41378621e-07,-0.000130304164,-1.26111464e-05,5.221581e-06,5.21216658e-06,1.36501249e-05
1.16820434e-06,0,0,0,0,-0,-0,-0,0
1.16913657e-06,0,0,0,0,-0,-0,-0,0
1.17002639e-06,0,0,0,0,-0,-0,-0,0
1.17091622e-06,0,0,0,0,-0,-0,-0,0
1.17180616e-06,0,0,0,0,-0,-0,-0,0
1.17273839e-06,0,0,0,0,-0,-0,-0,0
1.17362811e-06,0,0,0,0,-0,-0,-0,0
1.17451782e-06,0,0,0,0,-0,-0,-0,0
1.17540776e-06,0,0,0,0,-0,-0,-0,0
1.17633988e-06,0,0,0,0,-0,-0,-0,0
1.17722982e-06,0,0,0,0,-0,-0,-0,0
1.1781201e-06,0,0,0,0,-0,-0,-0,0
1.1790105e-06,0,0,0,0,-0,-0,-0,0
1.17990078e-06,0,0,0,0,-0,-0,-0,0
1.18083346e-06,0,0,0,0,-0,-0,-0,0
1.18172352e-06,0,0,0,0,-0,-0,-0,0
1.18261346e-06,0,0,0,0,-0,-0,-0,0
1.18350374e-06,0,0,0,0,-0,-0,-0,0
1.18443654e-06,0,0,0,0,-0,-0,-0,0
1.18532648e-06,0,0,0,0,-0,-0,-0,0
1.18621608e-06,0,0,0,0,-0,-0,-0,0
1.18710602e-06,0,0,0,0,-0,-0,-0,0
1.18803825e-06,0,0,0,0,-0,-0,-0,0
1.18892831e-06,0,0,0,0,-0,-0,-0,0
1.18981825e-06,0,0,0,0,-0,-0,-0,0
1.19070774e-06,0,0,0,0,-0,-0,-0,0
1.19163974e-06,0,0,0,0,-0,-0,-0,0
1.19252979e-06,0,0,0,0,-0,-0,-0,0
1.19341985e-06,0,0,0,0,-0,-0,-0,0
1.19430979e-06,0,0,0,0,-0,-0,-0,0
1.19524168e-06,0,0,0,0,-0,-0,-0,0
1.19613117e-06,0,0,0,0,-0,-0,-0,0
1.19702065e-06,0,0,0,0,-0,-0,-0,0
1.19791059e-06,0,0,0,0,-0,-0,-0,0
1.19880065e-06,0,0,0,0,-0,-0,-0,0
1.19973311e-06,0,0,0,0,-0,-0,-0,0
1.20062327e-06,0,0,0,0,-0,-0,-0,0
1.20151344e-06,1.08282638e-05,-1.71647241e-06,-1.7356173e-07,-5.35988111e-05,-1.07509618e-05,2.14811448e-06,2.14395244e-06,1.09648392e-05
1.20240361e-06,0,0,0,0,-0,-0,-0,0
1.20333596e-06,0,0,0,0,-0,-0,-0,0
1.20422578e-06,0,0,0,0,-0,-0,-0,0
1.20511572e-06,0,0,0,0,-0,-0,-0,0
1.20600566e-06,0,0,0,0,-0,-0,-0,0
1.20693801e-06,0,0,0,0,-0,-0,-0,0
1.20782806e-06,0,0,0,0,-0,-0,-0,0
1.20871823e-06,0,0,0,0,-0,-0,-0,0
1.2096084e-06,0,0,0,0,-0,-0,-0,0
1.21054074e-06,0,0,0,0,-0,-0,-0,0
1.21143091e-06,0,0,0,0,-0,-0,-0,0
1.21232119e-06,0,0,0,0,-0,-0,-0,0
1.21321102e-06,0,0,0,0,-0,-0,-0,0
1.21410051e-06,0,0,0,0,-0,-0,-0,0
1.2150324e-06,0,0,0,0,-0,-0,-0,0
1.21592245e-06,1.08742461e-05,-1.31583165e-05,1.24269275e-06,-0.000339362479,-1.03393555e-05,1.35826451e-05,1.35744992e-05,1.71153383e-05
1.21681273e-06,0,0,0,0,-0,-0,-0,0
1.21770313e-06,0,0,0,0,-0,-0,-0,0
1.21863536e-06,0,0,0,0,-0,-0,-0,0
1.21952507e-06,3.36022567e-05,-5.33273032e-06,1.7864231e-07,-0.00016667103,-3.33621262e-05,6.67219658e-06,6.66684122e-06,3.40232506e-05
1.22041524e-06,0,0,0,0,-0,-0,-0,0
1.22130518e-06,0,0,0,0,-0,-0,-0,0
1.2222373e-06,0,0,0,0,-0,-0,-0,0
1.22312736e-06,0,0,0,0,-0,-0,-0,0
1.2240173e-06,0,0,0,0,-0,-0,-0,0
1.22490701e-06,0,0,0,0,-0,-0,-0,0
1.22583901e-06,0,0,0,0,-0,-0,-0,0
1.22672873e-06,0,0,0,0,-0,-0,-0,0
1.22761855e-06,0,0,0,0,-0,-0,-0,0
1.22850872e-06,0,0,0,0,-0,-0,-0,0
1.2294413e-06,0,0,0,0,-0,-0,-0,0
1.23033124e-06,0,0,0,0,-0,-0,-0,0
1.23122129e-06,0,0,0,0,-0,-0,-0,0
1.23211123e-06,0,0,0,0,-0,-0,-0,0
1.23300117e-06,0,0,0,0,-0,-0,-0,0
1.23393363e-06,0,0,0,0,-0,-0,-0,0
1.23482357e-06,0,0,0,0,-0,-0,-0,0
1.23571317e-06,0,0,0,0,-0,-0,-0,0
1.23660266e-06,0,0,0,0,-0,-0,-0,0
1.23753489e-06,0,0,0,0,-0,-0,-0,0
1.23842472e-06,0,0,0,0,-0,-0,-0,0
1.23931454e-06,0,0,0,0,-0,-0,-0,0
1.24020426e-06,0,0,0,0,-0,-0,-0,0
1.24113637e-06,0,0,0,0,-0,-0,-0,0
1.2420262e-06,0,0,0,0,-0,-0,-0,0
1.24291614e-06,0,0,0,0,-0,-0,-0,0
1.24380597e-06,0,0,0,0,-0,-0,-0,0
1.24473809e-06,0,0,0,0,-0,-0,-0,0
1.24562814e-06,0,0,0,0,-0,-0,-0,0
1.24651842e-06,0,0,0,0,-0,-0,-0,0
1.24740859e-06,0,0,0,0,-0,-0,-0,0
1.24834128e-06,0,0,0,0,-0,-0,-0,0
1.24923145e-06,0,0,0,0,-0,-0,-0,0
1.25012161e-06,0,0,0,0,-0,-0,-0,0
1.25101189e-06,0,0,0,0,-0,-0,-0,0
1.25190229e-06,0,0,0,0,-0,-0,-0,0
1.25283464e-06,0,0,0,0,-0,-0,-0,0
1.25372424e-06,0,0,0,0,-0,-0,-0,0
1.25461384e-06,0,0,0,0,-0,-0,-0,0
1.25550343e-06,3.29227828e-06,-1.15570344e-06,5.58824595e-08,-3.2089767e-05,-3.243429e-06,1.28643502e-06,1.28359068e-06,3.48968044e-06
1.25643567e-06,0,0,0,0,-0,-0,-0,0
1.25732538e-06,0,0,0,0,-0,-0,-0,0
1.25821509e-06,0,0,0,0,-0,-0,-0,0
1.25910492e-06,0,0,0,0,-0,-0,-0,0
1.26003727e-06,0,0,0,0,-0,-0,-0,0
1.26092721e-06,0,0,0,0,-0,-0,-0,0
1.26181726e-06,0,0,0,0,-0,-0,-0,0
1.26270731e-06,0,0,0,0,-0,-0,-0,0
1.26363955e-06,0,0,0,0,-0,-0,-0,0
1.26452937e-06,0,0,0,0,-0,-0,-0,0
1.26541954e-06,0,0,0,0,-0,-0,-0,0
1.26630948e-06,0,0,0,0,-0,-0,-0,0
1.26724171e-06,0,0,0,0,-0,-0,-0,0
1.26813188e-06,1.24632129e-06,-4.78487664e-07,1.15669021e-08,-1.31712259e-05,-1.22618996e-06,5.27944483e-07,5.26849035e-07,1.33506591e-06
1.26902205e-06,0,0,0,0,-0,-0,-0,0
1.2699121e-06,0,0,0,0,-0,-0,-0,0
1.27080193e-06,0,0,0,0,-0,-0,-0,0
1.27173394e-06,0,0,0,0,-0,-0,-0,0
1.27262354e-06,0,0,0,0,-0,-0,-0,0
1.27351336e-06,0,0,0,0,-0,-0,-0,0
1.27440319e-06,0,0,0,0,-0,-0,-0,0
1.27533485e-06,0,0,0,0,-0,-0,-0,0
1.276224e-06,0,0,0,0,-0,-0,-0,0
1.27711337e-06,0,0,0,0,-0,-0,-0,0
1.2780032e-06,0,0,0,0,-0,-0,-0,0
1.27893577e-06,0,0,0,0,-0,-0,-0,0
1.27982594e-06,0,0,0,0,-0,-0,-0,0
1.28071611e-06,0,0,0,0,-0,-0,-0,0
1.28160627e-06,0,0,0,0,-0,-0,-0,0
1.28253896e-06,0,0,0,0,-0,-0,-0,0
1.28342913e-06,0,0,0,0,-0,-0,-0,0
1.2843193e-06,0,0,0,0,-0,-0,-0,0
1.28520946e-06,0,0,0,0,-0,-0,-0,0
1.28614192e-06,0,0,0,0,-0,-0,-0,0
1.28703186e-06,0,0,0,0,-0,-0,-0,0
1.28792169e-06,0,0,0,0,-0,-0,-0,0
1.28881163e-06,0,0,0,0,-0,-0,-0,0
1.2897018e-06,0,0,0,0,-0,-0,-0,0
1.29063437e-06,0,0,0,0,-0,-0,-0,0
1.29152454e-06,0,0,0,0,-0,-0,-0,0
1.29241425e-06,0,0,0,0,-0,-0,-0,0
1.29330385e-06,2.99291059e-06,-3.97822731e-07,8.545193e-08,-1.29250411e-05,-2.97460792e-06,5.17189017e-07,5.17001645e-07,3.02044348e-06
1.2942362e-06,0,0,0,0,-0,-0,-0,0
1.29512625e-06,0,0,0,0,-0,-0,-0,0
1.29601631e-06,0,0,0,0,-0,-0,-0,0
1.29690613e-06,0,0,0,0,-0,-0,-0,0
1.2978378e-06,0,0,0,0,-0,-0,-0,0
1.29872717e-06,0,0,0,0,-0,-0,-0,0
1.29961677e-06,0,0,0,0,-0,-0,-0,0
1.30050682e-06,0,0,0,0,-0,-0,-0,0
1.30143928e-06,0,0,0,0,-0,-0,-0,0
1.30232945e-06,0,0,0,0,-0,-0,-0,0
1.30321951e-06,0,0,0,0,-0,-0,-0,0
1.30410922e-06,0,0,0,0,-0,-0,-0,0
1.30504134e-06,0,0,0,0,-0,-0,-0,0
1.30593128e-06,0,0,0,0,-0,-0,-0,0
1.30682133e-06,0,0,0,0,-0,-0,-0,0
1.30771105e-06,0,0,0,0,-0,-0,-0,0
1.3086003e-06,0,0,0,0,-0,-0,-0,0
1.30953174e-06,0,0,0,0,-0,-0,-0,0
1.31042145e-06,0,0,0,0,-0,-0,-0,0
1.31131151e-06,0,0,0,0,-0,-0,-0,0
1.31220156e-06,0,0,0,0,-0,-0,-0,0
1.31313413e-06,0,0,0,0,-0,-0,-0,0
1.3140243e-06,0,0,0,0,-0,-0,-0,0
1.31491447e-06,0,0,0,0,-0,-0,-0,0
1.31580464e-06,0,0,0,0,-0,-0,-0,0
1.31673721e-06,0,0,0,0,-0,-0,-0,0
1.31762704e-06,0,0,0,0,-0,-0,-0,0
1.31851687e-06,0,0,0,0,-0,-0,-0,0
1.31940658e-06,0,0,0,0,-0,-0,-0,0
1.32033881e-06,0,0,0,0,-0,-0,-0,0
1.32122852e-06,0,0,0,0,-0,-0,-0,0
1.32211846e-06,0,0,0,0,-0,-0,-0,0
1.32300852e-06,0,0,0,0,-0,-0,-0,0
1.32394109e-06,0,0,0,0,-0,-0,-0,0
1.32483137e-06,0,0,0,0,-0,-0,-0,0
1.32572166e-06,0,0,0,0,-0,-0,-0,0
1.32661171e-06,0,0,0,0,-0,-0,-0,0
1.32750176e-06,0,0,0,0,-0,-0,-0,0
1.32843422e-06,0,0,0,0,-0,-0,-0,0
1.32932416e-06,0,0,0,0,-0,-0,-0,0
1.33021376e-06,0,0,0,0,-0,-0,-0,0
1.33110348e-06,0,0,0,0,-0,-0,-0,0
1.33203548e-06,0,0,0,0,-0,-0,-0,0
1.33292531e-06,0,0,0,0,-0,-0,-0,0
1.33381502e-06,0,0,0,0,-0,-0,-0,0
1.33470439e-06,0,0,0,0,-0,-0,-0,0
1.33563628e-06,0,0,0,0,-0,-0,-0,0
1.33652634e-06,0,0,0,0,-0,-0,-0,0
1.33741639e-06,0,0,0,0,-0,-0,-0,0
1.33830622e-06,0,0,0,0,-0,-0,-0,0
1.33923834e-06,0,0,0,0,-0,-0,-0,0
1.34012816e-06,0,0,0,0,-0,-0,-0,0
1.34101822e-06,0,0,0,0,-0,-0,-0,0
1.34190816e-06,0,0,0,0,-0,-0,-0,0
1.34284028e-06,0,0,0,0,-0,-0,-0,0
1.3437301e-06,0,0,0,0,-0,-0,-0,0
1.34461993e-06,0,0,0,0,-0,-0,-0,0
1.3455101e-06,-3.56201667e-07,-8.12142318e-08,1.67075653e-09,-1.67646442e-06,3.59164447e-07,6.69050016e-08,6.70585769e-08,3.65346644e-07
1.34640004e-06,0,0,0,0,-0,-0,-0,0
1.34733216e-06,0,0,0,0,-0,-0,-0,0
1.34822187e-06,0,0,0,0,-0,-0,-0,0
1.34911147e-06,0,0,0,0,-0,-0,-0,0
1.3500013e-06,0,0,0,0,-0,-0,-0,0
1.35093353e-06,0,0,0,0,-0,-0,-0,0
1.35182336e-06,0,0,0,0,-0,-0,-0,0
1.35271318e-06,0,0,0,0,-0,-0,-0,0
1.35360312e-06,0,0,0,0,-0,-0,-0,0
1.3545357e-06,0,0,0,0,-0,-0,-0,0
1.35542575e-06,0,0,0,0,-0,-0,-0,0
1.35631569e-06,0,0,0,0,-0,-0,-0,0
1.35720586e-06,0,0,0,0,-0,-0,-0,0
1.35813866e-06,0,0,0,0,-0,-0,-0,0
1.35902906e-06,0,0,0,0,-0,-0,-0,0
1.35991922e-06,0,0,0,0,-0,-0,-0,0
1.36080928e-06,1.4811023e-05,-2.36020014e-06,1.62141731e-08,-7.35611175e-05,-1.47047929e-05,2.95059518e-06,2.9424447e-06,1.49979068e-05
1.36174151e-06,0,0,0,0,-0,-0,-0,0
1.36263134e-06,0,0,0,0,-0,-0,-0,0
1.36352116e-06,0,0,0,0,-0,-0,-0,0
1.3644111e-06,0,0,0,0,-0,-0,-0,0
1.36530059e-06,0,0,0,0,-0,-0,-0,0
1.36623225e-06,0,0,0,0,-0,-0,-0,0
1.36712151e-06,0,0,0,0,-0,-0,-0,0
1.36801089e-06,0,0,0,0,-0,-0,-0,0
1.36890071e-06,0,0,0,0,-0,-0,-0,0
1.36983317e-06,0,0,0,0,-0,-0,-0,0
1.37072288e-06,0,0,0,0,-0,-0,-0,0
1.37161237e-06,0,0,0,0,-0,-0,-0,0
1.3725022e-06,0,0,0,0,-0,-0,-0,0
1.37343454e-06,0,0,0,0,-0,-0,-0,0
1.37432471e-06,0,0,0,0,-0,-0,-0,0
1.37521477e-06,0,0,0,0,-0,-0,-0,0
1.37610459e-06,0,0,0,0,-0,-0,-0,0
1.3770366e-06,0,0,0,0,-0,-0,-0,0
1.37792642e-06,0,0,0,0,-0,-0,-0,0
1.37881648e-06,0,0,0,0,-0,-0,-0,0
1.37970665e-06,0,0,0,0,-0,-0,-0,0
1.38063888e-06,0,0,0,0,-0,-0,-0,0
1.38152859e-06,0,0,0,0,-0,-0,-0,0
1.3824183e-06,0,0,0,0,-0,-0,-0,0
1.38330836e-06,0,0,0,0,-0,-0,-0,0
1.38424105e-06,0,0,0,0,-0,-0,-0,0
1.38513099e-06,0,0,0,0,-0,-0,-0,0
1.38602059e-06,0,0,0,0,-0,-0,-0,0
1.38690996e-06,0,0,0,0,-0,-0,-0,0
1.38784185e-06,0,0,0,0,-0,-0,-0,0
1.38873179e-06,0,0,0,0,-0,-0,-0,0
1.38962196e-06,0,0,0,0,-0,-0,-0,0
1.39051201e-06,0,0,0,0,-0,-0,-0,0
1.39140172e-06,0,0,0,0,-0,-0,-0,0
1.39233396e-06,0,0,0,0,-0,-0,-0,0
1.39322401e-06,0,0,0,0,-0,-0,-0,0
1.39411441e-06,0,0,0,0,-0,-0,-0,0
1.39500446e-06,0,0,0,0,-0,-0,-0,0
1.39593681e-06,0,0,0,0,-0,-0,-0,0
1.39682663e-06,0,0,0,0,-0,-0,-0,0
1.39771646e-06,0,0,0,0,-0,-0,-0,0
1.3986064e-06,0,0,0,0,-0,-0,-0,0
1.39953886e-06,0,0,0,0,-0,-0,-0,0
1.40042891e-06,0,0,0,0,-0,-0,-0,0
1.40131885e-06,0,0,0,0,-0,-0,-0,0
1.40220891e-06,0,0,0,0,-0,-0,-0,0
1.40314114e-06,0,0,0,0,-0,-0,-0,0
1.40403085e-06,0,0,0,0,-0,-0,-0,0
1.40492068e-06,0,0,0,0,-0,-0,-0,0
1.40581039e-06,0,0,0,0,-0,-0,-0,0
1.40674217e-06,0,0,0,0,-0,-0,-0,0
1.40763166e-06,0,0,0,0,-0,-0,-0,0
1.40852114e-06,0,0,0,0,-0,-0,-0,0
1.40941052e-06,0,0,0,0,-0,-0,-0,0
1.41030011e-06,0,0,0,0,-0,-0,-0,0
1.41123223e-06,0,0,0,0,-0,-0,-0,0
1.41212183e-06,0,0,0,0,-0,-0,-0,0
1.41301177e-06,0,0,0,0,-0,-0,-0,0
1.41390149e-06,0,0,0,0,-0,-0,-0,0
1.4148336e-06,0,0,0,0,-0,-0,-0,0
1.41572343e-06,0,0,0,0,-0,-0,-0,0
1.41661371e-06,0,0,0,0,-0,-0,-0,0
1.41750411e-06,0,0,0,0,-0,-0,-0,0
1.41843634e-06,0,0,0,0,-0,-0,-0,0
1.41932617e-06,0,0,0,0,-0,-0,-0,0
1.42021634e-06,0,0,0,0,-0,-0,-0,0
1.42110684e-06,0,0,0,0,-0,-0,-0,0
1.42203976e-06,0,0,0,0,-0,-0,-0,0
1.42292993e-06,0,0,0,0,-0,-0,-0,0
1.42381975e-06,0,0,0,0,-0,-0,-0,0
1.42470947e-06,0,0,0,0,-0,-0,-0,0
1.42564159e-06,0,0,0,0,-0,-0,-0,0
1.42653141e-06,0,0,0,0,-0,-0,-0,0
1.42742101e-06,0,0,0,0,-0,-0,-0,0
1.42831038e-06,0,0,0,0,-0,-0,-0,0
1.42924182e-06,0,0,0,0,-0,-0,-0,0
1.43013131e-06,0,0,0,0,-0,-0,-0,0
1.43102102e-06,0,0,0,0,-0,-0,-0,0
1.43191107e-06,0,0,0,0,-0,-0,-0,0
1.43280113e-06,0,0,0,0,-0,-0,-0,0
1.43373347e-06,0,0,0,0,-0,-0,-0,0
1.43462341e-06,0,0,0,0,-0,-0,-0,0
1.43551358e-06,0,0,0,0,-0,-0,-0,0
1.43640375e-06,0,0,0,0,-0,-0,-0,0
1.43733632e-06,0,0,0,0,-0,-0,-0,0
1.43822638e-06,0,0,0,0,-0,-0,-0,0
1.4391162e-06,0,0,0,0,-0,-0,-0,0
1.44000592e-06,0,0,0,0,-0,-0,-0,0
1.44093804e-06,0,0,0,0,-0,-0,-0,0
1.44182786e-06,0,0,0,0,-0,-0,-0,0
1.44271769e-06,0,0,0,0,-0,-0,-0,0
1.4436074e-06,0,0,0,0,-0,-0,-0,0
1.44453918e-06,0,0,0,0,-0,-0,-0,0
1.44542867e-06,0,0,0,0,-0,-0,-0,0
1.44631815e-06,0,0,0,0,-0,-0,-0,0
1.44720775e-06,0,0,0,0,-0,-0,-0,0
1.44813987e-06,0,0,0,0,-0,-0,-0,0
1.44902958e-06,0,0,0,0,-0,-0,-0,0
1.44991941e-06,0,0,0,0,-0,-0,-0,0
1.45080935e-06,0,0,0,0,-0,-0,-0,0
1.4517417e-06,0,0,0,0,-0,-0,-0,0
1.45263175e-06,0,0,0,0,-0,-0,-0,0
1.45352158e-06,0,0,0,0,-0,-0,-0,0
1.45441163e-06,0,0,0,0,-0,-0,-0,0
1.45530169e-06,0,0,0,0,-0,-0,-0,0
1.45623392e-06,0,0,0,0,-0,-0,-0,0
1.45712374e-06,0,0,0,0,-0,-0,-0,0
1.45801357e-06,0,0,0,0,-0,-0,-0,0
1.4589034e-06,0,0,0,0,-0,-0,-0,0
1.45983586e-06,0,0,0,0,-0,-0,-0,0
1.4607258e-06,0,0,0,0,-0,-0,-0,0
1.46161562e-06,0,0,0,0,-0,-0,-0,0
1.46250534e-06,0,0,0,0,-0,-0,-0,0
1.46343757e-06,0,0,0,0,-0,-0,-0,0
1.46432762e-06,0,0,0,0,-0,-0,-0,0
1.46521779e-06,0,0,0,0,-0,-0,-0,0
1.46610807e-06,0,0,0,0,-0,-0,-0,0
1.46704042e-06,0,0,0,0,-0,-0,-0,0
1.46793013e-06,0,0,0,0,-0,-0,-0,0
1.46881985e-06,0,0,0,0,-0,-0,-0,0
1.46970979e-06,0,0,0,0,-0,-0,-0,0
1.47064202e-06,0,0,0,0,-0,-0,-0,0
1.47153185e-06,0,0,0,0,-0,-0,-0,0
1.47242145e-06,9.30880196e-06,-1.47702576e-06,-1.26057733e-08,-4.61702984e-05,-9.24229064e-06,1.84809709e-06,1.84681194e-06,9.42526169e-06
1.47331082e-06,0,0,0,0,-0,-0,-0,0
1.47420042e-06,0,0,0,0,-0,-0,-0,0
1.47513265e-06,0,0,0,0,-0,-0,-0,0
1.4760227e-06,0,0,0,0,-0,-0,-0,0
1.47691242e-06,0,0,0,0,-0,-0,-0,0
1.47780202e-06,0,0,0,0,-0,-0,-0,0
1.47873425e-06,0,0,0,0,-0,-0,-0,0
1.4796243e-06,0,0,0,0,-0,-0,-0,0
1.48051424e-06,0,0,0,0,-0,-0,-0,0
1.48140418e-06,0,0,0,0,-0,-0,-0,0
1.48233642e-06,0,0,0,0,-0,-0,-0,0
1.48322601e-06,0,0,0,0,-0,-0,-0,0
1.48411561e-06,0,0,0,0,-0,-0,-0,0
1.48500533e-06,0,0,0,0,-0,-0,-0,0
1.48593756e-06,0,0,0,0,-0,-0,-0,0
1.4868275e-06,0,0,0,0,-0,-0,-0,0
1.48771733e-06,0,0,0,0,-0,-0,-0,0
1.48860704e-06,0,0,0,0,-0,-0,-0,0
1.48953904e-06,0,0,0,0,-0,-0,-0,0
1.49042887e-06,0,0,0,0,-0,-0,-0,0
1.49131893e-06,0,0,0,0,-0,-0,-0,0
1.49220887e-06,0,0,0,0,-0,-0,-0,0
1.4931411e-06,0,0,0,0,-0,-0,-0,0
1.49403104e-06,0,0,0,0,-0,-0,-0,0
1.49492087e-06,0,0,0,0,-0,-0,-0,0
1.49581081e-06,0,0,0,0,-0,-0,-0,0
1.49670063e-06,0,0,0,0,-0,-0,-0,0
1.49763287e-06,0,0,0,0,-0,-0,-0,0
1.49852258e-06,0,0,0,0,-0,-0,-0,0
1.49941229e-06,0,0,0,0,-0,-0,-0,0
1.50030212e-06,0,0,0,0,-0,-0,-0,0
1.50123424e-06,0,0,0,0,-0,-0,-0,0
1.50212418e-06,0,0,0,0,-0,-0,-0,0
1.503014e-06,0,0,0,0,-0,-0,-0,0
1.5039036e-06,0,0,0,0,-0,-0,-0,0
1.50483572e-06,0,0,0,0,-0,-0,-0,0
1.50572578e-06,6.45347291e-06,-1.02706838e-06,8.01386051e-08,-3.20105064e-05,-6.40723904e-06,1.28431692e-06,1.28042026e-06,6.53518203e-06
1.50661572e-06,0,0,0,0,-0,-0,-0,0
1.50750543e-06,0,0,0,0,-0,-0,-0,0
1.50843744e-06,0,0,0,0,-0,-0,-0,0
1.50932726e-06,0,0,0,0,-0,-0,-0,0
1.5102172e-06,0,0,0,0,-0,-0,-0,0
1.51110714e-06,0,0,0,0,-0,-0,-0,0
1.51203949e-06,0,0,0,0,-0,-0,-0,0
1.51292932e-06,0,0,0,0,-0,-0,-0,0
1.51381903e-06,0,0,0,0,-0,-0,-0,0
1.51470886e-06,0,0,0,0,-0,-0,-0,0
1.51564097e-06,0,0,0,0,-0,-0,-0,0
1.5165308e-06,0,0,0,0,-0,-0,-0,0
1.51742051e-06,0,0,0,0,-0,-0,-0,0
1.51831034e-06,0,0,0,0,-0,-0,-0,0
1.51920017e-06,0,0,0,0,-0,-0,-0,0
1.52013251e-06,0,0,0,0,-0,-0,-0,0
1.52102257e-06,0,0,0,0,-0,-0,-0,0
1.5219124e-06,0,0,0,0,-0,-0,-0,0
1.52280222e-06,0,0,0,0,-0,-0,-0,0
1.52373423e-06,0,0,0,0,-0,-0,-0,0
1.52462417e-06,0,0,0,0,-0,-0,-0,0
1.52551422e-06,0,0,0,0,-0,-0,-0,0
1.52640439e-06,0,0,0,0,-0,-0,-0,0
1.52733651e-06,0,0,0,0,-0,-0,-0,0
1.52822611e-06,0,0,0,0,-0,-0,-0,0
1.52911593e-06,0,0,0,0,-0,-0,-0,0
1.53000576e-06,0,0,0,0,-0,-0,-0,0
1.53093822e-06,0,0,0,0,-0,-0,-0,0
1.53182805e-06,0,0,0,0,-0,-0,-0,0
1.53271765e-06,0,0,0,0,-0,-0,-0,0
1.53360713e-06,0,0,0,0,-0,-0,-0,0
1.53453936e-06,0,0,0,0,-0,-0,-0,0
1.53542942e-06,0,0,0,0,-0,-0,-0,0
1.53631936e-06,0,0,0,0,-0,-0,-0,0
1.53720896e-06,0,0,0,0,-0,-0,-0,0
1.53814085e-06,0,0,0,0,-0,-0,-0,0
1.53903068e-06,0,0,0,0,-0,-0,-0,0
1.53992062e-06,0,0,0,0,-0,-0,-0,0
1.54081056e-06,0,0,0,0,-0,-0,-0,0
1.54170039e-06,0,0,0,0,-0,-0,-0,0
1.5426325e-06,0,0,0,0,-0,-0,-0,0
1.54352222e-06,0,0,0,0,-0,-0,-0,0
1.54441216e-06,0,0,0,0,-0,-0,-0,0
1.5453021e-06,0,0,0,0,-0,-0,-0,0
1.54623444e-06,0,0,0,0,-0,-0,-0,0
1.54712427e-06,0,0,0,0,-0,-0,-0,0
1.54801387e-06,0,0,0,0,-0,-0,-0,0
1.54890358e-06,0,0,0,0,-0,-0,-0,0
1.5498357e-06,0,0,0,0,-0,-0,-0,0
1.55072541e-06,6.86834483e-06,-1.13270983e-06,1.13440537e-08,-3.50878836e-05,-6.81755457e-06,1.40646432e-06,1.40351534e-06,6.96112928e-06
1.55161513e-06,0,0,0,0,-0,-0,-0,0
1.5525045e-06,0,0,0,0,-0,-0,-0,0
1.55343639e-06,0,0,0,0,-0,-0,-0,0
1.5543261e-06,0,0,0,0,-0,-0,-0,0
1.55521604e-06,0,0,0,0,-0,-0,-0,0
1.55610599e-06,0,0,0,0,-0,-0,-0,0
1.55703833e-06,0,0,0,0,-0,-0,-0,0
1.55792827e-06,0,0,0,0,-0,-0,-0,0
1.55881844e-06,0,0,0,0,-0,-0,-0,0
1.55970861e-06,0,0,0,0,-0,-0,-0,0
1.56064107e-06,0,0,0,0,-0,-0,-0,0
1.56153101e-06,0,0,0,0,-0,-0,-0,0
1.56242095e-06,0,0,0,0,-0,-0,-0,0
1.56331078e-06,0,0,0,0,-0,-0,-0,0
1.56420049e-06,0,0,0,0,-0,-0,-0,0
1.56513272e-06,0,0,0,0,-0,-0,-0,0
1.56602255e-06,0,0,0,0,-0,-0,-0,0
1.56691226e-06,0,0,0,0,-0,-0,-0,0
1.56780175e-06,0,0,0,0,-0,-0,-0,0
1.56873364e-06,0,0,0,0,-0,-0,-0,0
1.56962324e-06,0,0,0,0,-0,-0,-0,0
1.57051306e-06,0,0,0,0,-0,-0,-0,0
1.571403e-06,0,0,0,0,-0,-0,-0,0
1.57233501e-06,0,0,0,0,-0,-0,-0,0
1.57322461e-06,0,0,0,0,-0,-0,-0,0
1.57411432e-06,0,0,0,0,-0,-0,-0,0
1.57500426e-06,0,0,0,0,-0,-0,-0,0
1.57593672e-06,0,0,0,0,-0,-0,-0,0
1.57682666e-06,0,0,0,0,-0,-0,-0,0
1.57771649e-06,0,0,0,0,-0,-0,-0,0
1.57860632e-06,0,0,0,0,-0,-0,-0,0
1.57953843e-06,0,0,0,0,-0,-0,-0,0
1.58042826e-06,0,0,0,0,-0,-0,-0,0
1.58131809e-06,0,0,0,0,-0,-0,-0,0
1.58220803e-06,0,0,0,0,-0,-0,-0,0
1.58314003e-06,0,0,0,0,-0,-0,-0,0
1.58402963e-06,0,0,0,0,-0,-0,-0,0
1.58491935e-06,0,0,0,0,-0,-0,-0,0
1.58580929e-06,0,0,0,0,-0,-0,-0,0
1.58674163e-06,0,0,0,0,-0,-0,-0,0
1.58763157e-06,0,0,0,0,-0,-0,-0,0
1.58852129e-06,0,0,0,0,-0,-0,-0,0
1.58941111e-06,0,0,0,0,-0,-0,-0,0
1.59030117e-06,0,0,0,0,-0,-0,-0,0
1.59123363e-06,0,0,0,0,-0,-0,-0,0
1.59212345e-06,0,0,0,0,-0,-0,-0,0
1.59301305e-06,0,0,0,0,-0,-0,-0,0
1.59390265e-06,0,0,0,0,-0,-0,-0,0
1.59483466e-06,0,0,0,0,-0,-0,-0,0
1.59572437e-06,0,0,0,0,-0,-0,-0,0
1.5966142e-06,0,0,0,0,-0,-0,-0,0
1.59750402e-06,0,0,0,0,-0,-0,-0,0
1.59843603e-06,0,0,0,0,-0,-0,-0,0
1.59932586e-06,0,0,0,0,-0,-0,-0,0
1.6002158e-06,0,0,0,0,-0,-0,-0,0
1.60110596e-06,0,0,0,0,-0,-0,-0,0
1.60203831e-06,0,0,0,0,-0,-0,-0,0
1.60292814e-06,0,0,0,0,-0,-0,-0,0
1.60381796e-06,0,0,0,0,-0,-0,-0,0
1.60470756e-06,0,0,0,0,-0,-0,-0,0
1.60563957e-06,0,0,0,0,-0,-0,-0,0
1.60652939e-06,0,0,0,0,-0,-0,-0,0
1.60741922e-06,0,0,0,0,-0,-0,-0,0
1.60830905e-06,0,0,0,0,-0,-0,-0,0
1.60924105e-06,0,0,0,0,-0,-0,-0,0
1.61013099e-06,0,0,0,0,-0,-0,-0,0
1.61102093e-06,0,0,0,0,-0,-0,-0,0
1.61191076e-06,0,0,0,0,-0,-0,-0,0
1.61280047e-06,0,0,0,0,-0,-0,-0,0
1.61373248e-06,0,0,0,0,-0,-0,-0,0
1.61462231e-06,0,0,0,0,-0,-0,-0,0
1.61551202e-06,0,0,0,0,-0,-0,-0,0
1.61640173e-06,0,0,0,0,-0,-0,-0,0
1.61733385e-06,0,0,0,0,-0,-0,-0,0
1.61822356e-06,0,0,0,0,-0,-0,-0,0
1.61911328e-06,0,0,0,0,-0,-0,-0,0
1.62000299e-06,0,0,0,0,-0,-0,-0,0
1.62093522e-06,0,0,0,0,-0,-0,-0,0
1.62182505e-06,0,0,0,0,-0,-0,-0,0
1.62271488e-06,0,0,0,0,-0,-0,-0,0
1.62360459e-06,0,0,0,0,-0,-0,-0,0
1.62453659e-06,0,0,0,0,-0,-0,-0,0
1.62542619e-06,0,0,0,0,-0,-0,-0,0
1.62631579e-06,0,0,0,0,-0,-0,-0,0
1.62720562e-06,0,0,0,0,-0,-0,-0,0
1.62813785e-06,0,0,0,0,-0,-0,-0,0
1.62902768e-06,0,0,0,0,-0,-0,-0,0
1.62991751e-06,0,0,0,0,-0,-0,-0,0
1.63080733e-06,0,0,0,0,-0,-0,-0,0
1.63173979e-06,0,0,0,0,-0,-0,-0,0
1.63262985e-06,0,0,0,0,-0,-0,-0,0
1.63352001e-06,0,0,0,0,-0,-0,-0,0
1.63440995e-06,0,0,0,0,-0,-0,-0,0
1.63534207e-06,0,0,0,0,-0,-0,-0,0
1.63623179e-06,0,0,0,0,-0,-0,-0,0
1.63712161e-06,0,0,0,0,-0,-0,-0,0
1.63801155e-06,0,0,0,0,-0,-0,-0,0
1.63890149e-06,0,0,0,0,-0,-0,-0,0
1.63983373e-06,0,0,0,0,-0,-0,-0,0
1.64072333e-06,0,0,0,0,-0,-0,-0,0
1.64161293e-06,0,0,0,0,-0,-0,-0,0
1.64250253e-06,0,0,0,0,-0,-0,-0,0
1.64343464e-06,0,0,0,0,-0,-0,-0,0
1.6443247e-06,0,0,0,0,-0,-0,-0,0
1.64521441e-06,0,0,0,0,-0,-0,-0,0
1.6461039e-06,0,0,0,0,-0,-0,-0,0
1.64703567e-06,0,0,0,0,-0,-0,-0,0
1.64792527e-06,0,0,0,0,-0,-0,-0,0
1.6488151e-06,0,0,0,0,-0,-0,-0,0
1.64970515e-06,0,0,0,0,-0,-0,-0,0
1.6506375e-06,0,0,0,0,-0,-0,-0,0
1.65152721e-06,0,0,0,0,-0,-0,-0,0
1.65241693e-06,0,0,0,0,-0,-0,-0,0
1.65330687e-06,0,0,0,0,-0,-0,-0,0
1.65423933e-06,0,0,0,0,-0,-0,-0,0
1.65512938e-06,0,0,0,0,-0,-0,-0,0
1.65601921e-06,0,0,0,0,-0,-0,-0,0
1.65690869e-06,0,0,0,0,-0,-0,-0,0
1.65784047e-06,0,0,0,0,-0,-0,-0,0
1.65873007e-06,0,0,0,0,-0,-0,-0,0
1.65962001e-06,0,0,0,0,-0,-0,-0,0
1.66050995e-06,0,0,0,0,-0,-0,-0,0
1.66144207e-06,0,0,0,0,-0,-0,-0,0
1.66233178e-06,0,0,0,0,-0,-0,-0,0
1.66322161e-06,0,0,0,0,-0,-0,-0,0
1.66411178e-06,0,0,0,0,-0,-0,-0,0
1.66500183e-06,0,0,0,0,-0,-0,-0,0
1.66593406e-06,1.01627438e-05,-1.61852802e-06,-5.04029245e-08,-5.0407456e-05,-1.00898909e-05,2.02363473e-06,2.01629824e-06,1.02909443e-05
1.66682378e-06,0,0,0,0,-0,-0,-0,0
1.66771338e-06,0,0,0,0,-0,-0,-0,0
1.66860298e-06,0,0,0,0,-0,-0,-0,0
1.6695351e-06,0,0,0,0,-0,-0,-0,0
1.67042481e-06,0,0,0,0,-0,-0,-0,0
1.67131441e-06,0,0,0,0,-0,-0,-0,0
1.67220423e-06,0,0,0,0,-0,-0,-0,0
1.67313669e-06,0,0,0,0,-0,-0,-0,0
1.67402663e-06,0,0,0,0,-0,-0,-0,0
1.67491646e-06,0,0,0,0,-0,-0,-0,0
1.67580617e-06,0,0,0,0,-0,-0,-0,0
1.67673818e-06,0,0,0,0,-0,-0,-0,0
1.67762801e-06,0,0,0,0,-0,-0,-0,0
1.67851772e-06,0,0,0,0,-0,-0,-0,0
1.67940732e-06,0,0,0,0,-0,-0,-0,0
1.68033932e-06,0,0,0,0,-0,-0,-0,0
1.68122892e-06,0,0,0,0,-0,-0,-0,0
1.68211852e-06,0,0,0,0,-0,-0,-0,0
1.68300846e-06,0,0,0,0,-0,-0,-0,0
1.68394081e-06,0,0,0,0,-0,-0,-0,0
1.68483064e-06,0,0,0,0,-0,-0,-0,0
1.68572012e-06,0,0,0,0,-0,-0,-0,0
1.68660972e-06,0,0,0,0,-0,-0,-0,0
1.68754195e-06,0,0,0,0,-0,-0,-0,0
1.68843189e-06,0,0,0,0,-0,-0,-0,0
1.68932161e-06,0,0,0,0,-0,-0,-0,0
1.69021143e-06,0,0,0,0,-0,-0,-0,0
1.69110137e-06,0,0,0,0,-0,-0,-0,0
1.69203361e-06,1.25310601e-06,-4.23102421e-07,2.10917284e-09,-1.18142252e-05,-1.23518407e-06,4.72874859e-07,4.72569009e-07,1.32260908e-06
1.69292355e-06,0,0,0,0,-0,-0,-0,0
1.6938136e-06,0,0,0,0,-0,-0,-0,0
1.69470377e-06,0,0,0,0,-0,-0,-0,0
1.69563589e-06,0,0,0,0,-0,-0,-0,0
1.69652537e-06,0,0,0,0,-0,-0,-0,0
1.69741486e-06,0,0,0,0,-0,-0,-0,0
1.69830457e-06,0,0,0,0,-0,-0,-0,0
1.69923658e-06,0,0,0,0,-0,-0,-0,0
1.70012629e-06,0,0,0,0,-0,-0,-0,0
1.701016e-06,0,0,0,0,-0,-0,-0,0
1.70190549e-06,0,0,0,0,-0,-0,-0,0
1.70283749e-06,0,0,0,0,-0,-0,-0,0
1.70372743e-06,0,0,0,0,-0,-0,-0,0
1.7046176e-06,0,0,0,0,-0,-0,-0,0
1.70550766e-06,0,0,0,0,-0,-0,-0,0
1.70643989e-06,0,0,0,0,-0,-0,-0,0
1.70732949e-06,0,0,0,0,-0,-0,-0,0
1.70821909e-06,0,0,0,0,-0,-0,-0,0
1.70910903e-06,0,0,0,0,-0,-0,-0,0
1.71004126e-06,0,0,0,0,-0,-0,-0,0
1.71093109e-06,1.84750377e-06,-2.01361203e-07,5.12242249e-09,-6.8717427e-06,-1.83797366e-06,2.75080581e-07,2.74869708e-07,1.85845171e-06
1.71182103e-06,0,0,0,0,-0,-0,-0,0
1.71271085e-06,0,0,0,0,-0,-0,-0,0
1.71360068e-06,0,0,0,0,-0,-0,-0,0
1.71453291e-06,0,0,0,0,-0,-0,-0,0
1.71542285e-06,0,0,0,0,-0,-0,-0,0
1.71631279e-06,0,0,0,0,-0,-0,-0,0
1.71720262e-06,0,0,0,0,-0,-0,-0,0
1.71813474e-06,0,0,0,0,-0,-0,-0,0
1.71902434e-06,0,0,0,0,-0,-0,-0,0
1.71991405e-06,0,0,0,0,-0,-0,-0,0
1.72080377e-06,0,0,0,0,-0,-0,-0,0
1.72173588e-06,0,0,0,0,-0,-0,-0,0
1.72262548e-06,0,0,0,0,-0,-0,-0,0
1.72351508e-06,0,0,0,0,-0,-0,-0,0
1.72440468e-06,0,0,0,0,-0,-0,-0,0
1.72533657e-06,0,0,0,0,-0,-0,-0,0
1.72622629e-06,0,0,0,0,-0,-0,-0,0
1.72711611e-06,0,0,0,0,-0,-0,-0,0
1.72800571e-06,0,0,0,0,-0,-0,-0,0
1.72893783e-06,0,0,0,0,-0,-0,-0,0
1.72982766e-06,0,0,0,0,-0,-0,-0,0
1.73071749e-06,0,0,0,0,-0,-0,-0,0
1.73160743e-06,0,0,0,0,-0,-0,-0,0
1.73253989e-06,0,0,0,0,-0,-0,-0,0
1.73342994e-06,0,0,0,0,-0,-0,-0,0
1.73431999e-06,0,0,0,0,-0,-0,-0,0
1.73520982e-06,0,0,0,0,-0,-0,-0,0
1.73614194e-06,0,0,0,0,-0,-0,-0,0
1.73703165e-06,0,0,0,0,-0,-0,-0,0
1.73792171e-06,0,0,0,0,-0,-0,-0,0
1.73881165e-06,0,0,0,0,-0,-0,-0,0
1.73970136e-06,0,0,0,0,-0,-0,-0,0
1.74063302e-06,0,0,0,0,-0,-0,-0,0
1.7415224e-06,0,0,0,0,-0,-0,-0,0
1.74241188e-06,0,0,0,0,-0,-0,-0,0
1.74330137e-06,0,0,0,0,-0,-0,-0,0
1.74423337e-06,0,0,0,0,-0,-0,-0,0
1.74512297e-06,0,0,0,0,-0,-0,-0,0
1.74601246e-06,0,0,0,0,-0,-0,-0,0
1.74690206e-06,0,0,0,0,-0,-0,-0,0
1.74783429e-06,0,0,0,0,-0,-0,-0,0
1.74872423e-06,0,0,0,0,-0,-0,-0,0
1.7496144e-06,0,0,0,0,-0,-0,-0,0
1.75050434e-06,0,0,0,0,-0,-0,-0,0
1.75143646e-06,0,0,0,0,-0,-0,-0,0
1.7523264e-06,0,0,0,0,-0,-0,-0,0
1.75321634e-06,0,0,0,0,-0,-0,-0,0
1.75410639e-06,6.7336664e-06,-1.09065707e-06,6.63772859e-09,-3.39109611e-05,-6.68466553e-06,1.35905949e-06,1.35643844e-06,6.82142507e-06
1.75503885e-06,0,0,0,0,-0,-0,-0,0
1.75592868e-06,0,0,0,0,-0,-0,-0,0
1.75681828e-06,0,0,0,0,-0,-0,-0,0
1.75770799e-06,5.82525718e-06,-9.26354687e-07,-4.30754277e-09,-2.89117943e-05,-5.78355328e-06,1.15856186e-06,1.15647177e-06,5.89845511e-06
1.75864011e-06,0,0,0,0,-0,-0,-0,0
1.75952994e-06,0,0,0,0,-0,-0,-0,0
1.76041988e-06,0,0,0,0,-0,-0,-0,0
1.76130948e-06,0,0,0,0,-0,-0,-0,0
1.76224137e-06,0,0,0,0,-0,-0,-0,0
1.76313097e-06,0,0,0,0,-0,-0,-0,0
1.76402068e-06,0,0,0,0,-0,-0,-0,0
1.76491051e-06,0,0,0,0,-0,-0,-0,0
1.76580056e-06,0,0,0,0,-0,-0,-0,0
1.76673279e-06,0,0,0,0,-0,-0,-0,0
1.76762262e-06,0,0,0,0,-0,-0,-0,0
1.76851233e-06,0,0,0,0,-0,-0,-0,0
1.76940205e-06,0,0,0,0,-0,-0,-0,0
1.77033439e-06,0,0,0,0,-0,-0,-0,0
1.77122445e-06,0,0,0,0,-0,-0,-0,0
1.77211427e-06,0,0,0,0,-0,-0,-0,0
1.77300376e-06,0,0,0,0,-0,-0,-0,0
1.77393576e-06,0,0,0,0,-0,-0,-0,0
1.77482548e-06,0,0,0,0,-0,-0,-0,0
1.77571519e-06,0,0,0,0,-0,-0,-0,0
1.7766049e-06,0,0,0,0,-0,-0,-0,0
1.77753702e-06,-1.65029821e-08,-2.89104491e-08,-1.81440585e-10,-7.05817115e-07,1.76458911e-08,2.82273806e-08,2.82326846e-08,3.32895691e-08
1.77842651e-06,0,0,0,0,-0,-0,-0,0
1.77931599e-06,0,0,0,0,-0,-0,-0,0
1.78020593e-06,0,0,0,0,-0,-0,-0,0
1.78113817e-06,0,0,0,0,-0,-0,-0,0
1.78202788e-06,0,0,0,0,-0,-0,-0,0
1.78291759e-06,0,0,0,0,-0,-0,-0,0
1.78380719e-06,0,0,0,0,-0,-0,-0,0
1.78473942e-06,0,0,0,0,-0,-0,-0,0
1.78562948e-06,0,0,0,0,-0,-0,-0,0
1.78651953e-06,0,0,0,0,-0,-0,-0,0
1.78740936e-06,0,0,0,0,-0,-0,-0,0
1.78834159e-06,0,0,0,0,-0,-0,-0,0
1.78923131e-06,0,0,0,0,-0,-0,-0,0
1.79012113e-06,0,0,0,0,-0,-0,-0,0
1.79101107e-06,0,0,0,0,-0,-0,-0,0
1.79190079e-06,0,0,0,0,-0,-0,-0,0
1.79283279e-06,0,0,0,0,-0,-0,-0,0
1.79372239e-06,0,0,0,0,-0,-0,-0,0
1.79461222e-06,0,0,0,0,-0,-0,-0,0
1.79550204e-06,0,0,0,0,-0,-0,-0,0
1.79643428e-06,0,0,0,0,-0,-0,-0,0
1.7973241e-06,0,0,0,0,-0,-0,-0,0
1.79821382e-06,0,0,0,0,-0,-0,-0,0
1.79910342e-06,0,0,0,0,-0,-0,-0,0
1.79999995e-06,0,0,0,0,-0,-0,-0,0
