time_s,ALLIE_mJ,ALLKE_mJ,ALLAE_mJ,ALLSE_mJ,ALLPD_mJ,ALLDMD_mJ,ALLWK_mJ,ALLVD_mJ,ETOTAL_mJ
0,0,0.00873762928,0,0,0,0,0,0,0.00873762928
9.1510044e-10,2.8828021e-14,0.00873762928,9.91003476e-15,1.89179862e-14,0,0,4.6218385e-12,4.34111839e-14,0.00873762928
1.82760196e-09,1.40232972e-13,0.00873762928,4.4383283e-14,9.58496859e-14,0,0,1.43906579e-11,6.58562492e-14,0.00873762928
2.74010437e-09,3.24110693e-13,0.00873762928,1.02032315e-13,2.22078391e-13,0,0,2.72371257e-11,8.01760934e-14,0.00873762928
3.60697339e-09,5.32680996e-13,0.00873762928,1.70732081e-13,3.61948915e-13,0,0,4.1464044e-11,9.19159497e-14,0.00873762928
4.51944082e-09,7.80770359e-13,0.00873762928,2.5694941e-13,5.23820896e-13,0,0,5.80927875e-11,1.00242677e-13,0.00873762928
5.43189227e-09,1.04827171e-12,0.00873762928,3.53131858e-13,6.95139801e-13,0,0,7.55614668e-11,1.03912498e-13,0.00873762928
6.34433084e-09,1.30184231e-12,0.00873762928,4.47366889e-13,8.54475453e-13,0,0,9.33960478e-11,1.05980647e-13,0.00873762928
7.21112192e-09,1.55638078e-12,0.00873762928,5.32001309e-13,1.02437947e-12,0,0,1.12678894e-10,1.31498369e-13,0.00873762928
8.12350187e-09,1.86322333e-12,0.00873762928,5.99751802e-13,1.26347164e-12,0,0,1.37833231e-10,1.59883229e-13,0.00873762928
9.03586717e-09,2.254145e-12,0.00873762928,6.62684426e-13,1.59146058e-12,0,0,1.68073194e-10,1.90972712e-13,0.00873762928
9.90259785e-09,2.86347356e-12,0.00873762928,7.83688056e-13,2.07978535e-12,0,0,2.03184164e-10,2.37220616e-13,0.00873762928
1.08149258e-08,3.85463406e-12,0.00873762928,1.02052297e-12,2.8341112e-12,0,0,2.46847376e-10,2.62029059e-13,0.00873762928
1.17273062e-08,4.87383007e-12,0.00873762928,1.25198419e-12,3.62184566e-12,0,0,2.94447133e-10,2.89377327e-13,0.00873762928
1.26397346e-08,6.10790585e-12,0.00873762928,1.59303072e-12,4.51487502e-12,0,0,3.46294021e-10,3.10662113e-13,0.00873762928
1.35065727e-08,7.10072669e-12,0.00873762928,1.91351492e-12,5.18721177e-12,0,0,3.94612287e-10,3.11909569e-13,0.00873762928
1.44190242e-08,7.82841673e-12,0.00873762928,2.20457658e-12,5.62384037e-12,0,0,4.43434234e-10,3.13151306e-13,0.00873762928
1.53314357e-08,8.3679591e-12,0.00873762928,2.44620665e-12,5.92175267e-12,0,0,4.90493313e-10,3.14575487e-13,0.00873762928
1.62438187e-08,8.7511734e-12,0.00873762928,2.63467113e-12,6.1165027e-12,0,0,5.35479272e-10,3.16277847e-13,0.00873762928
1.71105494e-08,9.15832948e-12,0.00873762928,2.83996112e-12,6.31836814e-12,0,0,5.80429371e-10,3.5422327e-13,0.00873762928
1.80228596e-08,9.64965087e-12,0.00873762928,2.93925388e-12,6.710397e-12,0,0,6.3573341e-10,4.01020525e-13,0.00873762928
1.89351574e-08,1.03871876e-11,0.00873762928,2.99194502e-12,7.3952424e-12,0,0,6.9886813e-10,4.48090214e-13,0.00873762928
1.98018331e-08,1.19353685e-11,0.00873762928,3.30307721e-12,8.63229106e-12,0,0,7.68042185e-10,5.08788432e-13,0.00873762928
2.07141202e-08,1.4205425e-11,0.00873762928,3.82412027e-12,1.03813043e-11,0,0,8.49180504e-10,5.43520903e-13,0.00873762928
2.16264588e-08,1.67775308e-11,0.00873762928,4.43693563e-12,1.23405947e-11,0,0,9.3715502e-10,5.91671731e-13,0.00873762928
2.25388241e-08,2.01146062e-11,0.00873762928,5.422926e-12,1.46916802e-11,0,0,1.029835e-09,6.1152125e-13,0.00873762928
2.3405617e-08,2.21977159e-11,0.00873762928,6.19530729e-12,1.60024077e-11,0,0,1.11240672e-09,6.14851215e-13,0.00873762928
2.43180001e-08,2.31442244e-11,0.00873762928,6.67484687e-12,1.64693779e-11,0,0,1.19433652e-09,6.18664625e-13,0.00873762928
2.52303192e-08,2.37221475e-11,0.00873762928,7.01660995e-12,1.6705538e-11,0,0,1.27213973e-09,6.24047905e-13,0.00873762928
2.61425992e-08,2.39067047e-11,0.00873762928,7.29291193e-12,1.66137919e-11,0,0,1.34474942e-09,6.30105397e-13,0.00873762928
2.70092215e-08,2.40914112e-11,0.00873762928,7.66686541e-12,1.64245458e-11,0,0,1.41447054e-09,6.79655876e-13,0.00873762928
2.79213968e-08,2.43552713e-11,0.00873762928,7.7709679e-12,1.65843034e-11,0,0,1.49915858e-09,7.46302651e-13,0.00873762928
2.88335507e-08,2.50962948e-11,0.00873762928,7.66416444e-12,1.74321304e-11,0,0,1.59457314e-09,8.16056966e-13,0.00873762928
2.97000824e-08,2.75584451e-11,0.00873762928,8.08251382e-12,1.94759313e-11,0,0,1.69714742e-09,8.96159069e-13,0.00873762928
3.0612231e-08,3.15747636e-11,0.00873762928,9.08674698e-12,2.24880184e-11,0,0,1.81787718e-09,9.4954448e-13,0.00873762928
3.15244364e-08,3.63034429e-11,0.00873762928,1.03493178e-11,2.59541243e-11,0,0,1.94750727e-09,1.01731546e-12,0.00873762928
3.24366951e-08,4.25762758e-11,0.00873762928,1.23628833e-11,3.02133908e-11,0,0,2.08271911e-09,1.04858082e-12,0.00873762928
3.33033974e-08,4.64365282e-11,0.00873762928,1.38961403e-11,3.25403905e-11,0,0,2.2036013e-09,1.05629156e-12,0.00873762928
3.4215784e-08,4.75572047e-11,0.00873762928,1.47112357e-11,3.2845969e-11,0,0,2.32135355e-09,1.0654406e-12,0.00873762928
3.51281706e-08,4.78509107e-11,0.00873762928,1.51476227e-11,3.2703288e-11,0,0,2.43156606e-09,1.07836038e-12,0.00873762928
3.6040543e-08,4.74533711e-11,0.00873762928,1.55024674e-11,3.19509037e-11,0,0,2.53334353e-09,1.09281995e-12,0.00873762928
3.69074478e-08,4.69705386e-11,0.00873762928,1.60387519e-11,3.09317884e-11,0,0,2.62884847e-09,1.15335161e-12,0.00873762928
3.78201044e-08,4.67384569e-11,0.00873762928,1.60670557e-11,3.06713994e-11,0,0,2.74489986e-09,1.24899396e-12,0.00873762928
3.87327717e-08,4.73327766e-11,0.00873762928,1.57013014e-11,3.16314752e-11,0,0,2.8749827e-09,1.34365262e-12,0.00873762928
3.96454105e-08,5.09229707e-11,0.00873762928,1.6303044e-11,3.46199285e-11,0,0,3.01955927e-09,1.4323268e-12,0.00873762928
4.05122904e-08,5.65006375e-11,0.00873762928,1.77373897e-11,3.87632496e-11,0,0,3.17326609e-09,1.52400911e-12,0.00873762928
4.14245989e-08,6.43872108e-11,0.00873762928,1.99348125e-11,4.44523966e-11,0,0,3.34748296e-09,1.61912237e-12,0.00873762928
4.23367048e-08,7.49190432e-11,0.00873762928,2.338418e-11,5.15348632e-11,0,0,3.52722918e-09,1.66169021e-12,0.00873762928
4.32031335e-08,8.08813919e-11,0.00873762928,2.59000599e-11,5.4981332e-11,0,0,3.6859793e-09,1.67735368e-12,0.00873762928
4.41151329e-08,8.19611948e-11,0.00873762928,2.69585586e-11,5.50026344e-11,0,0,3.839419e-09,1.69685425e-12,0.00873762928
4.50269546e-08,8.18095175e-11,0.00873762928,2.75214799e-11,5.42880393e-11,0,0,3.98186106e-09,1.72392916e-12,0.00873762928
4.59386911e-08,8.0452936e-11,0.00873762928,2.78009161e-11,5.26520216e-11,0,0,4.11218704e-09,1.75333467e-12,0.00873762928
4.68053472e-08,7.88425436e-11,0.00873762928,2.84050578e-11,5.04374841e-11,0,0,4.23180291e-09,1.82589772e-12,0.00873762928
4.77183555e-08,7.77977058e-11,0.00873762928,2.83544733e-11,4.94432342e-11,0,0,4.37717196e-09,1.95241089e-12,0.00873762928
4.86311968e-08,7.76981049e-11,0.00873762928,2.74059907e-11,5.02921177e-11,0,0,4.53944971e-09,2.07892232e-12,0.00873762928
4.95438961e-08,8.18120988e-11,0.00873762928,2.77814872e-11,5.40306098e-11,0,0,4.71803219e-09,2.18686636e-12,0.00873762928
5.04107547e-08,9.01995492e-11,0.00873762928,2.99487692e-11,6.02507766e-11,0,0,4.91142416e-09,2.32834693e-12,0.00873762928
5.13230205e-08,1.01763098e-10,0.00873762928,3.30703832e-11,6.86927182e-11,0,0,5.12853626e-09,2.44211465e-12,0.00873762928
5.22350518e-08,1.16179129e-10,0.00873762928,3.76169582e-11,7.85621707e-11,0,0,5.34995692e-09,2.50209358e-12,0.00873762928
5.31013598e-08,1.25358696e-10,0.00873762928,4.14616189e-11,8.38970768e-11,0,0,5.54636825e-09,2.53139285e-12,0.00873762928
5.40132525e-08,1.26335276e-10,0.00873762928,4.29549764e-11,8.33802957e-11,0,0,5.73315395e-09,2.56621113e-12,0.00873762928
5.49249357e-08,1.25460559e-10,0.00873762928,4.350224e-11,8.19583221e-11,0,0,5.90535976e-09,2.61332622e-12,0.00873762928
5.58365016e-08,1.22801741e-10,0.00873762928,4.34167459e-11,7.93849986e-11,0,0,6.06203354e-09,2.66380559e-12,0.00873762928
5.67024294e-08,1.1937154e-10,0.00873762928,4.38264945e-11,7.55450424e-11,0,0,6.20234886e-09,2.74577995e-12,0.00873762928
5.76136756e-08,1.17085744e-10,0.00873762928,4.3700793e-11,7.33849509e-11,0,0,6.37402575e-09,2.90833091e-12,0.00873762928
5.8524833e-08,1.15949667e-10,0.00873762928,4.22662426e-11,7.36834205e-11,0,0,6.56525145e-09,3.06897043e-12,0.00873762928
5.94359726e-08,1.20708415e-10,0.00873762928,4.26531969e-11,7.80552151e-11,0,0,6.7729915e-09,3.18193063e-12,0.00873762928
6.03016446e-08,1.31280417e-10,0.00873762928,4.54338026e-11,8.58466145e-11,0,0,7.00116409e-09,3.39655886e-12,0.00873762928
6.12129725e-08,1.47231144e-10,0.00873762928,4.99896548e-11,9.72414926e-11,0,0,7.2594637e-09,3.54777882e-12,0.00873762928
6.21244993e-08,1.66617151e-10,0.00873762928,5.60807581e-11,1.10536393e-10,0,0,7.52286322e-09,3.64104103e-12,0.00873762928
6.30362536e-08,1.80868889e-10,0.00873762928,6.20490256e-11,1.18819871e-10,0,0,7.77163134e-09,3.69341667e-12,0.00873762928
6.39024975e-08,1.82676624e-10,0.00873762928,6.42860695e-11,1.18390561e-10,0,0,7.98277622e-09,3.74867802e-12,0.00873762928
6.48141452e-08,1.81371834e-10,0.00873762928,6.5107017e-11,1.16264824e-10,0,0,8.18653145e-09,3.82178317e-12,0.00873762928
6.5725601e-08,1.77829571e-10,0.00873762928,6.51284443e-11,1.12701126e-10,0,0,8.3718481e-09,3.90000315e-12,0.00873762928
6.66369786e-08,1.72720407e-10,0.00873762928,6.57357224e-11,1.06984685e-10,0,0,8.54432525e-09,4.0055151e-12,0.00873762928
6.75025191e-08,1.69996558e-10,0.00873762928,6.61197139e-11,1.03876845e-10,0,0,8.73497541e-09,4.20347524e-12,0.00873762928
6.84134775e-08,1.67218503e-10,0.00873762928,6.41459594e-11,1.03072537e-10,0,0,8.95802277e-09,4.40956429e-12,0.00873762928
6.93244289e-08,1.72067999e-10,0.00873762928,6.3799771e-11,1.08268228e-10,0,0,9.20195475e-09,4.58260166e-12,0.00873762928
7.02354441e-08,1.861796e-10,0.00873762928,6.72612938e-11,1.18918306e-10,0,0,9.48095114e-09,4.83244998e-12,0.00873762928
7.11010344e-08,2.05133896e-10,0.00873762928,7.26640415e-11,1.32469855e-10,0,0,9.76707337e-09,5.02052566e-12,0.00873762928
7.20124405e-08,2.29521138e-10,0.00873762928,8.03712999e-11,1.49149831e-10,0,0,1.00745865e-08,5.16328473e-12,0.00873762928
7.29241378e-08,2.49190418e-10,0.00873762928,8.86201668e-11,1.60570252e-10,0,0,1.03646132e-08,5.24334916e-12,0.00873762928
7.38361834e-08,2.50205384e-10,0.00873762928,9.12127873e-11,1.58992597e-10,0,0,1.06206466e-08,5.33205034e-12,0.00873762928
7.47029176e-08,2.46750925e-10,0.00873762928,9.12447687e-11,1.55506164e-10,0,0,1.08432667e-08,5.43617842e-12,0.00873762928
7.5615425e-08,2.41651726e-10,0.00873762928,9.04622002e-11,1.51189533e-10,0,0,1.10565548e-08,5.55379744e-12,0.00873762928
7.65280035e-08,2.34439385e-10,0.00873762928,9.10331532e-11,1.43406231e-10,0,0,1.12497753e-08,5.66899349e-12,0.00873762928
7.7440717e-08,2.30972935e-10,0.00873762928,9.26840271e-11,1.38288908e-10,0,0,1.147699e-08,5.93325302e-12,0.00873762928
7.83077851e-08,2.25901839e-10,0.00873762928,9.03778302e-11,1.35524009e-10,0,0,1.17161614e-08,6.17594777e-12,0.00873762928
7.92205057e-08,2.30674035e-10,0.00873762928,8.96269101e-11,1.41047132e-10,0,0,1.19927437e-08,6.42318794e-12,0.00873762928
8.01331268e-08,2.47289189e-10,0.00873762928,9.35065012e-11,1.53782695e-10,0,0,1.23093189e-08,6.7156467e-12,0.00873762928
8.10453784e-08,2.72522727e-10,0.00873762928,1.00673858e-10,1.71848882e-10,0,0,1.26546835e-08,6.97745507e-12,0.00873762928
8.19116579e-08,3.03283426e-10,0.00873762928,1.10371157e-10,1.92912283e-10,0,0,1.29886741e-08,7.14769129e-12,0.00873762928
8.28232558e-08,3.31147526e-10,0.00873762928,1.21542401e-10,2.09605125e-10,0,0,1.33222766e-08,7.26324383e-12,0.00873762928
8.37348537e-08,3.32212258e-10,0.00873762928,1.2515719e-10,2.07055081e-10,0,0,1.36142813e-08,7.38756972e-12,0.00873762928
8.46007282e-08,3.26743688e-10,0.00873762928,1.25437313e-10,2.01306388e-10,0,0,1.3866889e-08,7.53031838e-12,0.00873762928
8.55118856e-08,3.19056503e-10,0.00873762928,1.24199553e-10,1.94856964e-10,0,0,1.41070746e-08,7.69734883e-12,0.00873762928
8.64229577e-08,3.09673259e-10,0.00873762928,1.24412425e-10,1.85260848e-10,0,0,1.43223495e-08,7.84867484e-12,0.00873762928
8.73362183e-08,3.05265591e-10,0.00873762928,1.26597621e-10,1.78667955e-10,0,0,1.4575523e-08,8.1654206e-12,0.00873762928
8.82037341e-08,2.98950475e-10,0.00873762928,1.24301208e-10,1.74649267e-10,0,0,1.48431045e-08,8.45621403e-12,0.00873762928
8.91165755e-08,3.01812519e-10,0.00873762928,1.22519786e-10,1.79292733e-10,0,0,1.51494799e-08,8.75740973e-12,0.00873762928
9.0029225e-08,3.20625054e-10,0.00873762928,1.27704486e-10,1.92920582e-10,0,0,1.55009339e-08,9.13872016e-12,0.00873762928
9.09414837e-08,3.51292662e-10,0.00873762928,1.36578901e-10,2.14713761e-10,0,0,1.58896398e-08,9.44893296e-12,0.00873762928
9.18077419e-08,3.87903071e-10,0.00873763021,1.47496695e-10,2.40406389e-10,0,0,1.62659024e-08,9.6916598e-12,0.00873762928
9.2719219e-08,4.24989016e-10,0.00873763021,1.61396452e-10,2.63592564e-10,0,0,1.66455152e-08,9.85663114e-12,0.00873762928
9.36307529e-08,4.30950414e-10,0.00873763021,1.66366226e-10,2.64584188e-10,0,0,1.6976168e-08,1.00283488e-11,0.00873762928
9.45421164e-08,4.22646418e-10,0.00873763021,1.66256356e-10,2.56390048e-10,0,0,1.72725088e-08,1.02256849e-11,0.00873762928
9.54076285e-08,4.11237905e-10,0.00873763021,1.64688665e-10,2.46549253e-10,0,0,1.75249291e-08,1.04367391e-11,0.00873762928
9.63185585e-08,3.96896099e-10,0.00873763021,1.63806954e-10,2.33089131e-10,0,0,1.77634991e-08,1.06417618e-11,0.00873762928
9.72291616e-08,3.89948185e-10,0.00873763021,1.65700079e-10,2.24248106e-10,0,0,1.80346369e-08,1.10028896e-11,0.00873762928
9.81393029e-08,3.84078852e-10,0.00873763021,1.64393735e-10,2.19685103e-10,0,0,1.83447462e-08,1.13793905e-11,0.00873762928
9.90039766e-08,3.87568533e-10,0.00873763021,1.62612215e-10,2.24956317e-10,0,0,1.866864e-08,1.17503706e-11,0.00873762928
9.99142031e-08,4.04861727e-10,0.00873763021,1.67203737e-10,2.37658004e-10,0,0,1.90489775e-08,1.21611497e-11,0.00873762928
1.00824522e-07,4.39398989e-10,0.00873763021,1.77821105e-10,2.61577898e-10,0,0,1.94822523e-08,1.25990876e-11,0.00873762928
1.01735182e-07,4.86168328e-10,0.00873763021,1.91634708e-10,2.94533647e-10,0,0,1.99257144e-08,1.2914436e-11,0.00873762928
1.0260073e-07,5.32681455e-10,0.00873763021,2.08605716e-10,3.24075711e-10,0,0,2.03282884e-08,1.31265467e-11,0.00873762928
1.03512406e-07,5.42778822e-10,0.00873763021,2.15393245e-10,3.27385591e-10,0,0,2.06954329e-08,1.33553628e-11,0.00873762928
1.04424522e-07,5.33229016e-10,0.00873763021,2.14976412e-10,3.18252591e-10,0,0,2.10220428e-08,1.36137551e-11,0.00873762928
1.05336952e-07,5.17246634e-10,0.00873763021,2.10862355e-10,3.06384251e-10,0,0,2.1315536e-08,1.39086746e-11,0.00873762928
1.06203778e-07,4.98980524e-10,0.00873763021,2.08730006e-10,2.90250546e-10,0,0,2.15645315e-08,1.41733448e-11,0.00873762928
1.07116428e-07,4.87588359e-10,0.00873763021,2.11917414e-10,2.75670931e-10,0,0,2.18534257e-08,1.46044721e-11,0.00873762928
1.08029127e-07,4.79520701e-10,0.00873763021,2.10976653e-10,2.68544048e-10,0,0,2.21892833e-08,1.50522459e-11,0.00873762928
1.08941862e-07,4.83810936e-10,0.00873763021,2.1037859e-10,2.7343236e-10,0,0,2.25565735e-08,1.55164857e-11,0.00873762928
1.0980893e-07,5.04206676e-10,0.00873763021,2.15230375e-10,2.88976287e-10,0,0,2.29488375e-08,1.60406081e-11,0.00873762928
1.10721288e-07,5.5123961e-10,0.00873763021,2.29560315e-10,3.21679294e-10,0,0,2.34324418e-08,1.6580062e-11,0.00873762928
1.11633391e-07,6.05528627e-10,0.00873763021,2.46646648e-10,3.5888198e-10,0,0,2.39213698e-08,1.69448101e-11,0.00873762928
1.12545194e-07,6.54903964e-10,0.00873763021,2.64596733e-10,3.90307231e-10,0,0,2.43863507e-08,1.72417722e-11,0.00873762928
1.13411367e-07,6.66900979e-10,0.00873763021,2.72270761e-10,3.94630245e-10,0,0,2.47727368e-08,1.75284717e-11,0.00873762928
1.14323043e-07,6.57676968e-10,0.00873763021,2.71881073e-10,3.85795923e-10,0,0,2.51305146e-08,1.7860843e-11,0.00873762928
1.15234521e-07,6.40752174e-10,0.00873763021,2.67323663e-10,3.7342851e-10,0,0,2.54474735e-08,1.82370629e-11,0.00873762928
1.16100331e-07,6.17849605e-10,0.00873763021,2.6280178e-10,3.55047824e-10,0,0,2.57163979e-08,1.8575726e-11,0.00873762928
1.17012846e-07,5.99671535e-10,0.00873763021,2.6451133e-10,3.35160205e-10,0,0,2.60179629e-08,1.90667343e-11,0.00873762928
1.1792639e-07,5.88793347e-10,0.00873763021,2.64691991e-10,3.24101357e-10,0,0,2.63797979e-08,1.95961407e-11,0.00873762928
1.18839395e-07,5.88644689e-10,0.00873763021,2.62428856e-10,3.26215832e-10,0,0,2.67738862e-08,2.01651144e-11,0.00873762928
1.19706527e-07,6.11156903e-10,0.00873763021,2.68384565e-10,3.42772338e-10,0,0,2.71880687e-08,2.07100725e-11,0.00873762928
1.20618807e-07,6.62530808e-10,0.00873763021,2.85566598e-10,3.7696421e-10,0,0,2.7705692e-08,2.13700342e-11,0.00873762928
1.21530491e-07,7.24781013e-10,0.00873763021,3.0648975e-10,4.18291235e-10,0,0,2.82407537e-08,2.18969096e-11,0.00873762928
1.22441691e-07,7.89031895e-10,0.00873763021,3.30469041e-10,4.58562854e-10,0,0,2.87579436e-08,2.22926452e-11,0.00873762928
1.23307203e-07,8.10355172e-10,0.00873763021,3.42375406e-10,4.67979766e-10,0,0,2.91869107e-08,2.26573742e-11,0.00873762928
1.24218317e-07,7.98444089e-10,0.00873763021,3.41953826e-10,4.5649029e-10,0,0,2.95781266e-08,2.30706391e-11,0.00873762928
1.25129063e-07,7.80016607e-10,0.00873763021,3.35675515e-10,4.44341119e-10,0,0,2.99255625e-08,2.35358313e-11,0.00873762928
1.26039581e-07,7.5416956e-10,0.00873763021,3.28360533e-10,4.25809055e-10,0,0,3.02352632e-08,2.39815008e-11,0.00873762928
1.26904467e-07,7.33315464e-10,0.00873763021,3.30131783e-10,4.03183681e-10,0,0,3.05389776e-08,2.45212375e-11,0.00873762928
1.27813919e-07,7.17343573e-10,0.00873763021,3.31069921e-10,3.86273624e-10,0,0,3.09243866e-08,2.51618205e-11,0.00873762928
1.28723428e-07,7.10197956e-10,0.00873763021,3.26646793e-10,3.83551163e-10,0,0,3.13463531e-08,2.58733313e-11,0.00873762928
1.29632937e-07,7.39865502e-10,0.00873763021,3.35257822e-10,4.04607708e-10,0,0,3.18117372e-08,2.65750737e-11,0.00873762928
1.30542389e-07,8.09059875e-10,0.00873763021,3.59176938e-10,4.49882936e-10,0,0,3.23743663e-08,2.73157399e-11,0.00873762928
1.31406679e-07,8.7216584e-10,0.00873763021,3.79296733e-10,4.92869079e-10,0,0,3.29226602e-08,2.79205149e-11,0.00873762928
1.32317084e-07,9.42880551e-10,0.00873763021,4.04161843e-10,5.38718681e-10,0,0,3.34852324e-08,2.84323832e-11,0.00873762928
1.33228099e-07,9.71117187e-10,0.00873763021,4.1978257e-10,5.51334645e-10,0,0,3.39789068e-08,2.89098294e-11,0.00873762928
1.34139626e-07,9.53730317e-10,0.00873763021,4.1888068e-10,5.34849609e-10,0,0,3.43994877e-08,2.94289766e-11,0.00873762928
1.35005379e-07,9.29515354e-10,0.00873763021,4.10895595e-10,5.18619758e-10,0,0,3.4751384e-08,2.99725973e-11,0.00873762928
1.3591665e-07,8.99035291e-10,0.00873763021,4.00049827e-10,4.98985464e-10,0,0,3.50815128e-08,3.05288538e-11,0.00873762928
1.36827737e-07,8.73939532e-10,0.00873763021,4.00829203e-10,4.73110273e-10,0,0,3.54115564e-08,3.11580865e-11,0.00873762928
1.37738184e-07,8.59577021e-10,0.00873763021,4.05785794e-10,4.53791227e-10,0,0,3.58212908e-08,3.19005829e-11,0.00873762928
1.38603042e-07,8.44272319e-10,0.00873763021,4.01005201e-10,4.43267117e-10,0,0,3.62451509e-08,3.26960126e-11,0.00873762928
1.39513375e-07,8.65640781e-10,0.00873763021,4.05609601e-10,4.6003118e-10,0,0,3.6732839e-08,3.34602901e-11,0.00873762928
1.40423793e-07,9.32791511e-10,0.00873763021,4.27698849e-10,5.05092634e-10,0,0,3.73351234e-08,3.4418652e-11,0.00873762928
1.41334269e-07,1.01761355e-09,0.00873763021,4.54731724e-10,5.62881797e-10,0,0,3.79617617e-08,3.52017929e-11,0.00873762928
1.4224517e-07,1.11604048e-09,0.00873763021,4.89248475e-10,6.26792063e-10,0,0,3.8571649e-08,3.58032042e-11,0.00873762928
1.43110455e-07,1.1592074e-09,0.00873763021,5.10703702e-10,6.48503695e-10,0,0,3.90800921e-08,3.63496976e-11,0.00873762928
1.44021357e-07,1.13423682e-09,0.00873763021,5.0740917e-10,6.2682759e-10,0,0,3.95350312e-08,3.69806928e-11,0.00873762928
1.44932059e-07,1.09653653e-09,0.00873763021,4.93841523e-10,6.02695005e-10,0,0,3.99353937e-08,3.76785374e-11,0.00873762928
1.45842435e-07,1.06075715e-09,0.00873763021,4.81489293e-10,5.79267911e-10,0,0,4.02889384e-08,3.83733115e-11,0.00873762928
1.4670718e-07,1.03087161e-09,0.00873763021,4.80583739e-10,5.50287871e-10,0,0,4.0608235e-08,3.90686372e-11,0.00873762928
1.47616447e-07,1.02349518e-09,0.00873763021,4.87639928e-10,5.35855305e-10,0,0,4.10463024e-08,3.99818234e-11,0.00873762928
1.4852543e-07,1.00752351e-09,0.00873763021,4.84431828e-10,5.23091626e-10,0,0,4.15257944e-08,4.09422531e-11,0.00873762928
1.49434541e-07,1.0280552e-09,0.00873763021,4.90685215e-10,5.37369982e-10,0,0,4.20384723e-08,4.18450552e-11,0.00873762928
1.50343638e-07,1.09728848e-09,0.00873763021,5.15561482e-10,5.81727055e-10,0,0,4.2679396e-08,4.30261035e-11,0.00873762928
1.51207331e-07,1.1890311e-09,0.00873763021,5.45435808e-10,6.43595233e-10,0,0,4.33174563e-08,4.38876782e-11,0.00873762928
1.52117209e-07,1.29139321e-09,0.00873763021,5.77878523e-10,7.13514692e-10,0,0,4.3968182e-08,4.46247102e-11,0.00873762928
1.53027941e-07,1.35495504e-09,0.00873763021,6.04135575e-10,7.50819407e-10,0,0,4.45504824e-08,4.53215139e-11,0.00873762928
1.5393951e-07,1.33473232e-09,0.00873763021,6.03719408e-10,7.31012917e-10,0,0,4.50391191e-08,4.60818536e-11,0.00873762928
1.54806102e-07,1.29066713e-09,0.00873763021,5.90477556e-10,7.00189517e-10,0,0,4.54443274e-08,4.68802566e-11,0.00873762928
1.55718524e-07,1.23941901e-09,0.00873763021,5.73230297e-10,6.6618866e-10,0,0,4.58193341e-08,4.77362594e-11,0.00873762928
1.56631046e-07,1.19715382e-09,0.00873763021,5.68711911e-10,6.2844191e-10,0,0,4.61639402e-08,4.85655891e-11,0.00873762928
1.57543766e-07,1.19267396e-09,0.00873763021,5.79679693e-10,6.12994266e-10,0,0,4.66293351e-08,4.96231667e-11,0.00873762928
1.58410799e-07,1.17927013e-09,0.00873763021,5.78908421e-10,6.0036176e-10,0,0,4.71096691e-08,5.06325502e-11,0.00873762928
1.59323562e-07,1.19689847e-09,0.00873763021,5.85127669e-10,6.11770801e-10,0,0,4.7648296e-08,5.16946798e-11,0.00873762928
1.60236041e-07,1.26962241e-09,0.00873763021,6.12030815e-10,6.57591648e-10,0,0,4.83229314e-08,5.30994103e-11,0.00873762928
1.61102449e-07,1.37718936e-09,0.00873763021,6.502483e-10,7.26941063e-10,0,0,4.90170855e-08,5.4134669e-11,0.00873762928
1.62014018e-07,1.50071244e-09,0.00873763021,6.91859681e-10,8.08852707e-10,0,0,4.97231589e-08,5.50371207e-11,0.00873762928
1.62925332e-07,1.57613589e-09,0.00873763021,7.20258408e-10,8.55877424e-10,0,0,5.03475022e-08,5.58574784e-11,0.00873762928
1.63836674e-07,1.55602486e-09,0.00873763021,7.14502679e-10,8.41522185e-10,0,0,5.0873286e-08,5.67458858e-11,0.00873762928
1.647023e-07,1.51111368e-09,0.00873763021,6.97309765e-10,8.13803913e-10,0,0,5.13092502e-08,5.76998102e-11,0.00873762928
1.65613315e-07,1.45730084e-09,0.00873763021,6.81368906e-10,7.7593193e-10,0,0,5.17066319e-08,5.87447521e-11,0.00873762928
1.66524217e-07,1.39688672e-09,0.00873763021,6.73538114e-10,7.23348548e-10,0,0,5.20538066e-08,5.9720319e-11,0.00873762928
1.67438145e-07,1.38348233e-09,0.00873763021,6.82518042e-10,7.00964342e-10,4.64696461e-18,0,5.25384927e-08,6.09867365e-11,0.00873762928
1.68306016e-07,1.37313771e-09,0.00873763021,6.83935186e-10,6.89202528e-10,5.06793544e-18,0,5.30471453e-08,6.21682913e-11,0.00873762928
1.69218879e-07,1.39586764e-09,0.00873763021,6.93671676e-10,7.02195968e-10,5.06793544e-18,0,5.36185247e-08,6.34124281e-11,0.00873762928
1.70131443e-07,1.47459234e-09,0.00873763021,7.27863547e-10,7.46728734e-10,5.18782575e-18,0,5.43167005e-08,6.49628545e-11,0.00873762928
1.71043311e-07,1.59198066e-09,0.00873763021,7.71157693e-10,8.2082291e-10,5.30311281e-18,0,5.5091256e-08,6.63113592e-11,0.00873762928
1.71908695e-07,1.70392389e-09,0.00873763021,8.07345024e-10,8.96578811e-10,5.30311281e-18,0,5.58093589e-08,6.73604436e-11,0.00873762928
1.72819242e-07,1.80172011e-09,0.00873763021,8.43419501e-10,9.58300661e-10,5.30311281e-18,0,5.64960345e-08,6.83284748e-11,0.00873762928
1.73729859e-07,1.79363924e-09,0.00873763021,8.43705605e-10,9.49933687e-10,5.30311281e-18,0,5.70620706e-08,6.93599414e-11,0.00873762928
1.74640562e-07,1.74265125e-09,0.00873763021,8.21147927e-10,9.21503318e-10,5.30311281e-18,0,5.75487604e-08,7.05140599e-11,0.00873762928
1.75505306e-07,1.69362258e-09,0.00873763021,8.02844957e-10,8.90777563e-10,5.30311281e-18,0,5.79529917e-08,7.16887591e-11,0.00873762928
1.76415412e-07,1.63193536e-09,0.00873763021,7.94227517e-10,8.37707848e-10,5.30311281e-18,0,5.83225166e-08,7.28488381e-11,0.00873762928
1.77324878e-07,1.60413915e-09,0.00873763021,8.06429701e-10,7.97709343e-10,1.11639617e-16,0,5.88180029e-08,7.42760228e-11,0.00873762928
1.78233108e-07,1.58452529e-09,0.00873763021,8.07767409e-10,7.76757714e-10,1.47116335e-16,0,5.93764682e-08,7.56996479e-11,0.00873762928
1.79141566e-07,1.61368308e-09,0.00873763021,8.19025903e-10,7.94657007e-10,1.50995574e-16,0,5.99806711e-08,7.71402525e-11,0.00873762928
1.80004761e-07,1.68775072e-09,0.00873763021,8.47806936e-10,8.39943615e-10,1.55316276e-16,0,6.06613995e-08,7.87889268e-11,0.00873762928
1.80913048e-07,1.80948345e-09,0.00873763021,8.92855789e-10,9.16627496e-10,1.60193875e-16,0,6.14733935e-08,8.03894729e-11,0.00873762928
1.81822116e-07,1.95064875e-09,0.00873763021,9.39158751e-10,1.01148989e-09,1.60193875e-16,0,6.22827585e-08,8.18231663e-11,0.00873762928
1.82732109e-07,2.06529105e-09,0.00873763021,9.84101134e-10,1.08118969e-09,1.60193875e-16,0,6.3011484e-08,8.30289726e-11,0.00873762928
1.83642584e-07,2.04037143e-09,0.00873763021,9.78545467e-10,1.06182563e-09,1.60193875e-16,0,6.36034017e-08,8.42667949e-11,0.00873762928
1.84507542e-07,1.97855132e-09,0.00873763021,9.50010626e-10,1.02854048e-09,1.60193875e-16,0,6.40874589e-08,8.55531757e-11,0.00873762928
1.85417719e-07,1.91522975e-09,0.00873763021,9.19313903e-10,9.95915683e-10,1.6031606e-16,0,6.4530262e-08,8.70270453e-11,0.00873762928
1.86327597e-07,1.8556644e-09,0.00873763021,9.0904656e-10,9.46617673e-10,1.64102099e-16,0,6.49145591e-08,8.84446197e-11,0.00873762928
1.87236964e-07,1.83183457e-09,0.00873763021,9.27511234e-10,9.04321951e-10,1.40549193e-15,0,6.54112995e-08,9.01165392e-11,0.00873762928
1.88144909e-07,1.80049231e-09,0.00873763021,9.30715394e-10,8.69774863e-10,2.06415555e-15,0,6.59878836e-08,9.1781388e-11,0.00873762928
1.89007807e-07,1.81879733e-09,0.00873763021,9.40941658e-10,8.77853512e-10,2.08650134e-15,0,6.65819613e-08,9.34201258e-11,0.00873762928
1.89916108e-07,1.89007188e-09,0.00873763021,9.68720104e-10,9.21349497e-10,2.24704331e-15,0,6.73051375e-08,9.52977419e-11,0.00873762928
1.90824139e-07,2.03966222e-09,0.00873763021,1.02289632e-09,1.01676334e-09,2.52627386e-15,0,6.81653489e-08,9.72481123e-11,0.00873762928
1.9173288e-07,2.20938623e-09,0.00873763021,1.07947484e-09,1.12990883e-09,2.53508448e-15,0,6.90172683e-08,9.882406e-11,0.00873762928
1.9264256e-07,2.3382869e-09,0.00873763021,1.12623288e-09,1.21205135e-09,2.53796567e-15,0,6.97926978e-08,1.00249614e-10,0.00873762928
1.93507375e-07,2.33336506e-09,0.00873763021,1.13268239e-09,1.20068011e-09,2.58120966e-15,0,7.04031891e-08,1.01647947e-10,0.00873762928
1.94417836e-07,2.24826602e-09,0.00873763021,1.09733289e-09,1.15093057e-09,2.59742251e-15,0,7.09427184e-08,1.03181429e-10,0.00873762928
1.9532817e-07,2.16630736e-09,0.00873763021,1.06177389e-09,1.1045308e-09,2.62134738e-15,0,7.1406852e-08,1.04844834e-10,0.00873762928
1.96238148e-07,2.09671946e-09,0.00873763021,1.04765951e-09,1.04905729e-09,2.67170709e-15,0,7.18072641e-08,1.06454769e-10,0.00873762928
1.9710231e-07,2.07729056e-09,0.00873763021,1.06967135e-09,1.0075768e-09,4.23618795e-14,0,7.22736786e-08,1.08247085e-10,0.00873762928
1.98010241e-07,2.06052442e-09,0.00873763021,1.08311338e-09,9.77334436e-10,7.6746457e-14,0,7.28674365e-08,1.10147308e-10,0.00873762928
1.98918443e-07,2.06623763e-09,0.00873763021,1.09078468e-09,9.75375336e-10,7.77070601e-14,0,7.35130001e-08,1.12157394e-10,0.00873762928
1.99826601e-07,2.12933116e-09,0.00873763021,1.12142018e-09,1.00783271e-09,7.82629915e-14,0,7.42555883e-08,1.14237418e-10,0.00873762928
2.00734419e-07,2.28360619e-09,0.00873763021,1.17791121e-09,1.10561205e-09,8.29190503e-14,0,7.51622053e-08,1.16388135e-10,0.00873762928
2.01642834e-07,2.46377008e-09,0.00873763021,1.23637911e-09,1.22730803e-09,8.29890491e-14,0,7.6063273e-08,1.18275126e-10,0.00873762928
2.02506925e-07,2.62875677e-09,0.00873763021,1.28844391e-09,1.34022982e-09,8.30645502e-14,0,7.68535102e-08,1.19890625e-10,0.00873762928
2.03417571e-07,2.65495581e-09,0.00873763021,1.30016831e-09,1.35470402e-09,8.3584127e-14,0,7.75420119e-08,1.21616342e-10,0.00873762928
2.04329268e-07,2.56595079e-09,0.00873763021,1.26218735e-09,1.30367972e-09,8.36428705e-14,0,7.81175018e-08,1.23400748e-10,0.00873762928
2.05241491e-07,2.45771914e-09,0.00873763021,1.21768495e-09,1.23995036e-09,8.37404622e-14,0,7.86090908e-08,1.25294997e-10,0.00873762928
2.06108169e-07,2.36505171e-09,0.00873763021,1.19325072e-09,1.17171628e-09,8.46367721e-14,0,7.90107961e-08,1.27020561e-10,0.00873762928
2.07020193e-07,2.3303055e-09,0.00873763021,1.21344612e-09,1.11615861e-09,7.00639199e-13,0,7.9504737e-08,1.29102506e-10,0.00873762928
2.0793189e-07,2.33777664e-09,0.00873763021,1.24103094e-09,1.0956247e-09,1.12103426e-12,0,8.0136175e-08,1.31287217e-10,0.00873762928
2.08843957e-07,2.35442221e-09,0.00873763021,1.25511268e-09,1.09817766e-09,1.13196681e-12,0,8.08193619e-08,1.33544689e-10,0.00873762928
2.09710635e-07,2.39858133e-09,0.00873763021,1.27894118e-09,1.11850207e-09,1.13805493e-12,0,8.15339831e-08,1.35828404e-10,0.00873762928
2.10622645e-07,2.56848365e-09,0.00873763021,1.34591593e-09,1.22126209e-09,1.30565849e-12,0,8.24955535e-08,1.38289269e-10,0.00873762928
2.11534314e-07,2.74932144e-09,0.00873763021,1.40354717e-09,1.34446432e-09,1.30983679e-12,0,8.34559089e-08,1.40465847e-10,0.00873762928
2.124453e-07,2.93412405e-09,0.00873763021,1.46047618e-09,1.4723377e-09,1.31016422e-12,0,8.43359516e-08,1.42433745e-10,0.00873762928
2.13310756e-07,2.97340108e-09,0.00873763021,1.47414436e-09,1.49794366e-09,1.31299995e-12,0,8.50200621e-08,1.44337098e-10,0.00873762928
2.14221728e-07,2.89829849e-09,0.00873763021,1.44330303e-09,1.45368173e-09,1.31378112e-12,0,8.56153406e-08,1.46417919e-10,0.00873762928
2.15132431e-07,2.79002954e-09,0.00873763021,1.39466205e-09,1.3940531e-09,1.31437255e-12,0,8.6118952e-08,1.4863924e-10,0.00873762928
2.16043077e-07,2.67073474e-09,0.00873763021,1.36064315e-09,1.30877487e-09,1.31681439e-12,0,8.65489724e-08,1.50747331e-10,0.00873762928
2.16908887e-07,2.59538968e-09,0.00873763021,1.36726597e-09,1.22631816e-09,1.80544772e-12,0,8.700232e-08,1.52897861e-10,0.00873762928
2.17821722e-07,2.59166288e-09,0.00873763021,1.40281575e-09,1.18604082e-09,2.80631724e-12,0,8.76453186e-08,1.55321533e-10,0.00873762928
2.18734357e-07,2.60952104e-09,0.00873763021,1.42080181e-09,1.18589349e-09,2.82572923e-12,0,8.83458924e-08,1.57922772e-10,0.00873762928
2.19601418e-07,2.68422728e-09,0.00873763021,1.45639001e-09,1.22500898e-09,2.8283671e-12,0,8.90675054e-08,1.60403177e-10,0.00873762928
2.20513428e-07,2.87618951e-09,0.00873763021,1.53383295e-09,1.33909217e-09,3.26427622e-12,0,9.00757229e-08,1.63318373e-10,0.00873762928
2.21424969e-07,3.06017034e-09,0.00873763021,1.59691771e-09,1.4599606e-09,3.29211007e-12,0,9.10939733e-08,1.65694111e-10,0.00873762928
2.22335913e-07,3.22487637e-09,0.00873763021,1.64819247e-09,1.57339142e-09,3.29259016e-12,0,9.2038853e-08,1.67854397e-10,0.00873762928
2.23201098e-07,3.29802408e-09,0.00873763021,1.66922776e-09,1.62547731e-09,3.3190319e-12,0,9.28028072e-08,1.69977976e-10,0.00873762928
2.24112028e-07,3.25311311e-09,0.00873763021,1.64337588e-09,1.60641334e-09,3.32390625e-12,0,9.34536928e-08,1.72345055e-10,0.00873762928
2.25022703e-07,3.17466564e-09,0.00873763021,1.60365554e-09,1.56767777e-09,3.33245497e-12,0,9.3995375e-08,1.74862888e-10,0.00873762928
2.25933192e-07,3.07331516e-09,0.00873763021,1.5766507e-09,1.49331947e-09,3.34504234e-12,0,9.44547054e-08,1.77275097e-10,0.00873762928
2.2684354e-07,2.96867309e-09,0.00873763021,1.57519431e-09,1.38914935e-09,4.32937497e-12,0,9.49391037e-08,1.79748452e-10,0.00873762928
2.27706892e-07,2.93514413e-09,0.00873763021,1.60219027e-09,1.32591149e-09,7.04239531e-12,0,9.55750963e-08,1.82287713e-10,0.00873762928
2.2861559e-07,2.93753466e-09,0.00873763021,1.62211722e-09,1.30832911e-09,7.08833079e-12,0,9.63097904e-08,1.8519343e-10,0.00873762928
2.29524304e-07,3.02618641e-09,0.00873763021,1.66140801e-09,1.35767952e-09,7.09886577e-12,0,9.70836425e-08,1.88037738e-10,0.00873762928
2.30432406e-07,3.23883365e-09,0.00873763021,1.74220594e-09,1.48856394e-09,8.06376754e-12,0,9.81370647e-08,1.91498983e-10,0.00873762928
2.31340181e-07,3.46738593e-09,0.00873763021,1.8237224e-09,1.63551139e-09,8.15212654e-12,0,9.92121798e-08,1.94345193e-10,0.00873762928
2.32204144e-07,3.65590114e-09,0.00873763021,1.89078975e-09,1.75694248e-09,8.16893688e-12,0,1.00163795e-07,1.96699504e-10,0.00873762928
2.33113951e-07,3.68411279e-09,0.00873763021,1.89737426e-09,1.77804904e-09,8.68948923e-12,0,1.00985673e-07,1.99171943e-10,0.00873762928
2.34023759e-07,3.59122465e-09,0.00873763021,1.84945037e-09,1.73299375e-09,8.78044859e-12,0,1.01654159e-07,2.01878458e-10,0.00873762928
2.34933623e-07,3.51236218e-09,0.00873763021,1.80091642e-09,1.70244696e-09,8.99896043e-12,0,1.02212702e-07,2.04848777e-10,0.00873762928
2.35843444e-07,3.43273654e-09,0.00873763021,1.77258375e-09,1.65090508e-09,9.24768595e-12,0,1.02677348e-07,2.07712722e-10,0.00873762928
2.36707677e-07,3.33920935e-09,0.00873763021,1.77523174e-09,1.55438939e-09,9.58835268e-12,0,1.03106451e-07,2.10364115e-10,0.00873762928
2.37615311e-07,3.30839289e-09,0.00873763021,1.80803772e-09,1.48412593e-09,1.62291933e-11,0,1.03785446e-07,2.13371584e-10,0.00873762928
2.38522006e-07,3.27211613e-09,0.00873763021,1.8189269e-09,1.43685608e-09,1.63331831e-11,0,1.0453337e-07,2.16610507e-10,0.00873762928
2.39428942e-07,3.33968941e-09,0.00873763021,1.8569406e-09,1.46637757e-09,1.63711735e-11,0,1.05319309e-07,2.19743418e-10,0.00873762928
2.40335993e-07,3.53277341e-09,0.00873763021,1.94120786e-09,1.57427638e-09,1.72891562e-11,0,1.06361661e-07,2.23707108e-10,0.00873762928
2.41242105e-07,3.81976273e-09,0.00873763021,2.03229344e-09,1.76983939e-09,1.7630071e-11,0,1.07482506e-07,2.27063132e-10,0.00873762928
2.42104477e-07,4.05556744e-09,0.00873763021,2.10706474e-09,1.93084393e-09,1.7658883e-11,0,1.08472484e-07,2.29815847e-10,0.00873762928
2.4301346e-07,4.12062695e-09,0.00873763021,2.1259885e-09,1.97448524e-09,2.01533859e-11,0,1.09357188e-07,2.32641018e-10,0.00873762928
2.43923182e-07,3.98331901e-09,0.00873763021,2.07227613e-09,1.89036675e-09,2.06763998e-11,0,1.10067816e-07,2.35637898e-10,0.00873762928
2.44832989e-07,3.83788556e-09,0.00873763021,2.00507366e-09,1.81200077e-09,2.08112139e-11,0,1.1065692e-07,2.3899116e-10,0.00873762928
2.4574274e-07,3.74212927e-09,0.00873763021,1.96434224e-09,1.7565791e-09,2.12080613e-11,0,1.11145624e-07,2.42375564e-10,0.00873762928
2.46606731e-07,3.69363251e-09,0.00873763021,1.97754457e-09,1.69412306e-09,2.19649472e-11,0,1.11560809e-07,2.45438142e-10,0.00873762928
2.47514407e-07,3.73239217e-09,0.00873763021,2.03085859e-09,1.6697147e-09,3.1818749e-11,0,1.12268715e-07,2.48840865e-10,0.00873762928
2.4842052e-07,3.70102682e-09,0.00873763021,2.05412376e-09,1.61469205e-09,3.22109318e-11,0,1.13042177e-07,2.5227101e-10,0.00873762928
2.49327286e-07,3.70831144e-09,0.00873763021,2.08151807e-09,1.59456681e-09,3.22265339e-11,0,1.13863166e-07,2.55784255e-10,0.00873762928
2.50233938e-07,3.85366761e-09,0.00873763021,2.15472351e-09,1.66557557e-09,3.33686342e-11,0,1.14918514e-07,2.60024224e-10,0.00873762928
2.51139852e-07,4.15562207e-09,0.00873763021,2.2416502e-09,1.88028459e-09,3.36874417e-11,0,1.16083264e-07,2.63865374e-10,0.00873762928
2.52001968e-07,4.4449715e-09,0.00873763021,2.31850605e-09,2.09272932e-09,3.3736243e-11,0,1.17126994e-07,2.67081857e-10,0.00873762928
2.5291078e-07,4.61090099e-09,0.00873763021,2.37489761e-09,2.19912e-09,3.68831285e-11,0,1.18077722e-07,2.70214073e-10,0.00873762928
2.5382073e-07,4.48153248e-09,0.00873763021,2.33186959e-09,2.11135998e-09,3.83026492e-11,0,1.1882635e-07,2.73444989e-10,0.00873762928
2.54732299e-07,4.25790248e-09,0.00873763114,2.25442398e-09,1.96446015e-09,3.9018469e-11,0,1.19440145e-07,2.76993178e-10,0.00873762928
2.55644579e-07,4.10673184e-09,0.00873763114,2.20035612e-09,1.8666575e-09,3.97183154e-11,0,1.19949718e-07,2.80738682e-10,0.00873762928
2.56511214e-07,4.05562739e-09,0.00873763114,2.21174035e-09,1.80304982e-09,4.08373994e-11,0,1.20355679e-07,2.84189255e-10,0.00873762928
2.57422556e-07,4.12588852e-09,0.00873763021,2.27460117e-09,1.79855753e-09,5.27300599e-11,0,1.21074578e-07,2.88070762e-10,0.00873762928
2.58334182e-07,4.13936085e-09,0.00873763021,2.3138147e-09,1.77199633e-09,5.35496439e-11,0,1.21875232e-07,2.91870222e-10,0.00873762928
2.59200561e-07,4.15204005e-09,0.00873763021,2.34673525e-09,1.75171155e-09,5.35931785e-11,0,1.22681044e-07,2.95440505e-10,0.00873762928
2.60112671e-07,4.2641819e-09,0.00873763021,2.40504816e-09,1.80372484e-09,5.54087193e-11,0,1.2375618e-07,3.0011213e-10,0.00873762928
2.6102461e-07,4.52002169e-09,0.00873763021,2.48932097e-09,1.97436245e-09,5.63380731e-11,0,1.24969588e-07,3.0433292e-10,0.00873762928
2.61935725e-07,4.83329243e-09,0.00873763021,2.569984e-09,2.20684915e-09,5.64595384e-11,0,1.26135546e-07,3.08314568e-10,0.00873762928
2.62800768e-07,5.07847941e-09,0.00873763021,2.64633382e-09,2.37017583e-09,6.19696655e-11,0,1.27097849e-07,3.11756676e-10,0.00873762928
2.63711286e-07,5.03366504e-09,0.00873763021,2.62305e-09,2.34505659e-09,6.55585655e-11,0,1.27884192e-07,3.15359849e-10,0.00873762928
2.64621889e-07,4.83062301e-09,0.00873763114,2.55060062e-09,2.21396013e-09,6.60621349e-11,0,1.28523993e-07,3.19170079e-10,0.00873762928
2.65532009e-07,4.62266669e-09,0.00873763114,2.47980703e-09,2.07607087e-09,6.67889216e-11,0,1.29056914e-07,3.23177624e-10,0.00873762928
2.66442129e-07,4.47615367e-09,0.00873763114,2.47454146e-09,1.9330535e-09,6.85585963e-11,0,1.295017e-07,3.27110034e-10,0.00873762928
2.67308849e-07,4.50584503e-09,0.00873763114,2.54298538e-09,1.8810189e-09,8.18409229e-11,0,1.30181974e-07,3.31201816e-10,0.00873762928
2.68221754e-07,4.54979698e-09,0.00873763114,2.59947464e-09,1.86733051e-09,8.29917732e-11,0,1.30997321e-07,3.35474148e-10,0.00873762928
2.69134404e-07,4.66121142e-09,0.00873763021,2.65852229e-09,1.91962846e-09,8.3060496e-11,0,1.31880384e-07,3.39785228e-10,0.00873762928
2.70001095e-07,4.84518914e-09,0.00873763021,2.7336422e-09,2.02574357e-09,8.58034616e-11,0,1.3293851e-07,3.44503648e-10,0.00873762928
2.70912693e-07,5.084694e-09,0.00873763021,2.81450663e-09,2.18104756e-09,8.91395777e-11,0,1.34225218e-07,3.49185403e-10,0.00873762928
2.71823723e-07,5.29718536e-09,0.00873763114,2.86307911e-09,2.34325204e-09,9.08540049e-11,0,1.35437318e-07,3.53492152e-10,0.00873762928
2.72734155e-07,5.51046453e-09,0.00873763114,2.90829916e-09,2.50330046e-09,9.88649579e-11,0,1.36487884e-07,3.57583574e-10,0.00873762928
2.73644531e-07,5.5248206e-09,0.00873763114,2.87798163e-09,2.54329779e-09,1.0354146e-10,0,1.37306486e-07,3.61717628e-10,0.00873762928
2.74509233e-07,5.43516121e-09,0.00873763114,2.82795853e-09,2.50285059e-09,1.04351944e-10,0,1.37933654e-07,3.65797836e-10,0.00873762928
2.75419495e-07,5.24545651e-09,0.00873763114,2.76789125e-09,2.37248465e-09,1.05080576e-10,0,1.384699e-07,3.701425e-10,0.00873762928
2.76329843e-07,4.99588149e-09,0.00873763114,2.73973044e-09,2.14917284e-09,1.06977989e-10,0,1.38911233e-07,3.7433795e-10,0.00873762928
2.77239394e-07,4.92328178e-09,0.00873763114,2.80007861e-09,1.99795958e-09,1.25243718e-10,0,1.39593951e-07,3.79049375e-10,0.00873762928
2.78101311e-07,4.95853181e-09,0.00873763114,2.85831137e-09,1.97212047e-09,1.28099947e-10,0,1.40383406e-07,3.83630044e-10,0.00873762928
2.790091e-07,5.12040588e-09,0.00873763114,2.92562619e-09,2.06662798e-09,1.28151753e-10,0,1.41282925e-07,3.88613086e-10,0.00873762928
2.79916833e-07,5.4061764e-09,0.00873763021,3.0285352e-09,2.24732521e-09,1.30315841e-10,0,1.42402243e-07,3.94216715e-10,0.00873762928
2.80824139e-07,5.68919178e-09,0.00873763021,3.13578141e-09,2.41671327e-09,1.36697195e-10,0,1.43736671e-07,3.99383832e-10,0.00873762928
2.81731928e-07,5.80243764e-09,0.00873763114,3.16549786e-09,2.4975535e-09,1.3938628e-10,0,1.4499048e-07,4.0407544e-10,0.00873762928
2.8264148e-07,5.95841065e-09,0.00873763114,3.18740989e-09,2.62115063e-09,1.49850146e-10,0,1.46114459e-07,4.08626327e-10,0.00873762928
2.8350567e-07,6.01467498e-09,0.00873763114,3.16673843e-09,2.68819456e-09,1.5974197e-10,0,1.46948224e-07,4.13179851e-10,0.00873762928
2.84416643e-07,5.94563199e-09,0.00873763114,3.10092019e-09,2.68421951e-09,1.60492231e-10,0,1.4764251e-07,4.18130641e-10,0.00873762928
2.8532736e-07,5.83415893e-09,0.00873763114,3.06367287e-09,2.60909561e-09,1.61390554e-10,0,1.48204933e-07,4.23043739e-10,0.00873762928
2.86238532e-07,5.62191316e-09,0.00873763114,3.04423264e-09,2.41477016e-09,1.62910518e-10,0,1.48666842e-07,4.27635372e-10,0.00873762928
2.87105735e-07,5.5187579e-09,0.00873763114,3.10188164e-09,2.23833907e-09,1.78537338e-10,0,1.49284702e-07,4.32390096e-10,0.00873762928
2.88020516e-07,5.49479395e-09,0.00873763114,3.16489457e-09,2.14490603e-09,1.84993146e-10,0,1.50136643e-07,4.37771847e-10,0.00873762928
2.88933563e-07,5.58037794e-09,0.00873763114,3.21320104e-09,2.18216489e-09,1.850117e-10,0,1.51065748e-07,4.43569931e-10,0.00873762928
2.89800425e-07,5.86880988e-09,0.00873763114,3.3162455e-09,2.36546027e-09,1.87104041e-10,0,1.52129758e-07,4.49484977e-10,0.00873762928
2.90711966e-07,6.26809449e-09,0.00873763114,3.45012174e-09,2.62488609e-09,1.93086783e-10,0,1.53526472e-07,4.55382176e-10,0.00873762928
2.91623138e-07,6.4825354e-09,0.00873763114,3.51170781e-09,2.77374701e-09,1.97080713e-10,0,1.54834794e-07,4.60634392e-10,0.00873762928
2.92532519e-07,6.63491617e-09,0.00873763114,3.53221186e-09,2.89413049e-09,2.08573867e-10,0,1.56016526e-07,4.65521705e-10,0.00873762928
2.93442071e-07,6.57944721e-09,0.00873763114,3.49524565e-09,2.86137225e-09,2.22829311e-10,0,1.56934234e-07,4.70820383e-10,0.00873762928
2.94305892e-07,6.40994946e-09,0.00873763114,3.41120265e-09,2.77330581e-09,2.25440944e-10,0,1.5761151e-07,4.76236828e-10,0.00873762928
2.95215671e-07,6.29653751e-09,0.00873763114,3.35331918e-09,2.7170024e-09,2.26215865e-10,0,1.58184847e-07,4.81934825e-10,0.00873762928
2.96124966e-07,6.21570084e-09,0.00873763114,3.34673911e-09,2.64098232e-09,2.27979441e-10,0,1.58649073e-07,4.87173302e-10,0.00873762928
2.97033893e-07,6.1648513e-09,0.00873763114,3.39711725e-09,2.52379428e-09,2.43939563e-10,0,1.5926959e-07,4.92541563e-10,0.00873762928
2.979383e-07,6.13974827e-09,0.00873763114,3.48553431e-09,2.40046627e-09,2.5374769e-10,0,1.60128025e-07,4.98222907e-10,0.00873762928
2.98843247e-07,6.09127726e-09,0.00873763114,3.52053964e-09,2.31691977e-09,2.53818244e-10,0,1.61063809e-07,5.04626396e-10,0.00873762928
2.99703203e-07,6.29430685e-09,0.00873763114,3.61791419e-09,2.42197218e-09,2.5442079e-10,0,1.6209502e-07,5.11217013e-10,0.00873762928
3.00607667e-07,6.76037804e-09,0.00873763114,3.75087339e-09,2.74797962e-09,2.61525052e-10,0,1.63524405e-07,5.17884791e-10,0.00873762928
3.01512074e-07,7.09750081e-09,0.00873763114,3.83590759e-09,2.99509528e-09,2.66498046e-10,0,1.6486986e-07,5.2368837e-10,0.00873762928
3.02419039e-07,7.26994154e-09,0.00873763114,3.8602872e-09,3.13450998e-09,2.75144463e-10,0,1.66133177e-07,5.29123023e-10,0.00873762928
3.03327226e-07,7.27593585e-09,0.00873763114,3.86839272e-09,3.11060577e-09,2.96937391e-10,0,1.67186329e-07,5.34851552e-10,0.00873762928
3.04236693e-07,7.02730318e-09,0.00873763114,3.79361165e-09,2.93096991e-09,3.02721209e-10,0,1.67966732e-07,5.41105938e-10,0.00873762928
3.05101054e-07,6.84190704e-09,0.00873763114,3.71294373e-09,2.82515478e-09,3.03808728e-10,0,1.68558586e-07,5.47104417e-10,0.00873762928
3.06010548e-07,6.8334538e-09,0.00873763114,3.72537867e-09,2.80361467e-09,3.04460429e-10,0,1.6906867e-07,5.5317867e-10,0.00873762928
3.06920128e-07,6.8685968e-09,0.00873763114,3.78806586e-09,2.76198175e-09,3.18549326e-10,0,1.6966878e-07,5.59069013e-10,0.00873762928
3.07825189e-07,6.91204161e-09,0.00873763114,3.90898958e-09,2.66941114e-09,3.33641004e-10,0,1.70561762e-07,5.65285374e-10,0.00873762928
3.08730307e-07,6.78443701e-09,0.00873763114,3.91684241e-09,2.5339153e-09,3.33679251e-10,0,1.71538801e-07,5.72529801e-10,0.00873762928
3.09635624e-07,6.99231295e-09,0.00873763114,4.02121003e-09,2.63703703e-09,3.34065803e-10,0,1.72674703e-07,5.79887194e-10,0.00873762928
3.10540372e-07,7.42276463e-09,0.00873763114,4.14954915e-09,2.93297098e-09,3.40244527e-10,0,1.74150031e-07,5.87440208e-10,0.00873762928
3.11445206e-07,7.76801024e-09,0.00873763114,4.22187485e-09,3.19678106e-09,3.49354573e-10,0,1.75532975e-07,5.94364002e-10,0.00873762928
3.12307094e-07,8.0273832e-09,0.00873763114,4.2672883e-09,3.39853434e-09,3.61560809e-10,0,1.76741196e-07,6.00066719e-10,0.00873762928
3.13215878e-07,8.02043321e-09,0.00873763114,4.22917479e-09,3.41212369e-09,3.79134807e-10,0,1.77767959e-07,6.06071027e-10,0.00873762928
3.14125884e-07,7.78196707e-09,0.00873763114,4.16808454e-09,3.22923355e-09,3.84648813e-10,0,1.78541669e-07,6.12637996e-10,0.00873762928
3.15035891e-07,7.50250706e-09,0.00873763114,4.07347533e-09,3.04156367e-09,3.87468141e-10,0,1.79132414e-07,6.19535367e-10,0.00873762928
3.15900252e-07,7.34070982e-09,0.00873763114,4.04321554e-09,2.90845326e-09,3.89041133e-10,0,1.79581804e-07,6.26023011e-10,0.00873762928
3.16810315e-07,7.29019067e-09,0.00873763114,4.08186462e-09,2.80812706e-09,4.00198902e-10,0,1.80109993e-07,6.32581543e-10,0.00873762928
3.17717166e-07,7.45775441e-09,0.00873763114,4.23472146e-09,2.79526691e-09,4.27765712e-10,0,1.80996565e-07,6.39242381e-10,0.00873762928
3.18624245e-07,7.43317408e-09,0.00873763114,4.27724034e-09,2.72791545e-09,4.28018176e-10,0,1.81958285e-07,6.46849019e-10,0.00873762928
3.19531097e-07,7.66278951e-09,0.00873763114,4.38256809e-09,2.84972246e-09,4.30499164e-10,0,1.83097214e-07,6.54810317e-10,0.00873762928
3.20437692e-07,8.00686184e-09,0.00873763114,4.52487248e-09,3.04121506e-09,4.40773945e-10,0,1.84608865e-07,6.62837674e-10,0.00873762928
3.21344146e-07,8.24678015e-09,0.00873763114,4.57388305e-09,3.21949001e-09,4.53406812e-10,0,1.86090375e-07,6.70676292e-10,0.00873762928
3.22207114e-07,8.48767456e-09,0.00873763114,4.60642902e-09,3.4175025e-09,4.63742322e-10,0,1.87366396e-07,6.77358003e-10,0.00873762928
3.2311678e-07,8.75660433e-09,0.00873763114,4.6198787e-09,3.64855368e-09,4.88172114e-10,0,1.88515571e-07,6.83794632e-10,0.00873762928
3.24025564e-07,8.72773676e-09,0.00873763114,4.58959581e-09,3.63781139e-09,5.00329944e-10,0,1.89368265e-07,6.90463298e-10,0.00873762928
3.2493648e-07,8.42832204e-09,0.00873763114,4.51314364e-09,3.4135339e-09,5.0164467e-10,0,1.90031329e-07,6.97617242e-10,0.00873762928
3.25802432e-07,8.12768164e-09,0.00873763207,4.49014648e-09,3.13450088e-09,5.0303417e-10,0,1.90537889e-07,7.04758529e-10,0.00873762928
3.26713831e-07,7.95535016e-09,0.00873763207,4.53873916e-09,2.90713298e-09,5.09477682e-10,0,1.91046126e-07,7.12066128e-10,0.00873762928
3.27626594e-07,8.14229839e-09,0.00873763114,4.67585393e-09,2.92066993e-09,5.45774759e-10,0,1.91968994e-07,7.19569071e-10,0.00873762928
3.28539329e-07,8.30392022e-09,0.00873763114,4.74963091e-09,3.00772651e-09,5.46562962e-10,0,1.92987116e-07,7.27462646e-10,0.00873762928
3.29406674e-07,8.61239347e-09,0.00873763114,4.85760676e-09,3.20228799e-09,5.52498935e-10,0,1.94146637e-07,7.35244587e-10,0.00873762928
3.3031958e-07,8.93548435e-09,0.00873763114,5.00737674e-09,3.35623285e-09,5.71874603e-10,0,1.95679164e-07,7.43402784e-10,0.00873762928
3.31230524e-07,9.06385011e-09,0.00873763114,5.05125497e-09,3.42505357e-09,5.87541349e-10,0,1.97238734e-07,7.51915197e-10,0.00873762928
3.32140701e-07,9.27675359e-09,0.00873763114,5.06248821e-09,3.61195696e-09,6.02308925e-10,0,1.98656082e-07,7.59917795e-10,0.00873762928
3.33005033e-07,9.56051593e-09,0.00873763114,5.06750997e-09,3.87020105e-09,6.22804641e-10,0,1.99799928e-07,7.6679435e-10,0.00873762928
3.33914841e-07,9.59432001e-09,0.00873763114,5.02247621e-09,3.93522548e-09,6.36617981e-10,0,2.00717253e-07,7.74085407e-10,0.00873762928
3.34824705e-07,9.38647471e-09,0.00873763114,4.98639174e-09,3.75960729e-09,6.40475839e-10,0,2.01415546e-07,7.81822551e-10,0.00873762928
3.35734228e-07,9.06825548e-09,0.00873763207,4.97470332e-09,3.45118356e-09,6.42368492e-10,0,2.01966898e-07,7.8973772e-10,0.00873762928
3.36644035e-07,8.85589913e-09,0.00873763207,5.04542497e-09,3.16434523e-09,6.46128651e-10,0,2.02443033e-07,7.97472366e-10,0.00873762928
3.37525933e-07,8.90814444e-09,0.00873763207,5.13281373e-09,3.08297832e-09,6.92352731e-10,0,2.03338587e-07,8.05721212e-10,0.00873762928
3.38440515e-07,8.95293883e-09,0.00873763114,5.1759379e-09,3.08396042e-09,6.9304007e-10,0,2.04369698e-07,8.15513823e-10,0.00873762928
3.39309963e-07,9.3384358e-09,0.00873763114,5.31489652e-09,3.32523897e-09,6.98299862e-10,0,2.05565016e-07,8.24160518e-10,0.00873762928
3.40221533e-07,9.71713021e-09,0.00873763114,5.4623861e-09,3.54658058e-09,7.0816325e-10,0,2.07068226e-07,8.3324897e-10,0.00873762928
3.41132164e-07,1.005332e-08,0.00873763114,5.58075008e-09,3.74054299e-09,7.32027161e-10,0,2.08675161e-07,8.42377224e-10,0.00873762928
3.42041972e-07,1.01931459e-08,0.00873763114,5.56982016e-09,3.86950205e-09,7.53824392e-10,0,2.10084679e-07,8.51146542e-10,0.00873762928
3.42905935e-07,1.01831601e-08,0.00873763207,5.48984147e-09,3.92600707e-09,7.67311603e-10,0,2.11188194e-07,8.58638716e-10,0.00873762928
3.43814975e-07,1.00634949e-08,0.00873763207,5.38173417e-09,3.90234201e-09,7.79419085e-10,0,2.12114429e-07,8.66874628e-10,0.00873762928
3.44724299e-07,9.97568161e-09,0.00873763207,5.35361622e-09,3.83387144e-09,7.88194343e-10,0,2.12815408e-07,8.75237827e-10,0.00873762928
3.45633651e-07,9.88361482e-09,0.00873763207,5.36842082e-09,3.72473563e-09,7.9045831e-10,0,2.13350646e-07,8.83488893e-10,0.00873762928
3.46542947e-07,9.77011894e-09,0.00873763207,5.45655165e-09,3.52071661e-09,7.92850896e-10,0,2.13771486e-07,8.9140495e-10,0.00873762928
3.47404637e-07,9.73562475e-09,0.00873763207,5.56518254e-09,3.33037242e-09,8.40069847e-10,0,2.14620101e-07,8.99643637e-10,0.00873762928
3.48306969e-07,9.58838253e-09,0.00873763207,5.61384672e-09,3.12772364e-09,8.46811843e-10,0,2.15604757e-07,9.09397946e-10,0.00873762928
3.49210296e-07,9.94964289e-09,0.00873763207,5.74206194e-09,3.3491232e-09,8.58457971e-10,0,2.16866354e-07,9.19567866e-10,0.00873762928
3.50113311e-07,1.04825064e-08,0.00873763114,5.89088689e-09,3.71800923e-09,8.73610073e-10,0,2.18352554e-07,9.29166466e-10,0.00873762928
3.51015927e-07,1.10650999e-08,0.00873763114,6.05934769e-09,4.10766221e-09,8.98090047e-10,0,2.20009355e-07,9.38632949e-10,0.00873762928
3.51919795e-07,1.12578471e-08,0.00873763114,6.09486639e-09,4.23725499e-09,9.25725774e-10,0,2.21490794e-07,9.47936285e-10,0.00873762928
3.52826049e-07,1.11132534e-08,0.00873763207,6.02978156e-09,4.1388577e-09,9.4461361e-10,0,2.22743282e-07,9.57089408e-10,0.00873762928
3.53733924e-07,1.08825704e-08,0.00873763207,5.9232006e-09,3.9993e-09,9.6006969e-10,0,2.23734276e-07,9.66606239e-10,0.00873762928
3.54643817e-07,1.07799023e-08,0.00873763207,5.85332272e-09,3.95751742e-09,9.69062275e-10,0,2.24488616e-07,9.75982295e-10,0.00873762928
3.5550886e-07,1.0822566e-08,0.00873763207,5.86778093e-09,3.98192945e-09,9.72855907e-10,0,2.25039173e-07,9.84429649e-10,0.00873762928
3.5642006e-07,1.0817816e-08,0.00873763207,5.96573102e-09,3.87595733e-09,9.76128067e-10,0,2.25487497e-07,9.92810723e-10,0.00873762928
3.57332794e-07,1.0771072e-08,0.00873763207,6.10524831e-09,3.63802211e-09,1.02780184e-09,0,2.26341442e-07,1.00209652e-09,0.00873762928
3.58200367e-07,1.05805729e-08,0.00873763207,6.14795237e-09,3.39022499e-09,1.04239595e-09,0,2.27331626e-07,1.0125113e-09,0.00873762928
3.59113699e-07,1.08673497e-08,0.00873763207,6.28134078e-09,3.53144203e-09,1.05456699e-09,0,2.28641866e-07,1.02376818e-09,0.00873762928
3.60026689e-07,1.13537233e-08,0.00873763207,6.3988157e-09,3.88635168e-09,1.06855602e-09,0,2.30138284e-07,1.03396347e-09,0.00873762928
3.60938117e-07,1.1911558e-08,0.00873763114,6.52495613e-09,4.29614744e-09,1.0904545e-09,0,2.31859602e-07,1.0441118e-09,0.00873762928
3.61803245e-07,1.22271029e-08,0.00873763207,6.57870558e-09,4.52275639e-09,1.1256408e-09,0,2.33349255e-07,1.05360276e-09,0.00873762928
3.62713138e-07,1.2174862e-08,0.00873763207,6.53017995e-09,4.49883242e-09,1.14584986e-09,0,2.34633958e-07,1.06341191e-09,0.00873762928
3.63622775e-07,1.1973559e-08,0.00873763207,6.44284892e-09,4.37169634e-09,1.15901422e-09,0,2.35649978e-07,1.07360654e-09,0.00873762928
3.64532013e-07,1.17608705e-08,0.00873763207,6.3426886e-09,4.24553281e-09,1.17264931e-09,0,2.36424341e-07,1.08391762e-09,0.00873762928
3.6544094e-07,1.16414718e-08,0.00873763207,6.31783204e-09,4.14382262e-09,1.17981702e-09,0,2.37012401e-07,1.09367548e-09,0.00873762928
3.66303652e-07,1.15728378e-08,0.00873763207,6.39032605e-09,3.99828481e-09,1.18422638e-09,0,2.37437632e-07,1.10255616e-09,0.00873762928
3.67214511e-07,1.16462315e-08,0.00873763207,6.56299948e-09,3.84639121e-09,1.23684119e-09,0,2.38216543e-07,1.11264342e-09,0.00873762928
3.68125797e-07,1.16629062e-08,0.00873763207,6.67714417e-09,3.72431574e-09,1.2614465e-09,0,2.39250738e-07,1.12388843e-09,0.00873762928
3.69037934e-07,1.19267867e-08,0.00873763207,6.78912881e-09,3.86338428e-09,1.27427369e-09,0,2.40583063e-07,1.13622833e-09,0.00873762928
3.6990312e-07,1.22855122e-08,0.00873763207,6.90716151e-09,4.07648093e-09,1.30186995e-09,0,2.4202069e-07,1.14653875e-09,0.00873762928
3.70815513e-07,1.26901689e-08,0.00873763207,7.01448455e-09,4.3384687e-09,1.33721567e-09,0,2.43816288e-07,1.15777044e-09,0.00873762928
3.71726344e-07,1.30389139e-08,0.00873763207,7.05704739e-09,4.60246197e-09,1.37940437e-09,0,2.45449542e-07,1.16869747e-09,0.00873762928
3.72636094e-07,1.32620483e-08,0.00873763207,7.02507208e-09,4.84152629e-09,1.39544942e-09,0,2.46837743e-07,1.17933407e-09,0.00873762928
3.73500285e-07,1.33164146e-08,0.00873763207,6.99659797e-09,4.90876229e-09,1.41105427e-09,0,2.4791899e-07,1.18917642e-09,0.00873762928
3.74409012e-07,1.30919213e-08,0.00873763207,6.9526096e-09,4.71201833e-09,1.42729373e-09,0,2.48788552e-07,1.1998651e-09,0.00873762928
3.75318308e-07,1.27270905e-08,0.00873763207,6.93535185e-09,4.35389325e-09,1.4378454e-09,0,2.49427387e-07,1.21047383e-09,0.00873762928
3.76227092e-07,1.25011557e-08,0.00873763207,6.99172809e-09,4.06489775e-09,1.44452961e-09,0,2.49914791e-07,1.22096644e-09,0.00873762928
3.77137866e-07,1.26594326e-08,0.00873763207,7.14202608e-09,4.01277411e-09,1.50463253e-09,0,2.50673651e-07,1.23152755e-09,0.00873762928
3.78005609e-07,1.29847244e-08,0.00873763207,7.31872918e-09,4.11441103e-09,1.55158442e-09,0,2.51698793e-07,1.2420226e-09,0.00873762928
3.78918628e-07,1.32606903e-08,0.00873763207,7.41774331e-09,4.28134506e-09,1.56160218e-09,0,2.53069118e-07,1.25551436e-09,0.00873762928
3.7983213e-07,1.35190374e-08,0.00873763207,7.54930607e-09,4.36865477e-09,1.6010766e-09,0,2.54577117e-07,1.26761757e-09,0.00873762928
3.80745064e-07,1.37509835e-08,0.00873763207,7.6233464e-09,4.48919657e-09,1.63844027e-09,0,2.56427739e-07,1.28058664e-09,0.00873762928
3.81610107e-07,1.40928957e-08,0.00873763207,7.6338118e-09,4.77668971e-09,1.682394e-09,0,2.58060112e-07,1.29266553e-09,0.00873762928
3.82519801e-07,1.44268757e-08,0.00873763207,7.5754647e-09,5.13868281e-09,1.7127284e-09,0,2.59473325e-07,1.3041892e-09,0.00873762928
3.83429693e-07,1.45201078e-08,0.00873763207,7.51503482e-09,5.26674659e-09,1.73832559e-09,0,2.60600586e-07,1.31530153e-09,0.00873762928
3.8433862e-07,1.43282923e-08,0.00873763207,7.50657136e-09,5.06836573e-09,1.75335491e-09,0,2.61475662e-07,1.32704303e-09,0.00873762928
3.85202213e-07,1.39988092e-08,0.00873763207,7.52877671e-09,4.70204853e-09,1.76798409e-09,0,2.62093437e-07,1.33860456e-09,0.00873762928
3.86110912e-07,1.37697729e-08,0.008737633,7.64427632e-09,4.3501176e-09,1.7753794e-09,0,2.62575554e-07,1.35053946e-09,0.00873762928
3.8702521e-07,1.3743092e-08,0.00873763207,7.74632536e-09,4.18174162e-09,1.81502491e-09,0,2.63221551e-07,1.36222222e-09,0.00873762928
3.87909694e-07,1.35571687e-08,0.00873763207,7.68874475e-09,4.02885414e-09,1.83957016e-09,0,2.6418158e-07,1.37997525e-09,0.00873762928
3.88835133e-07,1.40038203e-08,0.00873763207,7.89201238e-09,4.25111146e-09,1.86069671e-09,0,2.65571913e-07,1.39504508e-09,0.00873762928
3.8970947e-07,1.43535077e-08,0.00873763207,8.04519651e-09,4.43092496e-09,1.87738558e-09,0,2.66968101e-07,1.40915479e-09,0.00873762928
3.9062823e-07,1.47352841e-08,0.00873763207,8.1776319e-09,4.65376893e-09,1.90388305e-09,0,2.68811249e-07,1.42464684e-09,0.00873762928
3.91538464e-07,1.50881636e-08,0.00873763207,8.2301348e-09,4.88602314e-09,1.97200611e-09,0,2.70511379e-07,1.43915124e-09,0.00873762928
3.92444576e-07,1.52532262e-08,0.00873763207,8.19606605e-09,5.03924014e-09,2.01792028e-09,0,2.7187761e-07,1.45218404e-09,0.00873762928
3.93307118e-07,1.49218966e-08,0.008737633,8.00314659e-09,4.89436802e-09,2.02438155e-09,0,2.72871318e-07,1.46395851e-09,0.00873762928
3.94216613e-07,1.45827821e-08,0.008737633,7.85987631e-09,4.69466821e-09,2.02823713e-09,0,2.73729682e-07,1.47727719e-09,0.00873762928
3.95125909e-07,1.45364494e-08,0.008737633,7.89953702e-09,4.59635707e-09,2.04055572e-09,0,2.74429794e-07,1.49096557e-09,0.00873762928
3.96032988e-07,1.46179877e-08,0.00873763207,8.08397438e-09,4.48130244e-09,2.05271067e-09,0,2.74951134e-07,1.50406942e-09,0.00873762928
3.96942596e-07,1.44562966e-08,0.00873763207,8.22099189e-09,4.16168788e-09,2.07361683e-09,0,2.75558961e-07,1.51668145e-09,0.00873762928
3.97802069e-07,1.45443089e-08,0.00873763207,8.39370795e-09,4.02005362e-09,2.13054707e-09,0,2.76594761e-07,1.53020085e-09,0.00873762928
3.98703548e-07,1.48475747e-08,0.00873763207,8.5328109e-09,4.16720436e-09,2.14755969e-09,0,2.77961391e-07,1.54419644e-09,0.00873762928
3.99605256e-07,1.55218913e-08,0.00873763207,8.68376571e-09,4.66893191e-09,2.16919482e-09,0,2.79466235e-07,1.55800117e-09,0.00873762928
4.00507901e-07,1.61575553e-08,0.00873763207,8.84356322e-09,5.11548803e-09,2.19850471e-09,0,2.81241853e-07,1.57213753e-09,0.00873762928
4.01410773e-07,1.65767471e-08,0.00873763207,8.94138008e-09,5.37010125e-09,2.26526709e-09,0,2.8297336e-07,1.58567592e-09,0.00873762928
4.0231626e-07,1.65284959e-08,0.008737633,8.92977603e-09,5.27708277e-09,2.32163577e-09,0,2.84380576e-07,1.59888291e-09,0.00873762928
4.03223396e-07,1.5973681e-08,0.008737633,8.70607142e-09,4.93760233e-09,2.33000641e-09,0,2.85431298e-07,1.61196301e-09,0.00873762928
4.04132464e-07,1.56093858e-08,0.008737633,8.50807247e-09,4.76743622e-09,2.33387731e-09,0,2.86284262e-07,1.62621294e-09,0.00873762928
4.05042528e-07,1.57249413e-08,0.008737633,8.49814175e-09,4.8806581e-09,2.34614128e-09,0,2.86993412e-07,1.64031877e-09,0.00873762928
4.05907286e-07,1.59677018e-08,0.00873763207,8.6816927e-09,4.92228258e-09,2.36372699e-09,0,2.87515462e-07,1.6529409e-09,0.00873762928
4.06818202e-07,1.58419002e-08,0.00873763207,8.90496388e-09,4.55178029e-09,2.38515541e-09,0,2.88066076e-07,1.66569514e-09,0.00873762928
4.07731363e-07,1.59695386e-08,0.008737633,9.18598708e-09,4.30963798e-09,2.47391374e-09,0,2.89160056e-07,1.67991521e-09,0.00873762928
4.08644041e-07,1.60434617e-08,0.008737633,9.24873689e-09,4.30969127e-09,2.48503285e-09,0,2.9051219e-07,1.69654601e-09,0.00873762928
4.09512467e-07,1.66858154e-08,0.008737633,9.33920408e-09,4.8161608e-09,2.5304514e-09,0,2.92016693e-07,1.71129311e-09,0.00873762928
4.10424093e-07,1.74667871e-08,0.00873763207,9.4998871e-09,5.39382805e-09,2.57307176e-09,0,2.93830396e-07,1.726431e-09,0.00873762928
4.11336202e-07,1.79261885e-08,0.00873763207,9.59031965e-09,5.69911096e-09,2.63675659e-09,0,2.95626393e-07,1.74094972e-09,0.00873762928
4.12200166e-07,1.80266895e-08,0.008737633,9.62724389e-09,5.71965719e-09,2.67978817e-09,0,2.97066435e-07,1.754766e-09,0.00873762928
4.13108296e-07,1.76084356e-08,0.008737633,9.48337053e-09,5.43000622e-09,2.69505773e-09,0,2.98209528e-07,1.76906967e-09,0.00873762928
4.14018217e-07,1.70100503e-08,0.008737633,9.23440791e-09,5.0753628e-09,2.70028e-09,0,2.99076362e-07,1.78448922e-09,0.00873762928
4.14927626e-07,1.6797058e-08,0.008737633,9.12431286e-09,4.96620434e-09,2.70654121e-09,0,2.99774683e-07,1.79921766e-09,0.00873762928
4.15836752e-07,1.68709207e-08,0.008737633,9.23285093e-09,4.91449947e-09,2.72357026e-09,0,3.00318277e-07,1.81292359e-09,0.00873762928
4.16700431e-07,1.70137042e-08,0.008737633,9.51278611e-09,4.75952433e-09,2.74139422e-09,0,3.00777828e-07,1.8257964e-09,0.00873762928
4.17613961e-07,1.73577703e-08,0.00873763207,9.81909842e-09,4.69210093e-09,2.84657142e-09,0,3.01893834e-07,1.84311022e-09,0.00873762928
4.18527605e-07,1.75022414e-08,0.008737633,9.96494887e-09,4.67110617e-09,2.86618662e-09,0,3.03244803e-07,1.8615578e-09,0.00873762928
4.19441136e-07,1.78210691e-08,0.008737633,1.00050812e-08,4.9274278e-09,2.88856028e-09,0,3.04828433e-07,1.87901539e-09,0.00873762928
4.20308623e-07,1.83936759e-08,0.008737633,1.01371844e-08,5.32226796e-09,2.93422331e-09,0,3.06554455e-07,1.89468907e-09,0.00873762928
4.21218942e-07,1.89773282e-08,0.008737633,1.02344071e-08,5.71688075e-09,3.02604075e-09,0,3.08367959e-07,1.91068628e-09,0.00873762928
4.2212568e-07,1.94659755e-08,0.008737633,1.02973967e-08,6.07887074e-09,3.08970849e-09,0,3.09895682e-07,1.92663974e-09,0.00873762928
4.23035033e-07,1.93862544e-08,0.008737633,1.02097992e-08,6.07152106e-09,3.10493409e-09,0,3.1105813e-07,1.94228322e-09,0.00873762928
4.239443e-07,1.8746837e-08,0.008737633,1.00171782e-08,5.62161429e-09,3.10804493e-09,0,3.11960036e-07,1.9585813e-09,0.00873762928
4.24807922e-07,1.82015825e-08,0.008737633,9.94157023e-09,5.14781728e-09,3.11219495e-09,0,3.12655118e-07,1.97347472e-09,0.00873762928
4.25716564e-07,1.79282829e-08,0.008737633,9.95070071e-09,4.85277463e-09,3.12480819e-09,0,3.13230288e-07,1.98879824e-09,0.00873762928
4.2662478e-07,1.81818525e-08,0.008737633,1.01969464e-08,4.84016027e-09,3.1447458e-09,0,3.13735768e-07,2.00513206e-09,0.00873762928
4.27532314e-07,1.89268086e-08,0.008737633,1.05971738e-08,5.0667972e-09,3.26283756e-09,0,3.1483296e-07,2.02213712e-09,0.00873762928
4.28443826e-07,1.92009573e-08,0.00873763207,1.07634541e-08,5.13841147e-09,3.29909211e-09,0,3.16194956e-07,2.04050732e-09,0.00873762928
4.293085e-07,1.94321732e-08,0.008737633,1.08426308e-08,5.25613242e-09,3.33340977e-09,0,3.17756445e-07,2.05723127e-09,0.00873762928
4.30210605e-07,1.97062775e-08,0.008737633,1.08907816e-08,5.42304113e-09,3.39245432e-09,0,3.19536042e-07,2.07430029e-09,0.00873762928
4.31110379e-07,2.01462953e-08,0.008737633,1.09177929e-08,5.77064219e-09,3.45786089e-09,0,3.2139917e-07,2.0909654e-09,0.00873762928
4.32013707e-07,2.08223359e-08,0.008737633,1.09836158e-08,6.31427044e-09,3.52444962e-09,0,3.23072811e-07,2.10753615e-09,0.00873762928
4.32923031e-07,2.11478852e-08,0.008737633,1.10214016e-08,6.56750831e-09,3.55897445e-09,0,3.24370518e-07,2.12373785e-09,0.00873762928
4.3383028e-07,2.07102335e-08,0.008737633,1.0913209e-08,6.23117691e-09,3.5658474e-09,0,3.25361299e-07,2.13994622e-09,0.00873762928
4.34740002e-07,2.00466843e-08,0.008737633,1.08391092e-08,5.63756242e-09,3.57001251e-09,0,3.26151365e-07,2.15595453e-09,0.00873762928
4.3560388e-07,1.9762167e-08,0.00873763394,1.09071276e-08,5.27498933e-09,3.5800507e-09,0,3.2674842e-07,2.17077245e-09,0.00873762928
4.36512096e-07,1.98981898e-08,0.008737633,1.11302452e-08,5.15519405e-09,3.6127501e-09,0,3.27230907e-07,2.18638752e-09,0.00873762928
4.37424688e-07,2.06055297e-08,0.008737633,1.15168888e-08,5.33301892e-09,3.75562292e-09,0,3.28271824e-07,2.20309859e-09,0.00873762928
4.38338475e-07,2.09802202e-08,0.008737633,1.17186678e-08,5.45693446e-09,3.80461795e-09,0,3.29649623e-07,2.22160068e-09,0.00873762928
4.39206758e-07,2.13371845e-08,0.008737633,1.17889858e-08,5.71684211e-09,3.83135745e-09,0,3.3125508e-07,2.23809171e-09,0.00873762928
4.40118185e-07,2.17723262e-08,0.008737633,1.18827908e-08,5.97344751e-09,3.9160879e-09,0,3.33076429e-07,2.25492647e-09,0.00873762928
4.41017249e-07,2.22885692e-08,0.008737633,1.19848007e-08,6.28262242e-09,4.02114653e-09,0,3.35097525e-07,2.27185604e-09,0.00873762928
4.41918615e-07,2.26679457e-08,0.00873763394,1.19783605e-08,6.57206822e-09,4.11751655e-09,0,3.36864161e-07,2.28884511e-09,0.00873762928
4.42828025e-07,2.27720687e-08,0.00873763394,1.19116272e-08,6.70406575e-09,4.15637569e-09,0,3.38213539e-07,2.30528086e-09,0.00873762928
4.43737832e-07,2.2547793e-08,0.008737633,1.18112053e-08,6.57466837e-09,4.16191837e-09,0,3.39229558e-07,2.32197839e-09,0.00873762928
4.44601625e-07,2.22502603e-08,0.008737633,1.17610899e-08,6.32467767e-09,4.16449364e-09,0,3.39985348e-07,2.33801645e-09,0.00873762928
4.45510949e-07,2.1984274e-08,0.008737633,1.18251169e-08,5.98421046e-09,4.17494661e-09,0,3.40607983e-07,2.3543707e-09,0.00873762928
4.46418483e-07,2.17845759e-08,0.008737633,1.20275176e-08,5.55794077e-09,4.1991175e-09,0,3.41095671e-07,2.37064923e-09,0.00873762928
4.47326272e-07,2.18866596e-08,0.00873763394,1.22956738e-08,5.27893107e-09,4.31205605e-09,0,3.42023753e-07,2.38810083e-09,0.00873762928
4.48228292e-07,2.23823378e-08,0.008737633,1.25537749e-08,5.43435164e-09,4.39421211e-09,0,3.43368782e-07,2.40606357e-09,0.00873762928
4.49129828e-07,2.29918733e-08,0.008737633,1.25910544e-08,5.9715286e-09,4.42929027e-09,0,3.45028866e-07,2.42425302e-09,0.00873762928
4.50031166e-07,2.37831674e-08,0.008737633,1.27354678e-08,6.53840537e-09,4.50929383e-09,0,3.46862038e-07,2.4411948e-09,0.00873762928
4.50934408e-07,2.43041214e-08,0.008737633,1.28921158e-08,6.78607748e-09,4.62592809e-09,0,3.49008388e-07,2.45843723e-09,0.00873762928
4.51838332e-07,2.4430113e-08,0.00873763394,1.29361908e-08,6.73992195e-09,4.75400075e-09,0,3.50879901e-07,2.47617638e-09,0.00873762928
4.52743251e-07,2.44244767e-08,0.00873763394,1.28821664e-08,6.73869094e-09,4.80361839e-09,0,3.52293767e-07,2.4937572e-09,0.00873762928
4.53604258e-07,2.43102729e-08,0.00873763394,1.27398341e-08,6.76309853e-09,4.80734075e-09,0,3.53288755e-07,2.51075183e-09,0.00873762928
4.54511849e-07,2.42596521e-08,0.00873763394,1.26472086e-08,6.80202694e-09,4.81041651e-09,0,3.54112586e-07,2.5288851e-09,0.00873762928
4.55419951e-07,2.40909142e-08,0.008737633,1.26907889e-08,6.5785235e-09,4.82160178e-09,0,3.54762165e-07,2.54714605e-09,0.00873762928
4.5632828e-07,2.38154367e-08,0.00873763394,1.29351045e-08,6.0348504e-09,4.84548224e-09,0,3.55291633e-07,2.56506705e-09,0.00873762928
4.57240589e-07,2.35998812e-08,0.00873763394,1.31652884e-08,5.50938273e-09,4.92521002e-09,0,3.56132603e-07,2.58436916e-09,0.00873762928
4.58102022e-07,2.39748026e-08,0.00873763394,1.33905882e-08,5.55769475e-09,5.02652053e-09,0,3.57419253e-07,2.60342992e-09,0.00873762928
4.59008135e-07,2.44178651e-08,0.00873763394,1.33677354e-08,6.00525674e-09,5.04487208e-09,0,3.59030338e-07,2.62424082e-09,0.00873762928
4.59914361e-07,2.52558188e-08,0.008737633,1.34846045e-08,6.66722544e-09,5.10398879e-09,0,3.60825368e-07,2.64385824e-09,0.00873762928
4.6081999e-07,2.59708877e-08,0.00873763394,1.37131151e-08,7.03006231e-09,5.22771071e-09,0,3.62980643e-07,2.66288813e-09,0.00873762928
4.61726785e-07,2.63095945e-08,0.00873763394,1.38269263e-08,7.13636705e-09,5.34630162e-09,0,3.64982554e-07,2.68168332e-09,0.00873762928
4.62634489e-07,2.65367817e-08,0.00873763394,1.39087497e-08,7.19971638e-09,5.42831646e-09,0,3.6654788e-07,2.70023404e-09,0.00873762928
4.63543785e-07,2.62784763e-08,0.00873763394,1.37471599e-08,7.08983006e-09,5.44148682e-09,0,3.67622818e-07,2.71874878e-09,0.00873762928
4.64407435e-07,2.60785402e-08,0.00873763394,1.36445477e-08,6.98672142e-09,5.44727197e-09,0,3.68439174e-07,2.73679501e-09,0.00873762928
4.65316475e-07,2.59533426e-08,0.00873763394,1.3660979e-08,6.83713397e-09,5.4552296e-09,0,3.69118538e-07,2.75546919e-09,0.00873762928
4.66225089e-07,2.60519197e-08,0.00873763394,1.39354155e-08,6.62091804e-09,5.49558621e-09,0,3.69655282e-07,2.77341372e-09,0.00873762928
4.67133304e-07,2.6105603e-08,0.00873763394,1.42323247e-08,6.29046726e-09,5.5828111e-09,0,3.7044191e-07,2.79220358e-09,0.00873762928
4.68036603e-07,2.61207589e-08,0.00873763394,1.43525725e-08,6.09406303e-09,5.67412339e-09,0,3.71776451e-07,2.81377677e-09,0.00873762928
4.68933592e-07,2.6266699e-08,0.00873763394,1.43401184e-08,6.21078344e-09,5.71579628e-09,0,3.73430993e-07,2.83446733e-09,0.00873762928
4.69830752e-07,2.68493299e-08,0.00873763394,1.43794283e-08,6.68889921e-09,5.78100234e-09,0,3.75269963e-07,2.85466695e-09,0.00873762928
4.70728992e-07,2.78470722e-08,0.00873763394,1.46073251e-08,7.33668193e-09,5.90306559e-09,0,3.77483758e-07,2.87454527e-09,0.00873762928
4.71628653e-07,2.86791533e-08,0.00873763394,1.47819543e-08,7.80583775e-09,6.09136119e-09,0,3.7949917e-07,2.89428925e-09,0.00873762928
4.72530559e-07,2.91199385e-08,0.00873763394,1.49385606e-08,8.01643285e-09,6.164945e-09,0,3.81161641e-07,2.91442603e-09,0.00873762928
4.73434682e-07,2.86825887e-08,0.00873763394,1.48493573e-08,7.65705721e-09,6.17617424e-09,0,3.82400259e-07,2.93457836e-09,0.00873762928
4.74341277e-07,2.80226224e-08,0.00873763487,1.47496975e-08,7.09090919e-09,6.18201579e-09,0,3.83317627e-07,2.95563996e-09,0.00873762928
4.75203478e-07,2.78031713e-08,0.00873763487,1.47484274e-08,6.86553703e-09,6.18920781e-09,0,3.83973088e-07,2.97513414e-09,0.00873762928
4.76111296e-07,2.81966841e-08,0.00873763394,1.50028896e-08,6.96945124e-09,6.22434282e-09,0,3.845077e-07,2.99498915e-09,0.00873762928
4.77018091e-07,2.85877491e-08,0.00873763394,1.52927537e-08,6.98387348e-09,6.31112229e-09,0,3.8523342e-07,3.01469805e-09,0.00873762928
4.77926847e-07,2.90151405e-08,0.00873763394,1.5582966e-08,6.92070445e-09,6.51147047e-09,0,3.86601727e-07,3.03623615e-09,0.00873762928
4.78834295e-07,2.86717565e-08,0.00873763394,1.55210493e-08,6.6201653e-09,6.530541e-09,0,3.88301203e-07,3.05951864e-09,0.00873762928
4.79740663e-07,2.90913071e-08,0.00873763487,1.55332263e-08,6.93458402e-09,6.62349686e-09,0,3.90266536e-07,3.08229708e-09,0.00873762928
4.80600136e-07,3.0138537e-08,0.00873763487,1.57136064e-08,7.62102381e-09,6.80390722e-09,0,3.9235735e-07,3.10350634e-09,0.00873762928
4.81505822e-07,3.1268069e-08,0.00873763394,1.58966742e-08,8.39506598e-09,6.97632974e-09,0,3.94532293e-07,3.12529225e-09,0.00873762928
4.82411451e-07,3.19414077e-08,0.00873763394,1.6105103e-08,8.76315553e-09,7.07315051e-09,0,3.96378567e-07,3.14668047e-09,0.00873762928
4.83318843e-07,3.15570041e-08,0.00873763394,1.61060374e-08,8.3571976e-09,7.09376824e-09,0,3.97703445e-07,3.16770099e-09,0.00873762928
4.84227485e-07,3.07298791e-08,0.00873763487,1.59719225e-08,7.66011521e-09,7.09783965e-09,0,3.98706874e-07,3.19021765e-09,0.00873762928
4.85136354e-07,3.02850225e-08,0.00873763487,1.58993316e-08,7.27959915e-09,7.1060926e-09,0,3.99469371e-07,3.21260396e-09,0.00873762928
4.8604511e-07,3.04893817e-08,0.00873763394,1.60656608e-08,7.29226857e-09,7.13145187e-09,0,4.00095217e-07,3.23434191e-09,0.00873762928
4.86905378e-07,3.08094172e-08,0.00873763394,1.63305369e-08,7.28602734e-09,7.1928512e-09,0,4.00704806e-07,3.25422667e-09,0.00873762928
4.87811178e-07,3.13255448e-08,0.00873763394,1.66396124e-08,7.27502458e-09,7.41090833e-09,0,4.02113727e-07,3.27726335e-09,0.00873762928
4.88713169e-07,3.13033368e-08,0.00873763394,1.67070962e-08,7.12920922e-09,7.46703233e-09,0,4.03753234e-07,3.30230532e-09,0.00873762928
4.89612091e-07,3.1546918e-08,0.00873763487,1.66611525e-08,7.35942018e-09,7.52634488e-09,0,4.05682499e-07,3.32696115e-09,0.00873762928
4.90510899e-07,3.24136877e-08,0.00873763487,1.68526579e-08,7.86568677e-09,7.69534392e-09,0,4.0786e-07,3.35097483e-09,0.00873762928
4.91410788e-07,3.34540324e-08,0.00873763487,1.71032593e-08,8.44623571e-09,7.90453836e-09,0,4.10119497e-07,3.3746983e-09,0.00873762928
4.92309937e-07,3.41528583e-08,0.00873763487,1.72956156e-08,8.81432793e-09,8.04291478e-09,0,4.11960741e-07,3.39752471e-09,0.00873762928
4.93212269e-07,3.41111104e-08,0.00873763487,1.72961219e-08,8.74706707e-09,8.06792233e-09,0,4.13287893e-07,3.41976203e-09,0.00873762928
4.94115568e-07,3.37281207e-08,0.00873763487,1.72139867e-08,8.43842773e-09,8.07570633e-09,0,4.14314684e-07,3.44310802e-09,0.00873762928
4.95020345e-07,3.32899184e-08,0.00873763487,1.715763e-08,8.05222644e-09,8.08006195e-09,0,4.15092302e-07,3.46637141e-09,0.00873762928
4.9592478e-07,3.30215997e-08,0.00873763487,1.72501604e-08,7.67190844e-09,8.09952994e-09,0,4.15709906e-07,3.48929907e-09,0.00873762928
4.96829102e-07,3.29655947e-08,0.00873763487,1.74871087e-08,7.31579242e-09,8.16269541e-09,0,4.16260889e-07,3.51159124e-09,0.00873762928
4.97733197e-07,3.31283054e-08,0.00873763487,1.76236536e-08,7.16258874e-09,8.34206215e-09,0,4.17584971e-07,3.53785534e-09,0.00873762928
4.98635814e-07,3.37245218e-08,0.00873763394,1.78253785e-08,7.47148743e-09,8.42765591e-09,0,4.19369258e-07,3.56285246e-09,0.00873762928
4.99531723e-07,3.43250974e-08,0.00873763487,1.78520434e-08,7.9637541e-09,8.50930082e-09,0,4.21356702e-07,3.58793129e-09,0.00873762928
5.00429167e-07,3.49813263e-08,0.00873763487,1.80207991e-08,8.29989055e-09,8.66063576e-09,0,4.23545657e-07,3.61296859e-09,0.00873762928
5.01328998e-07,3.57518282e-08,0.00873763487,1.82923721e-08,8.55307203e-09,8.90638496e-09,0,4.25941835e-07,3.63860564e-09,0.00873762928
5.02228431e-07,3.64121711e-08,0.00873763487,1.8546233e-08,8.81763196e-09,9.0483061e-09,0,4.27933855e-07,3.66424402e-09,0.00873762928
5.03131901e-07,3.67011097e-08,0.00873763487,1.86198346e-08,9.00467967e-09,9.07659636e-09,0,4.2940232e-07,3.68920827e-09,0.00873762928
5.04036905e-07,3.66912332e-08,0.00873763487,1.85673734e-08,9.04091291e-09,9.08294417e-09,0,4.30507612e-07,3.71425535e-09,0.00873762928
5.04943614e-07,3.63668811e-08,0.00873763487,1.84715692e-08,8.80367068e-09,9.09164122e-09,0,4.31377941e-07,3.73936171e-09,0.00873762928
5.05804678e-07,3.60683643e-08,0.00873763487,1.85918072e-08,8.35557845e-09,9.12097864e-09,0,4.32058556e-07,3.76262932e-09,0.00873762928
5.06710194e-07,3.58111976e-08,0.00873763487,1.88538021e-08,7.77988962e-09,9.17750587e-09,0,4.32636483e-07,3.78634502e-09,0.00873762928
5.07615141e-07,3.61210866e-08,0.00873763487,1.91408187e-08,7.59222285e-09,9.38804678e-09,0,4.33986287e-07,3.81131438e-09,0.00873762928
5.0851753e-07,3.66592765e-08,0.00873763487,1.93016945e-08,7.84181431e-09,9.51576862e-09,0,4.35652879e-07,3.83862497e-09,0.00873762928
5.09416111e-07,3.72323115e-08,0.00873763487,1.92396428e-08,8.40801118e-09,9.58465751e-09,0,4.37723628e-07,3.86579657e-09,0.00873762928
5.10317363e-07,3.83134982e-08,0.00873763487,1.94772269e-08,9.01985953e-09,9.81641257e-09,0,4.3998989e-07,3.89277943e-09,0.00873762928
5.11216854e-07,3.93010247e-08,0.00873763487,1.97834638e-08,9.4489998e-09,1.00685584e-08,0,4.42463602e-07,3.91931243e-09,0.00873762928
5.12116173e-07,3.96278708e-08,0.0087376358,1.98919192e-08,9.51083212e-09,1.02251185e-08,0,4.44524773e-07,3.94645561e-09,0.00873762928
5.13017994e-07,3.9873516e-08,0.0087376358,1.99658743e-08,9.64590363e-09,1.02617355e-08,0,4.46190569e-07,3.97322752e-09,0.00873762928
5.13921691e-07,3.97332087e-08,0.00873763487,1.99233092e-08,9.54201873e-09,1.02678825e-08,0,4.47390505e-07,4.00023747e-09,0.00873762928
5.14826752e-07,3.94196427e-08,0.00873763487,1.98734291e-08,9.27282784e-09,1.02733848e-08,0,4.48280218e-07,4.02727052e-09,0.00873762928
5.15732324e-07,3.92692208e-08,0.00873763487,1.99855883e-08,8.98515218e-09,1.02984794e-08,0,4.4897871e-07,4.05288247e-09,0.00873762928
5.16635282e-07,3.90368591e-08,0.00873763487,2.01704857e-08,8.52226822e-09,1.0344106e-08,0,4.49569285e-07,4.08056655e-09,0.00873762928
5.17540741e-07,3.92994259e-08,0.00873763487,2.05072261e-08,8.22584223e-09,1.05663585e-08,0,4.5076348e-07,4.10821643e-09,0.00873762928
5.18401009e-07,3.93905601e-08,0.00873763487,2.05814779e-08,8.11602074e-09,1.06930624e-08,0,4.52285803e-07,4.13748502e-09,0.00873762928
5.19305956e-07,4.0007194e-08,0.0087376358,2.0572223e-08,8.60964455e-09,1.08253282e-08,0,4.54419109e-07,4.16779722e-09,0.00873762928
5.20209369e-07,4.08876737e-08,0.0087376358,2.05958841e-08,9.31201072e-09,1.09797762e-08,0,4.56530586e-07,4.19772084e-09,0.00873762928
5.2111244e-07,4.20855315e-08,0.00873763487,2.09420019e-08,9.93301441e-09,1.12105143e-08,0,4.58989689e-07,4.22674473e-09,0.00873762928
5.22013238e-07,4.26964704e-08,0.00873763487,2.11911164e-08,1.01319451e-08,1.1373408e-08,0,4.61193338e-07,4.2551016e-09,0.00873762928
5.22916935e-07,4.30500258e-08,0.0087376358,2.14627285e-08,1.01425242e-08,1.1444774e-08,0,4.63044273e-07,4.2835917e-09,0.00873762928
5.23821257e-07,4.26620446e-08,0.0087376358,2.1446807e-08,9.73501102e-09,1.14802283e-08,0,4.64324074e-07,4.31244596e-09,0.00873762928
5.24727568e-07,4.22511413e-08,0.0087376358,2.13786056e-08,9.38761513e-09,1.14849197e-08,0,4.65263867e-07,4.34214975e-09,0.00873762928
5.25634391e-07,4.21977795e-08,0.00873763487,2.14217089e-08,9.27729271e-09,1.14987788e-08,0,4.66010107e-07,4.37050129e-09,0.00873762928
5.26541669e-07,4.23552535e-08,0.00873763487,2.16286757e-08,9.16977871e-09,1.15567982e-08,0,4.6667904e-07,4.39832792e-09,0.00873762928
5.27403245e-07,4.24691819e-08,0.00873763487,2.18628955e-08,8.87209595e-09,1.17341905e-08,0,4.67731809e-07,4.42536008e-09,0.00873762928
5.28308078e-07,4.2769944e-08,0.00873763487,2.216143e-08,8.67191918e-09,1.19365948e-08,0,4.6937754e-07,4.455039e-09,0.00873762928
5.29212059e-07,4.27639506e-08,0.0087376358,2.20365131e-08,8.72066774e-09,1.20067689e-08,0,4.71391445e-07,4.48640503e-09,0.00873762928
5.30114221e-07,4.3817316e-08,0.0087376358,2.21372574e-08,9.45603507e-09,1.22240236e-08,0,4.73557321e-07,4.51608528e-09,0.00873762928
5.31013086e-07,4.50661695e-08,0.0087376358,2.23997088e-08,1.01722817e-08,1.24941808e-08,0,4.75983001e-07,4.54456073e-09,0.00873762928
5.31912292e-07,4.60418264e-08,0.0087376358,2.27055885e-08,1.05897913e-08,1.27464457e-08,0,4.78216123e-07,4.57311744e-09,0.00873762928
5.32810759e-07,4.65001975e-08,0.0087376358,2.30254464e-08,1.0640874e-08,1.28338788e-08,0,4.80014478e-07,4.60220706e-09,0.00873762928
5.33711443e-07,4.60801495e-08,0.0087376358,2.3076403e-08,1.01464597e-08,1.28572868e-08,0,4.8129408e-07,4.63119587e-09,0.00873762928
5.34614173e-07,4.54240485e-08,0.0087376358,2.29614923e-08,9.5986632e-09,1.28638922e-08,0,4.82230348e-07,4.66090277e-09,0.00873762928
5.35517245e-07,4.51170905e-08,0.0087376358,2.2839254e-08,9.39317601e-09,1.28846596e-08,0,4.82961582e-07,4.68964645e-09,0.00873762928
5.36419748e-07,4.52265887e-08,0.0087376358,2.29699015e-08,9.31903088e-09,1.29376563e-08,0,4.83591862e-07,4.71783235e-09,0.00873762928
5.37322364e-07,4.54483313e-08,0.00873763487,2.31947386e-08,9.18247522e-09,1.30711193e-08,0,4.84514374e-07,4.74683004e-09,0.00873762928
5.38227312e-07,4.59746161e-08,0.00873763487,2.35248461e-08,9.17261911e-09,1.32771492e-08,0,4.86102806e-07,4.77811479e-09,0.00873762928
5.391326e-07,4.59687186e-08,0.0087376358,2.34796431e-08,9.12850329e-09,1.33605704e-08,0,4.88073965e-07,4.81191043e-09,0.00873762928
5.40036524e-07,4.66333319e-08,0.0087376358,2.34869759e-08,9.6382502e-09,1.3508104e-08,0,4.90310356e-07,4.84376805e-09,0.00873762928
5.40932035e-07,4.78444555e-08,0.0087376358,2.38098359e-08,1.02156719e-08,1.38189495e-08,0,4.92884624e-07,4.8738058e-09,0.00873762928
5.41830559e-07,4.91268963e-08,0.0087376358,2.4215721e-08,1.07749072e-08,1.41362673e-08,0,4.95350889e-07,4.90471486e-09,0.00873762928
5.42728628e-07,5.01925719e-08,0.0087376358,2.46337173e-08,1.12494343e-08,1.43094194e-08,0,4.97333019e-07,4.93545338e-09,0.00873762928
5.43629085e-07,5.01229103e-08,0.0087376358,2.46561953e-08,1.11253096e-08,1.43414054e-08,0,4.98803047e-07,4.96481478e-09,0.00873762928
5.44531474e-07,4.95883867e-08,0.0087376358,2.46052956e-08,1.06317826e-08,1.43513086e-08,0,4.99936334e-07,4.99443331e-09,0.00873762928
5.45434716e-07,4.89527885e-08,0.0087376358,2.44886671e-08,1.00961612e-08,1.43679602e-08,0,5.00781482e-07,5.02305353e-09,0.00873762928
5.46338299e-07,4.87489018e-08,0.0087376358,2.45493545e-08,9.77436798e-09,1.4425181e-08,0,5.01463489e-07,5.05195663e-09,0.00873762928
5.47240177e-07,4.88493015e-08,0.0087376358,2.47030698e-08,9.61182334e-09,1.45344083e-08,0,5.02332284e-07,5.08145837e-09,0.00873762928
5.48142566e-07,4.96209758e-08,0.0087376358,2.50760337e-08,9.78154802e-09,1.47633958e-08,0,5.03962326e-07,5.11395104e-09,0.00873762928
5.49038703e-07,4.97576202e-08,0.0087376358,2.51102161e-08,9.80641257e-09,1.48409933e-08,0,5.05866637e-07,5.14665244e-09,0.00873762928
5.49932167e-07,5.01727087e-08,0.0087376358,2.51336587e-08,1.00884812e-08,1.49505688e-08,0,5.08089101e-07,5.17779641e-09,0.00873762928
5.50826655e-07,5.11026315e-08,0.00873763673,2.53678305e-08,1.04735385e-08,1.52612643e-08,0,5.10665586e-07,5.20869659e-09,0.00873762928
5.51725577e-07,5.21860706e-08,0.00873763673,2.56941917e-08,1.08047864e-08,1.56870907e-08,0,5.13075861e-07,5.24268939e-09,0.00873762928
5.52621714e-07,5.31505151e-08,0.0087376358,2.59791406e-08,1.13568355e-08,1.58145372e-08,0,5.15026954e-07,5.27575317e-09,0.00873762928
5.53521545e-07,5.35252198e-08,0.0087376358,2.61040753e-08,1.15898162e-08,1.58313291e-08,0,5.1654763e-07,5.30752375e-09,0.00873762928
5.54423536e-07,5.33074349e-08,0.0087376358,2.61070596e-08,1.13549827e-08,1.58453908e-08,0,5.17705359e-07,5.338614e-09,0.00873762928
5.55326778e-07,5.2659658e-08,0.0087376358,2.60015334e-08,1.07923768e-08,1.58657461e-08,0,5.18581999e-07,5.36938138e-09,0.00873762928
5.56230589e-07,5.21051682e-08,0.0087376358,2.60179238e-08,1.01834994e-08,1.59037441e-08,0,5.19292257e-07,5.40062972e-09,0.00873762928
5.57133774e-07,5.19969809e-08,0.0087376358,2.62004693e-08,9.81320447e-09,1.59833071e-08,0,5.20044637e-07,5.43203926e-09,0.00873762928
5.58037016e-07,5.27341903e-08,0.0087376358,2.65299906e-08,9.96812588e-09,1.62360738e-08,0,5.21545076e-07,5.46440448e-09,0.00873762928
5.58939348e-07,5.32225926e-08,0.0087376358,2.66432583e-08,1.02338085e-08,1.63455258e-08,0,5.23464166e-07,5.49812551e-09,0.00873762928
5.59841283e-07,5.37075699e-08,0.0087376358,2.65700795e-08,1.06467741e-08,1.64907163e-08,0,5.25707151e-07,5.53143176e-09,0.00873762928
5.60742876e-07,5.47417045e-08,0.00873763673,2.68825922e-08,1.10544782e-08,1.68046324e-08,0,5.28256351e-07,5.56405899e-09,0.00873762928
5.61600132e-07,5.59287159e-08,0.00873763673,2.73279994e-08,1.14191039e-08,1.71816144e-08,0,5.30759849e-07,5.59518298e-09,0.00873762928
5.62502237e-07,5.69996033e-08,0.00873763673,2.77333587e-08,1.18441896e-08,1.74220531e-08,0,5.32952299e-07,5.62766767e-09,0.00873762928
5.6340275e-07,5.7386373e-08,0.00873763673,2.78445071e-08,1.20430306e-08,1.74988362e-08,0,5.34581318e-07,5.65782177e-09,0.00873762928
5.64307584e-07,5.711534e-08,0.0087376358,2.77285359e-08,1.1878404e-08,1.75083983e-08,0,5.35735182e-07,5.68817082e-09,0.00873762928
5.65213156e-07,5.66313645e-08,0.0087376358,2.75862853e-08,1.15218359e-08,1.75232415e-08,0,5.36599032e-07,5.71909853e-09,0.00873762928
5.66118388e-07,5.62811451e-08,0.0087376358,2.76282091e-08,1.1074583e-08,1.7578353e-08,0,5.37310314e-07,5.75068704e-09,0.00873762928
5.67021573e-07,5.58747679e-08,0.0087376358,2.77432637e-08,1.04859774e-08,1.76455295e-08,0,5.37990616e-07,5.78229953e-09,0.00873762928
5.67924928e-07,5.61973508e-08,0.00873763673,2.80506978e-08,1.02335678e-08,1.79130861e-08,0,5.39524876e-07,5.81556003e-09,0.00873762928
5.68822998e-07,5.64454474e-08,0.00873763673,2.81689054e-08,1.02560511e-08,1.80204918e-08,0,5.41375641e-07,5.8496421e-09,0.00873762928
5.69716917e-07,5.70288989e-08,0.00873763673,2.80629013e-08,1.0833741e-08,1.81322584e-08,0,5.43607143e-07,5.88368643e-09,0.00873762928
5.70610212e-07,5.84368358e-08,0.00873763673,2.83941013e-08,1.15703873e-08,1.84723472e-08,0,5.46071306e-07,5.91770677e-09,0.00873762928
5.7150686e-07,5.96971077e-08,0.00873763673,2.88056814e-08,1.20152563e-08,1.88761717e-08,0,5.48736352e-07,5.95249894e-09,0.00873762928
5.72401859e-07,6.04400441e-08,0.00873763673,2.91865039e-08,1.21865886e-08,1.90669489e-08,0,5.51004632e-07,5.98644156e-09,0.00873762928
5.73300099e-07,6.08518747e-08,0.00873763673,2.94772331e-08,1.22510011e-08,1.91236413e-08,0,5.52875406e-07,6.02040462e-09,0.00873762928
5.74244609e-07,6.06482189e-08,0.00873763673,2.94197182e-08,1.2089056e-08,1.9139442e-08,0,5.54277563e-07,6.05515238e-09,0.00873762928
5.7510124e-07,6.04348926e-08,0.00873763673,2.92691507e-08,1.20130235e-08,1.91527167e-08,0,5.5522554e-07,6.08783601e-09,0.00873762928
5.76003401e-07,6.03282118e-08,0.00873763673,2.9259855e-08,1.18766597e-08,1.91916971e-08,0,5.5602942e-07,6.1223222e-09,0.00873762928
5.76906984e-07,6.01715442e-08,0.0087376358,2.94529663e-08,1.1451549e-08,1.92670253e-08,0,5.56702616e-07,6.15542328e-09,0.00873762928
5.77810511e-07,6.03680235e-08,0.00873763673,2.97735099e-08,1.10454366e-08,1.95490788e-08,0,5.58208058e-07,6.18876284e-09,0.00873762928
5.78715628e-07,6.03231385e-08,0.00873763673,2.98883371e-08,1.075494e-08,1.96798631e-08,0,5.60087869e-07,6.22409058e-09,0.00873762928
5.79619098e-07,6.0853381e-08,0.00873763673,2.98603666e-08,1.11791012e-08,1.98139158e-08,0,5.62392472e-07,6.26109609e-09,0.00873762928
5.80521601e-07,6.19996641e-08,0.00873763673,2.99357481e-08,1.20120474e-08,2.00518695e-08,0,5.64815309e-07,6.29758556e-09,0.00873762928
5.81424558e-07,6.39665672e-08,0.00873763673,3.05143253e-08,1.29697737e-08,2.04824691e-08,0,5.67753148e-07,6.33318198e-09,0.00873762928
5.82328369e-07,6.53763337e-08,0.00873763673,3.1116457e-08,1.34211264e-08,2.08387529e-08,0,5.70255224e-07,6.36630348e-09,0.00873762928
5.83228427e-07,6.57559411e-08,0.00873763673,3.14867279e-08,1.32588678e-08,2.10103437e-08,0,5.72120882e-07,6.39847508e-09,0.00873762928
5.84132806e-07,6.50844427e-08,0.00873763673,3.13564072e-08,1.26865896e-08,2.10414459e-08,0,5.73496038e-07,6.43226805e-09,0.00873762928
5.85038208e-07,6.45281517e-08,0.00873763673,3.11293533e-08,1.23346915e-08,2.10641051e-08,0,5.74547755e-07,6.46771747e-09,0.00873762928
5.85944179e-07,6.44037712e-08,0.00873763673,3.10701473e-08,1.22097257e-08,2.11239009e-08,0,5.75344984e-07,6.50158105e-09,0.00873762928
5.86804447e-07,6.428143e-08,0.00873763673,3.11513837e-08,1.1954806e-08,2.11752376e-08,0,5.75972592e-07,6.53224586e-09,0.00873762928
5.87709053e-07,6.43812754e-08,0.00873763673,3.1376473e-08,1.16226602e-08,2.13821423e-08,0,5.77305741e-07,6.5658563e-09,0.00873762928
5.88611101e-07,6.47084235e-08,0.00873763673,3.17759152e-08,1.13739791e-08,2.15585292e-08,0,5.79181517e-07,6.60174004e-09,0.00873762928
5.89505134e-07,6.46080238e-08,0.00873763766,3.16032605e-08,1.13479688e-08,2.16567937e-08,0,5.81390736e-07,6.64051925e-09,0.00873762928
5.90443165e-07,6.56803465e-08,0.00873763766,3.16842517e-08,1.21251045e-08,2.18709921e-08,0,5.83926521e-07,6.67893385e-09,0.00873762928
5.91339472e-07,6.78141348e-08,0.00873763766,3.22065219e-08,1.32473996e-08,2.2360215e-08,0,5.86883459e-07,6.71539047e-09,0.00873762928
5.92233278e-07,6.92414588e-08,0.00873763673,3.26788019e-08,1.38385561e-08,2.27240999e-08,0,5.89396222e-07,6.75094602e-09,0.00873762928
5.93130551e-07,7.01048322e-08,0.00873763673,3.31877743e-08,1.40496441e-08,2.28674164e-08,0,5.91413539e-07,6.78661527e-09,0.00873762928
5.94029359e-07,6.96924474e-08,0.00873763673,3.33109291e-08,1.34782834e-08,2.29032349e-08,0,5.92856793e-07,6.82313628e-09,0.00873762928
5.94930782e-07,6.88651767e-08,0.00873763766,3.31793721e-08,1.27592452e-08,2.29265584e-08,0,5.93909647e-07,6.86072621e-09,0.00873762928
5.95833683e-07,6.82470045e-08,0.00873763766,3.29310623e-08,1.23435333e-08,2.29724133e-08,0,5.94731716e-07,6.89718194e-09,0.00873762928
5.96737436e-07,6.82665373e-08,0.00873763673,3.2965886e-08,1.22501449e-08,2.30505091e-08,0,5.95465679e-07,6.93112812e-09,0.00873762928
5.97640906e-07,6.87174762e-08,0.00873763673,3.32372281e-08,1.22043469e-08,2.32759021e-08,0,5.96721634e-07,6.96480607e-09,0.00873762928
5.98544148e-07,6.93999809e-08,0.00873763673,3.36974182e-08,1.22409025e-08,2.34616628e-08,0,5.98607301e-07,7.00284586e-09,0.00873762928
5.99435225e-07,6.9165381e-08,0.00873763766,3.35236976e-08,1.20964234e-08,2.35452617e-08,0,6.00815724e-07,7.04457248e-09,0.00873762928
6.00328519e-07,6.99100795e-08,0.00873763766,3.35700356e-08,1.25932038e-08,2.37468427e-08,0,6.03258627e-07,7.0827868e-09,0.00873762928
6.01223746e-07,7.16478112e-08,0.00873763766,3.40468276e-08,1.34005829e-08,2.42004017e-08,0,6.0618072e-07,7.11886861e-09,0.00873762928
6.02120622e-07,7.30956629e-08,0.00873763766,3.45199567e-08,1.39200242e-08,2.46556855e-08,0,6.08701953e-07,7.15860526e-09,0.00873762928
6.03018407e-07,7.42263282e-08,0.00873763673,3.4976626e-08,1.4443664e-08,2.48060417e-08,0,6.107486e-07,7.19834103e-09,0.00873762928
6.03918807e-07,7.42756896e-08,0.00873763673,3.51278473e-08,1.43044643e-08,2.48433771e-08,0,6.12310032e-07,7.23754612e-09,0.00873762928
6.04820912e-07,7.35205106e-08,0.00873763766,3.50032785e-08,1.36409497e-08,2.48762877e-08,0,6.13419104e-07,7.27607841e-09,0.00873762928
6.05723983e-07,7.27837346e-08,0.00873763766,3.48277034e-08,1.30295499e-08,2.4926484e-08,0,6.14255669e-07,7.31272287e-09,0.00873762928
6.06627566e-07,7.24352844e-08,0.00873763766,3.48324818e-08,1.25872592e-08,2.5015547e-08,0,6.14932105e-07,7.34869365e-09,0.00873762928
6.07531547e-07,7.2662516e-08,0.00873763766,3.50224525e-08,1.24119168e-08,2.5228152e-08,0,6.16081422e-07,7.38590389e-09,0.00873762928
6.08433197e-07,7.35120977e-08,0.00873763766,3.54256109e-08,1.26285711e-08,2.54579149e-08,0,6.1787091e-07,7.42540918e-09,0.00873762928
6.09333767e-07,7.38791925e-08,0.00873763766,3.54399035e-08,1.28641551e-08,2.55751313e-08,0,6.20125263e-07,7.46834505e-09,0.00873762928
6.10225186e-07,7.49012941e-08,0.00873763766,3.56345922e-08,1.3452234e-08,2.58144688e-08,0,6.22659968e-07,7.50939222e-09,0.00873762928
6.11123824e-07,7.63856889e-08,0.00873763766,3.61611434e-08,1.38955469e-08,2.63289976e-08,0,6.25618895e-07,7.54752616e-09,0.00873762928
6.12020983e-07,7.77660745e-08,0.00873763859,3.66980011e-08,1.42345415e-08,2.6833531e-08,0,6.28399221e-07,7.58551444e-09,0.00873762928
6.12918939e-07,7.89522048e-08,0.00873763766,3.71074727e-08,1.47178687e-08,2.71268625e-08,0,6.30578938e-07,7.62453034e-09,0.00873762928
6.13816326e-07,7.9187032e-08,0.00873763766,3.70885438e-08,1.49156154e-08,2.71828693e-08,0,6.32193633e-07,7.66289432e-09,0.00873762928
6.1471593e-07,7.90551482e-08,0.00873763766,3.69977471e-08,1.48417891e-08,2.72156111e-08,0,6.33392631e-07,7.70048736e-09,0.00873762928
6.15617353e-07,7.83587524e-08,0.00873763766,3.67969477e-08,1.42959244e-08,2.72658802e-08,0,6.34273647e-07,7.73660691e-09,0.00873762928
6.16520822e-07,7.74341586e-08,0.00873763766,3.67072595e-08,1.33933016e-08,2.73335949e-08,0,6.35033587e-07,7.77371412e-09,0.00873762928
6.17424405e-07,7.70711708e-08,0.00873763859,3.68951731e-08,1.26877184e-08,2.74882765e-08,0,6.36004529e-07,7.81198928e-09,0.00873762928
6.18326851e-07,7.77228095e-08,0.00873763766,3.72609144e-08,1.27169422e-08,2.77449512e-08,0,6.37749167e-07,7.85415644e-09,0.00873762928
6.19220884e-07,7.83833158e-08,0.00873763766,3.73993529e-08,1.31260993e-08,2.78578636e-08,0,6.39892335e-07,7.89680676e-09,0.00873762928
6.20112758e-07,7.99215201e-08,0.00873763766,3.76558305e-08,1.41554892e-08,2.81101986e-08,0,6.42461373e-07,7.93654475e-09,0.00873762928
6.2100321e-07,8.11029679e-08,0.00873763766,3.81167666e-08,1.44296326e-08,2.85565704e-08,0,6.45190028e-07,7.97500732e-09,0.00873762928
6.2190054e-07,8.28528215e-08,0.00873763859,3.89089294e-08,1.47656349e-08,2.91782598e-08,0,6.48181015e-07,8.01735744e-09,0.00873762928
6.22833966e-07,8.34293559e-08,0.00873763859,3.91567063e-08,1.47237067e-08,2.95489446e-08,0,6.50517052e-07,8.06315104e-09,0.00873762928
6.23727772e-07,8.39593142e-08,0.00873763859,3.9238806e-08,1.51033319e-08,2.9617178e-08,0,6.52358779e-07,8.10665135e-09,0.00873762928
6.24623681e-07,8.42432684e-08,0.00873763766,3.91274284e-08,1.54614241e-08,2.96544158e-08,0,6.53731377e-07,8.14898904e-09,0.00873762928
6.25521011e-07,8.40525018e-08,0.00873763766,3.89666113e-08,1.53787685e-08,2.97071203e-08,0,6.54717894e-07,8.18851209e-09,0.00873762928
6.26419194e-07,8.35880982e-08,0.00873763766,3.90415593e-08,1.47417856e-08,2.98047524e-08,0,6.55467488e-07,8.22652702e-09,0.00873762928
6.27317092e-07,8.29808542e-08,0.00873763859,3.91916224e-08,1.38293963e-08,2.99598355e-08,0,6.56315137e-07,8.26671354e-09,0.00873762928
6.28217265e-07,8.3372818e-08,0.00873763859,3.96758573e-08,1.33895304e-08,3.0307433e-08,0,6.58007423e-07,8.31158697e-09,0.00873762928
6.2911846e-07,8.37156904e-08,0.00873763859,3.99029076e-08,1.33213671e-08,3.04914174e-08,0,6.60180945e-07,8.36071035e-09,0.00873762928
6.30019144e-07,8.5059213e-08,0.00873763859,4.00584668e-08,1.42544749e-08,3.07462678e-08,0,6.62891807e-07,8.40660697e-09,0.00873762928
6.30918976e-07,8.71575736e-08,0.00873763859,4.06863236e-08,1.50303823e-08,3.14408695e-08,0,6.65914513e-07,8.45509707e-09,0.00873762928
6.31817841e-07,8.94516745e-08,0.00873763859,4.1724924e-08,1.52732582e-08,3.24534959e-08,0,6.69457393e-07,8.50222381e-09,0.00873762928
6.32715569e-07,8.94146268e-08,0.00873763859,4.18672492e-08,1.48279558e-08,3.27194165e-08,0,6.7282042e-07,8.55634408e-09,0.00873762928
6.33610284e-07,8.92171101e-08,0.00873763859,4.1787203e-08,1.45087737e-08,3.29211325e-08,0,6.75937486e-07,8.60998828e-09,0.00873762928
6.34501816e-07,8.89944474e-08,0.00873763859,4.14624353e-08,1.45377674e-08,3.29942438e-08,0,6.7852568e-07,8.65957617e-09,0.00873762928
6.35411482e-07,8.86854608e-08,0.00873763859,4.12163779e-08,1.43729899e-08,3.30960965e-08,0,6.80343248e-07,8.70574812e-09,0.00873762928
6.36316827e-07,8.77983339e-08,0.00873763859,4.10260874e-08,1.35910465e-08,3.31812018e-08,0,6.8139002e-07,8.76000605e-09,0.00873762928
6.3720438e-07,8.71577086e-08,0.00873763859,4.11732799e-08,1.26527526e-08,3.33316805e-08,0,6.82364202e-07,8.81374973e-09,0.00873762928
6.3814332e-07,8.68146515e-08,0.00873763952,4.15189731e-08,1.1773305e-08,3.35223724e-08,0,6.83692804e-07,8.8702512e-09,0.00873762928
6.39033942e-07,8.69457253e-08,0.00873764046,4.16751469e-08,1.15928813e-08,3.36777006e-08,0,6.8547439e-07,8.99263508e-09,0.00873763021
6.39922064e-07,8.7456776e-08,0.00873763952,4.19048298e-08,1.1765124e-08,3.37868222e-08,0,6.87232443e-07,9.06688058e-09,0.00873763021
6.40842927e-07,8.87239366e-08,0.00873763952,4.23892033e-08,1.23049109e-08,3.40298207e-08,0,6.89497483e-07,9.14130993e-09,0.00873763021
6.41701263e-07,8.94098875e-08,0.00873763952,4.29467732e-08,1.21758745e-08,3.42872433e-08,0,6.91092339e-07,9.20567977e-09,0.00873763021
6.42636337e-07,9.05664805e-08,0.00873763952,4.35010925e-08,1.24588899e-08,3.46064972e-08,0,6.92501317e-07,9.27959576e-09,0.00873763021
6.43524572e-07,9.15620006e-08,0.00873763952,4.42190995e-08,1.24631754e-08,3.48797258e-08,0,6.94247319e-07,9.37036049e-09,0.00873763021
6.44408033e-07,9.24629546e-08,0.00873764046,4.4481645e-08,1.27775577e-08,3.52037546e-08,0,6.96171185e-07,9.44631928e-09,0.00873763021
6.45336343e-07,9.35660651e-08,0.00873764046,4.46031727e-08,1.34922749e-08,3.54706167e-08,0,6.98393876e-07,9.51707779e-09,0.00873763021
6.46221395e-07,9.52073833e-08,0.00873763952,4.50644606e-08,1.44363463e-08,3.57065773e-08,0,7.00809267e-07,9.57760893e-09,0.00873763021
6.47106333e-07,9.70448824e-08,0.00873763952,4.56809666e-08,1.53317359e-08,3.60321835e-08,0,7.03477895e-07,9.63322844e-09,0.00873763021
6.48034529e-07,9.88397346e-08,0.00873763952,4.62214054e-08,1.6022609e-08,3.65957185e-08,0,7.06430171e-07,9.68892255e-09,0.00873763021
6.48918444e-07,9.94303306e-08,0.00873763952,4.63257344e-08,1.61087996e-08,3.69957931e-08,0,7.08995458e-07,9.76002124e-09,0.00873763021
6.49804463e-07,9.91017473e-08,0.00873764046,4.60775773e-08,1.58636375e-08,3.71605324e-08,0,7.11079622e-07,9.82566739e-09,0.00873763021
6.50736126e-07,9.89159972e-08,0.00873764046,4.60525094e-08,1.54087889e-08,3.74546936e-08,0,7.12571307e-07,9.88929294e-09,0.00873763021
6.51620496e-07,9.89869875e-08,0.00873763952,4.61965222e-08,1.50246038e-08,3.7765858e-08,0,7.13975624e-07,9.9444506e-09,0.00873763021
6.52505776e-07,9.92456464e-08,0.00873763952,4.65939571e-08,1.46882515e-08,3.79634386e-08,0,7.15488284e-07,9.99693661e-09,0.00873763021
6.5343869e-07,9.94551215e-08,0.00873763952,4.68297152e-08,1.457758e-08,3.80478262e-08,0,7.1721314e-07,1.00520925e-08,0.00873763021
6.54321468e-07,9.96824383e-08,0.00873763952,4.70474575e-08,1.45487782e-08,3.80862026e-08,0,7.18958233e-07,1.01044879e-08,0.00873763021
6.55208794e-07,9.96169618e-08,0.00873763952,4.71004817e-08,1.43634713e-08,3.81530043e-08,0,7.20709011e-07,1.01561364e-08,0.00873763021
6.56142333e-07,9.96956473e-08,0.00873763952,4.70069565e-08,1.44450762e-08,3.82436127e-08,0,7.22680227e-07,1.02090567e-08,0.00873763021
6.57027215e-07,1.00134358e-07,0.00873763952,4.70102428e-08,1.47945078e-08,3.83296062e-08,0,7.24778999e-07,1.02567386e-08,0.00873763021
6.57909027e-07,1.00794672e-07,0.00873763952,4.71245478e-08,1.52869042e-08,3.83832237e-08,0,7.27137035e-07,1.03048512e-08,0.00873763021
6.58812326e-07,1.015298e-07,0.00873763952,4.7314245e-08,1.58029128e-08,3.84126366e-08,0,7.30382055e-07,1.03573354e-08,0.00873763021
6.59711588e-07,1.02009338e-07,0.00873763952,4.74807145e-08,1.60555267e-08,3.84731003e-08,0,7.33969955e-07,1.04097371e-08,0.00873763021
6.60635237e-07,1.02101787e-07,0.00873763952,4.74119801e-08,1.618311e-08,3.85066983e-08,0,7.3737084e-07,1.04623057e-08,0.00873763021
6.61527622e-07,1.02527807e-07,0.00873763952,4.7696016e-08,1.62603282e-08,3.85714642e-08,0,7.40838686e-07,1.05105853e-08,0.00873763021
6.62413527e-07,1.03072452e-07,0.00873763952,4.79678484e-08,1.64290448e-08,3.86755588e-08,0,7.44435113e-07,1.05568505e-08,0.00873763021
6.63337005e-07,1.04076641e-07,0.00873763859,4.83320015e-08,1.6966176e-08,3.87784667e-08,0,7.48341847e-07,1.06039257e-08,0.00873763021
6.64221602e-07,1.04972351e-07,0.00873763859,4.88669087e-08,1.71614811e-08,3.89439592e-08,0,7.5218054e-07,1.06516893e-08,0.00873763021
6.65110292e-07,1.05553326e-07,0.00873763952,4.89556129e-08,1.74532122e-08,3.91444992e-08,0,7.55761505e-07,1.07076685e-08,0.00873763021
6.66000233e-07,1.0673768e-07,0.00873763952,4.92928294e-08,1.78246413e-08,3.96202111e-08,0,7.59747593e-07,1.07631513e-08,0.00873763021
6.6693184e-07,1.08178725e-07,0.00873763952,4.97476833e-08,1.83238171e-08,4.01072207e-08,0,7.64240042e-07,1.08216707e-08,0.00873763021
6.6781854e-07,1.09419915e-07,0.00873763952,4.99518755e-08,1.89739531e-08,4.04940863e-08,0,7.68724306e-07,1.08719558e-08,0.00873763021
6.68705695e-07,1.10391042e-07,0.00873763952,5.00561583e-08,1.95461212e-08,4.0788759e-08,0,7.7317759e-07,1.09248806e-08,0.00873763021
6.69640428e-07,1.10940633e-07,0.00873763952,5.01365491e-08,1.98363246e-08,4.0967759e-08,0,7.77742059e-07,1.09803429e-08,0.00873763021
6.70541397e-07,1.11361892e-07,0.00873763952,5.05242781e-08,1.94727612e-08,4.13648529e-08,0,7.81673123e-07,1.10424452e-08,0.00873763021
6.71400699e-07,1.11241555e-07,0.00873763952,5.05972828e-08,1.90696028e-08,4.1574669e-08,0,7.85491011e-07,1.11014611e-08,0.00873763021
6.72346516e-07,1.11380558e-07,0.00873763952,5.09496516e-08,1.87494287e-08,4.16814814e-08,0,7.89952082e-07,1.11592753e-08,0.00873763021
6.73241288e-07,1.11387216e-07,0.00873763952,5.10881577e-08,1.85136422e-08,4.1785416e-08,0,7.93827382e-07,1.1214893e-08,0.00873763021
6.74124806e-07,1.11428591e-07,0.00873763952,5.11418534e-08,1.83031901e-08,4.19835473e-08,0,7.97652262e-07,1.12688765e-08,0.00873763021
6.7501054e-07,1.11153319e-07,0.00873763952,5.120841e-08,1.78102066e-08,4.21347046e-08,0,8.01488909e-07,1.1323678e-08,0.00873763021
6.7593902e-07,1.10822469e-07,0.00873763952,5.11743998e-08,1.7435605e-08,4.22124629e-08,0,8.05502793e-07,1.13812932e-08,0.00873763021
6.76823959e-07,1.10718133e-07,0.00873763952,5.11678415e-08,1.72517325e-08,4.22985629e-08,0,8.09563915e-07,1.1437586e-08,0.00873763021
6.77711228e-07,1.1089746e-07,0.00873763952,5.12865377e-08,1.72599677e-08,4.23509547e-08,0,8.14150951e-07,1.1490787e-08,0.00873763021
6.78603215e-07,1.11447541e-07,0.00873763952,5.14349381e-08,1.75233179e-08,4.24892868e-08,0,8.19261743e-07,1.15432872e-08,0.00873763021
6.79536981e-07,1.11536679e-07,0.00873763952,5.12264116e-08,1.7740474e-08,4.25697912e-08,0,8.24130495e-07,1.15988925e-08,0.00873763021
6.80427945e-07,1.1191058e-07,0.00873763952,5.14287883e-08,1.78405504e-08,4.26412399e-08,0,8.28953375e-07,1.16530927e-08,0.00873763021
6.81319875e-07,1.12436332e-07,0.00873763952,5.18801748e-08,1.78080146e-08,4.2748141e-08,0,8.30993542e-07,1.17107897e-08,0.00873763021
6.82212942e-07,1.13001306e-07,0.00873763859,5.22408889e-08,1.78816553e-08,4.28787601e-08,0,8.33576735e-07,1.17658603e-08,0.00873763021
6.83105782e-07,1.13496952e-07,0.00873763859,5.26200559e-08,1.78625204e-08,4.30143814e-08,0,8.3888051e-07,1.18267165e-08,0.00873763021
6.84040572e-07,1.13788836e-07,0.00873763952,5.29633581e-08,1.76070465e-08,4.32184315e-08,0,8.46934142e-07,1.18993526e-08,0.00873763021
6.8493091e-07,1.15018857e-07,0.00873763952,5.31874953e-08,1.83437319e-08,4.34876348e-08,0,8.56791871e-07,1.19752546e-08,0.00873763021
6.85821647e-07,1.16746456e-07,0.00873763952,5.37041238e-08,1.90887999e-08,4.39535306e-08,0,8.6913451e-07,1.2055362e-08,0.00873763021
6.86714543e-07,1.18117796e-07,0.00873763859,5.41128031e-08,1.96489687e-08,4.43560246e-08,0,8.83976895e-07,1.21309416e-08,0.00873763021
6.87607724e-07,1.1925674e-07,0.00873763859,5.44144818e-08,2.015042e-08,4.46918378e-08,0,9.01230862e-07,1.21999344e-08,0.00873763021
6.88541718e-07,1.18900225e-07,0.00873763952,5.43208678e-08,1.96332746e-08,4.49460806e-08,0,9.20991909e-07,1.22856578e-08,0.00873763021
6.89432795e-07,1.19247261e-07,0.00873763952,5.4492844e-08,1.95537915e-08,4.52006255e-08,0,9.41291773e-07,1.23696715e-08,0.00873763021
6.90323759e-07,1.20155249e-07,0.00873763952,5.48304691e-08,1.97947276e-08,4.55300579e-08,0,9.63990715e-07,1.24556596e-08,0.00873763021
6.91215803e-07,1.20938736e-07,0.00873763859,5.50637509e-08,2.01771631e-08,4.56978206e-08,0,9.8907617e-07,1.25365203e-08,0.00873763021
6.92109552e-07,1.21098523e-07,0.00873763952,5.54968231e-08,1.97435632e-08,4.58581368e-08,0,1.01609567e-06,1.26197452e-08,0.00873763021
6.93003983e-07,1.20868435e-07,0.00873763952,5.58834756e-08,1.88875511e-08,4.60974157e-08,0,1.04558399e-06,1.26981288e-08,0.00873763021
6.93938091e-07,1.20080969e-07,0.00873763952,5.58759261e-08,1.79042168e-08,4.63008227e-08,0,1.07855033e-06,1.27756152e-08,0.00873763021
6.948286e-07,1.19744215e-07,0.00873763952,5.57018645e-08,1.75525425e-08,4.64898129e-08,0,1.11217571e-06,1.28493971e-08,0.00873763021
6.95719393e-07,1.19622527e-07,0.00873763952,5.55276536e-08,1.75229928e-08,4.65718806e-08,0,1.14767192e-06,1.29215527e-08,0.00873763021
6.96608481e-07,1.198825e-07,0.00873763859,5.54659323e-08,1.77633055e-08,4.66532661e-08,0,1.18527737e-06,1.29925759e-08,0.00873763021
6.97541282e-07,1.19909771e-07,0.00873763859,5.55158728e-08,1.76305637e-08,4.67633399e-08,0,1.22708911e-06,1.30718325e-08,0.00873763021
6.98436736e-07,1.19608885e-07,0.00873763952,5.54031381e-08,1.73676913e-08,4.6838057e-08,0,1.26980683e-06,1.31529481e-08,0.00873763021
6.9931059e-07,1.19962309e-07,0.00873763952,5.56031807e-08,1.74512547e-08,4.69078678e-08,0,1.31397167e-06,1.32308697e-08,0.00873763021
7.00232761e-07,1.20831501e-07,0.00873763952,5.57889379e-08,1.80409696e-08,4.70015884e-08,0,1.36126994e-06,1.33104923e-08,0.00873763021
7.01129409e-07,1.21770185e-07,0.00873763952,5.6100987e-08,1.85693967e-08,4.70997996e-08,0,1.40921907e-06,1.33861588e-08,0.00873763021
7.02019577e-07,1.22350258e-07,0.00873763859,5.63172478e-08,1.87970812e-08,4.72359289e-08,0,1.45910838e-06,1.34563516e-08,0.00873763021
7.02904913e-07,1.22884543e-07,0.00873763859,5.65907428e-08,1.89008684e-08,4.73929305e-08,0,1.51066035e-06,1.35204328e-08,0.00873763021
7.03832825e-07,1.23067025e-07,0.00873763952,5.683955e-08,1.87069311e-08,4.75205475e-08,0,1.56687156e-06,1.35929676e-08,0.00873763021
7.0472322e-07,1.23799822e-07,0.00873763952,5.73558196e-08,1.87015008e-08,4.77424997e-08,0,1.62337153e-06,1.36753409e-08,0.00873763021
7.05612933e-07,1.24979863e-07,0.00873763952,5.75012713e-08,1.94205043e-08,4.80580873e-08,0,1.6821798e-06,1.37531089e-08,0.00873763021
7.06502647e-07,1.27157151e-07,0.00873763952,5.81487321e-08,2.02465191e-08,4.87618976e-08,0,1.74348838e-06,1.38308813e-08,0.00873763021
7.07436357e-07,1.28509072e-07,0.00873763952,5.85437938e-08,2.0788562e-08,4.9176716e-08,0,1.80984694e-06,1.39136667e-08,0.00873763021
7.08328116e-07,1.2923401e-07,0.00873763952,5.8741783e-08,2.10658104e-08,4.94264185e-08,0,1.87538728e-06,1.39916185e-08,0.00873763021
7.09217204e-07,1.29488058e-07,0.00873763952,5.87356688e-08,2.10969429e-08,4.96554549e-08,0,1.94291238e-06,1.40722785e-08,0.00873763021
7.10113568e-07,1.30061281e-07,0.00873763952,5.90510254e-08,2.10328928e-08,4.99773698e-08,0,2.01217676e-06,1.41614818e-08,0.00873763021
7.11019425e-07,1.30753506e-07,0.00873763952,5.93028489e-08,2.11118518e-08,5.03388122e-08,0,2.08423762e-06,1.42477106e-08,0.00873763021
7.11938583e-07,1.30964537e-07,0.00873763952,5.97374452e-08,2.07664286e-08,5.04606597e-08,0,2.159112e-06,1.43448746e-08,0.00873763021
7.12825397e-07,1.31342105e-07,0.00873763952,6.01575394e-08,2.05530153e-08,5.06315487e-08,0,2.23315692e-06,1.44361003e-08,0.00873763021
7.13701354e-07,1.31384937e-07,0.00873763952,6.03756121e-08,2.0260206e-08,5.07491222e-08,0,2.30809451e-06,1.45312002e-08,0.00873763021
7.14622843e-07,1.31106304e-07,0.00873763952,6.05036661e-08,1.97029291e-08,5.0899704e-08,0,2.38966527e-06,1.46323389e-08,0.00873763021
7.15510168e-07,1.31037154e-07,0.00873763952,6.059242e-08,1.94078904e-08,5.1036853e-08,0,2.47085245e-06,1.47205839e-08,0.00873763021
7.16439956e-07,1.31048708e-07,0.00873763952,6.06090893e-08,1.9306917e-08,5.11326981e-08,0,2.55825171e-06,1.48064832e-08,0.00873763021
7.1732785e-07,1.31285887e-07,0.00873763952,6.07818436e-08,1.92696223e-08,5.123443e-08,0,2.64353184e-06,1.48923123e-08,0.00873763021
7.18214892e-07,1.31376922e-07,0.00873763952,6.07756547e-08,1.92707184e-08,5.13305451e-08,0,2.73075125e-06,1.49770187e-08,0.00873763021
7.19101592e-07,1.31877869e-07,0.00873763952,6.10022965e-08,1.939482e-08,5.14807539e-08,0,2.81958887e-06,1.50658348e-08,0.00873763021
7.20017795e-07,1.3182472e-07,0.00873763952,6.07749868e-08,1.94671745e-08,5.15825676e-08,0,2.91291713e-06,1.51558588e-08,0.00873763021
7.20912112e-07,1.3215336e-07,0.00873763952,6.09944166e-08,1.94679242e-08,5.16910177e-08,0,3.00655688e-06,1.52414614e-08,0.00873763021
7.21837182e-07,1.32804232e-07,0.00873763952,6.12872171e-08,1.97237586e-08,5.17932577e-08,0,3.10620908e-06,1.53239501e-08,0.00873763021
7.22717971e-07,1.33452261e-07,0.00873763952,6.14331768e-08,2.00694004e-08,5.19496801e-08,0,3.20311506e-06,1.5397184e-08,0.00873763021
7.23601374e-07,1.34004011e-07,0.00873763952,6.15878548e-08,2.02861248e-08,5.21300407e-08,0,3.3020342e-06,1.54669841e-08,0.00873763021
7.24529968e-07,1.34601166e-07,0.00873763952,6.20125391e-08,2.02404671e-08,5.23481631e-08,0,3.4079676e-06,1.55414579e-08,0.00873763021
7.25418545e-07,1.35404932e-07,0.00873763952,6.26385699e-08,2.01962216e-08,5.25701438e-08,0,3.51157564e-06,1.56154503e-08,0.00873763021
7.26304279e-07,1.35953954e-07,0.00873763952,6.30184047e-08,2.01745483e-08,5.27610027e-08,0,3.61704997e-06,1.56872257e-08,0.00873763021
7.27231338e-07,1.36205969e-07,0.00873763952,6.33252881e-08,1.99227745e-08,5.29579047e-08,0,3.72914337e-06,1.57710165e-08,0.00873763021
7.28118721e-07,1.37508849e-07,0.00873763952,6.40842543e-08,2.0159387e-08,5.32652038e-08,0,3.83803399e-06,1.58470641e-08,0.00873763021
7.29005251e-07,1.3892199e-07,0.00873763952,6.48238512e-08,2.03676986e-08,5.37304352e-08,0,3.9484471e-06,1.59385181e-08,0.00873763021
7.29931003e-07,1.39327128e-07,0.00873764139,6.58122659e-08,1.92193212e-08,5.42955298e-08,0,4.06533536e-06,1.60872595e-08,0.00873763021
7.30830436e-07,1.38562385e-07,0.00873764232,6.56884822e-08,1.815385e-08,5.47200507e-08,0,4.18041054e-06,1.62676308e-08,0.00873763021
7.31714636e-07,1.37129518e-07,0.00873764325,6.54910295e-08,1.67125673e-08,5.49259234e-08,0,4.29518832e-06,1.64247194e-08,0.00873763021
7.32640842e-07,1.35870522e-07,0.00873764511,6.54555592e-08,1.54182214e-08,5.49967396e-08,0,4.4174335e-06,1.65828382e-08,0.00873763021
7.33533398e-07,1.35312348e-07,0.00873764511,6.55741204e-08,1.46951242e-08,5.5043099e-08,0,4.53751045e-06,1.67127645e-08,0.00873763021
7.34426578e-07,1.35800533e-07,0.00873764511,6.60476331e-08,1.46312997e-08,5.51216033e-08,0,4.65991388e-06,1.68245364e-08,0.00873763021
7.35314586e-07,1.36232288e-07,0.00873764418,6.62909017e-08,1.47111789e-08,5.52302133e-08,0,4.78373522e-06,1.69300005e-08,0.00873763021
7.36232266e-07,1.3685046e-07,0.00873764418,6.66015936e-08,1.49589123e-08,5.52899522e-08,0,4.9144237e-06,1.70366263e-08,0.00873763021
7.37118683e-07,1.37466344e-07,0.00873764418,6.69350939e-08,1.51286166e-08,5.54026336e-08,0,5.04351556e-06,1.71359531e-08,0.00873763021
7.3803642e-07,1.38119972e-07,0.00873764418,6.72136906e-08,1.51270907e-08,5.57791928e-08,0,5.17956596e-06,1.72444405e-08,0.00873763021
7.38930282e-07,1.38803514e-07,0.00873764511,6.77191068e-08,1.49824864e-08,5.61019213e-08,0,5.31346586e-06,1.73334165e-08,0.00873763021
7.39800726e-07,1.39416713e-07,0.00873764511,6.81605954e-08,1.50335389e-08,5.6222575e-08,0,5.44485374e-06,1.74160277e-08,0.00873763021
7.40728694e-07,1.39941562e-07,0.00873764511,6.84412598e-08,1.50863499e-08,5.64139526e-08,0,5.58584225e-06,1.75067196e-08,0.00873763021
7.41610279e-07,1.40333128e-07,0.00873764511,6.83747245e-08,1.52254263e-08,5.67329792e-08,0,5.72099543e-06,1.75938712e-08,0.00873763021
7.42536372e-07,1.40196704e-07,0.00873764511,6.82609027e-08,1.51151482e-08,5.6820646e-08,0,5.8647488e-06,1.76863288e-08,0.00873763021
7.43425346e-07,1.40040726e-07,0.00873764511,6.81278038e-08,1.50580721e-08,5.6854855e-08,0,6.00460089e-06,1.77706063e-08,0.00873763021
7.44316651e-07,1.39736869e-07,0.00873764511,6.79075143e-08,1.49441117e-08,5.6885245e-08,0,6.14653163e-06,1.7853365e-08,0.00873763021
7.45208183e-07,1.39625556e-07,0.00873764511,6.80085677e-08,1.47220831e-08,5.68949012e-08,0,6.2905151e-06,1.79360597e-08,0.00873763021
7.46139619e-07,1.39971007e-07,0.00873764511,6.83435104e-08,1.47315209e-08,5.68959742e-08,0,6.44330657e-06,1.80222273e-08,0.00873763021
7.47027059e-07,1.40096304e-07,0.00873764418,6.8317668e-08,1.4881671e-08,5.68969654e-08,0,6.59139505e-06,1.81035524e-08,0.00873763021
7.47914214e-07,1.40260923e-07,0.00873764418,6.8207676e-08,1.51555142e-08,5.68977256e-08,0,6.74154762e-06,1.81809749e-08,0.00873763021
7.48804212e-07,1.40338358e-07,0.00873764418,6.82573997e-08,1.51826001e-08,5.6898358e-08,0,6.89424996e-06,1.82577633e-08,0.00873763021
7.49741048e-07,1.40038793e-07,0.00873764418,6.82016292e-08,1.49380561e-08,5.68991112e-08,0,7.05733237e-06,1.83372268e-08,0.00873763021
7.5062934e-07,1.39982944e-07,0.00873764418,6.83510635e-08,1.47322252e-08,5.68996512e-08,0,7.21392325e-06,1.84099509e-08,0.00873763021
7.5151388e-07,1.40204975e-07,0.00873764418,6.85307597e-08,1.47742591e-08,5.68999532e-08,0,7.371631e-06,1.8480506e-08,0.00873763021
7.52400751e-07,1.40347979e-07,0.00873764418,6.85647379e-08,1.48823034e-08,5.69009373e-08,0,7.53181257e-06,1.85523437e-08,0.00873763021
7.53331165e-07,1.40388394e-07,0.00873764418,6.85852086e-08,1.49017207e-08,5.69014595e-08,0,7.70229417e-06,1.8627679e-08,0.00873763021
7.54222924e-07,1.40173711e-07,0.00873764418,6.86245514e-08,1.46472363e-08,5.69019178e-08,0,7.86761393e-06,1.86957436e-08,0.00873763021
7.55113717e-07,1.3991756e-07,0.00873764418,6.86591406e-08,1.43559227e-08,5.69024969e-08,0,7.92695209e-06,1.87553564e-08,0.00873763021
7.56002578e-07,1.39731384e-07,0.00873764418,6.86584158e-08,1.41701406e-08,5.69028238e-08,0,7.92695209e-06,1.8811015e-08,0.00873763021
7.56933957e-07,1.39938166e-07,0.00873764418,6.88584834e-08,1.41768037e-08,5.69028842e-08,0,7.92695209e-06,1.88672917e-08,0.00873763021
7.57821113e-07,1.40128208e-07,0.00873764418,6.89166697e-08,1.43079291e-08,5.69036196e-08,0,7.92695209e-06,1.89193123e-08,0.00873763021
7.58706676e-07,1.40070611e-07,0.00873764325,6.87974051e-08,1.43695047e-08,5.69037049e-08,0,7.92690025e-06,1.89776213e-08,0.00873763021
7.59638453e-07,1.39980557e-07,0.00873764325,6.87954298e-08,1.42813086e-08,5.6903815e-08,0,7.92690025e-06,1.90328855e-08,0.00873763021
7.6053135e-07,1.39844246e-07,0.00873764418,6.87607695e-08,1.41762033e-08,5.69072753e-08,0,7.92690025e-06,1.90863876e-08,0.00873763021
7.61423735e-07,1.39830576e-07,0.00873764418,6.87838764e-08,1.41388954e-08,5.69078047e-08,0,7.92690025e-06,1.91391294e-08,0.00873763021
7.62313277e-07,1.40017335e-07,0.00873764325,6.89611355e-08,1.41482817e-08,5.69079219e-08,0,7.92690025e-06,1.91892564e-08,0.00873763021
7.63241246e-07,1.4012366e-07,0.00873764325,6.90328363e-08,1.41827652e-08,5.6908064e-08,0,7.92690025e-06,1.92395415e-08,0.00873763021
7.64128117e-07,1.39921752e-07,0.00873764325,6.88847237e-08,1.41288368e-08,5.69081955e-08,0,7.92690025e-06,1.92878726e-08,0.00873763021
7.65021809e-07,1.40017249e-07,0.00873764325,6.89730868e-08,1.41358365e-08,5.69083198e-08,0,7.92690025e-06,1.9337774e-08,0.00873763021
7.65916127e-07,1.40144564e-07,0.00873764325,6.9034769e-08,1.4197159e-08,5.69126399e-08,0,7.92690025e-06,1.93874801e-08,0.00873763021
7.6680692e-07,1.40287867e-07,0.00873764325,6.90856012e-08,1.42892942e-08,5.69129632e-08,0,7.92690025e-06,1.94357419e-08,0.00873763021
7.67736651e-07,1.40368087e-07,0.00873764325,6.9183244e-08,1.42716452e-08,5.69131977e-08,0,7.92690025e-06,1.94836094e-08,0.00873763021
7.68623067e-07,1.40306852e-07,0.00873764325,6.92111612e-08,1.41823024e-08,5.69133931e-08,0,7.92690025e-06,1.95286614e-08,0.00873763021
7.69511416e-07,1.40048456e-07,0.00873764325,6.90660258e-08,1.4068795e-08,5.69136347e-08,0,7.92690025e-06,1.95742036e-08,0.00873763021
7.70403631e-07,1.40121898e-07,0.00873764325,6.90690882e-08,1.41391068e-08,5.69137022e-08,0,7.92690025e-06,1.96207779e-08,0.00873763021
7.71339558e-07,1.40275532e-07,0.00873764232,6.91092623e-08,1.42525076e-08,5.6913759e-08,0,7.92690025e-06,1.96684233e-08,0.00873763021
7.72230351e-07,1.40232046e-07,0.00873764232,6.91473474e-08,1.41708174e-08,5.69138869e-08,0,7.92690025e-06,1.97122603e-08,0.00873763021
7.7311762e-07,1.40137118e-07,0.00873764325,6.92475481e-08,1.3975554e-08,5.69140219e-08,0,7.92690025e-06,1.9754884e-08,0.00873763021
7.74004207e-07,1.399344e-07,0.00873764325,6.92856759e-08,1.3734625e-08,5.69141037e-08,0,7.92690025e-06,1.97976551e-08,0.00873763021
7.74935302e-07,1.39885515e-07,0.00873764325,6.92812492e-08,1.36899603e-08,5.69143097e-08,0,7.92690025e-06,1.98432009e-08,0.00873763021
7.75828539e-07,1.40145119e-07,0.00873764232,6.93327138e-08,1.38980756e-08,5.69143239e-08,0,7.92690025e-06,1.98867394e-08,0.00873763021
7.7672172e-07,1.40387797e-07,0.00873764232,6.94190803e-08,1.40543959e-08,5.69143239e-08,0,7.92690025e-06,1.99286596e-08,0.00873763021
7.77612399e-07,1.40290069e-07,0.00873764232,6.94192366e-08,1.39565088e-08,5.69143239e-08,0,7.92690025e-06,1.9968768e-08,0.00873763021
7.78500805e-07,1.39949677e-07,0.00873764232,6.94283315e-08,1.36069245e-08,5.69144234e-08,0,7.92690025e-06,2.00089154e-08,0.00873763021
7.79429797e-07,1.39781832e-07,0.00873764325,6.94688467e-08,1.33985187e-08,5.6914466e-08,0,7.92690025e-06,2.00515498e-08,0.00873763021
7.80319112e-07,1.39894482e-07,0.00873764232,6.94490652e-08,1.35307703e-08,5.69146437e-08,0,7.92690025e-06,2.00930987e-08,0.00873763021
7.81210815e-07,1.40268497e-07,0.00873764232,6.95069886e-08,1.38467708e-08,5.69147396e-08,0,7.92690025e-06,2.01328518e-08,0.00873763021
7.82102518e-07,1.40356491e-07,0.00873764232,6.95245177e-08,1.39168117e-08,5.69151588e-08,0,7.92690025e-06,2.01709032e-08,0.00873763021
7.83034295e-07,1.40150888e-07,0.00873764232,6.95708309e-08,1.36647449e-08,5.69153116e-08,0,7.92691571e-06,2.02111341e-08,0.00873763021
7.8392253e-07,1.39939687e-07,0.00873764232,6.95987055e-08,1.3425276e-08,5.69156988e-08,0,7.92727951e-06,2.03172412e-08,0.00873763021
7.84810197e-07,1.40054709e-07,0.00873764232,6.96879354e-08,1.34497711e-08,5.69169991e-08,0,7.92764695e-06,2.03578185e-08,0.00873763021
7.85741975e-07,1.40269904e-07,0.00873764232,6.97321312e-08,1.36186671e-08,5.69190952e-08,0,7.92783067e-06,2.04014885e-08,0.00873763021
7.8663254e-07,1.40628472e-07,0.00873764232,6.9825802e-08,1.38831373e-08,5.69195322e-08,0,7.92783067e-06,2.04395043e-08,0.00873763021
7.87523732e-07,1.4065364e-07,0.00873764232,6.98676956e-08,1.38660337e-08,5.69199088e-08,0,7.92783067e-06,2.0476385e-08,0.00873763021
7.88414411e-07,1.40432988e-07,0.00873764232,6.98699836e-08,1.36424712e-08,5.69205341e-08,0,7.92783067e-06,2.05134061e-08,0.00873763021
7.89303613e-07,1.40112277e-07,0.00873764232,6.98267542e-08,1.33642164e-08,5.69213015e-08,0,7.92783067e-06,2.05512354e-08,0.00873763021
7.90234935e-07,1.40021768e-07,0.00873764232,6.98197837e-08,1.32797702e-08,5.69222216e-08,0,7.92783067e-06,2.05913882e-08,0.00873763021
7.91125103e-07,1.40231975e-07,0.00873764232,6.98510476e-08,1.34584965e-08,5.69224277e-08,0,7.92783067e-06,2.06284998e-08,0.00873763021
7.92015612e-07,1.40492332e-07,0.00873764232,6.99122822e-08,1.36573179e-08,5.69227296e-08,0,7.92783067e-06,2.06639079e-08,0.00873763021
7.92906917e-07,1.40495118e-07,0.00873764139,6.98934386e-08,1.36788083e-08,5.69228789e-08,0,7.92783067e-06,2.06985291e-08,0.00873763021
7.93840741e-07,1.40356121e-07,0.00873764232,6.98775722e-08,1.35553906e-08,5.69231524e-08,0,7.92783067e-06,2.07349018e-08,0.00873763021
7.94730852e-07,1.40236281e-07,0.00873764232,6.98756466e-08,1.34371279e-08,5.69235041e-08,0,7.92783067e-06,2.07703774e-08,0.00873763021
7.95620224e-07,1.40242619e-07,0.00873764232,6.99168794e-08,1.34020004e-08,5.69237351e-08,0,7.92783067e-06,2.0806052e-08,0.00873763021
7.96510108e-07,1.40322754e-07,0.00873764232,6.99799756e-08,1.34189015e-08,5.69238807e-08,0,7.92783067e-06,2.08406199e-08,0.00873763021
7.97400389e-07,1.4031265e-07,0.00873764139,7.00205973e-08,1.33676794e-08,5.69243781e-08,0,7.92783067e-06,2.08739657e-08,0.00873763021
7.98333133e-07,1.40300372e-07,0.00873764139,6.99958136e-08,1.33801201e-08,5.6924442e-08,0,7.92783067e-06,2.09085087e-08,0.00873763021
7.99223244e-07,1.40394718e-07,0.00873764139,7.00434697e-08,1.3426745e-08,5.6924506e-08,0,7.92783067e-06,2.0941469e-08,0.00873763021
8.00112673e-07,1.40413107e-07,0.00873764139,7.01068004e-08,1.33816886e-08,5.69246197e-08,0,7.92783067e-06,2.09749977e-08,0.00873763021
8.01001875e-07,1.40364094e-07,0.00873764139,7.01176646e-08,1.33217384e-08,5.69246907e-08,0,7.92783067e-06,2.10083311e-08,0.00873763021
8.01933993e-07,1.40261193e-07,0.00873764139,7.0141823e-08,1.31944411e-08,5.69249252e-08,0,7.92783067e-06,2.1042375e-08,0.00873763021
8.02824559e-07,1.40205202e-07,0.00873764139,7.01475784e-08,1.31326168e-08,5.69250069e-08,0,7.92783067e-06,2.10742108e-08,0.00873763021
8.03715864e-07,1.40157582e-07,0.00873764139,7.01187588e-08,1.31135272e-08,5.69252911e-08,0,7.92783067e-06,2.11057891e-08,0.00873763021
8.04607055e-07,1.40274892e-07,0.00873764139,7.01763128e-08,1.31729783e-08,5.69255967e-08,0,7.92783067e-06,2.11375983e-08,0.00873763021
8.05539969e-07,1.40453281e-07,0.00873764139,7.02334404e-08,1.32940396e-08,5.69257921e-08,0,7.92783067e-06,2.11709033e-08,0.00873763021
8.06430307e-07,1.40503957e-07,0.00873764139,7.0253563e-08,1.33245015e-08,5.69258845e-08,0,7.92789069e-06,2.12199769e-08,0.00873763021
8.07320021e-07,1.40370858e-07,0.00873764139,7.0251339e-08,1.31934836e-08,5.69260301e-08,0,7.92789069e-06,2.12509494e-08,0.00873763021
8.08210643e-07,1.40141438e-07,0.00873764139,7.02576557e-08,1.29575994e-08,5.69261793e-08,0,7.92789069e-06,2.12820623e-08,0.00873763021
8.0910263e-07,1.39934556e-07,0.00873764139,7.01884559e-08,1.28198936e-08,5.69262006e-08,0,7.92789069e-06,2.13131912e-08,0.00873763021
8.10035885e-07,1.40103097e-07,0.00873764139,7.02680722e-08,1.29087905e-08,5.69262433e-08,0,7.92789069e-06,2.13454303e-08,0.00873763021
8.10924917e-07,1.40333384e-07,0.00873764139,7.03007501e-08,1.31062547e-08,5.69263818e-08,0,7.92789069e-06,2.13761311e-08,0.00873763021
8.1181355e-07,1.40384188e-07,0.00873764139,7.02641074e-08,1.31936853e-08,5.6926396e-08,0,7.92789069e-06,2.1406187e-08,0.00873763021
8.12703206e-07,1.40344852e-07,0.00873764139,7.02857363e-08,1.31326781e-08,5.69264351e-08,0,7.92789069e-06,2.14361364e-08,0.00873763021
8.13636916e-07,1.40240417e-07,0.00873764139,7.02827734e-08,1.30312054e-08,5.69264351e-08,0,7.92789069e-06,2.14675566e-08,0.00873763021
8.14528448e-07,1.40185946e-07,0.00873764139,7.02677099e-08,1.29918023e-08,5.69264351e-08,0,7.92789069e-06,2.14975024e-08,0.00873763021
8.15418616e-07,1.4030995e-07,0.00873764139,7.03457061e-08,1.30378082e-08,5.69264351e-08,0,7.92789069e-06,2.15271321e-08,0.00873763021
8.16307306e-07,1.40536841e-07,0.00873764046,7.04090866e-08,1.32012277e-08,5.69265346e-08,0,7.92789069e-06,2.155606e-08,0.00873763021
8.17238856e-07,1.40592462e-07,0.00873764046,7.03996648e-08,1.32662246e-08,5.69265772e-08,0,7.92789069e-06,2.15856915e-08,0.00873763021
8.18129536e-07,1.40518438e-07,0.00873764046,7.04104934e-08,1.31812543e-08,5.69266945e-08,0,7.92789069e-06,2.1614035e-08,0.00873763021
8.19020897e-07,1.40299719e-07,0.00873764139,7.03930283e-08,1.29799691e-08,5.69267229e-08,0,7.92789069e-06,2.16428653e-08,0.00873763021
8.19911577e-07,1.40162911e-07,0.00873764139,7.04034875e-08,1.2832488e-08,5.69269289e-08,0,7.92789069e-06,2.16716902e-08,0.00873763021
8.20800892e-07,1.40299235e-07,0.00873764139,7.04745915e-08,1.28976181e-08,5.69270355e-08,0,7.92806259e-06,2.17206484e-08,0.00873763021
8.21731703e-07,1.40580923e-07,0.00873764046,7.0600997e-08,1.30526931e-08,5.69272309e-08,0,7.9283891e-06,2.17511289e-08,0.00873763021
8.22620621e-07,1.4068884e-07,0.00873764139,7.06667223e-08,1.30944979e-08,5.69276288e-08,0,7.92885749e-06,2.17799521e-08,0.00873763021
8.23511357e-07,1.40487231e-07,0.00873764139,7.06297101e-08,1.29288935e-08,5.69286307e-08,0,7.92911396e-06,2.18126086e-08,0.00873763021
8.24403287e-07,1.40394434e-07,0.00873764139,7.06517014e-08,1.28134428e-08,5.69292915e-08,0,7.92911396e-06,2.18441976e-08,0.00873763021
8.25337054e-07,1.40405078e-07,0.00873764139,7.06982064e-08,1.27773996e-08,5.69294762e-08,0,7.92911396e-06,2.18765113e-08,0.00873763021
8.2622654e-07,1.40483593e-07,0.00873764139,7.0790712e-08,1.27628015e-08,5.69300802e-08,0,7.92911396e-06,2.1906061e-08,0.00873763021
8.27115343e-07,1.40480353e-07,0.00873764139,7.08200929e-08,1.27298847e-08,5.69303715e-08,0,7.92911396e-06,2.19345235e-08,0.00873763021
8.28004659e-07,1.40383165e-07,0.00873764139,7.07589436e-08,1.26937643e-08,5.69304568e-08,0,7.92911396e-06,2.19630465e-08,0.00873763021
8.28937402e-07,1.40314327e-07,0.00873764139,7.07061076e-08,1.267746e-08,5.69307623e-08,0,7.92911396e-06,2.19934577e-08,0.00873763021
8.29828878e-07,1.4030465e-07,0.00873764139,7.06923231e-08,1.26815305e-08,5.69308014e-08,0,7.92911396e-06,2.20227339e-08,0.00873763021
8.30720523e-07,1.40458638e-07,0.00873764139,7.07465162e-08,1.27812152e-08,5.69309009e-08,0,7.92911396e-06,2.20510366e-08,0.00873763021
8.31610294e-07,1.40560104e-07,0.00873764139,7.0772245e-08,1.28567077e-08,5.6931146e-08,0,7.92911396e-06,2.20778062e-08,0.00873763021
8.32541161e-07,1.40679802e-07,0.00873764046,7.08091292e-08,1.29394557e-08,5.69312171e-08,0,7.92911396e-06,2.21054481e-08,0.00873763021
8.33430533e-07,1.40570009e-07,0.00873764046,7.0755199e-08,1.28835405e-08,5.69312668e-08,0,7.92911396e-06,2.21323617e-08,0.00873763021
8.34322009e-07,1.40507666e-07,0.00873764139,7.07676762e-08,1.28086803e-08,5.69313165e-08,0,7.92911396e-06,2.21604601e-08,0.00873763021
8.35214053e-07,1.40590572e-07,0.00873764046,7.08098824e-08,1.28493687e-08,5.69313201e-08,0,7.92911396e-06,2.21882104e-08,0.00873763021
8.36105301e-07,1.40750757e-07,0.00873764046,7.08790537e-08,1.29401876e-08,5.69315191e-08,0,7.92911396e-06,2.22148895e-08,0.00873763021
8.37037931e-07,1.40820248e-07,0.00873764046,7.09514509e-08,1.29372761e-08,5.69315226e-08,0,7.92911396e-06,2.22418848e-08,0.00873763021
8.37927132e-07,1.40680172e-07,0.00873764046,7.09148722e-08,1.28337794e-08,5.69315226e-08,0,7.92911396e-06,2.22674892e-08,0.00873763021
8.38816106e-07,1.40525572e-07,0.00873764046,7.08820522e-08,1.27119151e-08,5.69316043e-08,0,7.92911396e-06,2.22935181e-08,0.00873763021
8.39706729e-07,1.40466e-07,0.00873764046,7.08464967e-08,1.26878428e-08,5.69316576e-08,0,7.92911396e-06,2.23201155e-08,0.00873763021
8.40641121e-07,1.40561468e-07,0.00873764046,7.0883921e-08,1.27455788e-08,5.69319667e-08,0,7.92927767e-06,2.23502656e-08,0.00873763021
8.41532085e-07,1.40716509e-07,0.00873764046,7.09691932e-08,1.28147697e-08,5.69325493e-08,0,7.92964329e-06,2.23774173e-08,0.00873763021
8.42421514e-07,1.40905286e-07,0.00873764046,7.11072445e-08,1.28614728e-08,5.69365675e-08,0,7.93009258e-06,2.24049668e-08,0.00873763021
8.43310147e-07,1.40727138e-07,0.00873764139,7.1084159e-08,1.27058071e-08,5.69371714e-08,0,7.93010076e-06,2.24330581e-08,0.00873763021
8.44241526e-07,1.40596057e-07,0.00873764139,7.11020931e-08,1.25565789e-08,5.69373952e-08,0,7.93010076e-06,2.24621104e-08,0.00873763021
8.4513232e-07,1.40635635e-07,0.00873764139,7.11692394e-08,1.25286483e-08,5.69377505e-08,0,7.93010076e-06,2.25311148e-08,0.00873763021
8.46023909e-07,1.40759127e-07,0.00873764046,7.1227312e-08,1.25937918e-08,5.69380205e-08,0,7.93010076e-06,2.25759216e-08,0.00873763021
8.46914816e-07,1.40944096e-07,0.00873764046,7.12897759e-08,1.27161535e-08,5.69381662e-08,0,7.93010076e-06,2.26187229e-08,0.00873763021
8.47804245e-07,1.41038512e-07,0.00873764046,7.13346822e-08,1.27656259e-08,5.69382088e-08,0,7.93010076e-06,2.26546568e-08,0.00873763021
8.48735056e-07,1.40912562e-07,0.00873764046,7.12912325e-08,1.26828361e-08,5.69384966e-08,0,7.93010076e-06,2.26880346e-08,0.00873763021
8.49624087e-07,1.40787677e-07,0.00873764046,7.12441874e-08,1.26049287e-08,5.69385676e-08,0,7.93010076e-06,2.27187904e-08,0.00873763021
8.50514709e-07,1.40835965e-07,0.00873764046,7.12376078e-08,1.26597435e-08,5.69386103e-08,0,7.93010076e-06,2.27488588e-08,0.00873763021
8.51406639e-07,1.40956928e-07,0.00873764046,7.12301684e-08,1.27880551e-08,5.69387026e-08,0,7.93010076e-06,2.27777939e-08,0.00873763021
8.5234052e-07,1.41022895e-07,0.00873764046,7.12949628e-08,1.27891466e-08,5.69387808e-08,0,7.93010076e-06,2.28062902e-08,0.00873763021
8.53230176e-07,1.40996804e-07,0.00873764046,7.13467685e-08,1.27109088e-08,5.69391219e-08,0,7.93010076e-06,2.28322943e-08,0.00873763021
8.54118866e-07,1.40874434e-07,0.00873764046,7.13401889e-08,1.25950663e-08,5.69391752e-08,0,7.93010076e-06,2.28585204e-08,0.00873763021
8.55008068e-07,1.40864557e-07,0.00873764046,7.13594304e-08,1.25659545e-08,5.69391752e-08,0,7.93010076e-06,2.28853043e-08,0.00873763021
8.55941209e-07,1.40998949e-07,0.00873764046,7.13696551e-08,1.26898527e-08,5.69394345e-08,0,7.93010076e-06,2.29132873e-08,0.00873763021
8.56832798e-07,1.41137249e-07,0.00873764046,7.13809953e-08,1.28167548e-08,5.69394949e-08,0,7.93010076e-06,2.29386643e-08,0.00873763021
8.5772416e-07,1.41214485e-07,0.00873763952,7.14188459e-08,1.28560167e-08,5.69396263e-08,0,7.93010076e-06,2.29628192e-08,0.00873763021
8.5861393e-07,1.41087156e-07,0.00873764046,7.14516304e-08,1.26957671e-08,5.69397507e-08,0,7.93010076e-06,2.2986784e-08,0.00873763021
8.59502109e-07,1.40763163e-07,0.00873764046,7.14356929e-08,1.23877193e-08,5.69397507e-08,0,7.93010076e-06,2.30112001e-08,0.00873763021
8.60433147e-07,1.4063022e-07,0.00873764046,7.14036545e-08,1.2286562e-08,5.69400029e-08,0,7.93022446e-06,2.30390942e-08,0.00873763021
8.61323713e-07,1.40813711e-07,0.00873764046,7.14684205e-08,1.24050255e-08,5.69402623e-08,0,7.93059098e-06,2.30650112e-08,0.00873763021
8.62215245e-07,1.41231865e-07,0.00873764046,7.16157373e-08,1.26757236e-08,5.69404079e-08,0,7.93116214e-06,2.30907506e-08,0.00873763021
8.63106834e-07,1.41624795e-07,0.00873764046,7.17681772e-08,1.29152591e-08,5.69413565e-08,0,7.93195795e-06,2.3116197e-08,0.00873763021
8.64039464e-07,1.42027687e-07,0.00873764046,7.20073174e-08,1.30784894e-08,5.69418752e-08,0,7.93303388e-06,2.31422863e-08,0.00873763021
8.64928097e-07,1.42170023e-07,0.00873764046,7.22589562e-08,1.29624471e-08,5.69486218e-08,0,7.93391337e-06,2.31775577e-08,0.00873763021
8.65817469e-07,1.4192716e-07,0.00873764139,7.2230705e-08,1.27431505e-08,5.69533043e-08,0,7.93405434e-06,2.32182238e-08,0.00873763021
8.66708149e-07,1.42055114e-07,0.00873764139,7.22616917e-08,1.28396414e-08,5.69537804e-08,0,7.93405434e-06,2.32547315e-08,0.00873763021
8.67642143e-07,1.42216706e-07,0.00873764046,7.22747444e-08,1.29863267e-08,5.69556349e-08,0,7.93405434e-06,2.32903314e-08,0.00873763021
8.68533505e-07,1.42253413e-07,0.00873764046,7.22982421e-08,1.29993643e-08,5.69558019e-08,0,7.93405434e-06,2.33220696e-08,0.00873763021
8.69423843e-07,1.42160488e-07,0.00873764046,7.23527478e-08,1.28518431e-08,5.69559013e-08,0,7.93405434e-06,2.33530262e-08,0.00873763021
8.70312874e-07,1.4197974e-07,0.00873764139,7.23691187e-08,1.26546054e-08,5.6956015e-08,0,7.93405434e-06,2.33825368e-08,0.00873763021
8.71201962e-07,1.41850947e-07,0.00873764139,7.23464098e-08,1.25482931e-08,5.69562459e-08,0,7.93405434e-06,2.34119124e-08,0.00873763021
8.72135217e-07,1.41890524e-07,0.00873764139,7.23459763e-08,1.25878632e-08,5.69566794e-08,0,7.93405434e-06,2.3441336e-08,0.00873763021
8.73026863e-07,1.41978106e-07,0.00873764139,7.23553981e-08,1.26657733e-08,5.69569281e-08,0,7.93405434e-06,2.34691981e-08,0.00873763021
8.73917998e-07,1.42061836e-07,0.00873764046,7.23678113e-08,1.27368933e-08,5.69571377e-08,0,7.93405434e-06,2.34962485e-08,0.00873763021
8.74807938e-07,1.42115184e-07,0.00873764046,7.24289393e-08,1.27290436e-08,5.69571981e-08,0,7.93405434e-06,2.35226274e-08,0.00873763021
8.75738976e-07,1.42063811e-07,0.00873764046,7.24564728e-08,1.26499167e-08,5.69574254e-08,0,7.93405434e-06,2.35502426e-08,0.00873763021
8.76627837e-07,1.41979328e-07,0.00873764046,7.24473281e-08,1.25744499e-08,5.69575427e-08,0,7.93405434e-06,2.35759856e-08,0.00873763021
8.77517891e-07,1.41923408e-07,0.00873764046,7.24355189e-08,1.25302941e-08,5.6957596e-08,0,7.93405434e-06,2.36013467e-08,0.00873763021
8.78408741e-07,1.41883717e-07,0.00873764046,7.24493958e-08,1.24766055e-08,5.69577097e-08,0,7.93405434e-06,2.36268054e-08,0.00873763021
8.79342167e-07,1.41846769e-07,0.00873764046,7.24758351e-08,1.24130226e-08,5.69579086e-08,0,7.93405434e-06,2.36536302e-08,0.00873763021
8.80232108e-07,1.41878004e-07,0.00873764046,7.25399474e-08,1.23799238e-08,5.69581253e-08,0,7.93405434e-06,2.36792737e-08,0.00873763021
8.81121139e-07,1.41892286e-07,0.00873764046,7.25673743e-08,1.23664829e-08,5.69584238e-08,0,7.93405434e-06,2.37041711e-08,0.00873763021
8.82010568e-07,1.41919628e-07,0.00873764046,7.25599278e-08,1.24010899e-08,5.69586085e-08,0,7.93405434e-06,2.37287665e-08,0.00873763021
8.82900906e-07,1.42006286e-07,0.00873764046,7.25274774e-08,1.25201662e-08,5.6958644e-08,0,7.93405434e-06,2.37530333e-08,0.00873763021
8.83834389e-07,1.42082953e-07,0.00873764046,7.25141973e-08,1.26100437e-08,5.6958708e-08,0,7.93405434e-06,2.37785294e-08,0.00873763021
8.84725125e-07,1.42173818e-07,0.00873764046,7.25521261e-08,1.2662956e-08,5.69587399e-08,0,7.93405434e-06,2.38023432e-08,0.00873763021
8.8561552e-07,1.42189222e-07,0.00873764046,7.25845339e-08,1.26459021e-08,5.69587826e-08,0,7.93405434e-06,2.38256863e-08,0.00873763021
8.86505177e-07,1.42136287e-07,0.00873764046,7.26269676e-08,1.25505082e-08,5.69588074e-08,0,7.93405434e-06,2.38488802e-08,0.00873763021
8.87436556e-07,1.42045195e-07,0.00873764046,7.26241609e-08,1.24621362e-08,5.69588998e-08,0,7.93405434e-06,2.38725839e-08,0.00873763021
8.88326497e-07,1.4188646e-07,0.00873764046,7.2567893e-08,1.23595258e-08,5.69590384e-08,0,7.93405434e-06,2.38951472e-08,0.00873763021
8.89217517e-07,1.41783843e-07,0.00873764046,7.25711828e-08,1.22535981e-08,5.69590561e-08,0,7.93407253e-06,2.39191067e-08,0.00873763021
8.90108879e-07,1.41949855e-07,0.00873764046,7.26703107e-08,1.23201103e-08,5.69594292e-08,0,7.93434083e-06,2.39439082e-08,0.00873763021
8.91042021e-07,1.42322364e-07,0.00873764046,7.2819347e-08,1.25434596e-08,5.69595606e-08,0,7.93484378e-06,2.39691644e-08,0.00873763021
8.91931677e-07,1.42737676e-07,0.00873764046,7.2994446e-08,1.27834374e-08,5.69597987e-08,0,7.93555228e-06,2.3992877e-08,0.00873763021
8.92820424e-07,1.43088187e-07,0.00873764046,7.31519378e-08,1.29762014e-08,5.69600402e-08,0,7.93654272e-06,2.40164084e-08,0.00873763021
8.93709512e-07,1.43564549e-07,0.00873764046,7.34118686e-08,1.31904114e-08,5.69622713e-08,0,7.93770414e-06,2.40417215e-08,0.00873763021
8.94600362e-07,1.43722872e-07,0.00873764139,7.35812549e-08,1.31749225e-08,5.69667016e-08,0,7.93880099e-06,2.4070486e-08,0.00873763021
8.95534356e-07,1.43512452e-07,0.00873764232,7.35325401e-08,1.29971314e-08,5.69827847e-08,0,7.93952404e-06,2.41099123e-08,0.00873763021
8.96424808e-07,1.43287338e-07,0.00873764232,7.35170644e-08,1.27858018e-08,5.69844758e-08,0,7.93952404e-06,2.41431923e-08,0.00873763021
8.97313839e-07,1.43284282e-07,0.00873764232,7.35447685e-08,1.27528601e-08,5.69866607e-08,0,7.93952404e-06,2.41748968e-08,0.00873763021
8.98202302e-07,1.43302955e-07,0.00873764232,7.35817949e-08,1.27336941e-08,5.69874672e-08,0,7.93952404e-06,2.42056277e-08,0.00873763021
8.99134534e-07,1.43229997e-07,0.00873764232,7.35379757e-08,1.27044411e-08,5.69875773e-08,0,7.93952404e-06,2.42372096e-08,0.00873763021
9.00026293e-07,1.43217562e-07,0.00873764232,7.35250936e-08,1.27046658e-08,5.69878011e-08,0,7.93952404e-06,2.42662743e-08,0.00873763021
9.0091828e-07,1.43320293e-07,0.00873764232,7.35478523e-08,1.27843904e-08,5.69880498e-08,0,7.93952404e-06,2.42947831e-08,0.00873763021
9.01809017e-07,1.4345008e-07,0.00873764139,7.35752153e-08,1.28862023e-08,5.69886609e-08,0,7.93952404e-06,2.43219258e-08,0.00873763021
9.02740567e-07,1.43617783e-07,0.00873764139,7.36174428e-08,1.30114639e-08,5.69888776e-08,0,7.93952404e-06,2.43495997e-08,0.00873763021
9.03629655e-07,1.43701683e-07,0.00873764139,7.36413099e-08,1.30711388e-08,5.69892258e-08,0,7.93952404e-06,2.43754492e-08,0.00873763021
9.04519823e-07,1.43712256e-07,0.00873764139,7.36392991e-08,1.3083433e-08,5.69895278e-08,0,7.93952404e-06,2.44009151e-08,0.00873763021
9.05411014e-07,1.43633542e-07,0.00873764139,7.36441876e-08,1.29994691e-08,5.69898866e-08,0,7.93952404e-06,2.44261766e-08,0.00873763021
9.06302148e-07,1.43519017e-07,0.00873764139,7.36435908e-08,1.28852964e-08,5.69901353e-08,0,7.93952404e-06,2.44510385e-08,0.00873763021
9.07234664e-07,1.43426391e-07,0.00873764139,7.36817611e-08,1.27542945e-08,5.69903378e-08,0,7.93952404e-06,2.44764795e-08,0.00873763021
9.0812398e-07,1.43325778e-07,0.00873764139,7.3697926e-08,1.26374138e-08,5.69904373e-08,0,7.93952404e-06,2.45003662e-08,0.00873763021
9.09013636e-07,1.43238509e-07,0.00873764139,7.36985157e-08,1.2549493e-08,5.69905012e-08,0,7.93952404e-06,2.45242369e-08,0.00873763021
9.09904031e-07,1.4324111e-07,0.00873764139,7.37174517e-08,1.2533075e-08,5.69905829e-08,0,7.93952404e-06,2.45480294e-08,0.00873763021
9.10837514e-07,1.43163135e-07,0.00873764232,7.37039869e-08,1.24685497e-08,5.69905936e-08,0,7.93952404e-06,2.45720653e-08,0.00873763021
9.11728478e-07,1.43132567e-07,0.00873764232,7.37398622e-08,1.24020483e-08,5.6990654e-08,0,7.93952404e-06,2.45950691e-08,0.00873763021
9.12618759e-07,1.43166403e-07,0.00873764139,7.37543289e-08,1.24213999e-08,5.69906788e-08,0,7.93952404e-06,2.46344491e-08,0.00873763021
9.13508245e-07,1.43234331e-07,0.00873764139,7.37686534e-08,1.24749056e-08,5.69907712e-08,0,7.93952404e-06,2.46618068e-08,0.00873763021
9.14439966e-07,1.43298735e-07,0.00873764139,7.37877741e-08,1.25201467e-08,5.6990821e-08,0,7.93952404e-06,2.46890774e-08,0.00873763021
9.15329849e-07,1.43317521e-07,0.00873764139,7.38218517e-08,1.25048336e-08,5.69908423e-08,0,7.93952404e-06,2.47131169e-08,0.00873763021
9.16219847e-07,1.43271592e-07,0.00873764139,7.38339736e-08,1.24467716e-08,5.69908423e-08,0,7.93952404e-06,2.47362397e-08,0.00873763021
9.17110242e-07,1.43258646e-07,0.00873764139,7.38419672e-08,1.24257333e-08,5.69909524e-08,0,7.93952404e-06,2.47678962e-08,0.00873763021
9.1800058e-07,1.43297811e-07,0.00873764139,7.38315222e-08,1.24752519e-08,5.69910412e-08,0,7.93952404e-06,2.4804713e-08,0.00873763021
9.18932869e-07,1.43397031e-07,0.00873764139,7.38655856e-08,1.25403545e-08,5.69910945e-08,0,7.93952404e-06,2.48353764e-08,0.00873763021
9.1982281e-07,1.43478971e-07,0.00873764139,7.38917194e-08,1.25960735e-08,5.69911833e-08,0,7.93952404e-06,2.48612491e-08,0.00873763021
9.20712978e-07,1.43506611e-07,0.00873764139,7.39042818e-08,1.26108537e-08,5.69914747e-08,0,7.93952404e-06,2.48848711e-08,0.00873763021
9.21603259e-07,1.43426902e-07,0.00873764139,7.38896091e-08,1.25457724e-08,5.69915208e-08,0,7.93952404e-06,2.49082497e-08,0.00873763021
9.22536344e-07,1.43396704e-07,0.00873764139,7.38848129e-08,1.25202853e-08,5.69916097e-08,0,7.93952404e-06,2.49326373e-08,0.00873763021
9.23426796e-07,1.43502405e-07,0.00873764139,7.39021004e-08,1.26087052e-08,5.69916097e-08,0,7.93952404e-06,2.49550478e-08,0.00873763021
9.24316339e-07,1.43623396e-07,0.00873764139,7.39175121e-08,1.27141417e-08,5.69917482e-08,0,7.93952404e-06,2.49762699e-08,0.00873763021
9.25205313e-07,1.43671855e-07,0.00873764046,7.39239354e-08,1.27561659e-08,5.69917482e-08,0,7.93952404e-06,2.49969716e-08,0.00873763021
9.26136863e-07,1.43532304e-07,0.00873764139,7.39184216e-08,1.2622106e-08,5.69917766e-08,0,7.93952404e-06,2.50185721e-08,0.00873763021
9.27026974e-07,1.43323902e-07,0.00873764139,7.39229051e-08,1.24092132e-08,5.69917873e-08,0,7.93952404e-06,2.50394319e-08,0.00873763021
9.27918052e-07,1.43103051e-07,0.00873764139,7.39017381e-08,1.22095249e-08,5.69917873e-08,0,7.93952404e-06,2.50605527e-08,0.00873763021
9.28808845e-07,1.43113382e-07,0.00873764139,7.39508792e-08,1.2170708e-08,5.69917979e-08,0,7.93957315e-06,2.50823362e-08,0.00873763021
9.29740963e-07,1.43363962e-07,0.00873764139,7.40442729e-08,1.23276029e-08,5.69920822e-08,0,7.93985055e-06,2.51045975e-08,0.00873763021
9.30630449e-07,1.4359108e-07,0.00873764139,7.41131032e-08,1.24848576e-08,5.69931231e-08,0,7.94021435e-06,2.51259671e-08,0.00873763021
9.3152056e-07,1.43546103e-07,0.00873764139,7.4109586e-08,1.24424178e-08,5.69940966e-08,0,7.94025345e-06,2.51483456e-08,0.00873763021
9.32411069e-07,1.43404861e-07,0.00873764139,7.40878789e-08,1.23228601e-08,5.69941285e-08,0,7.94025345e-06,2.51708716e-08,0.00873763021
9.33301578e-07,1.43222394e-07,0.00873764139,7.40799209e-08,1.21478498e-08,5.69946152e-08,0,7.94025345e-06,2.51935344e-08,0.00873763021
9.34233867e-07,1.43240086e-07,0.00873764139,7.41034896e-08,1.21418786e-08,5.69947218e-08,0,7.94025345e-06,2.52164352e-08,0.00873763021
9.35123467e-07,1.43358008e-07,0.00873764139,7.41219139e-08,1.22412898e-08,5.69948106e-08,0,7.94025345e-06,2.52377959e-08,0.00873763021
9.36013123e-07,1.43563369e-07,0.00873764139,7.41668273e-08,1.24016362e-08,5.69949066e-08,0,7.94025345e-06,2.52586592e-08,0.00873763021
9.36903405e-07,1.43631155e-07,0.00873764139,7.41766542e-08,1.24593305e-08,5.69951695e-08,0,7.94025345e-06,2.52791672e-08,0.00873763021
9.37836717e-07,1.43575974e-07,0.00873764139,7.41875752e-08,1.23930679e-08,5.69953329e-08,0,7.94025345e-06,2.53003787e-08,0.00873763021
9.38727339e-07,1.43479483e-07,0.00873764139,7.4193693e-08,1.2290414e-08,5.6995372e-08,0,7.94025345e-06,2.53206789e-08,0.00873763021
9.39617621e-07,1.43502334e-07,0.00873764139,7.42145403e-08,1.22923893e-08,5.6995404e-08,0,7.94025345e-06,2.53406309e-08,0.00873763021
9.40507846e-07,1.43588224e-07,0.00873764139,7.42344284e-08,1.23583881e-08,5.6995404e-08,0,7.94025345e-06,2.53598955e-08,0.00873763021
9.41441044e-07,1.4361963e-07,0.00873764139,7.42230242e-08,1.2401193e-08,5.6995404e-08,0,7.94031803e-06,2.54013095e-08,0.00873763021
9.42332065e-07,1.43591933e-07,0.00873764139,7.42135171e-08,1.23830146e-08,5.69954075e-08,0,7.94031803e-06,2.5420464e-08,0.00873763021
9.43222517e-07,1.43510462e-07,0.00873764139,7.42059996e-08,1.23090338e-08,5.69954324e-08,0,7.94031803e-06,2.5439661e-08,0.00873763021
9.44112116e-07,1.43418333e-07,0.00873764139,7.41929682e-08,1.22299353e-08,5.69954324e-08,0,7.94031803e-06,2.54585171e-08,0.00873763021
9.45001887e-07,1.43431819e-07,0.00873764139,7.42303143e-08,1.22060753e-08,5.69954324e-08,0,7.94031803e-06,2.54773092e-08,0.00873763021
9.45934346e-07,1.4353823e-07,0.00873764139,7.42590416e-08,1.22837109e-08,5.6995475e-08,0,7.94031803e-06,2.54970232e-08,0.00873763021
9.46824457e-07,1.43634054e-07,0.00873764046,7.42792423e-08,1.23593367e-08,5.6995475e-08,0,7.94031803e-06,2.55157016e-08,0.00873763021
9.47714568e-07,1.43639454e-07,0.00873764046,7.42987751e-08,1.23452084e-08,5.6995475e-08,0,7.94031803e-06,2.55339092e-08,0.00873763021
9.48604566e-07,1.43570247e-07,0.00873764046,7.43075432e-08,1.22672086e-08,5.69954999e-08,0,7.94037533e-06,2.55527599e-08,0.00873763021
9.49536798e-07,1.43521859e-07,0.00873764139,7.43598818e-08,1.21663453e-08,5.69956278e-08,0,7.94063817e-06,2.55734793e-08,0.00873763021
9.50426625e-07,1.43689903e-07,0.00873764139,7.44770716e-08,1.22167627e-08,5.69960612e-08,0,7.94110383e-06,2.55930406e-08,0.00873763021
9.51317247e-07,1.43897921e-07,0.00873764139,7.4573272e-08,1.23254322e-08,5.69992125e-08,0,7.94157768e-06,2.56192418e-08,0.00873763021
9.5220804e-07,1.43872597e-07,0.00873764139,7.45551887e-08,1.23181385e-08,5.69992764e-08,0,7.94157768e-06,2.56405297e-08,0.00873763021
9.53140727e-07,1.43855686e-07,0.00873764139,7.45287281e-08,1.23275976e-08,5.69993546e-08,0,7.94157768e-06,2.56627111e-08,0.00873763021
9.54030838e-07,1.43847501e-07,0.00873764139,7.45130606e-08,1.2334791e-08,5.6999653e-08,0,7.94157768e-06,2.56833719e-08,0.00873763021
9.54920893e-07,1.43871873e-07,0.00873764139,7.45448503e-08,1.23272432e-08,5.69997809e-08,0,7.94157768e-06,2.57036685e-08,0.00873763021
9.55810492e-07,1.43925632e-07,0.00873764139,7.45719504e-08,1.23536905e-08,5.69999834e-08,0,7.94157768e-06,2.57234571e-08,0.00873763021
9.56700319e-07,1.4400122e-07,0.00873764139,7.45822319e-08,1.24189325e-08,5.7000058e-08,0,7.94157768e-06,2.57424571e-08,0.00873763021
9.57632778e-07,1.44059982e-07,0.00873764139,7.45678079e-08,1.24920421e-08,5.70001291e-08,0,7.94157768e-06,2.57615653e-08,0.00873763021
9.58522833e-07,1.44025833e-07,0.00873764139,7.4575027e-08,1.24505757e-08,5.70002285e-08,0,7.94157768e-06,2.5779471e-08,0.00873763021
9.59412773e-07,1.43967185e-07,0.00873764139,7.4602589e-08,1.23641701e-08,5.70004275e-08,0,7.94157768e-06,2.57974886e-08,0.00873763021
9.60302373e-07,1.43908636e-07,0.00873764139,7.46488453e-08,1.22593145e-08,5.70004843e-08,0,7.94157768e-06,2.58156554e-08,0.00873763021
9.61234264e-07,1.43855587e-07,0.00873764139,7.46747446e-08,1.21803216e-08,5.70005199e-08,0,7.94157768e-06,2.58343729e-08,0.00873763021
9.62123977e-07,1.43845782e-07,0.00873764139,7.46806421e-08,1.21645325e-08,5.70006051e-08,0,7.94157768e-06,2.58518824e-08,0.00873763021
9.63014031e-07,1.43853441e-07,0.00873764139,7.46725206e-08,1.21803154e-08,5.70006051e-08,0,7.94157768e-06,2.58691575e-08,0.00873763021
9.63904313e-07,1.43895861e-07,0.00873764139,7.46886855e-08,1.22065771e-08,5.70006051e-08,0,7.94157768e-06,2.58862567e-08,0.00873763021
9.64836772e-07,1.43934827e-07,0.00873764139,7.47006368e-08,1.22335528e-08,5.70006407e-08,0,7.94157768e-06,2.59042086e-08,0.00873763021
9.65726599e-07,1.4396386e-07,0.00873764046,7.47253637e-08,1.22378552e-08,5.70006478e-08,0,7.94157768e-06,2.59214357e-08,0.00873763021
9.66616426e-07,1.44003593e-07,0.00873764046,7.47244684e-08,1.22784733e-08,5.70006478e-08,0,7.94157768e-06,2.5938844e-08,0.00873763021
9.67506594e-07,1.4406676e-07,0.00873764046,7.47125242e-08,1.23535546e-08,5.70006726e-08,0,7.94157768e-06,2.59556696e-08,0.00873763021
9.68439508e-07,1.4407432e-07,0.00873764046,7.47053122e-08,1.23683428e-08,5.70006726e-08,0,7.94157768e-06,2.59732076e-08,0.00873763021
9.69330131e-07,1.43999046e-07,0.00873764046,7.46910587e-08,1.2307285e-08,5.70007046e-08,0,7.94157768e-06,2.59898698e-08,0.00873763021
9.70220526e-07,1.4390325e-07,0.00873764046,7.47014823e-08,1.22010659e-08,5.70007117e-08,0,7.94157768e-06,2.60065214e-08,0.00873763021
9.71111035e-07,1.43839173e-07,0.00873764139,7.47221449e-08,1.21163186e-08,5.70007117e-08,0,7.94157768e-06,2.60232866e-08,0.00873763021
9.72001544e-07,1.43797209e-07,0.00873764139,7.47167661e-08,1.20797283e-08,5.70007117e-08,0,7.94157768e-06,2.60397748e-08,0.00873763021
9.72934345e-07,1.43816266e-07,0.00873764046,7.47025624e-08,1.21129853e-08,5.70007188e-08,0,7.94157768e-06,2.60569131e-08,0.00873763021
9.73824399e-07,1.43913496e-07,0.00873764046,7.46963451e-08,1.22163506e-08,5.7000797e-08,0,7.94157768e-06,2.60731525e-08,0.00873763021
9.74714567e-07,1.44002755e-07,0.00873764046,7.46951301e-08,1.23068222e-08,5.70008041e-08,0,7.94157768e-06,2.60890758e-08,0.00873763021
9.75604962e-07,1.44006805e-07,0.00873764046,7.47056319e-08,1.23003119e-08,5.70008609e-08,0,7.94157768e-06,2.61045141e-08,0.00873763021
9.7653799e-07,1.43952875e-07,0.00873764046,7.47422888e-08,1.2209652e-08,5.70009355e-08,0,7.94157768e-06,2.61205564e-08,0.00873763021
9.77427703e-07,1.43839486e-07,0.00873764046,7.47467652e-08,1.20917729e-08,5.70009533e-08,0,7.94157768e-06,2.61360658e-08,0.00873763021
9.78317189e-07,1.43815612e-07,0.00873764046,7.47644791e-08,1.20499921e-08,5.70011345e-08,0,7.94174412e-06,2.61537494e-08,0.00873763021
9.79207243e-07,1.44004304e-07,0.00873764046,7.48417435e-08,1.21609025e-08,5.70016674e-08,0,7.94211519e-06,2.61716941e-08,0.00873763021
9.80140612e-07,1.44333512e-07,0.00873764046,7.49930109e-08,1.23384343e-08,5.70020653e-08,0,7.94273183e-06,2.61898592e-08,0.00873763021
9.81031803e-07,1.44656795e-07,0.00873764046,7.51793579e-08,1.24750619e-08,5.70023708e-08,0,7.94356311e-06,2.62072106e-08,0.00873763021
9.81922312e-07,1.45009409e-07,0.00873764139,7.53922222e-08,1.26119071e-08,5.7005284e-08,0,7.94455173e-06,2.62262727e-08,0.00873763021
9.82812139e-07,1.4503452e-07,0.00873764139,7.55696945e-08,1.24567192e-08,5.70081085e-08,0,7.945162e-06,2.62538151e-08,0.00873763021
9.83701852e-07,1.44898934e-07,0.00873764139,7.55175762e-08,1.23694122e-08,5.70119489e-08,0,7.94529387e-06,2.62852087e-08,0.00873763021
9.84634312e-07,1.44897413e-07,0.00873764139,7.5521271e-08,1.23636967e-08,5.70124428e-08,0,7.94529387e-06,2.63145417e-08,0.00873763021
9.85524707e-07,1.44919667e-07,0.00873764139,7.5541557e-08,1.23642296e-08,5.70138816e-08,0,7.94529387e-06,2.6340258e-08,0.00873763021
9.86414761e-07,1.44922652e-07,0.00873764139,7.55531389e-08,1.23554953e-08,5.70140131e-08,0,7.94529387e-06,2.63636029e-08,0.00873763021
9.87304247e-07,1.44967572e-07,0.00873764139,7.5590215e-08,1.23631256e-08,5.70142298e-08,0,7.94529387e-06,2.63858233e-08,0.00873763021
9.88235797e-07,1.450464e-07,0.00873764139,7.55823706e-08,1.24495676e-08,5.70144536e-08,0,7.94529387e-06,2.64081201e-08,0.00873763021
9.89125397e-07,1.45168613e-07,0.00873764139,7.55991252e-08,1.25548949e-08,5.70145886e-08,0,7.94529387e-06,2.64289586e-08,0.00873763021
9.90015451e-07,1.45196438e-07,0.00873764139,7.55939169e-08,1.25878934e-08,5.70146241e-08,0,7.94529387e-06,2.64488342e-08,0.00873763021
9.90905733e-07,1.45148292e-07,0.00873764139,7.56162351e-08,1.25173276e-08,5.70147343e-08,0,7.94529387e-06,2.64685251e-08,0.00873763021
9.91838192e-07,1.45060739e-07,0.00873764139,7.56214078e-08,1.24245139e-08,5.70148195e-08,0,7.94529387e-06,2.64885447e-08,0.00873763021
9.92727905e-07,1.44941907e-07,0.00873764139,7.55937393e-08,1.23331532e-08,5.70150078e-08,0,7.94529387e-06,2.65072959e-08,0.00873763021
9.93617277e-07,1.44863776e-07,0.00873764139,7.55653389e-08,1.22832216e-08,5.70152139e-08,0,7.94529387e-06,2.65261679e-08,0.00873763021
9.94507445e-07,1.44859797e-07,0.00873764139,7.55470992e-08,1.22974138e-08,5.70152849e-08,0,7.94529387e-06,2.65450115e-08,0.00873763021
9.95440246e-07,1.448755e-07,0.00873764139,7.55544747e-08,1.23057173e-08,5.70153169e-08,0,7.94529387e-06,2.6564372e-08,0.00873763021
9.963303e-07,1.44899431e-07,0.00873764139,7.55838343e-08,1.23002852e-08,5.70153169e-08,0,7.94529387e-06,2.65823275e-08,0.00873763021
9.97220241e-07,1.44854738e-07,0.00873764139,7.56086607e-08,1.22307044e-08,5.70153738e-08,0,7.94529387e-06,2.66003646e-08,0.00873763021
9.9810984e-07,1.44816681e-07,0.00873764139,7.56264882e-08,1.21745689e-08,5.7015626e-08,0,7.94543575e-06,2.66202118e-08,0.00873763021
9.99041845e-07,1.44966165e-07,0.00873764139,7.57241381e-08,1.2226252e-08,5.70157752e-08,0,7.945775e-06,2.66400715e-08,0.00873763021
9.99931785e-07,1.45218252e-07,0.00873764139,7.58544871e-08,1.23474591e-08,5.70163117e-08,0,7.94625066e-06,2.66589044e-08,0.00873763021
1.00082195e-06,1.45217072e-07,0.00873764139,7.58785461e-08,1.23204336e-08,5.70180951e-08,0,7.94651805e-06,2.66802811e-08,0.00873763021
1.00171201e-06,1.45071397e-07,0.00873764139,7.58300942e-08,1.2222773e-08,5.7018525e-08,0,7.94651805e-06,2.67005635e-08,0.00873763021
1.00260206e-06,1.44984753e-07,0.00873764139,7.58135741e-08,1.21524373e-08,5.70187382e-08,0,7.94651805e-06,2.6720917e-08,0.00873763021
1.00353475e-06,1.44955763e-07,0.00873764139,7.57881722e-08,1.21486501e-08,5.70189371e-08,0,7.94651805e-06,2.67422084e-08,0.00873763021
1.00442537e-06,1.45053733e-07,0.00873764139,7.58007275e-08,1.22339019e-08,5.70191112e-08,0,7.94651805e-06,2.6761958e-08,0.00873763021
1.00531622e-06,1.45169281e-07,0.00873764139,7.58229248e-08,1.23272237e-08,5.7019129e-08,0,7.94651805e-06,2.67806772e-08,0.00873763021
1.00620662e-06,1.45266469e-07,0.00873764139,7.58506076e-08,1.23966961e-08,5.70191645e-08,0,7.94651805e-06,2.6798995e-08,0.00873763021
1.00713919e-06,1.45335861e-07,0.00873764139,7.5874361e-08,1.24423361e-08,5.70191645e-08,0,7.94651805e-06,2.68182276e-08,0.00873763021
1.00802959e-06,1.45303034e-07,0.00873764139,7.58687335e-08,1.24151258e-08,5.70191645e-08,0,7.94651805e-06,2.68360232e-08,0.00873763021
1.00891998e-06,1.4524673e-07,0.00873764139,7.58786243e-08,1.23488979e-08,5.70192e-08,0,7.94651805e-06,2.68540692e-08,0.00873763021
1.00981015e-06,1.45264224e-07,0.00873764139,7.59029888e-08,1.23420332e-08,5.70192e-08,0,7.94652533e-06,2.68721738e-08,0.00873763021
1.0107002e-06,1.45309826e-07,0.00873764139,7.59144214e-08,1.23761996e-08,5.70192036e-08,0,7.94652533e-06,2.68895182e-08,0.00873763021
1.01163266e-06,1.45326254e-07,0.00873764139,7.59289733e-08,1.23780808e-08,5.70192071e-08,0,7.94652533e-06,2.69074842e-08,0.00873763021
1.01252249e-06,1.45233415e-07,0.00873764139,7.59282912e-08,1.22858763e-08,5.70192427e-08,0,7.94652533e-06,2.69245479e-08,0.00873763021
1.01341266e-06,1.45046513e-07,0.00873764139,7.59068328e-08,1.2120319e-08,5.70193563e-08,0,7.94652533e-06,2.69416311e-08,0.00873763021
1.01430339e-06,1.44935314e-07,0.00873764139,7.58930483e-08,1.20228556e-08,5.70194061e-08,0,7.94652897e-06,2.69590092e-08,0.00873763021
1.01523653e-06,1.44920051e-07,0.00873764139,7.58867387e-08,1.20138823e-08,5.70194345e-08,0,7.94653897e-06,2.69768901e-08,0.00873763021
1.01612659e-06,1.45070416e-07,0.00873764139,7.59398375e-08,1.21110979e-08,5.70194736e-08,0,7.94653897e-06,2.69935203e-08,0.00873763021
1.01701607e-06,1.4515669e-07,0.00873764139,7.59580345e-08,1.21791848e-08,5.70194736e-08,0,7.94655989e-06,2.70104632e-08,0.00873763021
1.01790567e-06,1.45198555e-07,0.00873764139,7.59855823e-08,1.21932811e-08,5.70196939e-08,0,7.94679454e-06,2.70278449e-08,0.00873763021
1.01883813e-06,1.45299865e-07,0.00873764139,7.60803829e-08,1.21992141e-08,5.70202729e-08,0,7.94722746e-06,2.70459566e-08,0.00873763021
1.01972807e-06,1.45323824e-07,0.00873764139,7.61313856e-08,1.21714745e-08,5.70209657e-08,0,7.94771313e-06,2.70659513e-08,0.00873763021
1.02061801e-06,1.45236569e-07,0.00873764232,7.6108293e-08,1.21063728e-08,5.70219072e-08,0,7.94773587e-06,2.70866725e-08,0.00873763021
1.0215075e-06,1.45376518e-07,0.00873764139,7.61540804e-08,1.2199969e-08,5.70224756e-08,0,7.94773587e-06,2.71064984e-08,0.00873763021
1.02243894e-06,1.454152e-07,0.00873764139,7.61592318e-08,1.22329915e-08,5.70229801e-08,0,7.94773587e-06,2.71269514e-08,0.00873763021
1.02332888e-06,1.45426739e-07,0.00873764139,7.61551462e-08,1.22484023e-08,5.70231862e-08,0,7.94773587e-06,2.71457612e-08,0.00873763021
1.0242195e-06,1.45337111e-07,0.00873764139,7.6138015e-08,1.21754891e-08,5.70236054e-08,0,7.94773587e-06,2.71640701e-08,0.00873763021
1.02511024e-06,1.4527771e-07,0.00873764139,7.61291901e-08,1.21249109e-08,5.70236125e-08,0,7.94773587e-06,2.718226e-08,0.00873763021
1.02604224e-06,1.45378806e-07,0.00873764139,7.61453407e-08,1.22097523e-08,5.70237191e-08,0,7.94773587e-06,2.72011746e-08,0.00873763021
1.0269315e-06,1.45513923e-07,0.00873764139,7.61683054e-08,1.23217916e-08,5.70238186e-08,0,7.94773587e-06,2.72184675e-08,0.00873763021
1.02782155e-06,1.45566219e-07,0.00873764139,7.61662804e-08,1.23761144e-08,5.70238186e-08,0,7.94773587e-06,2.72352221e-08,0.00873763021
1.02871229e-06,1.45528844e-07,0.00873764139,7.6165108e-08,1.23399113e-08,5.70238186e-08,0,7.94773587e-06,2.72521614e-08,0.00873763021
1.02960246e-06,1.45425247e-07,0.00873764139,7.61801573e-08,1.22212658e-08,5.70238186e-08,0,7.94773587e-06,2.72689995e-08,0.00873763021
1.03053446e-06,1.45314374e-07,0.00873764139,7.61842998e-08,1.21062138e-08,5.70238647e-08,0,7.94773587e-06,2.72862657e-08,0.00873763021
1.03142429e-06,1.45345084e-07,0.00873764139,7.62087851e-08,1.21124364e-08,5.70238647e-08,0,7.94773587e-06,2.73026259e-08,0.00873763021
1.03231469e-06,1.45381676e-07,0.00873764139,7.62220722e-08,1.21357431e-08,5.70238647e-08,0,7.94773587e-06,2.73186593e-08,0.00873763021
1.03320531e-06,1.45389109e-07,0.00873764139,7.62157129e-08,1.21493962e-08,5.70239962e-08,0,7.94773587e-06,2.73342007e-08,0.00873763021
1.03413811e-06,1.45325174e-07,0.00873764139,7.62086998e-08,1.20924204e-08,5.7024053e-08,0,7.94773587e-06,2.73503655e-08,0.00873763021
1.03502794e-06,1.45266029e-07,0.00873764139,7.62228609e-08,1.20190977e-08,5.70240601e-08,0,7.94773587e-06,2.73660152e-08,0.00873763021
1.03591776e-06,1.45250439e-07,0.00873764139,7.62537979e-08,1.19725154e-08,5.70241276e-08,0,7.94773587e-06,2.73815939e-08,0.00873763021
1.03680782e-06,1.45300007e-07,0.00873764139,7.6263504e-08,1.20123396e-08,5.70241632e-08,0,7.94773587e-06,2.73969487e-08,0.00873763021
1.03774039e-06,1.45358754e-07,0.00873764139,7.62656711e-08,1.20688952e-08,5.7024188e-08,0,7.94773587e-06,2.74129732e-08,0.00873763021
1.03863056e-06,1.45334212e-07,0.00873764139,7.62470904e-08,1.20628973e-08,5.70242307e-08,0,7.94773587e-06,2.74280829e-08,0.00873763021
1.0395205e-06,1.45246275e-07,0.00873764139,7.62367662e-08,1.19852812e-08,5.70242307e-08,0,7.94773587e-06,2.74431642e-08,0.00873763021
1.04040998e-06,1.45199593e-07,0.00873764139,7.62419035e-08,1.19334613e-08,5.70242307e-08,0,7.94773587e-06,2.7458487e-08,0.00873763021
1.04134187e-06,1.45264167e-07,0.00873764139,7.62724923e-08,1.1967443e-08,5.70242307e-08,0,7.94773587e-06,2.74748029e-08,0.00873763021
1.04223216e-06,1.45395418e-07,0.00873764139,7.62931975e-08,1.20779777e-08,5.70242413e-08,0,7.94773587e-06,2.74898451e-08,0.00873763021
1.04312289e-06,1.45496173e-07,0.00873764139,7.62922099e-08,1.21796511e-08,5.70243053e-08,0,7.94773587e-06,2.75042442e-08,0.00873763021
1.04401352e-06,1.45513056e-07,0.00873764139,7.62785106e-08,1.22101582e-08,5.70243834e-08,0,7.94773587e-06,2.7518503e-08,0.00873763021
1.04490391e-06,1.45460575e-07,0.00873764139,7.62776367e-08,1.21585604e-08,5.70243834e-08,0,7.94773587e-06,2.75328293e-08,0.00873763021
1.0458366e-06,1.4536343e-07,0.00873764139,7.62745174e-08,1.2064481e-08,5.70244332e-08,0,7.94773587e-06,2.75479426e-08,0.00873763021
1.04672677e-06,1.45287046e-07,0.00873764139,7.62727055e-08,1.19899148e-08,5.70244367e-08,0,7.94773678e-06,2.75626135e-08,0.00873763021
1.04761727e-06,1.45349858e-07,0.00873764139,7.63140022e-08,1.20112471e-08,5.70246037e-08,0,7.9479878e-06,2.75923817e-08,0.00873763021
1.04850835e-06,1.45632271e-07,0.00873764139,7.64200934e-08,1.21873622e-08,5.70248133e-08,0,7.94847438e-06,2.76134084e-08,0.00873763021
1.04944115e-06,1.45990057e-07,0.00873764139,7.66058079e-08,1.235877e-08,5.70254812e-08,0,7.9492429e-06,2.76356484e-08,0.00873763021
1.05033098e-06,1.46191041e-07,0.00873764139,7.67446124e-08,1.24192283e-08,5.70272078e-08,0,7.95006781e-06,2.76555152e-08,0.00873763021
1.05122058e-06,1.46209118e-07,0.00873764232,7.67644437e-08,1.24127197e-08,5.70319543e-08,0,7.9506417e-06,2.7681498e-08,0.00873763021
1.05211006e-06,1.46104654e-07,0.00873764232,7.68014061e-08,1.2268508e-08,5.70347396e-08,0,7.9506417e-06,2.77057488e-08,0.00873763021
1.05300012e-06,1.46107865e-07,0.00873764232,7.68101529e-08,1.2261399e-08,5.70363099e-08,0,7.9506417e-06,2.77293815e-08,0.00873763021
1.05393258e-06,1.46158783e-07,0.00873764232,7.67986919e-08,1.23219586e-08,5.70381324e-08,0,7.9506417e-06,2.7751959e-08,0.00873763021
1.05482206e-06,1.46171473e-07,0.00873764232,7.68040422e-08,1.23291732e-08,5.70382603e-08,0,7.9506417e-06,2.77719909e-08,0.00873763021
1.05571098e-06,1.46192392e-07,0.00873764232,7.68282291e-08,1.23257804e-08,5.70383811e-08,0,7.9506417e-06,2.77912271e-08,0.00873763021
1.05664219e-06,1.46178024e-07,0.00873764232,7.68421629e-08,1.22973276e-08,5.70385268e-08,0,7.9506417e-06,2.78108025e-08,0.00873763021
1.0575319e-06,1.46104597e-07,0.00873764232,7.68401378e-08,1.22257822e-08,5.70386831e-08,0,7.9506417e-06,2.78290528e-08,0.00873763021
1.05842219e-06,1.46069553e-07,0.00873764232,7.6862591e-08,1.21681856e-08,5.70387826e-08,0,7.95068627e-06,2.78564762e-08,0.00873763021
1.05931258e-06,1.46066185e-07,0.00873764232,7.68696182e-08,1.21577814e-08,5.70387826e-08,0,7.95068627e-06,2.78737957e-08,0.00873763021
1.06020275e-06,1.46116093e-07,0.00873764232,7.68896058e-08,1.21876438e-08,5.7038843e-08,0,7.95068627e-06,2.7890767e-08,0.00873763021
1.06113487e-06,1.46133445e-07,0.00873764139,7.69151995e-08,1.21793562e-08,5.70388856e-08,0,7.95068627e-06,2.79080012e-08,0.00873763021
1.06202481e-06,1.46091566e-07,0.00873764232,7.68899753e-08,1.21626647e-08,5.70389247e-08,0,7.95068627e-06,2.79245e-08,0.00873763021
1.06291543e-06,1.46064451e-07,0.00873764232,7.68735262e-08,1.21520003e-08,5.70389247e-08,0,7.95073265e-06,2.79507741e-08,0.00873763021
1.06380571e-06,1.46106615e-07,0.00873764139,7.68769368e-08,1.21905304e-08,5.7039145e-08,0,7.95073265e-06,2.7967106e-08,0.00873763021
1.06473794e-06,1.46173505e-07,0.00873764139,7.68855983e-08,1.22487345e-08,5.70391734e-08,0,7.95073265e-06,2.79835763e-08,0.00873763021
1.06562766e-06,1.46214177e-07,0.00873764139,7.69098563e-08,1.22651418e-08,5.70391769e-08,0,7.95073265e-06,2.79993131e-08,0.00873763021
1.06651748e-06,1.46191098e-07,0.00873764139,7.69175017e-08,1.22343584e-08,5.70392409e-08,0,7.95073265e-06,2.80152364e-08,0.00873763021
1.06740742e-06,1.46087686e-07,0.00873764139,7.6906133e-08,1.21423174e-08,5.70392409e-08,0,7.95073265e-06,2.8030966e-08,0.00873763021
1.06833988e-06,1.46014827e-07,0.00873764139,7.69029782e-08,1.20725909e-08,5.70392551e-08,0,7.95073265e-06,2.80472978e-08,0.00873763021
1.06923005e-06,1.45994946e-07,0.00873764139,7.69059056e-08,1.20497772e-08,5.70392551e-08,0,7.95073265e-06,2.80626704e-08,0.00873763021
1.07011999e-06,1.45986547e-07,0.00873764139,7.69141906e-08,1.20330039e-08,5.7039351e-08,0,7.95073265e-06,2.80778689e-08,0.00873763021
1.07101005e-06,1.46001597e-07,0.00873764139,7.692271e-08,1.20395418e-08,5.7039351e-08,0,7.95073265e-06,2.80926571e-08,0.00873763021
1.07190044e-06,1.45991095e-07,0.00873764139,7.69236408e-08,1.20280141e-08,5.70394469e-08,0,7.95073265e-06,2.81072055e-08,0.00873763021
1.07283347e-06,1.45997333e-07,0.00873764139,7.69209478e-08,1.20369075e-08,5.70394754e-08,0,7.95073265e-06,2.81225141e-08,0.00873763021
1.07372352e-06,1.46049246e-07,0.00873764139,7.69281883e-08,1.2081574e-08,5.70394825e-08,0,7.95073265e-06,2.81371744e-08,0.00873763021
1.07461335e-06,1.46097975e-07,0.00873764139,7.69257866e-08,1.21325137e-08,5.70396672e-08,0,7.95073265e-06,2.81515042e-08,0.00873763021
1.07550329e-06,1.46164496e-07,0.00873764139,7.69273925e-08,1.21974431e-08,5.70396672e-08,0,7.95073265e-06,2.81655872e-08,0.00873763021
1.07643541e-06,1.46161582e-07,0.00873764139,7.69176296e-08,1.2204211e-08,5.70397347e-08,0,7.95073265e-06,2.81800645e-08,0.00873763021
1.07732535e-06,1.46120158e-07,0.00873764139,7.69205428e-08,1.21597354e-08,5.70398839e-08,0,7.95073265e-06,2.81937158e-08,0.00873763021
1.0782154e-06,1.46074399e-07,0.00873764139,7.69314923e-08,1.21029737e-08,5.70399266e-08,0,7.95073265e-06,2.82072925e-08,0.00873763021
1.07910569e-06,1.46058028e-07,0.00873764139,7.6934775e-08,1.20833246e-08,5.70399301e-08,0,7.95073356e-06,2.82211481e-08,0.00873763021
1.0800386e-06,1.4606664e-07,0.00873764139,7.69611788e-08,1.20654944e-08,5.70399727e-08,0,7.95075266e-06,2.82369452e-08,0.00873763021
1.08092911e-06,1.46068786e-07,0.00873764139,7.69890676e-08,1.20397248e-08,5.70400047e-08,0,7.95075266e-06,2.82503141e-08,0.00873763021
1.08181939e-06,1.46057772e-07,0.00873764139,7.70090551e-08,1.20087105e-08,5.70400047e-08,0,7.95075266e-06,2.82636972e-08,0.00873763021
1.08270933e-06,1.4605844e-07,0.00873764139,7.70189672e-08,1.19993979e-08,5.70400687e-08,0,7.95075266e-06,2.82768031e-08,0.00873763021
1.08364213e-06,1.46054447e-07,0.00873764139,7.70365745e-08,1.19778072e-08,5.70400687e-08,0,7.95075266e-06,2.82900796e-08,0.00873763021
1.08453264e-06,1.46088297e-07,0.00873764139,7.70595534e-08,1.19886741e-08,5.70400687e-08,0,7.95075266e-06,2.83027575e-08,0.00873763021
1.0854227e-06,1.46085227e-07,0.00873764139,7.70504798e-08,1.1994679e-08,5.70400687e-08,0,7.95075266e-06,2.83156485e-08,0.00873763021
1.0863123e-06,1.46101016e-07,0.00873764139,7.70540893e-08,1.20068675e-08,5.70400687e-08,0,7.9507754e-06,2.83294703e-08,0.00873763021
1.08720212e-06,1.46159991e-07,0.00873764139,7.70989601e-08,1.20206209e-08,5.70404062e-08,0,7.9510919e-06,2.83438624e-08,0.00873763021
1.08813458e-06,1.46312146e-07,0.00873764139,7.71943789e-08,1.20769537e-08,5.70408183e-08,0,7.9516094e-06,2.835875e-08,0.00873763021
1.08902464e-06,1.46423062e-07,0.00873764232,7.72629676e-08,1.21178063e-08,5.70422962e-08,0,7.95224332e-06,2.83768085e-08,0.00873763021
1.08991469e-06,1.46280925e-07,0.00873764232,7.72093713e-08,1.20269554e-08,5.70446055e-08,0,7.95229789e-06,2.83978512e-08,0.00873763021
1.09080452e-06,1.46342884e-07,0.00873764232,7.7228222e-08,1.20697958e-08,5.70448648e-08,0,7.95229789e-06,2.84168298e-08,0.00873763021
1.09173641e-06,1.46370738e-07,0.00873764232,7.72272557e-08,1.20982593e-08,5.70452308e-08,0,7.95229789e-06,2.84356148e-08,0.00873763021
1.09262635e-06,1.46399415e-07,0.00873764232,7.72297781e-08,1.21243255e-08,5.70453089e-08,0,7.95229789e-06,2.84523249e-08,0.00873763021
1.09351663e-06,1.46424668e-07,0.00873764232,7.72324285e-08,1.21467378e-08,5.70455043e-08,0,7.95229789e-06,2.846817e-08,0.00873763021
1.09440646e-06,1.46422323e-07,0.00873764232,7.72413813e-08,1.2135442e-08,5.70455043e-08,0,7.95229789e-06,2.84834361e-08,0.00873763021
1.09533801e-06,1.46436264e-07,0.00873764139,7.72545476e-08,1.2136077e-08,5.70456358e-08,0,7.95229789e-06,2.84993913e-08,0.00873763021
1.09622704e-06,1.46462369e-07,0.00873764139,7.726684e-08,1.2149882e-08,5.70456535e-08,0,7.95229789e-06,2.85141137e-08,0.00873763021
1.09711641e-06,1.46433607e-07,0.00873764139,7.72521034e-08,1.21358132e-08,5.70456962e-08,0,7.95229789e-06,2.85288309e-08,0.00873763021
1.09800658e-06,1.4641752e-07,0.00873764139,7.72515705e-08,1.21202115e-08,5.70457317e-08,0,7.95229789e-06,2.85434858e-08,0.00873763021
1.09893938e-06,1.46348214e-07,0.00873764232,7.72394202e-08,1.20629737e-08,5.70458205e-08,0,7.95229789e-06,2.85582136e-08,0.00873763021
1.09982943e-06,1.46305197e-07,0.00873764232,7.72557556e-08,1.20036132e-08,5.70458205e-08,0,7.95229789e-06,2.85723356e-08,0.00873763021
1.10071926e-06,1.46284137e-07,0.00873764232,7.72811362e-08,1.1957157e-08,5.70458418e-08,0,7.95229789e-06,2.8586209e-08,0.00873763021
1.10160909e-06,1.46302639e-07,0.00873764232,7.73078241e-08,1.19489663e-08,5.70458418e-08,0,7.95229789e-06,2.85998052e-08,0.00873763021
1.10254189e-06,1.46292237e-07,0.00873764232,7.73028006e-08,1.19435741e-08,5.70458596e-08,0,7.95229789e-06,2.86138189e-08,0.00873763021
1.10343285e-06,1.46284151e-07,0.00873764232,7.73119666e-08,1.19263204e-08,5.70458596e-08,0,7.95229789e-06,2.86272268e-08,0.00873763021
1.10432325e-06,1.46312487e-07,0.00873764139,7.73240529e-08,1.19424408e-08,5.70459981e-08,0,7.95229789e-06,2.86406703e-08,0.00873763021
1.10521319e-06,1.46382433e-07,0.00873764139,7.73509612e-08,1.19854739e-08,5.70459981e-08,0,7.95229789e-06,2.86539876e-08,0.00873763021
1.10610301e-06,1.46447675e-07,0.00873764139,7.7377635e-08,1.20240387e-08,5.70459981e-08,0,7.95229789e-06,2.8666987e-08,0.00873763021
1.10703547e-06,1.46459229e-07,0.00873764139,7.73771163e-08,1.20360859e-08,5.7046023e-08,0,7.95229789e-06,2.86803434e-08,0.00873763021
1.10792575e-06,1.46446382e-07,0.00873764139,7.74010473e-08,1.19992292e-08,5.70461047e-08,0,7.95229789e-06,2.86930817e-08,0.00873763021
1.10881604e-06,1.46393447e-07,0.00873764139,7.7404323e-08,1.19430004e-08,5.70461296e-08,0,7.95229789e-06,2.87058395e-08,0.00873763021
1.10970586e-06,1.46318428e-07,0.00873764139,7.73879947e-08,1.18842847e-08,5.70461474e-08,0,7.95229789e-06,2.87187394e-08,0.00873763021
1.11063775e-06,1.46274559e-07,0.00873764139,7.73742741e-08,1.18541035e-08,5.70461793e-08,0,7.95229789e-06,2.873219e-08,0.00873763021
1.11152758e-06,1.46265592e-07,0.00873764139,7.73526878e-08,1.18667138e-08,5.70461829e-08,0,7.95229789e-06,2.87447453e-08,0.00873763021
1.11241786e-06,1.46296699e-07,0.00873764139,7.73382212e-08,1.19122667e-08,5.70462113e-08,0,7.95229789e-06,2.87572206e-08,0.00873763021
1.11330814e-06,1.46340668e-07,0.00873764139,7.73431594e-08,1.19512933e-08,5.70462113e-08,0,7.95229789e-06,2.87695681e-08,0.00873763021
1.11424026e-06,1.46388331e-07,0.00873764139,7.73485951e-08,1.19934516e-08,5.70462859e-08,0,7.95229789e-06,2.87823259e-08,0.00873763021
1.1151302e-06,1.46392566e-07,0.00873764139,7.73396565e-08,1.20065877e-08,5.70463179e-08,0,7.95229789e-06,2.87943003e-08,0.00873763021
1.11602026e-06,1.46402925e-07,0.00873764139,7.73410918e-08,1.20155166e-08,5.70463179e-08,0,7.95236247e-06,2.88070563e-08,0.00873763021
1.11691031e-06,1.4648576e-07,0.00873764139,7.74027313e-08,1.20363675e-08,5.7046659e-08,0,7.95267897e-06,2.88206934e-08,0.00873763021
1.11780071e-06,1.4672402e-07,0.00873764139,7.75424951e-08,1.21348016e-08,5.70467193e-08,0,7.9532083e-06,2.88350925e-08,0.00873763021
1.11870497e-06,1.46991383e-07,0.00873764139,7.76986013e-08,1.2245585e-08,5.70472025e-08,0,7.95394681e-06,2.884933e-08,0.00873763021
1.11963743e-06,1.47110157e-07,0.00873764232,7.77500873e-08,1.23092985e-08,5.7050773e-08,0,7.95483174e-06,2.88705895e-08,0.00873763021
1.12052749e-06,1.46828171e-07,0.00873764232,7.76544908e-08,1.21212036e-08,5.70524818e-08,0,7.95488631e-06,2.88931048e-08,0.00873763021
1.12141777e-06,1.46807096e-07,0.00873764232,7.76649998e-08,1.20895001e-08,5.70525955e-08,0,7.95488631e-06,2.89128383e-08,0.00873763021
1.12230771e-06,1.46833187e-07,0.00873764232,7.7694871e-08,1.2085132e-08,5.70531817e-08,0,7.95488631e-06,2.89318933e-08,0.00873763021
1.12323983e-06,1.46846716e-07,0.00873764232,7.76965763e-08,1.20967556e-08,5.70533842e-08,0,7.95488631e-06,2.89512059e-08,0.00873763021
1.12412954e-06,1.46895331e-07,0.00873764232,7.77165852e-08,1.21249197e-08,5.70538248e-08,0,7.95488631e-06,2.89686763e-08,0.00873763021
1.12501948e-06,1.46932152e-07,0.00873764232,7.77288705e-08,1.21492727e-08,5.70540095e-08,0,7.95488631e-06,2.8985303e-08,0.00873763021
1.12590897e-06,1.46943862e-07,0.00873764232,7.77485809e-08,1.2141065e-08,5.7054212e-08,0,7.95488631e-06,2.90015549e-08,0.00873763021
1.12684074e-06,1.46924222e-07,0.00873764232,7.7755189e-08,1.21144987e-08,5.70545353e-08,0,7.95488631e-06,2.90177606e-08,0.00873763021
1.12773046e-06,1.46903218e-07,0.00873764232,7.77589619e-08,1.20892709e-08,5.70549794e-08,0,7.95488631e-06,2.90329094e-08,0.00873763021
1.1286204e-06,1.46880708e-07,0.00873764232,7.7758223e-08,1.20673045e-08,5.7055189e-08,0,7.95489086e-06,2.90496782e-08,0.00873763021
1.12951045e-06,1.46832164e-07,0.00873764232,7.77559137e-08,1.20210055e-08,5.70552388e-08,0,7.95490359e-06,2.90652871e-08,0.00873763021
1.13040039e-06,1.46786704e-07,0.00873764232,7.77541302e-08,1.19773018e-08,5.70552743e-08,0,7.95490359e-06,2.90798159e-08,0.00873763021
1.13133262e-06,1.46754843e-07,0.00873764232,7.77401539e-08,1.19593544e-08,5.7055324e-08,0,7.95490359e-06,2.90949309e-08,0.00873763021
1.13222256e-06,1.46767221e-07,0.00873764232,7.77420865e-08,1.19697621e-08,5.70553667e-08,0,7.95490359e-06,2.91091204e-08,0.00873763021
1.13311273e-06,1.46786391e-07,0.00873764232,7.77518565e-08,1.19791741e-08,5.70553667e-08,0,7.95490359e-06,2.91231785e-08,0.00873763021
1.13400301e-06,1.46824974e-07,0.00873764232,7.77477211e-08,1.20218804e-08,5.70553667e-08,0,7.95490359e-06,2.91371425e-08,0.00873763021
1.13493547e-06,1.46883522e-07,0.00873764232,7.77525884e-08,1.20755388e-08,5.70553951e-08,0,7.95490359e-06,2.91516269e-08,0.00873763021
1.13582541e-06,1.46939769e-07,0.00873764232,7.77695206e-08,1.2114854e-08,5.70553951e-08,0,7.95490359e-06,2.9165113e-08,0.00873763021
1.13671547e-06,1.46921295e-07,0.00873764232,7.7775212e-08,1.20906609e-08,5.70554199e-08,0,7.95490359e-06,2.9178409e-08,0.00873763021
1.13760564e-06,1.46869695e-07,0.00873764232,7.77661668e-08,1.20480443e-08,5.7055491e-08,0,7.95490359e-06,2.9191586e-08,0.00873763021
1.13853855e-06,1.46806755e-07,0.00873764232,7.77638434e-08,1.19874244e-08,5.7055491e-08,0,7.95490359e-06,2.92055162e-08,0.00873763021
1.1394286e-06,1.46776301e-07,0.00873764232,7.77714391e-08,1.19493482e-08,5.70555159e-08,0,7.95490359e-06,2.92186133e-08,0.00873763021
1.14031832e-06,1.467765e-07,0.00873764232,7.77740539e-08,1.19469226e-08,5.70555159e-08,0,7.95490359e-06,2.92313302e-08,0.00873763021
1.14120814e-06,1.46785084e-07,0.00873764232,7.77665221e-08,1.1963035e-08,5.70555336e-08,0,7.95490359e-06,2.92438678e-08,0.00873763021
1.14214072e-06,1.46799266e-07,0.00873764232,7.77783384e-08,1.19653905e-08,5.70555372e-08,0,7.95490359e-06,2.92570554e-08,0.00873763021
1.143031e-06,1.46807636e-07,0.00873764232,7.77804061e-08,1.19716876e-08,5.70555372e-08,0,7.95490359e-06,2.92694011e-08,0.00873763021
1.14392117e-06,1.46818465e-07,0.00873764232,7.78007774e-08,1.19621442e-08,5.70555372e-08,0,7.95490359e-06,2.9281658e-08,0.00873763021
1.14481088e-06,1.4685628e-07,0.00873764232,7.78283606e-08,1.19723857e-08,5.70555372e-08,0,7.95490359e-06,2.92938633e-08,0.00873763021
1.14570025e-06,1.46883977e-07,0.00873764232,7.78426212e-08,1.19857795e-08,5.70555692e-08,0,7.95497454e-06,2.93075342e-08,0.00873763021
1.14663248e-06,1.46988086e-07,0.00873764232,7.79029321e-08,1.20294334e-08,5.70557184e-08,0,7.95525284e-06,2.93210949e-08,0.00873763021
1.14752311e-06,1.47060135e-07,0.00873764232,7.79637546e-08,1.20400232e-08,5.70563579e-08,0,7.95559481e-06,2.9334819e-08,0.00873763021
1.1484135e-06,1.46982117e-07,0.00873764232,7.79478029e-08,1.19776793e-08,5.70566279e-08,0,7.9556803e-06,2.93483637e-08,0.00873763021
1.14930344e-06,1.46937154e-07,0.00873764232,7.79381111e-08,1.19423298e-08,5.70567096e-08,0,7.9556803e-06,2.93615621e-08,0.00873763021
1.15023568e-06,1.46906046e-07,0.00873764232,7.7937699e-08,1.19115864e-08,5.70567522e-08,0,7.9556803e-06,2.93753928e-08,0.00873763021
1.15112562e-06,1.46893626e-07,0.00873764232,7.79418343e-08,1.18948815e-08,5.7056905e-08,0,7.9556803e-06,2.93884153e-08,0.00873763021
1.1520159e-06,1.46897264e-07,0.00873764232,7.79574734e-08,1.18828876e-08,5.7056905e-08,0,7.9556803e-06,2.94012334e-08,0.00873763021
1.15290584e-06,1.46892802e-07,0.00873764232,7.79490392e-08,1.18867156e-08,5.70570471e-08,0,7.9556803e-06,2.94137372e-08,0.00873763021
1.15383796e-06,1.46946434e-07,0.00873764232,7.79598182e-08,1.19294921e-08,5.70571288e-08,0,7.9556803e-06,2.94269373e-08,0.00873763021
1.1547279e-06,1.46987588e-07,0.00873764232,7.79845095e-08,1.19459385e-08,5.70571395e-08,0,7.9556803e-06,2.94390148e-08,0.00873763021
1.15561772e-06,1.47010368e-07,0.00873764232,7.79999283e-08,1.19533023e-08,5.70571395e-08,0,7.9556803e-06,2.94510336e-08,0.00873763021
1.15650744e-06,1.46995873e-07,0.00873764232,7.80084335e-08,1.19302968e-08,5.70571395e-08,0,7.9556803e-06,2.94629707e-08,0.00873763021
1.15743978e-06,1.46986778e-07,0.00873764232,7.80092222e-08,1.19203145e-08,5.70572354e-08,0,7.9556803e-06,2.9475828e-08,0.00873763021
1.15832984e-06,1.47022561e-07,0.00873764232,7.80221967e-08,1.19431203e-08,5.70572354e-08,0,7.9556803e-06,2.94880653e-08,0.00873763021
1.15921989e-06,1.47049576e-07,0.00873764232,7.80177842e-08,1.19745334e-08,5.70572638e-08,0,7.9556803e-06,2.94998053e-08,0.00873763021
1.16010983e-06,1.47083057e-07,0.00873764232,7.80291955e-08,1.19965327e-08,5.70573242e-08,0,7.9556803e-06,2.95111242e-08,0.00873763021
1.16104195e-06,1.47033845e-07,0.00873764232,7.80317535e-08,1.1944719e-08,5.70573775e-08,0,7.9556803e-06,2.95227842e-08,0.00873763021
1.16193178e-06,1.46970834e-07,0.00873764232,7.80238096e-08,1.18895747e-08,5.7057445e-08,0,7.9556803e-06,2.95342293e-08,0.00873763021
1.16282183e-06,1.46906984e-07,0.00873764232,7.80187364e-08,1.1830747e-08,5.70575018e-08,0,7.9556803e-06,2.95461522e-08,0.00873763021
1.16371189e-06,1.46880822e-07,0.00873764232,7.80037652e-08,1.18195524e-08,5.70575018e-08,0,7.9556803e-06,2.95581266e-08,0.00873763021
1.16460194e-06,1.46907837e-07,0.00873764232,7.80101743e-08,1.18401386e-08,5.70575196e-08,0,7.9556803e-06,2.95698346e-08,0.00873763021
1.16553417e-06,1.46945666e-07,0.00873764232,7.80430724e-08,1.18450263e-08,5.70575693e-08,0,7.95584947e-06,2.95834077e-08,0.00873763021
1.16642411e-06,1.47077003e-07,0.00873764232,7.81059413e-08,1.19133041e-08,5.70577612e-08,0,7.9561778e-06,2.95950979e-08,0.00873763021
1.16731417e-06,1.47142046e-07,0.00873764232,7.8175141e-08,1.19082797e-08,5.70586352e-08,0,7.95649157e-06,2.9608394e-08,0.00873763021
1.16820434e-06,1.47128347e-07,0.00873764232,7.8170423e-08,1.1898833e-08,5.70590899e-08,0,7.95654978e-06,2.96217308e-08,0.00873763021
1.16913657e-06,1.47153429e-07,0.00873764232,7.81730876e-08,1.19212071e-08,5.70591396e-08,0,7.95654978e-06,2.96352241e-08,0.00873763021
1.17002639e-06,1.47202414e-07,0.00873764232,7.81799798e-08,1.19632872e-08,5.70591538e-08,0,7.95654978e-06,2.96476603e-08,0.00873763021
1.17091622e-06,1.47210272e-07,0.00873764232,7.81893377e-08,1.1961764e-08,5.7059161e-08,0,7.95654978e-06,2.9659553e-08,0.00873763021
1.17180616e-06,1.47172827e-07,0.00873764232,7.8196166e-08,1.19174697e-08,5.70592e-08,0,7.95654978e-06,2.96714813e-08,0.00873763021
1.17273839e-06,1.4709714e-07,0.00873764232,7.81831133e-08,1.18546923e-08,5.70593315e-08,0,7.95654978e-06,2.96839424e-08,0.00873763021
1.17362811e-06,1.47070963e-07,0.00873764232,7.81847689e-08,1.18267458e-08,5.70594523e-08,0,7.95654978e-06,2.96960039e-08,0.00873763021
1.17451782e-06,1.47102838e-07,0.00873764232,7.81844065e-08,1.18588552e-08,5.70595802e-08,0,7.95654978e-06,2.97080582e-08,0.00873763021
1.17540776e-06,1.4711587e-07,0.00873764232,7.81860692e-08,1.18701768e-08,5.70596193e-08,0,7.95654978e-06,2.97198888e-08,0.00873763021
1.17633988e-06,1.4714098e-07,0.00873764232,7.81964928e-08,1.1884854e-08,5.70596264e-08,0,7.95654978e-06,2.97319822e-08,0.00873763021
1.17722982e-06,1.47129271e-07,0.00873764232,7.81947165e-08,1.18748957e-08,5.70596619e-08,0,7.95654978e-06,2.9743255e-08,0.00873763021
1.1781201e-06,1.47154495e-07,0.00873764232,7.82031222e-08,1.18915988e-08,5.70597756e-08,0,7.95654978e-06,2.97544194e-08,0.00873763021
1.1790105e-06,1.47152292e-07,0.00873764232,7.82097018e-08,1.18827561e-08,5.70598395e-08,0,7.95654978e-06,2.97656424e-08,0.00873763021
1.17990078e-06,1.47161771e-07,0.00873764232,7.82253693e-08,1.18764376e-08,5.70599603e-08,0,7.95654978e-06,2.97768317e-08,0.00873763021
1.18083346e-06,1.47185816e-07,0.00873764232,7.82526683e-08,1.18731336e-08,5.70600172e-08,0,7.95654978e-06,2.97883833e-08,0.00873763021
1.18172352e-06,1.47177516e-07,0.00873764232,7.82588074e-08,1.18586883e-08,5.70600172e-08,0,7.95654978e-06,2.97990379e-08,0.00873763021
1.18261346e-06,1.47157991e-07,0.00873764232,7.82587719e-08,1.18391412e-08,5.70600776e-08,0,7.95654978e-06,2.98098151e-08,0.00873763021
1.18350374e-06,1.47124339e-07,0.00873764232,7.8251972e-08,1.18122685e-08,5.7060106e-08,0,7.95654978e-06,2.98207325e-08,0.00873763021
1.18443654e-06,1.47104828e-07,0.00873764232,7.82573153e-08,1.17874119e-08,5.7060106e-08,0,7.95654978e-06,2.98320835e-08,0.00873763021
1.18532648e-06,1.47115657e-07,0.00873764232,7.8248739e-08,1.1806808e-08,5.7060106e-08,0,7.95654978e-06,2.98428873e-08,0.00873763021
1.18621608e-06,1.47150431e-07,0.00873764232,7.82414773e-08,1.18488463e-08,5.7060106e-08,0,7.95654978e-06,2.98536094e-08,0.00873763021
1.18710602e-06,1.47161856e-07,0.00873764232,7.82279983e-08,1.18737331e-08,5.70601308e-08,0,7.95654978e-06,2.98641218e-08,0.00873763021
1.18803825e-06,1.47143751e-07,0.00873764232,7.82236853e-08,1.18599104e-08,5.70601593e-08,0,7.95654978e-06,2.98751175e-08,0.00873763021
1.18892831e-06,1.47112019e-07,0.00873764232,7.82238061e-08,1.18280399e-08,5.7060177e-08,0,7.95654978e-06,2.9885598e-08,0.00873763021
1.18981825e-06,1.4709839e-07,0.00873764232,7.8229391e-08,1.18087344e-08,5.70602694e-08,0,7.95654978e-06,2.98959897e-08,0.00873763021
1.19070774e-06,1.47076037e-07,0.00873764232,7.82418681e-08,1.17738814e-08,5.70602943e-08,0,7.95654978e-06,2.990609e-08,0.00873763021
1.19163974e-06,1.47071816e-07,0.00873764232,7.8248668e-08,1.17628609e-08,5.70602943e-08,0,7.95654978e-06,2.99166487e-08,0.00873763021
1.19252979e-06,1.47033134e-07,0.00873764232,7.8225618e-08,1.17471677e-08,5.70603476e-08,0,7.95654978e-06,2.99268095e-08,0.00873763021
1.19341985e-06,1.47001856e-07,0.00873764232,7.82255327e-08,1.17159757e-08,5.70603476e-08,0,7.95654978e-06,2.99370768e-08,0.00873763021
1.19430979e-06,1.46993997e-07,0.00873764232,7.82438647e-08,1.16897887e-08,5.70603476e-08,0,7.95654978e-06,2.99473832e-08,0.00873763021
1.19524168e-06,1.47008095e-07,0.00873764232,7.82595677e-08,1.16881376e-08,5.70603902e-08,0,7.95654978e-06,2.99578176e-08,0.00873763021
1.19613117e-06,1.47027208e-07,0.00873764232,7.82700056e-08,1.16968115e-08,5.70603902e-08,0,7.95654978e-06,2.99676266e-08,0.00873763021
1.19702065e-06,1.47084066e-07,0.00873764232,7.82813316e-08,1.17423395e-08,5.70604008e-08,0,7.95654978e-06,2.9977457e-08,0.00873763021
1.19791059e-06,1.47167057e-07,0.00873764232,7.82953151e-08,1.18112755e-08,5.70604648e-08,0,7.95654978e-06,2.99871736e-08,0.00873763021
1.19880065e-06,1.47220135e-07,0.00873764139,7.83042609e-08,1.18553727e-08,5.70605039e-08,0,7.95654978e-06,2.99969223e-08,0.00873763021
1.19973311e-06,1.472484e-07,0.00873764139,7.83184788e-08,1.18694148e-08,5.70605039e-08,0,7.95654978e-06,3.00070795e-08,0.00873763021
1.20062327e-06,1.47221769e-07,0.00873764139,7.83252077e-08,1.18360033e-08,5.70605572e-08,0,7.95657434e-06,3.00175031e-08,0.00873763021
1.20151344e-06,1.47148683e-07,0.00873764232,7.83155656e-08,1.17725625e-08,5.70605572e-08,0,7.95657616e-06,3.00281471e-08,0.00873763021
1.20240361e-06,1.47094156e-07,0.00873764232,7.83121408e-08,1.1721407e-08,5.70606069e-08,0,7.95659435e-06,3.00391356e-08,0.00873763021
1.20333596e-06,1.47038989e-07,0.00873764232,7.82828664e-08,1.16955174e-08,5.70606069e-08,0,7.95659435e-06,3.00491685e-08,0.00873763021
1.20422578e-06,1.47043821e-07,0.00873764232,7.82882594e-08,1.16949472e-08,5.70606069e-08,0,7.95659435e-06,3.00586187e-08,0.00873763021
1.20511572e-06,1.47038747e-07,0.00873764232,7.82925653e-08,1.16855778e-08,5.70606069e-08,0,7.95659435e-06,3.00679694e-08,0.00873763021
1.20600566e-06,1.470505e-07,0.00873764232,7.82991734e-08,1.16907239e-08,5.70606069e-08,0,7.95659435e-06,3.0077377e-08,0.00873763021
1.20693801e-06,1.47055289e-07,0.00873764232,7.82966154e-08,1.1698063e-08,5.70606069e-08,0,7.95659435e-06,3.00874738e-08,0.00873763021
1.20782806e-06,1.47085288e-07,0.00873764232,7.82958409e-08,1.17288428e-08,5.70606069e-08,0,7.95659435e-06,3.00970733e-08,0.00873763021
1.20871823e-06,1.47116012e-07,0.00873764232,7.82966296e-08,1.17587691e-08,5.70606069e-08,0,7.95659435e-06,3.01065128e-08,0.00873763021
1.2096084e-06,1.47145869e-07,0.00873764139,7.83106131e-08,1.1774631e-08,5.70606247e-08,0,7.95659435e-06,3.01158849e-08,0.00873763021
1.21054074e-06,1.47108892e-07,0.00873764232,7.82967007e-08,1.17515437e-08,5.70606566e-08,0,7.95659435e-06,3.01257401e-08,0.00873763021
1.21143091e-06,1.4706022e-07,0.00873764232,7.8291805e-08,1.17077636e-08,5.70606566e-08,0,7.95659435e-06,3.0135066e-08,0.00873763021
1.21232119e-06,1.47022803e-07,0.00873764232,7.83085881e-08,1.16535279e-08,5.7060678e-08,0,7.95659435e-06,3.01442711e-08,0.00873763021
1.21321102e-06,1.46956339e-07,0.00873764232,7.83113521e-08,1.15843104e-08,5.70606815e-08,0,7.95659435e-06,3.01536076e-08,0.00873763021
1.21410051e-06,1.4692165e-07,0.00873764232,7.83084317e-08,1.15524097e-08,5.70608023e-08,0,7.95659435e-06,3.01628482e-08,0.00873763021
1.2150324e-06,1.46938447e-07,0.00873764232,7.83006158e-08,1.15769998e-08,5.70608272e-08,0,7.95659435e-06,3.01724654e-08,0.00873763021
1.21592245e-06,1.47013651e-07,0.00873764232,7.83137892e-08,1.16390053e-08,5.70608627e-08,0,7.95673259e-06,3.01924317e-08,0.00873763021
1.21681273e-06,1.47053825e-07,0.00873764232,7.8325499e-08,1.16674599e-08,5.70608627e-08,0,7.9567435e-06,3.02061913e-08,0.00873763021
1.21770313e-06,1.47080456e-07,0.00873764232,7.83413512e-08,1.16782237e-08,5.70608734e-08,0,7.9567435e-06,3.02178691e-08,0.00873763021
1.21863536e-06,1.47099797e-07,0.00873764232,7.83497356e-08,1.16891865e-08,5.70608734e-08,0,7.9567435e-06,3.02292626e-08,0.00873763021
1.21952507e-06,1.47154452e-07,0.00873764139,7.83605714e-08,1.17330083e-08,5.70608734e-08,0,7.95675805e-06,3.02432959e-08,0.00873763021
1.22041524e-06,1.4718627e-07,0.00873764139,7.83537359e-08,1.17716601e-08,5.70608734e-08,0,7.95678261e-06,3.02559187e-08,0.00873763021
1.22130518e-06,1.4717638e-07,0.00873764139,7.83404062e-08,1.1775092e-08,5.70608734e-08,0,7.95678261e-06,3.02651451e-08,0.00873763021
1.2222373e-06,1.47140042e-07,0.00873764139,7.83456215e-08,1.17335226e-08,5.70608982e-08,0,7.95678261e-06,3.02747374e-08,0.00873763021
1.22312736e-06,1.47067425e-07,0.00873764232,7.83291725e-08,1.16773453e-08,5.70608982e-08,0,7.95678261e-06,3.0283914e-08,0.00873763021
1.2240173e-06,1.47008322e-07,0.00873764232,7.83249305e-08,1.16224985e-08,5.70608982e-08,0,7.95678261e-06,3.02931475e-08,0.00873763021
1.22490701e-06,1.4698152e-07,0.00873764232,7.83382603e-08,1.15823608e-08,5.70608982e-08,0,7.95678261e-06,3.03022532e-08,0.00873763021
1.22583901e-06,1.4701213e-07,0.00873764232,7.83603937e-08,1.15908376e-08,5.70608982e-08,0,7.95678261e-06,3.03116785e-08,0.00873763021
1.22672873e-06,1.47035138e-07,0.00873764232,7.83605287e-08,1.16137135e-08,5.70608982e-08,0,7.95678261e-06,3.03205674e-08,0.00873763021
1.22761855e-06,1.47039984e-07,0.00873764232,7.83693253e-08,1.16097647e-08,5.70608982e-08,0,7.95678261e-06,3.03293248e-08,0.00873763021
1.22850872e-06,1.47042826e-07,0.00873764139,7.83812766e-08,1.16006529e-08,5.70608982e-08,0,7.95678261e-06,3.03380432e-08,0.00873763021
1.2294413e-06,1.47043593e-07,0.00873764139,7.83831666e-08,1.15995222e-08,5.70608982e-08,0,7.95678261e-06,3.03471452e-08,0.00873763021
1.23033124e-06,1.47052106e-07,0.00873764139,7.83744198e-08,1.16167875e-08,5.70608982e-08,0,7.95678261e-06,3.03556149e-08,0.00873763021
1.23122129e-06,1.4705472e-07,0.00873764139,7.83730698e-08,1.16207488e-08,5.70608982e-08,0,7.95678261e-06,3.03639496e-08,0.00873763021
1.23211123e-06,1.47028814e-07,0.00873764139,7.83692613e-08,1.15986456e-08,5.70608982e-08,0,7.95680626e-06,3.03731191e-08,0.00873763021
1.23300117e-06,1.46986849e-07,0.00873764232,7.83691902e-08,1.15567422e-08,5.7060916e-08,0,7.95680626e-06,3.0381397e-08,0.00873763021
1.23393363e-06,1.4696171e-07,0.00873764232,7.83580774e-08,1.15427081e-08,5.70609302e-08,0,7.95680626e-06,3.03901651e-08,0.00873763021
1.23482357e-06,1.46976333e-07,0.00873764232,7.83603937e-08,1.15550103e-08,5.70609302e-08,0,7.95680626e-06,3.03985672e-08,0.00873763021
1.23571317e-06,1.47022746e-07,0.00873764139,7.83752157e-08,1.15866019e-08,5.70609302e-08,0,7.95680626e-06,3.04068486e-08,0.00873763021
1.23660266e-06,1.47083298e-07,0.00873764139,7.83787968e-08,1.16435404e-08,5.70609551e-08,0,7.95680626e-06,3.04150198e-08,0.00873763021
1.23753489e-06,1.47106704e-07,0.00873764139,7.8367357e-08,1.1678396e-08,5.70609551e-08,0,7.95680626e-06,3.04234504e-08,0.00873763021
1.23842472e-06,1.47110484e-07,0.00873764139,7.8374832e-08,1.16746453e-08,5.70609977e-08,0,7.95680626e-06,3.04314476e-08,0.00873763021
1.23931454e-06,1.47079035e-07,0.00873764139,7.83750806e-08,1.16429222e-08,5.70610261e-08,0,7.95680626e-06,3.04394732e-08,0.00873763021
1.24020426e-06,1.47042257e-07,0.00873764139,7.83702845e-08,1.16109362e-08,5.70610261e-08,0,7.95680626e-06,3.04476444e-08,0.00873763021
1.24113637e-06,1.46988512e-07,0.00873764139,7.8364657e-08,1.15627818e-08,5.70610759e-08,0,7.95680626e-06,3.04562668e-08,0.00873763021
1.2420262e-06,1.46959991e-07,0.00873764139,7.83721461e-08,1.1526768e-08,5.70610759e-08,0,7.95680626e-06,3.04644061e-08,0.00873763021
1.24291614e-06,1.46940167e-07,0.00873764139,7.8359804e-08,1.15192629e-08,5.70611078e-08,0,7.95680626e-06,3.04723926e-08,0.00873763021
1.24380597e-06,1.46959337e-07,0.00873764139,7.83614951e-08,1.15367378e-08,5.70611078e-08,0,7.95680626e-06,3.04802086e-08,0.00873763021
1.24473809e-06,1.46999128e-07,0.00873764139,7.83786618e-08,1.15593632e-08,5.70611078e-08,0,7.95680626e-06,3.04882875e-08,0.00873763021
1.24562814e-06,1.47009956e-07,0.00873764139,7.83810776e-08,1.15677752e-08,5.70611078e-08,0,7.95680626e-06,3.0496043e-08,0.00873763021
1.24651842e-06,1.47021993e-07,0.00873764139,7.83977683e-08,1.15631202e-08,5.70611078e-08,0,7.95680626e-06,3.0503859e-08,0.00873763021
1.24740859e-06,1.47029553e-07,0.00873764139,7.84237102e-08,1.15447332e-08,5.70611078e-08,0,7.95680626e-06,3.05117531e-08,0.00873763021
1.24834128e-06,1.47020955e-07,0.00873764139,7.84311425e-08,1.15286998e-08,5.70611078e-08,0,7.95680626e-06,3.05198462e-08,0.00873763021
1.24923145e-06,1.47021325e-07,0.00873764139,7.84373526e-08,1.15228662e-08,5.70611078e-08,0,7.95680626e-06,3.05273922e-08,0.00873763021
1.25012161e-06,1.47014646e-07,0.00873764139,7.84422625e-08,1.15112693e-08,5.70611078e-08,0,7.95680626e-06,3.05350056e-08,0.00873763021
1.25101189e-06,1.47002709e-07,0.00873764139,7.84397614e-08,1.1501835e-08,5.70611078e-08,0,7.95680626e-06,3.05427399e-08,0.00873763021
1.25190229e-06,1.46980199e-07,0.00873764139,7.84256926e-08,1.14933885e-08,5.70611114e-08,0,7.95680626e-06,3.0550467e-08,0.00873763021
1.25283464e-06,1.46952956e-07,0.00873764139,7.84098333e-08,1.14820082e-08,5.70611114e-08,0,7.95680626e-06,3.05586241e-08,0.00873763021
1.25372424e-06,1.46959309e-07,0.00873764139,7.84041916e-08,1.14940022e-08,5.70611114e-08,0,7.95680626e-06,3.05664685e-08,0.00873763021
1.25461384e-06,1.46990089e-07,0.00873764139,7.84092009e-08,1.15197833e-08,5.70611114e-08,0,7.95680626e-06,3.05742276e-08,0.00873763021
1.25550343e-06,1.47034172e-07,0.00873764139,7.84134784e-08,1.15595817e-08,5.70611114e-08,0,7.95680717e-06,3.05820187e-08,0.00873763021
1.25643567e-06,1.47056596e-07,0.00873764139,7.84194896e-08,1.1575982e-08,5.70611256e-08,0,7.95682899e-06,3.05906269e-08,0.00873763021
1.25732538e-06,1.47059154e-07,0.00873764139,7.84392427e-08,1.15587913e-08,5.70611256e-08,0,7.95682899e-06,3.05981231e-08,0.00873763021
1.25821509e-06,1.47060746e-07,0.00873764139,7.84530414e-08,1.15465424e-08,5.70611576e-08,0,7.95682899e-06,3.06055767e-08,0.00873763021
1.25910492e-06,1.47028047e-07,0.00873764139,7.84382124e-08,1.15286776e-08,5.70611576e-08,0,7.95682899e-06,3.06129522e-08,0.00873763021
1.26003727e-06,1.47016763e-07,0.00873764139,7.84338994e-08,1.15217036e-08,5.70611576e-08,0,7.95682899e-06,3.06206402e-08,0.00873763021
1.26092721e-06,1.46967153e-07,0.00873764139,7.84171732e-08,1.14888223e-08,5.70611576e-08,0,7.95683172e-06,3.06281684e-08,0.00873763021
1.26181726e-06,1.46922716e-07,0.00873764139,7.83941232e-08,1.14674021e-08,5.7061186e-08,0,7.95683172e-06,3.06357819e-08,0.00873763021
1.26270731e-06,1.46882627e-07,0.00873764139,7.8384808e-08,1.14366241e-08,5.70611931e-08,0,7.95683172e-06,3.06434309e-08,0.00873763021
1.26363955e-06,1.46886578e-07,0.00873764139,7.83958143e-08,1.14295746e-08,5.70611931e-08,0,7.95686083e-06,3.06523589e-08,0.00873763021
1.26452937e-06,1.46930816e-07,0.00873764139,7.84034597e-08,1.14661631e-08,5.70611931e-08,0,7.95686083e-06,3.06596775e-08,0.00873763021
1.26541954e-06,1.46936713e-07,0.00873764139,7.83951108e-08,1.14804086e-08,5.70611931e-08,0,7.95686083e-06,3.06668149e-08,0.00873763021
1.26630948e-06,1.4697207e-07,0.00873764139,7.84093075e-08,1.15015677e-08,5.70611931e-08,0,7.95686083e-06,3.06738848e-08,0.00873763021
1.26724171e-06,1.46973306e-07,0.00873764139,7.84309862e-08,1.14811245e-08,5.70611931e-08,0,7.95689084e-06,3.06825605e-08,0.00873763021
1.26813188e-06,1.46970848e-07,0.00873764139,7.84475276e-08,1.14621272e-08,5.70611931e-08,0,7.9569254e-06,3.06903587e-08,0.00873763021
1.26902205e-06,1.46972042e-07,0.00873764139,7.84600971e-08,1.14507603e-08,5.70611931e-08,0,7.9569254e-06,3.06975849e-08,0.00873763021
1.2699121e-06,1.46993699e-07,0.00873764139,7.84682328e-08,1.14641985e-08,5.70612642e-08,0,7.9569254e-06,3.07048111e-08,0.00873763021
1.27080193e-06,1.47027976e-07,0.00873764139,7.84651135e-08,1.15016023e-08,5.70612677e-08,0,7.9569254e-06,3.07119166e-08,0.00873763021
1.27173394e-06,1.47017232e-07,0.00873764139,7.84539864e-08,1.15019763e-08,5.70612677e-08,0,7.9569254e-06,3.07192813e-08,0.00873763021
1.27262354e-06,1.47005935e-07,0.00873764139,7.84555567e-08,1.14891181e-08,5.70612677e-08,0,7.9569254e-06,3.07262873e-08,0.00873763021
1.27351336e-06,1.46982984e-07,0.00873764139,7.84488705e-08,1.14728511e-08,5.70612677e-08,0,7.9569254e-06,3.07333892e-08,0.00873763021
1.27440319e-06,1.46967224e-07,0.00873764139,7.84508103e-08,1.14551408e-08,5.70612677e-08,0,7.9569254e-06,3.07405443e-08,0.00873763021
1.27533485e-06,1.46966372e-07,0.00873764139,7.84528424e-08,1.14522605e-08,5.70612677e-08,0,7.9569254e-06,3.07478736e-08,0.00873763021
1.276224e-06,1.46969967e-07,0.00873764139,7.84522314e-08,1.14564713e-08,5.70612677e-08,0,7.9569254e-06,3.07546948e-08,0.00873763021
1.27711337e-06,1.46977484e-07,0.00873764139,7.8464744e-08,1.14514442e-08,5.70612997e-08,0,7.9569254e-06,3.07614378e-08,0.00873763021
1.2780032e-06,1.46950242e-07,0.00873764139,7.84632874e-08,1.14256515e-08,5.70612997e-08,0,7.9569254e-06,3.07682946e-08,0.00873763021
1.27893577e-06,1.46929821e-07,0.00873764139,7.84663428e-08,1.14021734e-08,5.70612997e-08,0,7.9569254e-06,3.07756167e-08,0.00873763021
1.27982594e-06,1.46943066e-07,0.00873764139,7.84790046e-08,1.14027605e-08,5.70612997e-08,0,7.95693813e-06,3.07830916e-08,0.00873763021
1.28071611e-06,1.46947485e-07,0.00873764139,7.84828771e-08,1.14033032e-08,5.70612997e-08,0,7.95693813e-06,3.07898311e-08,0.00873763021
1.28160627e-06,1.46928699e-07,0.00873764139,7.84693412e-08,1.13980567e-08,5.70612997e-08,0,7.95693813e-06,3.0796361e-08,0.00873763021
1.28253896e-06,1.46902607e-07,0.00873764139,7.84557344e-08,1.13855725e-08,5.70612997e-08,0,7.95693813e-06,3.08032035e-08,0.00873763021
1.28342913e-06,1.46891168e-07,0.00873764139,7.84384042e-08,1.13914611e-08,5.70612997e-08,0,7.95696269e-06,3.08118544e-08,0.00873763021
1.2843193e-06,1.46907624e-07,0.00873764139,7.84262255e-08,1.14200889e-08,5.70612997e-08,0,7.95696269e-06,3.08185086e-08,0.00873763021
1.28520946e-06,1.46938078e-07,0.00873764139,7.84320875e-08,1.14446985e-08,5.70612997e-08,0,7.95696269e-06,3.08250705e-08,0.00873763021
1.28614192e-06,1.46994637e-07,0.00873764139,7.84485223e-08,1.14847687e-08,5.70613459e-08,0,7.95696269e-06,3.08317887e-08,0.00873763021
1.28703186e-06,1.47004087e-07,0.00873764139,7.84528993e-08,1.14898029e-08,5.70613885e-08,0,7.95696269e-06,3.08382475e-08,0.00873763021
1.28792169e-06,1.46983851e-07,0.00873764139,7.84534038e-08,1.14690533e-08,5.70613885e-08,0,7.95696269e-06,3.08448129e-08,0.00873763021
1.28881163e-06,1.46969796e-07,0.00873764139,7.84591379e-08,1.14492611e-08,5.70613885e-08,0,7.95696269e-06,3.0851389e-08,0.00873763021
1.2897018e-06,1.46962378e-07,0.00873764139,7.84726666e-08,1.14283241e-08,5.70613885e-08,0,7.95696269e-06,3.08580468e-08,0.00873763021
1.29063437e-06,1.46928102e-07,0.00873764139,7.84753453e-08,1.13913634e-08,5.70613885e-08,0,7.95696269e-06,3.08649923e-08,0.00873763021
1.29152454e-06,1.4692489e-07,0.00873764139,7.84932652e-08,1.13702345e-08,5.70613885e-08,0,7.95696269e-06,3.0871476e-08,0.00873763021
1.29241425e-06,1.46877525e-07,0.00873764139,7.84858045e-08,1.13303358e-08,5.70613885e-08,0,7.95696269e-06,3.08779704e-08,0.00873763021
1.29330385e-06,1.46839668e-07,0.00873764139,7.84799994e-08,1.12982788e-08,5.70613885e-08,0,7.95696269e-06,3.08846353e-08,0.00873763021
1.2942362e-06,1.46819531e-07,0.00873764139,7.84813352e-08,1.12768177e-08,5.70613885e-08,0,7.95697451e-06,3.08922985e-08,0.00873763021
1.29512625e-06,1.46836143e-07,0.00873764139,7.84815626e-08,1.12931922e-08,5.70613885e-08,0,7.95697451e-06,3.08987111e-08,0.00873763021
1.29601631e-06,1.46884858e-07,0.00873764139,7.84861385e-08,1.13373293e-08,5.70613885e-08,0,7.95697451e-06,3.09050634e-08,0.00873763021
1.29690613e-06,1.46947116e-07,0.00873764139,7.84998875e-08,1.13857936e-08,5.70614347e-08,0,7.95697451e-06,3.09113624e-08,0.00873763021
1.2978378e-06,1.46987901e-07,0.00873764139,7.85034047e-08,1.14230643e-08,5.70614347e-08,0,7.95697451e-06,3.09179384e-08,0.00873763021
1.29872717e-06,1.46999383e-07,0.00873764139,7.85037457e-08,1.14342047e-08,5.70614347e-08,0,7.95697451e-06,3.09242161e-08,0.00873763021
1.29961677e-06,1.46981378e-07,0.00873764139,7.84972087e-08,1.14227401e-08,5.70614347e-08,0,7.95697451e-06,3.0930579e-08,0.00873763021
1.30050682e-06,1.46975168e-07,0.00873764139,7.85079166e-08,1.14058114e-08,5.70614347e-08,0,7.95697451e-06,3.09368993e-08,0.00873763021
1.30143928e-06,1.46972852e-07,0.00873764139,7.85125351e-08,1.13988587e-08,5.70614596e-08,0,7.95697451e-06,3.09434505e-08,0.00873763021
1.30232945e-06,1.46968205e-07,0.00873764139,7.85121799e-08,1.1394568e-08,5.70614596e-08,0,7.95697451e-06,3.09497601e-08,0.00873763021
1.30321951e-06,1.46964211e-07,0.00873764139,7.85108583e-08,1.1391883e-08,5.70614596e-08,0,7.95697451e-06,3.09560022e-08,0.00873763021
1.30410922e-06,1.46953269e-07,0.00873764139,7.85038949e-08,1.13878995e-08,5.70614738e-08,0,7.95697451e-06,3.09622727e-08,0.00873763021
1.30504134e-06,1.46945226e-07,0.00873764139,7.84967398e-08,1.13870104e-08,5.70614738e-08,0,7.95697451e-06,3.09687955e-08,0.00873763021
1.30593128e-06,1.4693309e-07,0.00873764139,7.84836089e-08,1.1388007e-08,5.70614738e-08,0,7.95697451e-06,3.09749275e-08,0.00873763021
1.30682133e-06,1.46920669e-07,0.00873764139,7.84784078e-08,1.13807861e-08,5.70614738e-08,0,7.95697451e-06,3.09810027e-08,0.00873763021
1.30771105e-06,1.4691831e-07,0.00873764139,7.84813849e-08,1.1375449e-08,5.70614738e-08,0,7.95697451e-06,3.09870494e-08,0.00873763021
1.3086003e-06,1.46897747e-07,0.00873764139,7.84904373e-08,1.13458425e-08,5.70614738e-08,0,7.95697451e-06,3.09931529e-08,0.00873763021
1.30953174e-06,1.46849814e-07,0.00873764139,7.84879717e-08,1.13003651e-08,5.70614738e-08,0,7.95697451e-06,3.09996118e-08,0.00873763021
1.31042145e-06,1.46813449e-07,0.00873764139,7.84927039e-08,1.12592771e-08,5.70614738e-08,0,7.95697451e-06,3.10057686e-08,0.00873763021
1.31131151e-06,1.46812638e-07,0.00873764139,7.85012304e-08,1.12499414e-08,5.70614738e-08,0,7.95697451e-06,3.10118828e-08,0.00873763021
1.31220156e-06,1.46808006e-07,0.00873764139,7.84960932e-08,1.12504335e-08,5.70614738e-08,0,7.95697451e-06,3.10179225e-08,0.00873763021
1.31313413e-06,1.46830715e-07,0.00873764139,7.84932155e-08,1.12759935e-08,5.70615057e-08,0,7.95697451e-06,3.10242143e-08,0.00873763021
1.3140243e-06,1.46850226e-07,0.00873764139,7.84986653e-08,1.12900578e-08,5.70615057e-08,0,7.95697451e-06,3.10302433e-08,0.00873763021
1.31491447e-06,1.46877866e-07,0.00873764139,7.84960932e-08,1.13202709e-08,5.70615057e-08,0,7.95697451e-06,3.10362722e-08,0.00873763021
1.31580464e-06,1.4689823e-07,0.00873764139,7.8489407e-08,1.1347316e-08,5.70615057e-08,0,7.95697451e-06,3.10422372e-08,0.00873763021
1.31673721e-06,1.46937438e-07,0.00873764139,7.84956313e-08,1.13803011e-08,5.70615057e-08,0,7.95697451e-06,3.10484189e-08,0.00873763021
1.31762704e-06,1.46958101e-07,0.00873764139,7.85065168e-08,1.13900294e-08,5.70615555e-08,0,7.95697451e-06,3.10543271e-08,0.00873763021
1.31851687e-06,1.46963941e-07,0.00873764139,7.85169192e-08,1.13854171e-08,5.70616088e-08,0,7.95697451e-06,3.1060214e-08,0.00873763021
1.31940658e-06,1.46950399e-07,0.00873764139,7.8522973e-08,1.13657919e-08,5.70616372e-08,0,7.95697451e-06,3.10661825e-08,0.00873763021
1.32033881e-06,1.46929352e-07,0.00873764139,7.85353649e-08,1.13323582e-08,5.70616372e-08,0,7.95697451e-06,3.10724531e-08,0.00873763021
1.32122852e-06,1.46914445e-07,0.00873764139,7.85387613e-08,1.13140564e-08,5.70616372e-08,0,7.95697451e-06,3.10783967e-08,0.00873763021
1.32211846e-06,1.46923213e-07,0.00873764139,7.85365586e-08,1.13250103e-08,5.70616372e-08,0,7.95697451e-06,3.1084312e-08,0.00873763021
1.32300852e-06,1.46944103e-07,0.00873764139,7.85443106e-08,1.13381615e-08,5.70616372e-08,0,7.95697451e-06,3.10901207e-08,0.00873763021
1.32394109e-06,1.46976163e-07,0.00873764139,7.85627918e-08,1.1351732e-08,5.70616372e-08,0,7.95697451e-06,3.10960857e-08,0.00873763021
1.32483137e-06,1.46946078e-07,0.00873764139,7.85636018e-08,1.13208332e-08,5.70616407e-08,0,7.95697451e-06,3.11017736e-08,0.00873763021
1.32572166e-06,1.46882414e-07,0.00873764139,7.85528869e-08,1.1267888e-08,5.70616407e-08,0,7.95698543e-06,3.11082644e-08,0.00873763021
1.32661171e-06,1.46810663e-07,0.00873764139,7.85281316e-08,1.12208856e-08,5.70616407e-08,0,7.95698543e-06,3.11140838e-08,0.00873763021
1.32750176e-06,1.46778007e-07,0.00873764139,7.85179921e-08,1.11983836e-08,5.70616407e-08,0,7.95698543e-06,3.11199635e-08,0.00873763021
1.32843422e-06,1.46794619e-07,0.00873764139,7.85187453e-08,1.1214234e-08,5.70616407e-08,0,7.95698543e-06,3.11259996e-08,0.00873763021
1.32932416e-06,1.46837408e-07,0.00873764139,7.85352228e-08,1.12405445e-08,5.70616407e-08,0,7.95698543e-06,3.11315347e-08,0.00873763021
1.33021376e-06,1.46854546e-07,0.00873764139,7.85318122e-08,1.12610934e-08,5.70616407e-08,0,7.95698543e-06,3.11370947e-08,0.00873763021
1.33110348e-06,1.46873091e-07,0.00873764139,7.85283092e-08,1.12831255e-08,5.70616479e-08,0,7.95698543e-06,3.11426298e-08,0.00873763021
1.33203548e-06,1.46885142e-07,0.00873764139,7.85235414e-08,1.12999521e-08,5.70616514e-08,0,7.95698543e-06,3.1148442e-08,0.00873763021
1.33292531e-06,1.46883423e-07,0.00873764139,7.85180632e-08,1.13037109e-08,5.70616514e-08,0,7.95698543e-06,3.11540802e-08,0.00873763021
1.33381502e-06,1.4691247e-07,0.00873764139,7.8529979e-08,1.13208323e-08,5.70616621e-08,0,7.95698543e-06,3.11597468e-08,0.00873763021
1.33470439e-06,1.46924961e-07,0.00873764139,7.85357983e-08,1.13274963e-08,5.70616621e-08,0,7.95698543e-06,3.11654027e-08,0.00873763021
1.33563628e-06,1.4691858e-07,0.00873764139,7.85347254e-08,1.1322185e-08,5.70616621e-08,0,7.95698543e-06,3.1171318e-08,0.00873763021
1.33652634e-06,1.4687798e-07,0.00873764139,7.85239607e-08,1.12923599e-08,5.70616621e-08,0,7.95698543e-06,3.11768673e-08,0.00873763021
1.33741639e-06,1.46839284e-07,0.00873764139,7.85236693e-08,1.12539489e-08,5.70616621e-08,0,7.95698543e-06,3.11823314e-08,0.00873763021
1.33830622e-06,1.46819758e-07,0.00873764139,7.85360754e-08,1.12220224e-08,5.70616621e-08,0,7.95698543e-06,3.11877528e-08,0.00873763021
1.33923834e-06,1.46817143e-07,0.00873764139,7.85374468e-08,1.12180301e-08,5.70616621e-08,0,7.95698543e-06,3.11935011e-08,0.00873763021
1.34012816e-06,1.46816362e-07,0.00873764139,7.85342351e-08,1.12204672e-08,5.70616621e-08,0,7.95698543e-06,3.11990398e-08,0.00873763021
1.34101822e-06,1.46862916e-07,0.00873764139,7.85398058e-08,1.12614549e-08,5.70616621e-08,0,7.95698543e-06,3.12045216e-08,0.00873763021
1.34190816e-06,1.46893797e-07,0.00873764139,7.8535912e-08,1.12962244e-08,5.70616621e-08,0,7.95698543e-06,3.12100141e-08,0.00873763021
1.34284028e-06,1.46941673e-07,0.00873764139,7.85513308e-08,1.1328682e-08,5.70616621e-08,0,7.95698543e-06,3.1215702e-08,0.00873763021
1.3437301e-06,1.46961881e-07,0.00873764139,7.85606957e-08,1.1339524e-08,5.70616621e-08,0,7.95698543e-06,3.12210275e-08,0.00873763021
1.34461993e-06,1.46958044e-07,0.00873764139,7.85643195e-08,1.13320704e-08,5.70616621e-08,0,7.95698543e-06,3.12263282e-08,0.00873763021
1.3455101e-06,1.46902309e-07,0.00873764139,7.85618681e-08,1.12787752e-08,5.70616621e-08,0,7.95699907e-06,3.12327728e-08,0.00873763021
1.34640004e-06,1.46847498e-07,0.00873764139,7.85576972e-08,1.12281437e-08,5.70616621e-08,0,7.95699907e-06,3.12382262e-08,0.00873763021
1.34733216e-06,1.46800531e-07,0.00873764139,7.85648808e-08,1.11739853e-08,5.70616621e-08,0,7.95699907e-06,3.12438218e-08,0.00873763021
1.34822187e-06,1.46779769e-07,0.00873764139,7.856449e-08,1.1153495e-08,5.70617793e-08,0,7.95699907e-06,3.12491615e-08,0.00873763021
1.34911147e-06,1.46802279e-07,0.00873764139,7.8573045e-08,1.11674625e-08,5.70617793e-08,0,7.95699907e-06,3.12545225e-08,0.00873763021
1.3500013e-06,1.46842225e-07,0.00873764139,7.85834047e-08,1.11970389e-08,5.70617793e-08,0,7.95699907e-06,3.12599688e-08,0.00873763021
1.35093353e-06,1.46873646e-07,0.00873764139,7.85834899e-08,1.12283773e-08,5.70617793e-08,0,7.95699907e-06,3.12657242e-08,0.00873763021
1.35182336e-06,1.46889732e-07,0.00873764139,7.85745868e-08,1.12533707e-08,5.70617793e-08,0,7.95699907e-06,3.12712203e-08,0.00873763021
1.35271318e-06,1.46890201e-07,0.00873764139,7.85640353e-08,1.12643841e-08,5.70617793e-08,0,7.95699907e-06,3.12766169e-08,0.00873763021
1.35360312e-06,1.46907055e-07,0.00873764139,7.8567389e-08,1.12778782e-08,5.706179e-08,0,7.95699907e-06,3.12819708e-08,0.00873763021
1.3545357e-06,1.46881007e-07,0.00873764139,7.85630689e-08,1.12561356e-08,5.70618006e-08,0,7.95699907e-06,3.12875628e-08,0.00873763021
1.35542575e-06,1.46851406e-07,0.00873764139,7.85588696e-08,1.12307079e-08,5.70618255e-08,0,7.95699907e-06,3.12928989e-08,0.00873763021
1.35631569e-06,1.46800886e-07,0.00873764139,7.85550043e-08,1.11840563e-08,5.70618255e-08,0,7.95699907e-06,3.12982174e-08,0.00873763021
1.35720586e-06,1.4678055e-07,0.00873764139,7.85518139e-08,1.11669136e-08,5.70618255e-08,0,7.95699907e-06,3.13035642e-08,0.00873763021
1.35813866e-06,1.46771882e-07,0.00873764139,7.8550606e-08,1.11594467e-08,5.70618255e-08,0,7.95699907e-06,3.13091313e-08,0.00873763021
1.35902906e-06,1.46795728e-07,0.00873764139,7.85668561e-08,1.1167038e-08,5.70618255e-08,0,7.95699907e-06,3.13143964e-08,0.00873763021
1.35991922e-06,1.46817641e-07,0.00873764139,7.85766474e-08,1.11791367e-08,5.70618646e-08,0,7.95699907e-06,3.13196225e-08,0.00873763021
1.36080928e-06,1.46838758e-07,0.00873764139,7.8576825e-08,1.12000604e-08,5.70618646e-08,0,7.95700544e-06,3.13259001e-08,0.00873763021
1.36174151e-06,1.46861822e-07,0.00873764139,7.85794896e-08,1.1220469e-08,5.70618646e-08,0,7.95701726e-06,3.13320214e-08,0.00873763021
1.36263134e-06,1.46893953e-07,0.00873764139,7.85852023e-08,1.12468435e-08,5.70619036e-08,0,7.95701726e-06,3.13372013e-08,0.00873763021
1.36352116e-06,1.46915042e-07,0.00873764139,7.85832768e-08,1.12698562e-08,5.70619036e-08,0,7.95701726e-06,3.13423669e-08,0.00873763021
1.3644111e-06,1.46917316e-07,0.00873764139,7.85865311e-08,1.12688765e-08,5.70619036e-08,0,7.95701726e-06,3.13474224e-08,0.00873763021
1.36530059e-06,1.46893171e-07,0.00873764139,7.85897143e-08,1.12415464e-08,5.70619036e-08,0,7.95701726e-06,3.13524708e-08,0.00873763021
1.36623225e-06,1.46853537e-07,0.00873764139,7.8586659e-08,1.12049694e-08,5.70619036e-08,0,7.95701726e-06,3.1357839e-08,0.00873763021
1.36712151e-06,1.4682989e-07,0.00873764139,7.85909364e-08,1.11770522e-08,5.70619036e-08,0,7.95701726e-06,3.13630579e-08,0.00873763021
1.36801089e-06,1.46814287e-07,0.00873764139,7.85824028e-08,1.11699752e-08,5.70619036e-08,0,7.95701726e-06,3.13682733e-08,0.00873763021
1.36890071e-06,1.46796594e-07,0.00873764139,7.85704302e-08,1.11642535e-08,5.70619036e-08,0,7.95701726e-06,3.13734532e-08,0.00873763021
1.36983317e-06,1.46800488e-07,0.00873764139,7.85783527e-08,1.11602318e-08,5.70619036e-08,0,7.95701726e-06,3.13788391e-08,0.00873763021
1.37072288e-06,1.4678281e-07,0.00873764139,7.85837102e-08,1.11372023e-08,5.70619036e-08,0,7.95701726e-06,3.13839692e-08,0.00873763021
1.37161237e-06,1.46787983e-07,0.00873764139,7.85927909e-08,1.11332898e-08,5.70619036e-08,0,7.95701726e-06,3.13890816e-08,0.00873763021
1.3725022e-06,1.46798428e-07,0.00873764139,7.86054315e-08,1.11310934e-08,5.70619036e-08,0,7.95701726e-06,3.13942188e-08,0.00873763021
1.37343454e-06,1.4681882e-07,0.00873764139,7.86160896e-08,1.1140826e-08,5.70619036e-08,0,7.95701726e-06,3.13996686e-08,0.00873763021
1.37432471e-06,1.46849416e-07,0.00873764139,7.86247867e-08,1.11627205e-08,5.70619036e-08,0,7.95701726e-06,3.14048378e-08,0.00873763021
1.37521477e-06,1.46877952e-07,0.00873764139,7.86255043e-08,1.11905472e-08,5.70619036e-08,0,7.95701726e-06,3.14099466e-08,0.00873763021
1.37610459e-06,1.46885739e-07,0.00873764139,7.86287515e-08,1.11950795e-08,5.70619036e-08,0,7.95701726e-06,3.14150377e-08,0.00873763021
1.3770366e-06,1.46849217e-07,0.00873764139,7.86170489e-08,1.11702629e-08,5.70619036e-08,0,7.95701726e-06,3.14203596e-08,0.00873763021
1.37792642e-06,1.46828114e-07,0.00873764139,7.86076768e-08,1.11585381e-08,5.70619036e-08,0,7.95701726e-06,3.142544e-08,0.00873763021
1.37881648e-06,1.46820881e-07,0.00873764139,7.8588613e-08,1.11703606e-08,5.70619036e-08,0,7.95701726e-06,3.14305417e-08,0.00873763021
1.37970665e-06,1.46825968e-07,0.00873764139,7.85669911e-08,1.11970744e-08,5.70619036e-08,0,7.95701726e-06,3.14356043e-08,0.00873763021
1.38063888e-06,1.46839625e-07,0.00873764139,7.85586991e-08,1.12190177e-08,5.70619036e-08,0,7.95701726e-06,3.14408304e-08,0.00873763021
1.38152859e-06,1.46834552e-07,0.00873764139,7.85549332e-08,1.12177156e-08,5.70619036e-08,0,7.95701726e-06,3.14457154e-08,0.00873763021
1.3824183e-06,1.46800375e-07,0.00873764139,7.85436853e-08,1.11947838e-08,5.70619036e-08,0,7.95701726e-06,3.14505364e-08,0.00873763021
1.38330836e-06,1.46772777e-07,0.00873764139,7.85399479e-08,1.11709291e-08,5.70619036e-08,0,7.95701726e-06,3.14553681e-08,0.00873763021
1.38424105e-06,1.46770731e-07,0.00873764139,7.85464778e-08,1.11623493e-08,5.70619036e-08,0,7.95701726e-06,3.1460452e-08,0.00873763021
1.38513099e-06,1.46790711e-07,0.00873764139,7.85657548e-08,1.11630181e-08,5.70619356e-08,0,7.95701726e-06,3.14653441e-08,0.00873763021
1.38602059e-06,1.46787599e-07,0.00873764139,7.85788359e-08,1.11468319e-08,5.70619356e-08,0,7.95701726e-06,3.14702788e-08,0.00873763021
1.38690996e-06,1.46779527e-07,0.00873764139,7.85911638e-08,1.11264287e-08,5.70619356e-08,0,7.95701726e-06,3.14752349e-08,0.00873763021
1.38784185e-06,1.46781204e-07,0.00873764139,7.8605531e-08,1.11137393e-08,5.70619356e-08,0,7.95701726e-06,3.14804112e-08,0.00873763021
1.38873179e-06,1.46783734e-07,0.00873764139,7.86088776e-08,1.11129186e-08,5.70619356e-08,0,7.95701726e-06,3.14852464e-08,0.00873763021
1.38962196e-06,1.46788281e-07,0.00873764139,7.86148604e-08,1.11114824e-08,5.70619356e-08,0,7.95701726e-06,3.14900745e-08,0.00873763021
1.39051201e-06,1.46810251e-07,0.00873764139,7.86219161e-08,1.11263976e-08,5.70619356e-08,0,7.95701726e-06,3.14949169e-08,0.00873763021
1.39140172e-06,1.46822558e-07,0.00873764139,7.86256962e-08,1.11349197e-08,5.70619356e-08,0,7.95701726e-06,3.1499745e-08,0.00873763021
1.39233396e-06,1.46830331e-07,0.00873764139,7.86260941e-08,1.11423004e-08,5.70619356e-08,0,7.95701726e-06,3.15047011e-08,0.00873763021
1.39322401e-06,1.46842766e-07,0.00873764139,7.86346206e-08,1.11462048e-08,5.70619356e-08,0,7.95701726e-06,3.15093693e-08,0.00873763021
1.39411441e-06,1.46850155e-07,0.00873764139,7.86402623e-08,1.1147959e-08,5.70619356e-08,0,7.95701726e-06,3.1514034e-08,0.00873763021
1.39500446e-06,1.46851434e-07,0.00873764139,7.86392391e-08,1.11502567e-08,5.70619356e-08,0,7.95701726e-06,3.15187023e-08,0.00873763021
1.39593681e-06,1.46846801e-07,0.00873764139,7.8637548e-08,1.1147316e-08,5.70619356e-08,0,7.95701726e-06,3.15236441e-08,0.00873763021
1.39682663e-06,1.468417e-07,0.00873764139,7.86379388e-08,1.11418332e-08,5.70619356e-08,0,7.95701726e-06,3.15283977e-08,0.00873763021
1.39771646e-06,1.46831582e-07,0.00873764139,7.86401486e-08,1.11294911e-08,5.70619356e-08,0,7.95701726e-06,3.15331015e-08,0.00873763021
1.3986064e-06,1.46805434e-07,0.00873764139,7.86294052e-08,1.11140857e-08,5.70619356e-08,0,7.95701726e-06,3.15377768e-08,0.00873763021
1.39953886e-06,1.46773957e-07,0.00873764139,7.86219587e-08,1.10900604e-08,5.70619356e-08,0,7.95701726e-06,3.1542708e-08,0.00873763021
1.40042891e-06,1.46766709e-07,0.00873764139,7.8619955e-08,1.10848024e-08,5.70619498e-08,0,7.95701726e-06,3.15474793e-08,0.00873763021
1.40131885e-06,1.46751105e-07,0.00873764139,7.86066465e-08,1.10825011e-08,5.70619498e-08,0,7.95701726e-06,3.15522719e-08,0.00873763021
1.40220891e-06,1.46744782e-07,0.00873764139,7.85935796e-08,1.10892477e-08,5.70619534e-08,0,7.95701726e-06,3.15569721e-08,0.00873763021
1.40314114e-06,1.46742067e-07,0.00873764139,7.85827368e-08,1.10973728e-08,5.70619605e-08,0,7.95701726e-06,3.15617861e-08,0.00873763021
1.40403085e-06,1.46744625e-07,0.00873764139,7.85692222e-08,1.11134444e-08,5.70619605e-08,0,7.95701726e-06,3.15663478e-08,0.00873763021
1.40492068e-06,1.46754914e-07,0.00873764139,7.85734215e-08,1.11195329e-08,5.70619605e-08,0,7.95701726e-06,3.15708739e-08,0.00873763021
1.40581039e-06,1.46774269e-07,0.00873764139,7.85815502e-08,1.11307523e-08,5.70619605e-08,0,7.95701726e-06,3.15754107e-08,0.00873763021
1.40674217e-06,1.46788196e-07,0.00873764139,7.85914125e-08,1.11348184e-08,5.70619605e-08,0,7.95701726e-06,3.15801501e-08,0.00873763021
1.40763166e-06,1.46802691e-07,0.00873764139,7.86089203e-08,1.11318119e-08,5.70619605e-08,0,7.95701726e-06,3.15846762e-08,0.00873763021
1.40852114e-06,1.46799337e-07,0.00873764139,7.86192516e-08,1.11181286e-08,5.70619605e-08,0,7.95701726e-06,3.15891633e-08,0.00873763021
1.40941052e-06,1.46786931e-07,0.00873764139,7.86205447e-08,1.11044285e-08,5.70619605e-08,0,7.95701726e-06,3.15936575e-08,0.00873763021
1.41030011e-06,1.46799337e-07,0.00873764139,7.86341161e-08,1.11032534e-08,5.70619605e-08,0,7.95701726e-06,3.16030402e-08,0.00873763021
1.41123223e-06,1.46812269e-07,0.00873764139,7.86489807e-08,1.11013234e-08,5.70619605e-08,0,7.95701726e-06,3.1609229e-08,0.00873763021
1.41212183e-06,1.46804354e-07,0.00873764139,7.86515955e-08,1.10907923e-08,5.70619605e-08,0,7.95701726e-06,3.16150448e-08,0.00873763021
1.41301177e-06,1.46781545e-07,0.00873764139,7.86379033e-08,1.10816361e-08,5.70620102e-08,0,7.95701726e-06,3.16204343e-08,0.00873763021
1.41390149e-06,1.46774326e-07,0.00873764139,7.86364325e-08,1.10758851e-08,5.70620102e-08,0,7.95701726e-06,3.16256319e-08,0.00873763021
1.4148336e-06,1.46786491e-07,0.00873764139,7.86472611e-08,1.10771712e-08,5.70620529e-08,0,7.95701726e-06,3.16309432e-08,0.00873763021
1.41572343e-06,1.4678065e-07,0.00873764139,7.8639431e-08,1.10791705e-08,5.70620529e-08,0,7.95701726e-06,3.16359348e-08,0.00873763021
1.41661371e-06,1.46795415e-07,0.00873764139,7.86354093e-08,1.10979546e-08,5.70620529e-08,0,7.95701726e-06,3.16408268e-08,0.00873763021
1.41750411e-06,1.46802677e-07,0.00873764139,7.86350398e-08,1.11055813e-08,5.70620529e-08,0,7.95701726e-06,3.16455804e-08,0.00873763021
1.41843634e-06,1.46797461e-07,0.00873764139,7.86343151e-08,1.11011005e-08,5.70620529e-08,0,7.95701726e-06,3.16504796e-08,0.00873763021
1.41932617e-06,1.46783108e-07,0.00873764139,7.86357788e-08,1.10852838e-08,5.70620529e-08,0,7.95701726e-06,3.16551123e-08,0.00873763021
1.42021634e-06,1.46782327e-07,0.00873764139,7.86354875e-08,1.10847811e-08,5.70620529e-08,0,7.95701726e-06,3.16597166e-08,0.00873763021
1.42110684e-06,1.46767263e-07,0.00873764139,7.86339314e-08,1.10712817e-08,5.70620529e-08,0,7.95703272e-06,3.16656426e-08,0.00873763021
1.42203976e-06,1.46764989e-07,0.00873764139,7.86253906e-08,1.10775424e-08,5.70620529e-08,0,7.95703272e-06,3.16703677e-08,0.00873763021
1.42292993e-06,1.46741414e-07,0.00873764139,7.86163596e-08,1.10630047e-08,5.70620529e-08,0,7.95703272e-06,3.16748867e-08,0.00873763021
1.42381975e-06,1.46738472e-07,0.00873764139,7.86170062e-08,1.10594156e-08,5.70620529e-08,0,7.95703272e-06,3.16793809e-08,0.00873763021
1.42470947e-06,1.46743517e-07,0.00873764139,7.8622989e-08,1.10584661e-08,5.70620529e-08,0,7.95703272e-06,3.16837578e-08,0.00873763021
1.42564159e-06,1.46778405e-07,0.00873764139,7.8641996e-08,1.10743619e-08,5.70620529e-08,0,7.95703272e-06,3.16883941e-08,0.00873763021
1.42653141e-06,1.46809171e-07,0.00873764046,7.86500536e-08,1.10970646e-08,5.70620529e-08,0,7.95703272e-06,3.1692867e-08,0.00873763021
1.42742101e-06,1.46829507e-07,0.00873764046,7.86492009e-08,1.11182619e-08,5.70620529e-08,0,7.95703272e-06,3.16973079e-08,0.00873763021
1.42831038e-06,1.46849118e-07,0.00873764046,7.86541676e-08,1.11328982e-08,5.70620529e-08,0,7.95703272e-06,3.17016671e-08,0.00873763021
1.42924182e-06,1.46843178e-07,0.00873764046,7.86524268e-08,1.11286971e-08,5.70620529e-08,0,7.95703272e-06,3.17061755e-08,0.00873763021
1.43013131e-06,1.46823609e-07,0.00873764046,7.86468632e-08,1.11146941e-08,5.70620529e-08,0,7.95703272e-06,3.17104778e-08,0.00873763021
1.43102102e-06,1.46787968e-07,0.00873764139,7.86319276e-08,1.10939844e-08,5.70620529e-08,0,7.95703272e-06,3.17147411e-08,0.00873763021
1.43191107e-06,1.46748562e-07,0.00873764139,7.86204808e-08,1.10660316e-08,5.70620529e-08,0,7.95703272e-06,3.17189865e-08,0.00873763021
1.43280113e-06,1.46696806e-07,0.00873764139,7.86034065e-08,1.10313554e-08,5.70620529e-08,0,7.95703272e-06,3.17232569e-08,0.00873763021
1.43373347e-06,1.46673102e-07,0.00873764139,7.86054386e-08,1.1005608e-08,5.70620529e-08,0,7.95703272e-06,3.1727712e-08,0.00873763021
1.43462341e-06,1.46661236e-07,0.00873764139,7.86253693e-08,1.09738094e-08,5.70620529e-08,0,7.95703272e-06,3.1731922e-08,0.00873763021
1.43551358e-06,1.46660184e-07,0.00873764139,7.86360204e-08,1.09621077e-08,5.70620529e-08,0,7.95703272e-06,3.17360787e-08,0.00873763021
1.43640375e-06,1.46666238e-07,0.00873764139,7.86356225e-08,1.09685621e-08,5.70620529e-08,0,7.95703272e-06,3.17402851e-08,0.00873763021
1.43733632e-06,1.46716175e-07,0.00873764139,7.86480783e-08,1.10060432e-08,5.70620529e-08,0,7.95703272e-06,3.17447686e-08,0.00873763021
1.43822638e-06,1.46770233e-07,0.00873764046,7.86613299e-08,1.10468186e-08,5.70620813e-08,0,7.95703272e-06,3.17490461e-08,0.00873763021
1.4391162e-06,1.46813036e-07,0.00873764046,7.86720449e-08,1.10789067e-08,5.70620813e-08,0,7.95703272e-06,3.17532987e-08,0.00873763021
1.44000592e-06,1.46825712e-07,0.00873764046,7.86697001e-08,1.10939293e-08,5.70620848e-08,0,7.95703272e-06,3.17575086e-08,0.00873763021
1.44093804e-06,1.46812027e-07,0.00873764046,7.86646126e-08,1.10853327e-08,5.70620848e-08,0,7.95703272e-06,3.17619104e-08,0.00873763021
1.44182786e-06,1.46788622e-07,0.00873764046,7.86608396e-08,1.10656995e-08,5.70620848e-08,0,7.95703272e-06,3.17660813e-08,0.00873763021
1.44271769e-06,1.46755838e-07,0.00873764046,7.86540681e-08,1.10396643e-08,5.70621062e-08,0,7.95703272e-06,3.17702771e-08,0.00873763021
1.4436074e-06,1.46720424e-07,0.00873764139,7.8647922e-08,1.10103988e-08,5.70621062e-08,0,7.95703272e-06,3.17744941e-08,0.00873763021
1.44453918e-06,1.46717625e-07,0.00873764139,7.86504302e-08,1.10050911e-08,5.70621062e-08,0,7.95703272e-06,3.17789244e-08,0.00873763021
1.44542867e-06,1.46717781e-07,0.00873764139,7.86563703e-08,1.09992984e-08,5.70621062e-08,0,7.95703272e-06,3.17831521e-08,0.00873763021
1.44631815e-06,1.46741286e-07,0.00873764046,7.86637955e-08,1.10153788e-08,5.70621062e-08,0,7.95703272e-06,3.17873408e-08,0.00873763021
1.44720775e-06,1.46773431e-07,0.00873764046,7.86638097e-08,1.10475087e-08,5.70621062e-08,0,7.95703272e-06,3.17914832e-08,0.00873763021
1.44813987e-06,1.46813974e-07,0.00873764046,7.86684637e-08,1.10833955e-08,5.70621062e-08,0,7.95703272e-06,3.17958175e-08,0.00873763021
1.44902958e-06,1.46830544e-07,0.00873764046,7.86717607e-08,1.10966738e-08,5.70621062e-08,0,7.95703272e-06,3.17999707e-08,0.00873763021
1.44991941e-06,1.46831809e-07,0.00873764046,7.86838825e-08,1.10858167e-08,5.70621062e-08,0,7.95703272e-06,3.18041522e-08,0.00873763021
1.45080935e-06,1.46808546e-07,0.00873764046,7.86841454e-08,1.10622942e-08,5.70621062e-08,0,7.95703272e-06,3.18082556e-08,0.00873763021
1.4517417e-06,1.46763682e-07,0.00873764046,7.8682362e-08,1.10192087e-08,5.70621062e-08,0,7.95703272e-06,3.18124513e-08,0.00873763021
1.45263175e-06,1.46704636e-07,0.00873764046,7.86602996e-08,1.09822302e-08,5.70621062e-08,0,7.95703272e-06,3.18164659e-08,0.00873763021
1.45352158e-06,1.46671425e-07,0.00873764139,7.86366385e-08,1.0972677e-08,5.70621062e-08,0,7.95703272e-06,3.18205267e-08,0.00873763021
1.45441163e-06,1.46665585e-07,0.00873764139,7.86225627e-08,1.09809237e-08,5.70621062e-08,0,7.95703272e-06,3.1825774e-08,0.00873763021
1.45530169e-06,1.4667522e-07,0.00873764139,7.86094034e-08,1.10037037e-08,5.70621062e-08,0,7.95703272e-06,3.18302753e-08,0.00873763021
1.45623392e-06,1.46690923e-07,0.00873764046,7.86182e-08,1.101062e-08,5.70621062e-08,0,7.95703272e-06,3.18349933e-08,0.00873763021
1.45712374e-06,1.46717795e-07,0.00873764046,7.86323184e-08,1.10233707e-08,5.70621062e-08,0,7.95703272e-06,3.18393631e-08,0.00873763021
1.45801357e-06,1.46725583e-07,0.00873764046,7.86255683e-08,1.10379146e-08,5.70621062e-08,0,7.95703272e-06,3.18436406e-08,0.00873763021
1.4589034e-06,1.46755383e-07,0.00873764046,7.86383865e-08,1.10548868e-08,5.70621062e-08,0,7.95703272e-06,3.18478222e-08,0.00873763021
1.45983586e-06,1.46769182e-07,0.00873764046,7.86495491e-08,1.10575167e-08,5.70621062e-08,0,7.95703272e-06,3.18520677e-08,0.00873763021
1.4607258e-06,1.46761693e-07,0.00873764046,7.86616354e-08,1.1037943e-08,5.70621062e-08,0,7.95703272e-06,3.18560502e-08,0.00873763021
1.46161562e-06,1.46740021e-07,0.00873764046,7.86785535e-08,1.09993588e-08,5.70621062e-08,0,7.95703272e-06,3.18600044e-08,0.00873763021
1.46250534e-06,1.46702448e-07,0.00873764046,7.86813601e-08,1.09589822e-08,5.70621062e-08,0,7.95703272e-06,3.18639728e-08,0.00873763021
1.46343757e-06,1.46665911e-07,0.00873764046,7.86764005e-08,1.09274092e-08,5.70621062e-08,0,7.95703272e-06,3.18682218e-08,0.00873763021
1.46432762e-06,1.46667659e-07,0.00873764046,7.86807917e-08,1.09247482e-08,5.70621204e-08,0,7.95703272e-06,3.18722861e-08,0.00873763021
1.46521779e-06,1.46701453e-07,0.00873764046,7.86861918e-08,1.095309e-08,5.70621701e-08,0,7.95703272e-06,3.18763789e-08,0.00873763021
1.46610807e-06,1.46743275e-07,0.00873764046,7.86900287e-08,1.09910765e-08,5.70621701e-08,0,7.95703272e-06,3.18804041e-08,0.00873763021
1.46704042e-06,1.46776856e-07,0.00873764046,7.86934535e-08,1.10212417e-08,5.70621701e-08,0,7.95703272e-06,3.18845679e-08,0.00873763021
1.46793013e-06,1.46786505e-07,0.00873764046,7.86904053e-08,1.10339302e-08,5.70621701e-08,0,7.95703272e-06,3.18885114e-08,0.00873763021
1.46881985e-06,1.46782796e-07,0.00873764046,7.8680003e-08,1.10406262e-08,5.70621701e-08,0,7.95703272e-06,3.18924869e-08,0.00873763021
1.46970979e-06,1.46791152e-07,0.00873764046,7.86891974e-08,1.10397833e-08,5.70621701e-08,0,7.95703272e-06,3.18964979e-08,0.00873763021
1.47064202e-06,1.46788366e-07,0.00873764046,7.86938585e-08,1.10323359e-08,5.70621701e-08,0,7.95703272e-06,3.1900715e-08,0.00873763021
1.47153185e-06,1.46768627e-07,0.00873764046,7.86929846e-08,1.10134719e-08,5.70621701e-08,0,7.95704364e-06,3.19054791e-08,0.00873763021
1.47242145e-06,1.46733598e-07,0.00873764046,7.86863694e-08,1.09850573e-08,5.70621701e-08,0,7.95704818e-06,3.19101012e-08,0.00873763021
1.47331082e-06,1.46711827e-07,0.00873764046,7.86836125e-08,1.09660476e-08,5.70621701e-08,0,7.95705455e-06,3.19142401e-08,0.00873763021
1.47420042e-06,1.46695584e-07,0.00873764046,7.86741268e-08,1.09592886e-08,5.70621701e-08,0,7.95705455e-06,3.19182298e-08,0.00873763021
1.47513265e-06,1.46701211e-07,0.00873764046,7.86709506e-08,1.09680913e-08,5.70621701e-08,0,7.95705455e-06,3.19223794e-08,0.00873763021
1.4760227e-06,1.46698923e-07,0.00873764046,7.8664435e-08,1.09723128e-08,5.70621701e-08,0,7.95705455e-06,3.19263229e-08,0.00873763021
1.47691242e-06,1.4670546e-07,0.00873764046,7.86619196e-08,1.09813731e-08,5.70621701e-08,0,7.95705455e-06,3.19302096e-08,0.00873763021
1.47780202e-06,1.4669736e-07,0.00873764046,7.86495065e-08,1.09856799e-08,5.70621701e-08,0,7.95705455e-06,3.19341069e-08,0.00873763021
1.47873425e-06,1.46669407e-07,0.00873764046,7.86456766e-08,1.09615526e-08,5.70621701e-08,0,7.95705455e-06,3.1938221e-08,0.00873763021
1.4796243e-06,1.46661066e-07,0.00873764046,7.86565337e-08,1.09423537e-08,5.70621701e-08,0,7.95705455e-06,3.19421609e-08,0.00873763021
1.48051424e-06,1.46650947e-07,0.00873764046,7.86587151e-08,1.09300675e-08,5.70621701e-08,0,7.95705455e-06,3.19461471e-08,0.00873763021
1.48140418e-06,1.4666081e-07,0.00873764046,7.86674192e-08,1.09312168e-08,5.70621701e-08,0,7.95705455e-06,3.19500977e-08,0.00873763021
1.48233642e-06,1.46670601e-07,0.00873764046,7.86677461e-08,1.09406795e-08,5.70621701e-08,0,7.95705455e-06,3.19541726e-08,0.00873763021
1.48322601e-06,1.46691363e-07,0.00873764046,7.86824472e-08,1.09467528e-08,5.70621701e-08,0,7.95705455e-06,3.19579776e-08,0.00873763021
1.48411561e-06,1.46701879e-07,0.00873764046,7.86906966e-08,1.09490124e-08,5.70621772e-08,0,7.95705455e-06,3.19617577e-08,0.00873763021
1.48500533e-06,1.46715166e-07,0.00873764046,7.8686007e-08,1.09669749e-08,5.70621772e-08,0,7.95705455e-06,3.196552e-08,0.00873763021
1.48593756e-06,1.46739836e-07,0.00873764046,7.86969423e-08,1.09807115e-08,5.70621772e-08,0,7.95705455e-06,3.19694493e-08,0.00873763021
1.4868275e-06,1.46768528e-07,0.00873764046,7.8705682e-08,1.10006733e-08,5.70621772e-08,0,7.95705455e-06,3.19731583e-08,0.00873763021
1.48771733e-06,1.46787258e-07,0.00873764046,7.87075365e-08,1.10175451e-08,5.70621772e-08,0,7.95705455e-06,3.19769029e-08,0.00873763021
1.48860704e-06,1.46798399e-07,0.00873764046,7.87104213e-08,1.10257954e-08,5.70621772e-08,0,7.95705455e-06,3.19806297e-08,0.00873763021
1.48953904e-06,1.46781517e-07,0.00873764046,7.8712489e-08,1.10068514e-08,5.70621772e-08,0,7.95705455e-06,3.19844879e-08,0.00873763021
1.49042887e-06,1.46751461e-07,0.00873764046,7.87082968e-08,1.09809868e-08,5.70621772e-08,0,7.95705455e-06,3.1988229e-08,0.00873763021
1.49131893e-06,1.46718989e-07,0.00873764046,7.87000687e-08,1.09567377e-08,5.70621772e-08,0,7.95705455e-06,3.19920481e-08,0.00873763021
1.49220887e-06,1.46691377e-07,0.00873764046,7.86993439e-08,1.09298561e-08,5.70621772e-08,0,7.95705455e-06,3.19958744e-08,0.00873763021
1.4931411e-06,1.46662217e-07,0.00873764046,7.86944412e-08,1.09055911e-08,5.70621772e-08,0,7.95705455e-06,3.19998996e-08,0.00873763021
1.49403104e-06,1.46643202e-07,0.00873764046,7.86887355e-08,1.08922951e-08,5.70621772e-08,0,7.95705455e-06,3.20037223e-08,0.00873763021
1.49492087e-06,1.46634903e-07,0.00873764046,7.86836125e-08,1.08891118e-08,5.70621772e-08,0,7.95705455e-06,3.2007474e-08,0.00873763021
1.49581081e-06,1.46654457e-07,0.00873764046,7.86904053e-08,1.09018767e-08,5.70621772e-08,0,7.95705455e-06,3.20111866e-08,0.00873763021
1.49670063e-06,1.46669223e-07,0.00873764046,7.86875063e-08,1.09195408e-08,5.70621772e-08,0,7.95705455e-06,3.20148992e-08,0.00873763021
1.49763287e-06,1.46693424e-07,0.00873764046,7.8689844e-08,1.09413927e-08,5.70621772e-08,0,7.95705455e-06,3.20188178e-08,0.00873763021
1.49852258e-06,1.46716019e-07,0.00873764046,7.86925511e-08,1.09612888e-08,5.70621772e-08,0,7.95705455e-06,3.20226121e-08,0.00873763021
1.49941229e-06,1.46735943e-07,0.00873764046,7.86918903e-08,1.0981867e-08,5.70621772e-08,0,7.95705455e-06,3.20264206e-08,0.00873763021
1.50030212e-06,1.4675858e-07,0.00873764046,7.86972265e-08,1.09991776e-08,5.70621772e-08,0,7.95705455e-06,3.20301723e-08,0.00873763021
1.50123424e-06,1.46758495e-07,0.00873764046,7.86974823e-08,1.09988409e-08,5.70621772e-08,0,7.95705455e-06,3.2034098e-08,0.00873763021
1.50212418e-06,1.46749315e-07,0.00873764046,7.86971626e-08,1.09899849e-08,5.70621772e-08,0,7.95705455e-06,3.20378248e-08,0.00873763021
1.503014e-06,1.46723465e-07,0.00873764046,7.8689304e-08,1.09719753e-08,5.70621772e-08,0,7.95705455e-06,3.20414877e-08,0.00873763021
1.5039036e-06,1.46677635e-07,0.00873764046,7.86723433e-08,1.09431122e-08,5.70621772e-08,0,7.95705455e-06,3.20451754e-08,0.00873763021
1.50483572e-06,1.46647196e-07,0.00873764046,7.86642076e-08,1.09208118e-08,5.70621772e-08,0,7.95705455e-06,3.20490514e-08,0.00873763021
1.50572578e-06,1.4663199e-07,0.00873764046,7.86589851e-08,1.09108331e-08,5.70621772e-08,0,7.95705546e-06,3.2053137e-08,0.00873763021
1.50661572e-06,1.46625894e-07,0.00873764046,7.8653791e-08,1.0909921e-08,5.70621772e-08,0,7.95706728e-06,3.20574536e-08,0.00873763021
1.50750543e-06,1.46628722e-07,0.00873764046,7.86475312e-08,1.09190115e-08,5.70621772e-08,0,7.95706728e-06,3.20611377e-08,0.00873763021
1.50843744e-06,1.4663641e-07,0.00873764046,7.86550629e-08,1.09191669e-08,5.70621772e-08,0,7.95706728e-06,3.20650244e-08,0.00873763021
1.50932726e-06,1.46662245e-07,0.00873764046,7.86738283e-08,1.0926235e-08,5.70621772e-08,0,7.95706728e-06,3.20687086e-08,0.00873763021
1.5102172e-06,1.46681444e-07,0.00873764046,7.86968641e-08,1.09223643e-08,5.70622163e-08,0,7.95706728e-06,3.20723252e-08,0.00873763021
1.51110714e-06,1.46685721e-07,0.00873764046,7.87084673e-08,1.0915044e-08,5.70622163e-08,0,7.95706728e-06,3.20759135e-08,0.00873763021
1.51203949e-06,1.46690695e-07,0.00873764046,7.87192675e-08,1.09092086e-08,5.70622163e-08,0,7.95706728e-06,3.20806883e-08,0.00873763021
1.51292932e-06,1.46681785e-07,0.00873764046,7.87231613e-08,1.08964109e-08,5.70622163e-08,0,7.95706728e-06,3.20847064e-08,0.00873763021
1.51381903e-06,1.46679511e-07,0.00873764046,7.87309062e-08,1.08863869e-08,5.70622163e-08,0,7.95706728e-06,3.20886997e-08,0.00873763021
1.51470886e-06,1.46679199e-07,0.00873764046,7.87386867e-08,1.08783009e-08,5.70622163e-08,0,7.95706728e-06,3.20925082e-08,0.00873763021
1.51564097e-06,1.46676669e-07,0.00873764046,7.87302596e-08,1.08841878e-08,5.70622163e-08,0,7.95706728e-06,3.2096402e-08,0.00873763021
1.5165308e-06,1.46687967e-07,0.00873764046,7.87190757e-08,1.09066791e-08,5.70622163e-08,0,7.95706728e-06,3.21000435e-08,0.00873763021
1.51742051e-06,1.46720041e-07,0.00873764046,7.87153738e-08,1.09424567e-08,5.70622163e-08,0,7.95706728e-06,3.21036175e-08,0.00873763021
1.51831034e-06,1.46734379e-07,0.00873764046,7.87006584e-08,1.09714993e-08,5.70622163e-08,0,7.95706728e-06,3.21071525e-08,0.00873763021
1.51920017e-06,1.46758524e-07,0.00873764046,7.86993581e-08,1.09969456e-08,5.70622234e-08,0,7.95706728e-06,3.21106626e-08,0.00873763021
1.52013251e-06,1.46773232e-07,0.00873764046,7.87013974e-08,1.10096074e-08,5.70622269e-08,0,7.95706728e-06,3.21142437e-08,0.00873763021
1.52102257e-06,1.46768699e-07,0.00873764046,7.87038417e-08,1.10026255e-08,5.70622269e-08,0,7.95706728e-06,3.21176188e-08,0.00873763021
1.5219124e-06,1.46746871e-07,0.00873764046,7.87071599e-08,1.09774909e-08,5.70622269e-08,0,7.95706728e-06,3.21210152e-08,0.00873763021
1.52280222e-06,1.46714129e-07,0.00873764046,7.8705952e-08,1.09459464e-08,5.70622269e-08,0,7.95706728e-06,3.21244649e-08,0.00873763021
1.52373423e-06,1.46667034e-07,0.00873764046,7.87037067e-08,1.09011014e-08,5.70622269e-08,0,7.95706728e-06,3.2128078e-08,0.00873763021
1.52462417e-06,1.46626647e-07,0.00873764046,7.87052983e-08,1.08591189e-08,5.70622269e-08,0,7.95706728e-06,3.21315738e-08,0.00873763021
1.52551422e-06,1.46592825e-07,0.00873764046,7.87055896e-08,1.08250049e-08,5.70622269e-08,0,7.95706728e-06,3.21351052e-08,0.00873763021
1.52640439e-06,1.46566464e-07,0.00873764046,7.87013832e-08,1.08028555e-08,5.70622269e-08,0,7.95706728e-06,3.21386686e-08,0.00873763021
1.52733651e-06,1.46574649e-07,0.00873764046,7.87015395e-08,1.08108793e-08,5.70622269e-08,0,7.95706728e-06,3.21424558e-08,0.00873763021
1.52822611e-06,1.4657482e-07,0.00873764046,7.86834633e-08,1.08291296e-08,5.70622269e-08,0,7.95706728e-06,3.21460867e-08,0.00873763021
1.52911593e-06,1.46592541e-07,0.00873764046,7.86733736e-08,1.08569358e-08,5.70622269e-08,0,7.95706728e-06,3.21496643e-08,0.00873763021
1.53000576e-06,1.46610105e-07,0.00873764046,7.86675542e-08,1.08803206e-08,5.70622269e-08,0,7.95706728e-06,3.21531921e-08,0.00873763021
1.53093822e-06,1.46632956e-07,0.00873764046,7.86710856e-08,1.08996456e-08,5.70622269e-08,0,7.95706728e-06,3.21568372e-08,0.00873763021
1.53182805e-06,1.46656106e-07,0.00873764046,7.86726844e-08,1.09211955e-08,5.70622269e-08,0,7.95706728e-06,3.21603046e-08,0.00873763021
1.53271765e-06,1.46668626e-07,0.00873764046,7.86793422e-08,1.09270619e-08,5.70622269e-08,0,7.95706728e-06,3.21638289e-08,0.00873763021
1.53360713e-06,1.466897e-07,0.00873764046,7.8686476e-08,1.09409948e-08,5.70622269e-08,0,7.95706728e-06,3.2167403e-08,0.00873763021
1.53453936e-06,1.46711102e-07,0.00873764046,7.86976742e-08,1.09511982e-08,5.70622269e-08,0,7.95706728e-06,3.21711511e-08,0.00873763021
1.53542942e-06,1.46732631e-07,0.00873764046,7.87182444e-08,1.0952153e-08,5.70622269e-08,0,7.95706728e-06,3.21746505e-08,0.00873763021
1.53631936e-06,1.46730343e-07,0.00873764046,7.87333434e-08,1.09347313e-08,5.70622767e-08,0,7.95706728e-06,3.2178086e-08,0.00873763021
1.53720896e-06,1.46739467e-07,0.00873764046,7.87541268e-08,1.09230607e-08,5.70622767e-08,0,7.95706728e-06,3.21814646e-08,0.00873763021
1.53814085e-06,1.46737946e-07,0.00873764046,7.87542973e-08,1.09213696e-08,5.70622767e-08,0,7.95706728e-06,3.21850351e-08,0.00873763021
1.53903068e-06,1.46746018e-07,0.00873764046,7.87483856e-08,1.09353477e-08,5.70622767e-08,0,7.95706728e-06,3.21884848e-08,0.00873763021
1.53992062e-06,1.4673941e-07,0.00873764046,7.87361145e-08,1.09409815e-08,5.70623087e-08,0,7.95706728e-06,3.21919273e-08,0.00873763021
1.54081056e-06,1.4671879e-07,0.00873764046,7.8731297e-08,1.09251852e-08,5.70623087e-08,0,7.95706728e-06,3.21953664e-08,0.00873763021
1.54170039e-06,1.46674807e-07,0.00873764046,7.87158996e-08,1.08965992e-08,5.70623087e-08,0,7.95706728e-06,3.21988125e-08,0.00873763021
1.5426325e-06,1.46614113e-07,0.00873764046,7.86912224e-08,1.08605835e-08,5.70623087e-08,0,7.95706728e-06,3.2202486e-08,0.00873763021
1.54352222e-06,1.46586714e-07,0.00873764046,7.8682632e-08,1.0841779e-08,5.70623087e-08,0,7.95706728e-06,3.22060139e-08,0.00873763021
1.54441216e-06,1.4657364e-07,0.00873764046,7.8676905e-08,1.08344302e-08,5.70623087e-08,0,7.95706728e-06,3.22095275e-08,0.00873763021
1.5453021e-06,1.46584043e-07,0.00873764046,7.86845291e-08,1.08372102e-08,5.70623087e-08,0,7.95706728e-06,3.22130127e-08,0.00873763021
1.54623444e-06,1.46598381e-07,0.00873764046,7.87043675e-08,1.08317115e-08,5.70623087e-08,0,7.95706728e-06,3.22166507e-08,0.00873763021
1.54712427e-06,1.46593422e-07,0.00873764046,7.87153454e-08,1.08157634e-08,5.70623087e-08,0,7.95706728e-06,3.22201608e-08,0.00873763021
1.54801387e-06,1.466002e-07,0.00873764046,7.87202978e-08,1.08175948e-08,5.70623087e-08,0,7.95706728e-06,3.22236318e-08,0.00873763021
1.54890358e-06,1.4663226e-07,0.00873764046,7.87309418e-08,1.08390097e-08,5.70623087e-08,0,7.95706728e-06,3.22270317e-08,0.00873763021
1.5498357e-06,1.46671667e-07,0.00873764046,7.87315173e-08,1.08778373e-08,5.70623087e-08,0,7.95706728e-06,3.2230588e-08,0.00873763021
1.55072541e-06,1.46700131e-07,0.00873764046,7.87298546e-08,1.09079759e-08,5.70623087e-08,0,7.95707547e-06,3.22344675e-08,0.00873763021
1.55161513e-06,1.46712196e-07,0.00873764046,7.87224721e-08,1.09274154e-08,5.70623087e-08,0,7.95707729e-06,3.22380131e-08,0.00873763021
1.5525045e-06,1.46689587e-07,0.00873764046,7.8708446e-08,1.09188401e-08,5.70623087e-08,0,7.95707729e-06,3.22413918e-08,0.00873763021
1.55343639e-06,1.46660852e-07,0.00873764046,7.86930912e-08,1.09054588e-08,5.70623087e-08,0,7.95707729e-06,3.22449658e-08,0.00873763021
1.5543261e-06,1.4663469e-07,0.00873764046,7.86790864e-08,1.08932623e-08,5.70623335e-08,0,7.95707729e-06,3.22483267e-08,0.00873763021
1.55521604e-06,1.46626846e-07,0.00873764046,7.86727057e-08,1.08918101e-08,5.70623335e-08,0,7.95707729e-06,3.22516591e-08,0.00873763021
1.55610599e-06,1.4662298e-07,0.00873764046,7.86706309e-08,1.08900196e-08,5.70623335e-08,0,7.95707729e-06,3.22549489e-08,0.00873763021
1.55703833e-06,1.46616259e-07,0.00873764046,7.86695438e-08,1.08843841e-08,5.70623335e-08,0,7.95707729e-06,3.22583702e-08,0.00873763021
1.55792827e-06,1.46600726e-07,0.00873764046,7.86788021e-08,1.08595817e-08,5.70623335e-08,0,7.95707729e-06,3.22615996e-08,0.00873763021
1.55881844e-06,1.46606823e-07,0.00873764046,7.86912793e-08,1.08532019e-08,5.70623335e-08,0,7.95707729e-06,3.22648006e-08,0.00873763021
1.55970861e-06,1.46641625e-07,0.00873764046,7.87203973e-08,1.08588933e-08,5.70623335e-08,0,7.95707729e-06,3.22680016e-08,0.00873763021
1.56064107e-06,1.46683988e-07,0.00873764046,7.87449466e-08,1.08767111e-08,5.70623335e-08,0,7.95707729e-06,3.22713731e-08,0.00873763021
1.56153101e-06,1.46711386e-07,0.00873764046,7.87614596e-08,1.08875913e-08,5.70623335e-08,0,7.95707729e-06,3.22745741e-08,0.00873763021
1.56242095e-06,1.46702504e-07,0.00873764046,7.87627243e-08,1.08774394e-08,5.70623335e-08,0,7.95707729e-06,3.22777609e-08,0.00873763021
1.56331078e-06,1.4667097e-07,0.00873764046,7.87558179e-08,1.08528173e-08,5.70623335e-08,0,7.95707729e-06,3.22809761e-08,0.00873763021
1.56420049e-06,1.4664387e-07,0.00873764046,7.87495509e-08,1.08319833e-08,5.70623335e-08,0,7.95707729e-06,3.22842517e-08,0.00873763021
1.56513272e-06,1.46638712e-07,0.00873764046,7.87403636e-08,1.08360156e-08,5.70623335e-08,0,7.95707729e-06,3.2287641e-08,0.00873763021
1.56602255e-06,1.46642591e-07,0.00873764046,7.87327537e-08,1.08475007e-08,5.70623335e-08,0,7.95707729e-06,3.22908562e-08,0.00873763021
1.56691226e-06,1.46641341e-07,0.00873764046,7.87167949e-08,1.0862192e-08,5.70623548e-08,0,7.95707729e-06,3.22940714e-08,0.00873763021
1.56780175e-06,1.4662163e-07,0.00873764046,7.87075578e-08,1.0851716e-08,5.70623548e-08,0,7.95707729e-06,3.22972831e-08,0.00873763021
1.56873364e-06,1.465921e-07,0.00873764046,7.87101158e-08,1.08196394e-08,5.70623548e-08,0,7.95707729e-06,3.2300651e-08,0.00873763021
1.56962324e-06,1.46583247e-07,0.00873764046,7.87133274e-08,1.080757e-08,5.70623548e-08,0,7.95707729e-06,3.23038698e-08,0.00873763021
1.57051306e-06,1.46588064e-07,0.00873764046,7.8714784e-08,1.08109184e-08,5.70623548e-08,0,7.95707729e-06,3.23070957e-08,0.00873763021
1.571403e-06,1.46633255e-07,0.00873764046,7.8728803e-08,1.08421041e-08,5.70623548e-08,0,7.95707729e-06,3.23103819e-08,0.00873763021
1.57233501e-06,1.46667816e-07,0.00873764046,7.87383456e-08,1.0867109e-08,5.70623548e-08,0,7.95707729e-06,3.23138813e-08,0.00873763021
1.57322461e-06,1.4667873e-07,0.00873764046,7.87404559e-08,1.08759206e-08,5.70623548e-08,0,7.95707729e-06,3.23172067e-08,0.00873763021
1.57411432e-06,1.46662927e-07,0.00873764046,7.87290233e-08,1.08715525e-08,5.70623548e-08,0,7.95707729e-06,3.23204787e-08,0.00873763021
1.57500426e-06,1.46647537e-07,0.00873764046,7.87287888e-08,1.08563949e-08,5.70623548e-08,0,7.95707729e-06,3.23237188e-08,0.00873763021
1.57593672e-06,1.46630953e-07,0.00873764046,7.87159706e-08,1.08526255e-08,5.70623548e-08,0,7.95707729e-06,3.23270299e-08,0.00873763021
1.57682666e-06,1.46629944e-07,0.00873764046,7.87075791e-08,1.08600071e-08,5.70623548e-08,0,7.95707729e-06,3.2330135e-08,0.00873763021
1.57771649e-06,1.46619456e-07,0.00873764046,7.86978163e-08,1.08592824e-08,5.70623548e-08,0,7.95707729e-06,3.23332472e-08,0.00873763021
1.57860632e-06,1.46614809e-07,0.00873764046,7.86926222e-08,1.08598321e-08,5.70623548e-08,0,7.95707729e-06,3.23364056e-08,0.00873763021
1.57953843e-06,1.46605018e-07,0.00873764046,7.86838541e-08,1.08588125e-08,5.70623548e-08,0,7.95707729e-06,3.23396954e-08,0.00873763021
1.58042826e-06,1.46601678e-07,0.00873764046,7.8685531e-08,1.08537916e-08,5.70623548e-08,0,7.95707729e-06,3.23428822e-08,0.00873763021
1.58131809e-06,1.46629546e-07,0.00873764046,7.86973686e-08,1.08698295e-08,5.70623548e-08,0,7.95707729e-06,3.23460476e-08,0.00873763021
1.58220803e-06,1.46641852e-07,0.00873764046,7.87051135e-08,1.08743778e-08,5.70623548e-08,0,7.95707729e-06,3.23491953e-08,0.00873763021
1.58314003e-06,1.46649867e-07,0.00873764046,7.8715864e-08,1.08716378e-08,5.70623619e-08,0,7.95707729e-06,3.23525242e-08,0.00873763021
1.58402963e-06,1.46628253e-07,0.00873764046,7.87192889e-08,1.08466072e-08,5.70623619e-08,0,7.95707729e-06,3.23557288e-08,0.00873763021
1.58491935e-06,1.46585634e-07,0.00873764046,7.87204328e-08,1.08028448e-08,5.70623619e-08,0,7.95707729e-06,3.23589546e-08,0.00873763021
1.58580929e-06,1.46583034e-07,0.00873764046,7.87338763e-08,1.07867981e-08,5.70623619e-08,0,7.95707729e-06,3.23622373e-08,0.00873763021
1.58674163e-06,1.46591645e-07,0.00873764046,7.87424739e-08,1.07868123e-08,5.70623619e-08,0,7.95707729e-06,3.23657012e-08,0.00873763021
1.58763157e-06,1.46610034e-07,0.00873764046,7.8752187e-08,1.07954872e-08,5.70623619e-08,0,7.95707729e-06,3.23689981e-08,0.00873763021
1.58852129e-06,1.46635116e-07,0.00873764046,7.87666323e-08,1.08061222e-08,5.70623619e-08,0,7.95707729e-06,3.23722347e-08,0.00873763021
1.58941111e-06,1.46646769e-07,0.00873764046,7.87683376e-08,1.08160716e-08,5.70623619e-08,0,7.95707729e-06,3.23754108e-08,0.00873763021
1.59030117e-06,1.46656788e-07,0.00873764046,7.87666536e-08,1.08277742e-08,5.70623619e-08,0,7.95707729e-06,3.23785265e-08,0.00873763021
1.59123363e-06,1.46658067e-07,0.00873764046,7.87579353e-08,1.08377716e-08,5.70623619e-08,0,7.95708729e-06,3.23824558e-08,0.00873763021
1.59212345e-06,1.46667986e-07,0.00873764046,7.8752862e-08,1.08527658e-08,5.70623619e-08,0,7.95708729e-06,3.23855467e-08,0.00873763021
1.59301305e-06,1.46658223e-07,0.00873764046,7.87389283e-08,1.08569074e-08,5.70623762e-08,0,7.95708729e-06,3.23886198e-08,0.00873763021
1.59390265e-06,1.46634235e-07,0.00873764046,7.87238932e-08,1.0847959e-08,5.70623762e-08,0,7.95708729e-06,3.23916609e-08,0.00873763021
1.59483466e-06,1.46583503e-07,0.00873764046,7.87101868e-08,1.08109326e-08,5.70623762e-08,0,7.95708729e-06,3.2394837e-08,0.00873763021
1.59572437e-06,1.46545219e-07,0.00873764046,7.87018735e-08,1.07809708e-08,5.70623762e-08,0,7.95708729e-06,3.23979492e-08,0.00873763021
1.5966142e-06,1.46535129e-07,0.00873764046,7.86991166e-08,1.07736327e-08,5.70623762e-08,0,7.95708729e-06,3.24010756e-08,0.00873763021
1.59750402e-06,1.46562314e-07,0.00873764046,7.87076146e-08,1.07923288e-08,5.70623762e-08,0,7.95708729e-06,3.2404138e-08,0.00873763021
1.59843603e-06,1.46605259e-07,0.00873764046,7.87149759e-08,1.08279039e-08,5.70623762e-08,0,7.95708729e-06,3.24073e-08,0.00873763021
1.59932586e-06,1.46646329e-07,0.00873764046,7.87220173e-08,1.08619265e-08,5.70623762e-08,0,7.95708729e-06,3.24102558e-08,0.00873763021
1.6002158e-06,1.46648532e-07,0.00873764046,7.87198076e-08,1.08663363e-08,5.70623762e-08,0,7.95708729e-06,3.2413201e-08,0.00873763021
1.60110596e-06,1.46645633e-07,0.00873764046,7.87210865e-08,1.08621716e-08,5.70623762e-08,0,7.95708729e-06,3.24161462e-08,0.00873763021
1.60203831e-06,1.46615605e-07,0.00873764046,7.87167949e-08,1.0836434e-08,5.70623762e-08,0,7.95709911e-06,3.24201359e-08,0.00873763021
1.60292814e-06,1.46607292e-07,0.00873764046,7.87141232e-08,1.08307816e-08,5.70623762e-08,0,7.95709911e-06,3.24231912e-08,0.00873763021
1.60381796e-06,1.4659922e-07,0.00873764046,7.87147698e-08,1.08220659e-08,5.70623762e-08,0,7.95709911e-06,3.24262182e-08,0.00873763021
1.60470756e-06,1.46579438e-07,0.00873764046,7.87137751e-08,1.08032872e-08,5.70623762e-08,0,7.95709911e-06,3.24292095e-08,0.00873763021
1.60563957e-06,1.46550988e-07,0.00873764046,7.87125387e-08,1.07760636e-08,5.70623762e-08,0,7.95709911e-06,3.24323679e-08,0.00873763021
1.60652939e-06,1.46535427e-07,0.00873764046,7.8716198e-08,1.07568496e-08,5.70623762e-08,0,7.95709911e-06,3.24353842e-08,0.00873763021
1.60741922e-06,1.46532329e-07,0.00873764046,7.87220316e-08,1.07479252e-08,5.70623762e-08,0,7.95709911e-06,3.2438404e-08,0.00873763021
1.60830905e-06,1.46573626e-07,0.00873764046,7.87412375e-08,1.07700169e-08,5.70623762e-08,0,7.95709911e-06,3.244147e-08,0.00873763021
1.60924105e-06,1.46614852e-07,0.00873764046,7.8752123e-08,1.08003571e-08,5.70623762e-08,0,7.95709911e-06,3.24446567e-08,0.00873763021
1.61013099e-06,1.46645846e-07,0.00873764046,7.87628593e-08,1.08206155e-08,5.70623762e-08,0,7.95710457e-06,3.24478471e-08,0.00873763021
1.61102093e-06,1.46659445e-07,0.00873764046,7.87720751e-08,1.0824996e-08,5.70623762e-08,0,7.95710457e-06,3.24507781e-08,0.00873763021
1.61191076e-06,1.46653221e-07,0.00873764046,7.87813192e-08,1.08095222e-08,5.70623762e-08,0,7.95710457e-06,3.24537446e-08,0.00873763021
1.61280047e-06,1.4665369e-07,0.00873764046,7.87868046e-08,1.08045031e-08,5.70623762e-08,0,7.95710457e-06,3.24566969e-08,0.00873763021
1.61373248e-06,1.46658635e-07,0.00873764046,7.87859591e-08,1.08102975e-08,5.70623762e-08,0,7.95710457e-06,3.24597806e-08,0.00873763021
1.61462231e-06,1.46660597e-07,0.00873764046,7.87716843e-08,1.08265406e-08,5.70623762e-08,0,7.95710457e-06,3.24626761e-08,0.00873763021
1.61551202e-06,1.46650947e-07,0.00873764046,7.87579069e-08,1.08306502e-08,5.70623868e-08,0,7.95710457e-06,3.24655041e-08,0.00873763021
1.61640173e-06,1.46623805e-07,0.00873764046,7.87477248e-08,1.08136984e-08,5.70623868e-08,0,7.95710457e-06,3.24683462e-08,0.00873763021
1.61733385e-06,1.46582622e-07,0.00873764046,7.87378909e-08,1.07823492e-08,5.70623868e-08,0,7.95710457e-06,3.24713625e-08,0.00873763021
1.61822356e-06,1.4656176e-07,0.00873764046,7.8726103e-08,1.07732685e-08,5.70623868e-08,0,7.95710457e-06,3.24742722e-08,0.00873763021
1.61911328e-06,1.46555635e-07,0.00873764046,7.87112526e-08,1.07819975e-08,5.70623868e-08,0,7.95710457e-06,3.24771676e-08,0.00873763021
1.62000299e-06,1.46561348e-07,0.00873764046,7.87091636e-08,1.07897948e-08,5.70623868e-08,0,7.95710457e-06,3.24800347e-08,0.00873763021
1.62093522e-06,1.46567231e-07,0.00873764046,7.87156225e-08,1.07892202e-08,5.70623868e-08,0,7.95710457e-06,3.24830651e-08,0.00873763021
1.62182505e-06,1.4655366e-07,0.00873764046,7.8729677e-08,1.07615969e-08,5.70623868e-08,0,7.95710457e-06,3.24859819e-08,0.00873763021
1.62271488e-06,1.46543371e-07,0.00873764046,7.87420831e-08,1.07389075e-08,5.70623868e-08,0,7.95710457e-06,3.24889093e-08,0.00873763021
1.62360459e-06,1.46545432e-07,0.00873764046,7.87530823e-08,1.0729968e-08,5.70623868e-08,0,7.95710457e-06,3.24918226e-08,0.00873763021
1.62453659e-06,1.46574664e-07,0.00873764046,7.87602374e-08,1.0752041e-08,5.70623868e-08,0,7.95710457e-06,3.24948637e-08,0.00873763021
1.62542619e-06,1.46593763e-07,0.00873764046,7.8752862e-08,1.07785159e-08,5.70623868e-08,0,7.95710457e-06,3.24977201e-08,0.00873763021
1.62631579e-06,1.4662136e-07,0.00873764046,7.87538212e-08,1.08051461e-08,5.70623868e-08,0,7.95710457e-06,3.25005409e-08,0.00873763021
1.62720562e-06,1.46622028e-07,0.00873764046,7.87484424e-08,1.08112008e-08,5.70623868e-08,0,7.95710457e-06,3.25033334e-08,0.00873763021
1.62813785e-06,1.46603938e-07,0.00873764046,7.87387648e-08,1.08027924e-08,5.70623868e-08,0,7.95710457e-06,3.25062572e-08,0.00873763021
1.62902768e-06,1.46576596e-07,0.00873764046,7.87266643e-08,1.07875469e-08,5.70623868e-08,0,7.95710457e-06,3.25090852e-08,0.00873763021
1.62991751e-06,1.46561618e-07,0.00873764046,7.87208947e-08,1.07783382e-08,5.70623868e-08,0,7.95710457e-06,3.25119487e-08,0.00873763021
1.63080733e-06,1.46551457e-07,0.00873764046,7.87135193e-08,1.0775552e-08,5.70623868e-08,0,7.95710457e-06,3.25148264e-08,0.00873763021
1.63173979e-06,1.46560765e-07,0.00873764046,7.87167451e-08,1.07816307e-08,5.70623868e-08,0,7.95710457e-06,3.25178497e-08,0.00873763021
1.63262985e-06,1.46565796e-07,0.00873764046,7.87259751e-08,1.07774358e-08,5.70623868e-08,0,7.95710457e-06,3.25207772e-08,0.00873763021
1.63352001e-06,1.46579524e-07,0.00873764046,7.87452095e-08,1.0771922e-08,5.70623868e-08,0,7.95710457e-06,3.25237366e-08,0.00873763021
1.63440995e-06,1.46607221e-07,0.00873764046,7.87621133e-08,1.07827276e-08,5.70623868e-08,0,7.95710457e-06,3.25267209e-08,0.00873763021
1.63534207e-06,1.46656987e-07,0.00873764046,7.87808503e-08,1.08137446e-08,5.70623868e-08,0,7.95710457e-06,3.25297975e-08,0.00873763021
1.63623179e-06,1.46691207e-07,0.00873764046,7.87921692e-08,1.08366525e-08,5.70623868e-08,0,7.95710457e-06,3.25326432e-08,0.00873763021
1.63712161e-06,1.46693097e-07,0.00873764046,7.87986565e-08,1.08320481e-08,5.70623868e-08,0,7.95711367e-06,3.2535997e-08,0.00873763021
1.63801155e-06,1.46647608e-07,0.00873764046,7.87951819e-08,1.07900435e-08,5.70623868e-08,0,7.95711367e-06,3.25388463e-08,0.00873763021
1.63890149e-06,1.46587695e-07,0.00873764046,7.87858241e-08,1.07394831e-08,5.70623868e-08,0,7.95711367e-06,3.25417275e-08,0.00873763021
1.63983373e-06,1.46520534e-07,0.00873764046,7.87721106e-08,1.06860423e-08,5.70623868e-08,0,7.95711367e-06,3.25447118e-08,0.00873763021
1.64072333e-06,1.46479465e-07,0.00873764046,7.87600314e-08,1.06570459e-08,5.70623868e-08,0,7.95711367e-06,3.25475327e-08,0.00873763021
1.64161293e-06,1.46461318e-07,0.00873764046,7.87461829e-08,1.06527462e-08,5.70623868e-08,0,7.95711367e-06,3.25503642e-08,0.00873763021
1.64250253e-06,1.46465183e-07,0.00873764046,7.87394043e-08,1.06633919e-08,5.70623868e-08,0,7.95711367e-06,3.25531886e-08,0.00873763021
1.64343464e-06,1.46482549e-07,0.00873764046,7.87350984e-08,1.06850671e-08,5.70623868e-08,0,7.95711367e-06,3.25561906e-08,0.00873763021
1.6443247e-06,1.46508995e-07,0.00873764046,7.87347503e-08,1.0711859e-08,5.70623868e-08,0,7.95711367e-06,3.25591074e-08,0.00873763021
1.64521441e-06,1.46557085e-07,0.00873764046,7.87473624e-08,1.07473346e-08,5.70623868e-08,0,7.95711367e-06,3.2562042e-08,0.00873763021
1.6461039e-06,1.4661498e-07,0.00873764046,7.87550931e-08,1.07974989e-08,5.70623868e-08,0,7.95711367e-06,3.25649552e-08,0.00873763021
1.64703567e-06,1.46666679e-07,0.00873764046,7.87579211e-08,1.08463709e-08,5.70623868e-08,0,7.95711367e-06,3.25679927e-08,0.00873763021
1.64792527e-06,1.46690837e-07,0.00873764046,7.87574095e-08,1.0871041e-08,5.70623868e-08,0,7.95711367e-06,3.25708385e-08,0.00873763021
1.6488151e-06,1.4670033e-07,0.00873764046,7.87643728e-08,1.08735749e-08,5.70623868e-08,0,7.95711367e-06,3.25736522e-08,0.00873763021
1.64970515e-06,1.46692699e-07,0.00873764046,7.87712295e-08,1.08590905e-08,5.70623868e-08,0,7.95711367e-06,3.2576402e-08,0.00873763021
1.6506375e-06,1.46673088e-07,0.00873764046,7.8772004e-08,1.08386962e-08,5.70623868e-08,0,7.95711367e-06,3.25792193e-08,0.00873763021
1.65152721e-06,1.46627499e-07,0.00873764046,7.87571892e-08,1.08079217e-08,5.70623868e-08,0,7.95711367e-06,3.25818945e-08,0.00873763021
1.65241693e-06,1.46583503e-07,0.00873764046,7.87380614e-08,1.07830491e-08,5.70623868e-08,0,7.95711367e-06,3.25845626e-08,0.00873763021
1.65330687e-06,1.465352e-07,0.00873764046,7.87253001e-08,1.07475184e-08,5.70623868e-08,0,7.95712913e-06,3.2588563e-08,0.00873763021
1.65423933e-06,1.46495168e-07,0.00873764046,7.87224934e-08,1.07102887e-08,5.70623868e-08,0,7.95712913e-06,3.25913838e-08,0.00873763021
1.65512938e-06,1.46474491e-07,0.00873764046,7.87155869e-08,1.06965192e-08,5.70623868e-08,0,7.95712913e-06,3.25940697e-08,0.00873763021
1.65601921e-06,1.46481611e-07,0.00873764046,7.87167593e-08,1.07024638e-08,5.70623868e-08,0,7.95712913e-06,3.25967804e-08,0.00873763021
1.65690869e-06,1.46500994e-07,0.00873764046,7.87254066e-08,1.07131983e-08,5.70623868e-08,0,7.95712913e-06,3.2599516e-08,0.00873763021
1.65784047e-06,1.46518872e-07,0.00873764046,7.87411167e-08,1.07153699e-08,5.70623868e-08,0,7.95712913e-06,3.26023866e-08,0.00873763021
1.65873007e-06,1.46520861e-07,0.00873764046,7.87540628e-08,1.07044116e-08,5.70623868e-08,0,7.95712913e-06,3.26051719e-08,0.00873763021
1.65962001e-06,1.46502344e-07,0.00873764046,7.87623264e-08,1.06776277e-08,5.70623868e-08,0,7.95712913e-06,3.26079892e-08,0.00873763021
1.66050995e-06,1.4649514e-07,0.00873764046,7.87813974e-08,1.0651358e-08,5.70623868e-08,0,7.95712913e-06,3.26107674e-08,0.00873763021
1.66144207e-06,1.46502472e-07,0.00873764046,7.87960701e-08,1.06440075e-08,5.70623868e-08,0,7.95712913e-06,3.26136274e-08,0.00873763021
1.66233178e-06,1.46531093e-07,0.00873764046,7.88059396e-08,1.0662764e-08,5.70623868e-08,0,7.95712913e-06,3.26163345e-08,0.00873763021
1.66322161e-06,1.46573157e-07,0.00873764046,7.88095633e-08,1.07012044e-08,5.70623868e-08,0,7.95712913e-06,3.26190062e-08,0.00873763021
1.66411178e-06,1.46616685e-07,0.00873764046,7.88067993e-08,1.07474936e-08,5.70623868e-08,0,7.95712913e-06,3.26216849e-08,0.00873763021
1.66500183e-06,1.46644169e-07,0.00873764046,7.88026497e-08,1.07791278e-08,5.70623868e-08,0,7.95712913e-06,3.26243459e-08,0.00873763021
1.66593406e-06,1.4666135e-07,0.00873764046,7.87905208e-08,1.08084484e-08,5.70623868e-08,0,7.95713549e-06,3.26277032e-08,0.00873763021
1.66682378e-06,1.46649327e-07,0.00873764046,7.87690979e-08,1.081784e-08,5.70623868e-08,0,7.95714095e-06,3.26305916e-08,0.00873763021
1.66771338e-06,1.46645107e-07,0.00873764046,7.87490535e-08,1.0833662e-08,5.70623868e-08,0,7.95714095e-06,3.26332206e-08,0.00873763021
1.66860298e-06,1.46639437e-07,0.00873764046,7.87353542e-08,1.08416955e-08,5.70623868e-08,0,7.95714095e-06,3.26358709e-08,0.00873763021
1.6695351e-06,1.4663199e-07,0.00873764046,7.87334073e-08,1.08361968e-08,5.70623868e-08,0,7.95714095e-06,3.26386029e-08,0.00873763021
1.67042481e-06,1.46593791e-07,0.00873764046,7.87347716e-08,1.07966338e-08,5.70623868e-08,0,7.95714095e-06,3.26412142e-08,0.00873763021
1.67131441e-06,1.46570386e-07,0.00873764046,7.87435397e-08,1.07644587e-08,5.70623868e-08,0,7.95714095e-06,3.26438254e-08,0.00873763021
1.67220423e-06,1.46537616e-07,0.00873764046,7.87540557e-08,1.07211724e-08,5.70623868e-08,0,7.95714095e-06,3.26464793e-08,0.00873763021
1.67313669e-06,1.4651566e-07,0.00873764046,7.87625254e-08,1.06907532e-08,5.70623868e-08,0,7.95714095e-06,3.26492433e-08,0.00873763021
1.67402663e-06,1.46499261e-07,0.00873764046,7.87714782e-08,1.06653903e-08,5.70623868e-08,0,7.95714095e-06,3.26518688e-08,0.00873763021
1.67491646e-06,1.46483686e-07,0.00873764046,7.87727359e-08,1.06485585e-08,5.70623868e-08,0,7.95714095e-06,3.26545013e-08,0.00873763021
1.67580617e-06,1.46479437e-07,0.00873764046,7.87712224e-08,1.06458238e-08,5.70623868e-08,0,7.95714095e-06,3.26570806e-08,0.00873763021
1.67673818e-06,1.46497925e-07,0.00873764046,7.87792658e-08,1.0656267e-08,5.70623868e-08,0,7.95714095e-06,3.265977e-08,0.00873763021
1.67762801e-06,1.46512363e-07,0.00873764046,7.87727572e-08,1.06772262e-08,5.70623868e-08,0,7.95714095e-06,3.26623635e-08,0.00873763021
1.67851772e-06,1.46527469e-07,0.00873764046,7.87613956e-08,1.07036904e-08,5.70623868e-08,0,7.95714095e-06,3.26650067e-08,0.00873763021
1.67940732e-06,1.46520051e-07,0.00873764046,7.87440015e-08,1.07136682e-08,5.70623868e-08,0,7.95714095e-06,3.26676997e-08,0.00873763021
1.68033932e-06,1.46524272e-07,0.00873764046,7.87384806e-08,1.07233991e-08,5.70623868e-08,0,7.95714095e-06,3.26705525e-08,0.00873763021
1.68122892e-06,1.46507048e-07,0.00873764046,7.87344661e-08,1.07101927e-08,5.70623868e-08,0,7.95714095e-06,3.26732277e-08,0.00873763021
1.68211852e-06,1.4649801e-07,0.00873764046,7.87337342e-08,1.070189e-08,5.70623868e-08,0,7.95714095e-06,3.26758567e-08,0.00873763021
1.68300846e-06,1.46512988e-07,0.00873764046,7.87472061e-08,1.07033937e-08,5.70623868e-08,0,7.95714095e-06,3.26784821e-08,0.00873763021
1.68394081e-06,1.46547777e-07,0.00873764046,7.8770455e-08,1.07149347e-08,5.70623868e-08,0,7.95714095e-06,3.26812497e-08,0.00873763021
1.68483064e-06,1.46586558e-07,0.00873764046,7.87935832e-08,1.07305924e-08,5.70623868e-08,0,7.95714095e-06,3.26838787e-08,0.00873763021
1.68572012e-06,1.46618021e-07,0.00873764046,7.88158445e-08,1.07397877e-08,5.70623868e-08,0,7.95714095e-06,3.26865148e-08,0.00873763021
1.68660972e-06,1.46634989e-07,0.00873764046,7.88268792e-08,1.07457225e-08,5.70623868e-08,0,7.95714095e-06,3.26891438e-08,0.00873763021
1.68754195e-06,1.46648489e-07,0.00873764046,7.88283359e-08,1.07577716e-08,5.70623868e-08,0,7.95714095e-06,3.26918794e-08,0.00873763021
1.68843189e-06,1.46648915e-07,0.00873764046,7.8820392e-08,1.07661329e-08,5.70623868e-08,0,7.95714095e-06,3.26944765e-08,0.00873763021
1.68932161e-06,1.46644709e-07,0.00873764046,7.88112615e-08,1.07710632e-08,5.70623868e-08,0,7.95714095e-06,3.26970593e-08,0.00873763021
1.69021143e-06,1.46616927e-07,0.00873764046,7.87898884e-08,1.0764647e-08,5.70623868e-08,0,7.95714095e-06,3.26995995e-08,0.00873763021
1.69110137e-06,1.46569093e-07,0.00873764046,7.87658863e-08,1.07408251e-08,5.70623868e-08,0,7.95715005e-06,3.2702733e-08,0.00873763021
1.69203361e-06,1.46516371e-07,0.00873764046,7.87440015e-08,1.07099769e-08,5.70623868e-08,0,7.95717369e-06,3.27078418e-08,0.00873763021
1.69292355e-06,1.46469944e-07,0.00873764046,7.87297267e-08,1.0677832e-08,5.70623868e-08,0,7.95717369e-06,3.27106662e-08,0.00873763021
1.6938136e-06,1.46450773e-07,0.00873764046,7.87245682e-08,1.066382e-08,5.70623868e-08,0,7.95717369e-06,3.27132348e-08,0.00873763021
1.69470377e-06,1.46456799e-07,0.00873764046,7.87318157e-08,1.06625944e-08,5.70623868e-08,0,7.95717369e-06,3.27157892e-08,0.00873763021
1.69563589e-06,1.46479437e-07,0.00873764046,7.87522936e-08,1.06647642e-08,5.70623868e-08,0,7.95717369e-06,3.27184466e-08,0.00873763021
1.69652537e-06,1.46495879e-07,0.00873764046,7.87684939e-08,1.06649924e-08,5.70623868e-08,0,7.95717369e-06,3.27209655e-08,0.00873763021
1.69741486e-06,1.46509393e-07,0.00873764046,7.87851988e-08,1.06618039e-08,5.70623868e-08,0,7.95717369e-06,3.27234844e-08,0.00873763021
1.69830457e-06,1.46521529e-07,0.00873764046,7.87917713e-08,1.06673719e-08,5.70623868e-08,0,7.95717369e-06,3.2726021e-08,0.00873763021
1.69923658e-06,1.46546626e-07,0.00873764046,7.87972283e-08,1.06870139e-08,5.70623868e-08,0,7.95717369e-06,3.27287033e-08,0.00873763021
1.70012629e-06,1.46568837e-07,0.00873764046,7.87964609e-08,1.0709992e-08,5.70623868e-08,0,7.95717369e-06,3.27312755e-08,0.00873763021
1.701016e-06,1.46583488e-07,0.00873764046,7.87888936e-08,1.07322098e-08,5.70623868e-08,0,7.95717369e-06,3.27338441e-08,0.00873763021
1.70190549e-06,1.46581073e-07,0.00873764046,7.878009e-08,1.07385922e-08,5.70623868e-08,0,7.95717369e-06,3.27363843e-08,0.00873763021
1.70283749e-06,1.46553262e-07,0.00873764046,7.8766071e-08,1.07248059e-08,5.70623868e-08,0,7.95717369e-06,3.27390524e-08,0.00873763021
1.70372743e-06,1.465108e-07,0.00873764046,7.87454937e-08,1.07029239e-08,5.70623868e-08,0,7.95717369e-06,3.27415748e-08,0.00873763021
1.7046176e-06,1.46475415e-07,0.00873764046,7.87278296e-08,1.06851985e-08,5.70623868e-08,0,7.95717369e-06,3.2744083e-08,0.00873763021
1.70550766e-06,1.46461119e-07,0.00873764046,7.87220102e-08,1.067672e-08,5.70623868e-08,0,7.95717369e-06,3.27465948e-08,0.00873763021
1.70643989e-06,1.46457651e-07,0.00873764046,7.87309986e-08,1.06642641e-08,5.70623868e-08,0,7.95717369e-06,3.27492238e-08,0.00873763021
1.70732949e-06,1.46470057e-07,0.00873764046,7.8751107e-08,1.06565592e-08,5.70623868e-08,0,7.95717369e-06,3.2751732e-08,0.00873763021
1.70821909e-06,1.46484581e-07,0.00873764046,7.87686929e-08,1.06535074e-08,5.70623868e-08,0,7.95717369e-06,3.27542651e-08,0.00873763021
1.70910903e-06,1.46519582e-07,0.00873764046,7.87935619e-08,1.06636371e-08,5.70623868e-08,0,7.95717369e-06,3.27568053e-08,0.00873763021
1.71004126e-06,1.46566549e-07,0.00873764046,7.88148142e-08,1.06893472e-08,5.70623868e-08,0,7.95717369e-06,3.27594769e-08,0.00873763021
1.71093109e-06,1.46605487e-07,0.00873764046,7.88281369e-08,1.07149667e-08,5.70623868e-08,0,7.9571746e-06,3.27621379e-08,0.00873763021
1.71182103e-06,1.46638087e-07,0.00873764046,7.88411043e-08,1.07345981e-08,5.70623868e-08,0,7.95718552e-06,3.27656444e-08,0.00873763021
1.71271085e-06,1.46630796e-07,0.00873764046,7.88343897e-08,1.07340199e-08,5.70623868e-08,0,7.95718552e-06,3.27681597e-08,0.00873763021
1.71360068e-06,1.46616983e-07,0.00873764046,7.88245487e-08,1.07300426e-08,5.70623868e-08,0,7.95718552e-06,3.27706964e-08,0.00873763021
1.71453291e-06,1.4658707e-07,0.00873764046,7.88027421e-08,1.07219389e-08,5.70623868e-08,0,7.95719552e-06,3.27740217e-08,0.00873763021
1.71542285e-06,1.46578344e-07,0.00873764046,7.87855257e-08,1.07304317e-08,5.70623868e-08,0,7.95719552e-06,3.27766081e-08,0.00873763021
1.71631279e-06,1.46563607e-07,0.00873764046,7.87673073e-08,1.07339169e-08,5.70623868e-08,0,7.95719552e-06,3.27791838e-08,0.00873763021
1.71720262e-06,1.46553433e-07,0.00873764046,7.87521586e-08,1.07388862e-08,5.70623868e-08,0,7.95719552e-06,3.2781692e-08,0.00873763021
1.71813474e-06,1.46521757e-07,0.00873764046,7.87361571e-08,1.07232134e-08,5.70623868e-08,0,7.95719552e-06,3.27842464e-08,0.00873763021
1.71902434e-06,1.46498081e-07,0.00873764046,7.87389354e-08,1.06967635e-08,5.70623868e-08,0,7.95719552e-06,3.27866552e-08,0.00873763021
1.71991405e-06,1.46477305e-07,0.00873764046,7.8741202e-08,1.06737179e-08,5.70623868e-08,0,7.95719552e-06,3.27890746e-08,0.00873763021
1.72080377e-06,1.46462597e-07,0.00873764046,7.87475045e-08,1.0652708e-08,5.70623868e-08,0,7.95719552e-06,3.27915082e-08,0.00873763021
1.72173588e-06,1.46470313e-07,0.00873764046,7.87594416e-08,1.06484856e-08,5.70623868e-08,0,7.95719552e-06,3.27941052e-08,0.00873763021
1.72262548e-06,1.46474122e-07,0.00873764046,7.87672363e-08,1.06444986e-08,5.70623868e-08,0,7.95719552e-06,3.27966312e-08,0.00873763021
1.72351508e-06,1.46467798e-07,0.00873764046,7.87700429e-08,1.06353673e-08,5.70623868e-08,0,7.95719552e-06,3.27991643e-08,0.00873763021
1.72440468e-06,1.46456102e-07,0.00873764046,7.87748888e-08,1.0618832e-08,5.70623868e-08,0,7.95719552e-06,3.28017009e-08,0.00873763021
1.72533657e-06,1.46441593e-07,0.00873764046,7.87776457e-08,1.0601565e-08,5.70623868e-08,0,7.95719552e-06,3.28043903e-08,0.00873763021
1.72622629e-06,1.46447803e-07,0.00873764046,7.87798626e-08,1.06055529e-08,5.70623868e-08,0,7.95719552e-06,3.28069447e-08,0.00873763021
1.72711611e-06,1.46452919e-07,0.00873764046,7.87786973e-08,1.0611835e-08,5.70623868e-08,0,7.95719552e-06,3.28094529e-08,0.00873763021
1.72800571e-06,1.46455761e-07,0.00873764046,7.87683447e-08,1.0625028e-08,5.70623868e-08,0,7.95719552e-06,3.28119008e-08,0.00873763021
1.72893783e-06,1.46465425e-07,0.00873764046,7.8759264e-08,1.06437694e-08,5.70623868e-08,0,7.95720553e-06,3.28151692e-08,0.00873763021
1.72982766e-06,1.46491644e-07,0.00873764046,7.87551215e-08,1.06741309e-08,5.70623868e-08,0,7.95721644e-06,3.28183596e-08,0.00873763021
1.73071749e-06,1.46529118e-07,0.00873764046,7.87581484e-08,1.0708586e-08,5.70623868e-08,0,7.95721644e-06,3.28207754e-08,0.00873763021
1.73160743e-06,1.46569789e-07,0.00873764046,7.87638612e-08,1.07435394e-08,5.70623868e-08,0,7.95721644e-06,3.28231486e-08,0.00873763021
1.73253989e-06,1.46620522e-07,0.00873764046,7.87769778e-08,1.07811564e-08,5.70623868e-08,0,7.95721644e-06,3.28255858e-08,0.00873763021
1.73342994e-06,1.46650564e-07,0.00873764046,7.87913024e-08,1.07968745e-08,5.70623868e-08,0,7.95721644e-06,3.28279164e-08,0.00873763021
1.73431999e-06,1.46658337e-07,0.00873764046,7.88059324e-08,1.07900151e-08,5.70623868e-08,0,7.95721644e-06,3.28302399e-08,0.00873763021
1.73520982e-06,1.46641099e-07,0.00873764046,7.88166332e-08,1.07620828e-08,5.70623868e-08,0,7.95721644e-06,3.28325989e-08,0.00873763021
1.73614194e-06,1.46622725e-07,0.00873764046,7.8831242e-08,1.07291047e-08,5.70623868e-08,0,7.95721644e-06,3.28351391e-08,0.00873763021
1.73703165e-06,1.46597841e-07,0.00873764046,7.88283359e-08,1.07071116e-08,5.70623868e-08,0,7.95721644e-06,3.28375585e-08,0.00873763021
1.73792171e-06,1.46578884e-07,0.00873764046,7.88202925e-08,1.06962057e-08,5.70623868e-08,0,7.95721644e-06,3.28399636e-08,0.00873763021
1.73881165e-06,1.46544465e-07,0.00873764046,7.88061314e-08,1.06759561e-08,5.70623868e-08,0,7.95721644e-06,3.28423475e-08,0.00873763021
1.73970136e-06,1.46509109e-07,0.00873764046,7.87944643e-08,1.06522524e-08,5.70623868e-08,0,7.95721644e-06,3.28447314e-08,0.00873763021
1.74063302e-06,1.46455378e-07,0.00873764046,7.87770276e-08,1.06159632e-08,5.70623868e-08,0,7.95721644e-06,3.28473142e-08,0.00873763021
1.7415224e-06,1.46421911e-07,0.00873764046,7.87613956e-08,1.05981259e-08,5.70623868e-08,0,7.95721644e-06,3.28498295e-08,0.00873763021
1.74241188e-06,1.46387521e-07,0.00873764046,7.87406762e-08,1.05844551e-08,5.70623868e-08,0,7.95721644e-06,3.28523519e-08,0.00873763021
1.74330137e-06,1.46369743e-07,0.00873764046,7.87246179e-08,1.058274e-08,5.70623868e-08,0,7.95721644e-06,3.2854885e-08,0.00873763021
1.74423337e-06,1.46368251e-07,0.00873764046,7.87305012e-08,1.0575361e-08,5.70623868e-08,0,7.95722644e-06,3.28580825e-08,0.00873763021
1.74512297e-06,1.46365096e-07,0.00873764046,7.87355035e-08,1.05672102e-08,5.70623868e-08,0,7.95722644e-06,3.2860541e-08,0.00873763021
1.74601246e-06,1.46375186e-07,0.00873764046,7.87497001e-08,1.05631033e-08,5.70623868e-08,0,7.95722644e-06,3.28629959e-08,0.00873763021
1.74690206e-06,1.46409221e-07,0.00873764046,7.87659005e-08,1.05809308e-08,5.70623868e-08,0,7.95722644e-06,3.28654366e-08,0.00873763021
1.74783429e-06,1.46456358e-07,0.00873764046,7.87810848e-08,1.06128786e-08,5.70623868e-08,0,7.95723554e-06,3.28685346e-08,0.00873763021
1.74872423e-06,1.4652727e-07,0.00873764046,7.88022447e-08,1.06626388e-08,5.70623868e-08,0,7.95723554e-06,3.28709184e-08,0.00873763021
1.7496144e-06,1.46575445e-07,0.00873764046,7.88132439e-08,1.06998126e-08,5.70623868e-08,0,7.95723554e-06,3.28732739e-08,0.00873763021
1.75050434e-06,1.46621446e-07,0.00873764046,7.88257921e-08,1.07332756e-08,5.70623868e-08,0,7.95723554e-06,3.28755867e-08,0.00873763021
1.75143646e-06,1.4661714e-07,0.00873764046,7.88098617e-08,1.07448903e-08,5.70623868e-08,0,7.95723554e-06,3.28779848e-08,0.00873763021
1.7523264e-06,1.46614255e-07,0.00873764046,7.87992178e-08,1.07526548e-08,5.70623868e-08,0,7.95723554e-06,3.28802763e-08,0.00873763021
1.75321634e-06,1.46597074e-07,0.00873764046,7.87784771e-08,1.07562164e-08,5.70623868e-08,0,7.95723554e-06,3.28825394e-08,0.00873763021
1.75410639e-06,1.46566393e-07,0.00873764046,7.87589585e-08,1.07450404e-08,5.70623868e-08,0,7.95724191e-06,3.28852643e-08,0.00873763021
1.75503885e-06,1.46529331e-07,0.00873764046,7.87531249e-08,1.07138201e-08,5.70623868e-08,0,7.95724463e-06,3.28877086e-08,0.00873763021
1.75592868e-06,1.46485831e-07,0.00873764046,7.87463748e-08,1.06770663e-08,5.70623868e-08,0,7.95724463e-06,3.28899503e-08,0.00873763021
1.75681828e-06,1.46453644e-07,0.00873764046,7.87418628e-08,1.06493943e-08,5.70623868e-08,0,7.95724463e-06,3.28922347e-08,0.00873763021
1.75770799e-06,1.46454212e-07,0.00873764046,7.87504035e-08,1.06414264e-08,5.70623868e-08,0,7.95724645e-06,3.28947998e-08,0.00873763021
1.75864011e-06,1.46473383e-07,0.00873764046,7.87663552e-08,1.06446381e-08,5.70623868e-08,0,7.957251e-06,3.28973826e-08,0.00873763021
1.75952994e-06,1.46519739e-07,0.00873764046,7.87936543e-08,1.06636904e-08,5.70623868e-08,0,7.957261e-06,3.29004877e-08,0.00873763021
1.76041988e-06,1.465461e-07,0.00873764046,7.88127039e-08,1.06710134e-08,5.70623868e-08,0,7.957261e-06,3.29028111e-08,0.00873763021
1.76130948e-06,1.46555664e-07,0.00873764046,7.88308938e-08,1.06623803e-08,5.70623868e-08,0,7.957261e-06,3.29051062e-08,0.00873763021
1.76224137e-06,1.46534205e-07,0.00873764046,7.88345105e-08,1.06373097e-08,5.70623868e-08,0,7.95727283e-06,3.29083854e-08,0.00873763021
1.76313097e-06,1.4649558e-07,0.00873764046,7.8830432e-08,1.0602764e-08,5.70623868e-08,0,7.9572801e-06,3.291116e-08,0.00873763021
1.76402068e-06,1.46457978e-07,0.00873764046,7.8812171e-08,1.05834239e-08,5.70623868e-08,0,7.95729011e-06,3.2914059e-08,0.00873763021
1.76491051e-06,1.46415147e-07,0.00873764046,7.87862362e-08,1.05665272e-08,5.70623868e-08,0,7.95729011e-06,3.29163861e-08,0.00873763021
1.76580056e-06,1.46385744e-07,0.00873764046,7.87658081e-08,1.05575459e-08,5.70623868e-08,0,7.95729011e-06,3.29186918e-08,0.00873763021
1.76673279e-06,1.46363931e-07,0.00873764046,7.87477461e-08,1.05538014e-08,5.70623868e-08,0,7.95729011e-06,3.2921097e-08,0.00873763021
1.76762262e-06,1.46381979e-07,0.00873764046,7.87415075e-08,1.05780824e-08,5.70623868e-08,0,7.95729011e-06,3.29233849e-08,0.00873763021
1.76851233e-06,1.46411779e-07,0.00873764046,7.87298831e-08,1.06195106e-08,5.70623868e-08,0,7.95729011e-06,3.29256764e-08,0.00873763021
1.76940205e-06,1.46471123e-07,0.00873764046,7.87389638e-08,1.06697691e-08,5.70623868e-08,0,7.95729011e-06,3.29279501e-08,0.00873763021
1.77033439e-06,1.46526617e-07,0.00873764046,7.87527128e-08,1.07115214e-08,5.70623868e-08,0,7.95729011e-06,3.29302843e-08,0.00873763021
1.77122445e-06,1.46566421e-07,0.00873764046,7.87741001e-08,1.07299316e-08,5.70623868e-08,0,7.95729011e-06,3.29324621e-08,0.00873763021
1.77211427e-06,1.46574436e-07,0.00873764046,7.87980525e-08,1.07139941e-08,5.70623868e-08,0,7.95729011e-06,3.29346186e-08,0.00873763021
1.77300376e-06,1.4656645e-07,0.00873764046,7.88109773e-08,1.06930891e-08,5.70623868e-08,0,7.95729011e-06,3.29368e-08,0.00873763021
1.77393576e-06,1.46557696e-07,0.00873764046,7.88213086e-08,1.06740039e-08,5.70623868e-08,0,7.95729011e-06,3.29391199e-08,0.00873763021
1.77482548e-06,1.46555706e-07,0.00873764046,7.88281227e-08,1.06651941e-08,5.70623868e-08,0,7.95729011e-06,3.29413687e-08,0.00873763021
1.77571519e-06,1.46543584e-07,0.00873764046,7.8828954e-08,1.065224e-08,5.70623868e-08,0,7.95729011e-06,3.29435892e-08,0.00873763021
1.7766049e-06,1.4651026e-07,0.00873764046,7.88162922e-08,1.06315783e-08,5.70623868e-08,0,7.95729011e-06,3.29457954e-08,0.00873763021
1.77753702e-06,1.46458333e-07,0.00873764046,7.87919845e-08,1.06039639e-08,5.70623868e-08,0,7.95729284e-06,3.29482823e-08,0.00873763021
1.77842651e-06,1.46423133e-07,0.00873764046,7.87701993e-08,1.0590548e-08,5.70623868e-08,0,7.95729284e-06,3.29505312e-08,0.00873763021
1.77931599e-06,1.46416426e-07,0.00873764046,7.87528833e-08,1.06011582e-08,5.70623868e-08,0,7.95729284e-06,3.29527872e-08,0.00873763021
1.78020593e-06,1.46432427e-07,0.00873764046,7.87465666e-08,1.0623471e-08,5.70623868e-08,0,7.95729284e-06,3.29550467e-08,0.00873763021
1.78113817e-06,1.46453715e-07,0.00873764046,7.87515901e-08,1.06397309e-08,5.70623868e-08,0,7.95729284e-06,3.29573915e-08,0.00873763021
1.78202788e-06,1.46467812e-07,0.00873764046,7.8759804e-08,1.0645623e-08,5.70623868e-08,0,7.95729284e-06,3.29596048e-08,0.00873763021
1.78291759e-06,1.46470001e-07,0.00873764046,7.87773331e-08,1.06302815e-08,5.70623868e-08,0,7.95729284e-06,3.29618253e-08,0.00873763021
1.78380719e-06,1.46480502e-07,0.00873764046,7.88002197e-08,1.06179012e-08,5.70623868e-08,0,7.95729284e-06,3.29640706e-08,0.00873763021
1.78473942e-06,1.46488034e-07,0.00873764046,7.88203494e-08,1.06052953e-08,5.70623868e-08,0,7.95729284e-06,3.29664367e-08,0.00873763021
1.78562948e-06,1.46504405e-07,0.00873764046,7.88385961e-08,1.06034239e-08,5.70623868e-08,0,7.95729284e-06,3.29686642e-08,0.00873763021
1.78651953e-06,1.46509947e-07,0.00873764046,7.88455097e-08,1.06020499e-08,5.70623868e-08,0,7.95729284e-06,3.29708456e-08,0.00873763021
1.78740936e-06,1.46500057e-07,0.00873764046,7.88466323e-08,1.05910365e-08,5.70623868e-08,0,7.95729284e-06,3.29730199e-08,0.00873763021
1.78834159e-06,1.46470853e-07,0.00873764046,7.88330397e-08,1.0575433e-08,5.70623868e-08,0,7.95729284e-06,3.29753114e-08,0.00873763021
1.78923131e-06,1.46466363e-07,0.00873764046,7.88208894e-08,1.05830846e-08,5.70623868e-08,0,7.95729284e-06,3.29775141e-08,0.00873763021
1.79012113e-06,1.46457907e-07,0.00873764046,7.8799097e-08,1.0596426e-08,5.70623868e-08,0,7.95729284e-06,3.29797345e-08,0.00873763021
1.79101107e-06,1.46467357e-07,0.00873764046,7.87739438e-08,1.06310223e-08,5.70623868e-08,0,7.95729284e-06,3.29819727e-08,0.00873763021
1.79190079e-06,1.46470242e-07,0.00873764046,7.87563579e-08,1.06514966e-08,5.70623868e-08,0,7.95729284e-06,3.2984186e-08,0.00873763021
1.79283279e-06,1.46463719e-07,0.00873764046,7.87418344e-08,1.06595026e-08,5.70623868e-08,0,7.95729284e-06,3.29864491e-08,0.00873763021
1.79372239e-06,1.46458618e-07,0.00873764046,7.87394683e-08,1.06567652e-08,5.70623868e-08,0,7.95729284e-06,3.29885985e-08,0.00873763021
1.79461222e-06,1.46457964e-07,0.00873764046,7.87440158e-08,1.0651565e-08,5.70623868e-08,0,7.95729284e-06,3.29907017e-08,0.00873763021
1.79550204e-06,1.46459385e-07,0.00873764046,7.87495935e-08,1.06474012e-08,5.70623868e-08,0,7.95729284e-06,3.29927836e-08,0.00873763021
1.79643428e-06,1.46471834e-07,0.00873764046,7.87620493e-08,1.06474056e-08,5.70623868e-08,0,7.95729284e-06,3.29949792e-08,0.00873763021
1.7973241e-06,1.46484737e-07,0.00873764046,7.8774363e-08,1.06479856e-08,5.70623868e-08,0,7.95729284e-06,3.29971144e-08,0.00873763021
1.79821382e-06,1.46492226e-07,0.00873764046,7.8788716e-08,1.06411262e-08,5.70623868e-08,0,7.95729284e-06,3.29992922e-08,0.00873763021
1.79910342e-06,1.46491587e-07,0.00873764046,7.88022803e-08,1.06269118e-08,5.70623868e-08,0,7.95729284e-06,3.30015233e-08,0.00873763021
1.79999995e-06,1.46501549e-07,0.00873764046,7.88080428e-08,1.06311102e-08,5.70623868e-08,0,7.95729284e-06,3.30037651e-08,0.00873763021
