time_s,RF1_N,RF2_N,RF3_N,RM3_Nmm,F_normal_N,F_tangential_N,F_tangential_from_torque_N,F_magnitude_N
0,0,0,0,0,-0,-0,-0,0
9.03374597e-10,4.79344817e-05,-7.60950525e-06,1.9520201e-09,-0.00023877756,-4.75918402e-05,9.52028646e-06,9.55110241e-06,4.85347207e-05
1.8060331e-09,9.20602906e-05,-1.46007833e-05,9.06899977e-09,-0.000458240393,-9.14027766e-05,1.82705339e-05,1.83296157e-05,9.32109439e-05
2.70214739e-09,0.000130794113,-2.07006869e-05,2.17693295e-08,-0.000649957394,-0.000129861685,2.59144981e-05,2.59982958e-05,0.000132422124
3.6047938e-09,0.000164253972,-2.59211865e-05,4.11112389e-08,-0.000814347644,-0.000163086015,3.24688593e-05,3.25739058e-05,0.000166286731
4.50088278e-09,0.000191980303,-3.01903092e-05,6.15887288e-08,-0.000949147157,-0.000190619449,3.78433247e-05,3.79658863e-05,0.00019433964
5.40349188e-09,0.000212102226,-3.32292439e-05,8.38917629e-08,-0.00104549143,-0.000210603752,4.16844908e-05,4.18196572e-05,0.000214689413
6.30608321e-09,0.00022342398,-3.48734829e-05,1.03643139e-07,-0.00109805714,-0.000221850697,4.37801641e-05,4.39222855e-05,0.000226129267
7.2021149e-09,0.000266386865,-4.21840959e-05,1.44419502e-07,-0.00132430566,-0.00026448687,5.28029866e-05,5.29722264e-05,0.000269706286
8.10467959e-09,0.000315033481,-4.98938425e-05,1.70964626e-07,-0.00156629307,-0.000312786267,6.24519119e-05,6.26517227e-05,0.000318960059
9.00069708e-09,0.000371379836,-5.88392904e-05,2.17915897e-07,-0.00184696529,-0.000368729828,7.36434576e-05,7.38786114e-05,0.00037601209
9.90324978e-09,0.000438989489,-7.03051774e-05,1.18603644e-07,-0.00220203539,-0.000435826887,8.78038381e-05,8.80814157e-05,0.00044458363
1.08058025e-08,0.000512040395,-8.16918619e-05,1.9132807e-07,-0.00256064651,-0.000508364014,0.000102102672,0.00010242586,0.000518516116
1.17018208e-08,0.000586073031,-9.28702502e-05,3.42062634e-07,-0.00291504594,-0.000581890415,0.000116232634,0.000116601838,0.000593385707
1.26043886e-08,0.000616989157,-9.69345638e-05,4.43913962e-07,-0.00304794847,-0.000612619283,0.000121530012,0.000121917939,0.000624557544
1.35004186e-08,0.000632179726,-9.84838043e-05,5.62977732e-07,-0.00310205435,-0.000627735748,0.000123685474,0.000124082174,0.000639805113
1.44029508e-08,0.000629634247,-9.72839698e-05,6.45168882e-07,-0.00306947832,-0.000625240286,0.000122384807,0.000122779133,0.000637105856
1.53054476e-08,0.000613540004,-9.41125036e-05,6.71165594e-07,-0.00297389459,-0.000609285741,0.00011857228,0.000118955784,0.000620716481
1.62013709e-08,0.000587665127,-8.95835983e-05,6.67276481e-07,-0.00283447281,-0.000583612669,0.000113012278,0.000113378912,0.000594454344
1.7103801e-08,0.000635193894,-0.000100407036,7.73873865e-07,-0.00315309362,-0.000630670596,0.000125727702,0.000126123745,0.000643081219
1.80062276e-08,0.000705158222,-0.000111527246,8.16308216e-07,-0.00350189395,-0.00070013427,0.000139636844,0.000140075758,0.000713923743
1.89021154e-08,0.000789201353,-0.000124982078,9.1310028e-07,-0.00392330345,-0.000783572126,0.000156441742,0.000156932138,0.000799037001
1.98045509e-08,0.000879383006,-0.000142321034,4.60684475e-07,-0.00444797473,-0.00087298827,0.000177373133,0.000177918989,0.000890825437
2.07004511e-08,0.000991581008,-0.000159028859,6.56267389e-07,-0.00497921463,-0.000984428391,0.000198554318,0.000199168585,0.00100425271
2.16029079e-08,0.00108152081,-0.000171372914,1.11464169e-06,-0.00537884235,-0.00107380262,0.000214485131,0.000215153694,0.00109501469
2.25053771e-08,0.00110860344,-0.000172992703,1.4150678e-06,-0.00544676092,-0.00110079881,0.00021718664,0.000217870437,0.00112202052
2.34012205e-08,0.00110610377,-0.000170172832,1.68334213e-06,-0.00537374616,-0.0010984139,0.000214269065,0.000214949846,0.00111911892
2.43035192e-08,0.00107589958,-0.000163312812,1.7919923e-06,-0.00517168641,-0.0010685082,0.000206206687,0.000206867456,0.00108822525
2.52057397e-08,0.00102525018,-0.000153800764,1.86019952e-06,-0.00488262856,-0.0010182797,0.000194676812,0.000195305143,0.00103672372
2.61013611e-08,0.000959862897,-0.000142600082,1.74677859e-06,-0.00453643408,-0.000953392626,0.000180870295,0.000181457363,0.000970399204
2.70034555e-08,0.000999754411,-0.000157612361,1.9721424e-06,-0.00495193247,-0.000992651901,0.000197465802,0.000198077299,0.00101210396
2.79055534e-08,0.00108560559,-0.000171316336,1.99468718e-06,-0.00538136996,-0.00107788639,0.000214591946,0.000215254799,0.00109904175
2.88011357e-08,0.00118435989,-0.000187245314,2.0771688e-06,-0.00587948086,-0.00117592471,0.000234457301,0.000235179234,0.00119907192
2.97032994e-08,0.00130164973,-0.000213019885,1.01005628e-06,-0.00664236257,-0.00129209002,0.000264901597,0.000265694503,0.00131896569
3.0605495e-08,0.00145563413,-0.000235182088,1.31718014e-06,-0.00735221477,-0.00144506501,0.000293203807,0.000294088591,0.00147451113
3.15012016e-08,0.00157592748,-0.000249943609,2.1679366e-06,-0.00784299057,-0.00156467183,0.000312763971,0.000313719623,0.0015956265
3.24035376e-08,0.00160220254,-0.000248880882,2.83085024e-06,-0.00784305017,-0.00159096837,0.000312752817,0.000313722007,0.00162141996
3.33059695e-08,0.00158623327,-0.000241288275,3.22612277e-06,-0.00763712311,-0.00157531549,0.000304527682,0.000305484924,0.00160448322
3.42019355e-08,0.0015317878,-0.00022877095,3.49920924e-06,-0.00726913381,-0.00152141413,0.000289843132,0.000290765353,0.00154878089
3.51045095e-08,0.0014450053,-0.00021205013,3.53067685e-06,-0.00676333206,-0.0014353697,0.000269665313,0.000270533282,0.00146048555
3.60005963e-08,0.00134250394,-0.000194427281,3.41126679e-06,-0.00621905597,-0.00133365506,0.000247957598,0.000248762239,0.00135651407
3.69031987e-08,0.00136396848,-0.000214532745,3.48566891e-06,-0.00674308604,-0.00135429843,0.000268905333,0.000269723441,0.00138074127
3.78057479e-08,0.00146405457,-0.000230608654,3.59936939e-06,-0.00724618416,-0.0014536616,0.000288970759,0.000289847367,0.00148210968
3.87017778e-08,0.0015837244,-0.000250020821,3.66501285e-06,-0.00785248913,-0.00157245942,0.000313152915,0.000314099565,0.00160334239
3.96043944e-08,0.00172466168,-0.000285607588,2.07381504e-06,-0.0088844467,-0.00171186087,0.000354347205,0.000355377868,0.00174815157
4.05005025e-08,0.00191908726,-0.000312383025,2.3645166e-06,-0.00975050777,-0.0019050602,0.000388876173,0.000390020311,0.00194434684
4.14030694e-08,0.00206496613,-0.000328397175,3.93222945e-06,-0.0102984756,-0.00205018199,0.000410711113,0.000411939025,0.00209091972
4.23054374e-08,0.00209726929,-0.000324647408,4.64835284e-06,-0.0102374982,-0.00208260926,0.000408256127,0.000409499928,0.00212225258
4.32010765e-08,0.0020725436,-0.000312206015,5.5276314e-06,-0.00990154501,-0.00205840088,0.000394835923,0.0003960618,0.00209593419
4.41030821e-08,0.00199306267,-0.000292792683,5.61387878e-06,-0.00933588855,-0.00197975985,0.00037225973,0.000373435542,0.00201446218
4.50049704e-08,0.00187033229,-0.000268603151,5.90757054e-06,-0.00860705785,-0.00185809496,0.00034318164,0.000344282314,0.00188953047
4.59002294e-08,0.00172922679,-0.000243866103,5.63299091e-06,-0.00784592237,-0.00171809155,0.000312821664,0.000313836895,0.00174634696
4.68024268e-08,0.00171984965,-0.000269425276,5.74500427e-06,-0.00847491343,-0.00170769982,0.000337985407,0.000338996537,0.0017408348
4.77052708e-08,0.00183484983,-0.00028816436,5.64738821e-06,-0.00905962847,-0.00182185864,0.000361308282,0.000362385139,0.00185734878
4.86015601e-08,0.00196789042,-0.000309965806,5.90787295e-06,-0.00973913632,-0.00195392099,0.000388412494,0.000389565453,0.00199216124
4.95043757e-08,0.00212087343,-0.000355715427,3.00745887e-06,-0.0110371541,-0.00210495213,0.000440243209,0.000441486165,0.00215049915
5.04005868e-08,0.00236801663,-0.000388962741,3.67283906e-06,-0.0121182827,-0.00235056811,0.00048334702,0.000484731309,0.00239975171
5.13031893e-08,0.00255584484,-0.000408035325,5.4726097e-06,-0.0127851339,-0.00253748338,0.000509915473,0.000511405356,0.00258821669
5.22056354e-08,0.00259624189,-0.000400751946,7.41748681e-06,-0.012644059,-0.00257813937,0.000504253371,0.000505762361,0.00262700002
5.31013953e-08,0.00256363954,-0.000382670871,8.24355448e-06,-0.0121592171,-0.00254628615,0.000484883013,0.000486368686,0.00259205568
5.40035963e-08,0.00246076682,-0.000355840399,8.5651327e-06,-0.0113845551,-0.00244456864,0.000453960191,0.000455382206,0.0024863767
5.49056942e-08,0.00230632699,-0.000324268534,8.58333897e-06,-0.0104391696,-0.00229151489,0.000416237635,0.000417566784,0.00232902725
5.58011841e-08,0.00212638965,-0.00029244335,9.02509782e-06,-0.00946161803,-0.00211299415,0.000377242333,0.000378464721,0.00214642435
5.67031364e-08,0.00206440734,-0.000322453008,8.17004275e-06,-0.0101484656,-0.00204986135,0.000404749355,0.000405938625,0.00208945456
5.76050212e-08,0.00220111897,-0.000344610948,8.72983401e-06,-0.0108405575,-0.00218557755,0.000432356578,0.000433622301,0.0022279492
5.85004081e-08,0.00235842727,-0.000371322036,8.83420034e-06,-0.0116672721,-0.00234169186,0.000465336954,0.000466690883,0.00238749603
5.94023781e-08,0.00250206492,-0.000393766357,8.73394401e-06,-0.0123735247,-0.00248431708,0.000493507296,0.000494940989,0.00253287526
6.03043588e-08,0.00277496036,-0.000461112417,5.0222593e-06,-0.0143325618,-0.00275430111,0.000571712393,0.00057330247,0.00281301527
6.12063857e-08,0.00302961539,-0.00048657335,6.62768025e-06,-0.015226678,-0.00300773427,0.000607336445,0.00060906712,0.00306844699
6.21019609e-08,0.00309728365,-0.00047858007,1.00299039e-05,-0.0150954816,-0.00307566806,0.000602055568,0.000603819266,0.00313405576
6.30039807e-08,0.00304944138,-0.000452626729,1.11911486e-05,-0.014398518,-0.00302890191,0.000574209807,0.000575940721,0.00308287024
6.39057518e-08,0.00293681398,-0.000418687909,1.20192217e-05,-0.0134363994,-0.00291772179,0.000535794239,0.000537455976,0.00296653339
6.48008296e-08,0.00275232224,-0.000379223726,1.24095632e-05,-0.0122634172,-0.00273495577,0.000488983921,0.00049053669,0.00277835245
6.57023023e-08,0.00252959086,-0.000339208113,1.19725828e-05,-0.0110379169,-0.00251400275,0.000440093436,0.000441516675,0.00255226084
6.66036541e-08,0.00240222202,-0.000373844116,1.11764502e-05,-0.0117740929,-0.00238535072,0.000469608339,0.000470963717,0.00243116329
6.75048355e-08,0.00256935996,-0.000401219178,1.21928615e-05,-0.0126273083,-0.00255126026,0.00050364524,0.00050509233,0.00260052612
6.84061092e-08,0.00274915411,-0.000432185683,1.21199464e-05,-0.0135830641,-0.00272967226,0.000541776823,0.000543322563,0.00278294443
6.93010023e-08,0.00291416165,-0.000458130817,1.1418374e-05,-0.0143983783,-0.00289351029,0.000574299745,0.000575935133,0.00294997498
7.02024536e-08,0.00320624863,-0.000538347056,7.21574906e-06,-0.0166983064,-0.00318215583,0.000666132184,0.000667932257,0.00325113824
7.11040116e-08,0.00349084381,-0.000564767339,9.02312513e-06,-0.0176466405,-0.00346546684,0.000703912105,0.000705865622,0.00353624576
7.20057614e-08,0.00358826807,-0.000554964412,1.26184896e-05,-0.0175003503,-0.00356320518,0.000698012951,0.00070001401,0.003630952
7.29012157e-08,0.00354111078,-0.000522843155,1.4836728e-05,-0.0166499875,-0.00351737012,0.000664031598,0.000665999502,0.00357953218
7.38034203e-08,0.00341259292,-0.000480534189,1.63727909e-05,-0.0154626761,-0.00339064697,0.000616617131,0.000618507043,0.00344629825
7.47057953e-08,0.00320470962,-0.000433015899,1.66332102e-05,-0.0140648205,-0.00318483017,0.000560823736,0.000562592819,0.00323387433
7.56017471e-08,0.00294719404,-0.000385808467,1.60766849e-05,-0.0126244612,-0.00292940837,0.000503356189,0.000504978448,0.00297238277
7.65043424e-08,0.00272369594,-0.000423205754,1.49578891e-05,-0.0133322636,-0.00270459356,0.000531786022,0.000533290543,0.00275641913
7.74004363e-08,0.00292692054,-0.00045619419,1.59394131e-05,-0.0143622179,-0.00290633641,0.000572874887,0.000574488714,0.00296230165
7.83031737e-08,0.00313106109,-0.000492092571,1.62657998e-05,-0.0154657885,-0.00310887812,0.000616907998,0.000618631542,0.00316953676
7.92060035e-08,0.00333586149,-0.000525125419,1.53730998e-05,-0.016498426,-0.00331219374,0.000658104254,0.000659937039,0.00337697571
8.01023035e-08,0.00360167818,-0.000612980803,8.79208528e-06,-0.018962495,-0.00357428453,0.000756519196,0.000758499801,0.00365347896
8.10049983e-08,0.00396466581,-0.000646548637,1.16027186e-05,-0.0201687086,-0.00393563945,0.000804575813,0.000806748345,0.00401705548
8.1900879e-08,0.00409328146,-0.00063441979,1.64606809e-05,-0.0199958608,-0.00406463725,0.000797599922,0.00079983443,0.00414218693
8.2803048e-08,0.00404136721,-0.000594581827,1.89499933e-05,-0.0189478938,-0.00401435762,0.000755717808,0.00075791575,0.00408491561
8.3705018e-08,0.00389711512,-0.000542432885,2.04807584e-05,-0.0174988359,-0.00387230632,0.000697842035,0.000699953437,0.0039347375
8.46003161e-08,0.00366623304,-0.000485274504,2.18664281e-05,-0.0158368982,-0.00364389464,0.000631496555,0.000633475929,0.00369827449
8.55020517e-08,0.00337560521,-0.000431081542,1.99564256e-05,-0.0141885458,-0.00335566643,0.000565724928,0.00056754183,0.00340307804
8.64037091e-08,0.00307115493,-0.000380963233,1.89487746e-05,-0.0126280058,-0.00305346387,0.000503471944,0.000505120233,0.00309475115
8.73004922e-08,0.00328017585,-0.00050959806,1.99596107e-05,-0.0160533041,-0.00325717357,0.000640362484,0.000642132163,0.00331958464
8.82037838e-08,0.00351212639,-0.000551303208,2.02427454e-05,-0.0173300393,-0.00348727082,0.000691309821,0.000693201572,0.00355519012
8.9100368e-08,0.00369844981,-0.00058046967,1.97878871e-05,-0.0182473026,-0.00367227885,0.000727903902,0.000729892105,0.00374377719
9.00033257e-08,0.00405506743,-0.000695527124,1.22648598e-05,-0.0214828271,-0.00402401014,0.000857130223,0.000859313086,0.00411430192
9.09060134e-08,0.0044073537,-0.000725469843,1.32628966e-05,-0.0225875154,-0.00437481723,0.000901136684,0.000903500617,0.00446668211
9.18017093e-08,0.0045994008,-0.000716707611,1.83801931e-05,-0.0225629583,-0.00456706111,0.000900061297,0.000902518332,0.00465494311
9.27035515e-08,0.00453186221,-0.000664960418,2.4775265e-05,-0.0212016404,-0.00450164588,0.000845654674,0.000848065615,0.00458045427
9.36050384e-08,0.00437776092,-0.000602889748,2.63126858e-05,-0.0194947664,-0.00435015002,0.000777471245,0.000779790655,0.00441915819
9.45062339e-08,0.00412819861,-0.000536906999,2.629152e-05,-0.0175935049,-0.00410342593,0.000701561444,0.000703740194,0.00416304985
9.54007362e-08,0.00380678196,-0.000473449356,2.65119961e-05,-0.015682593,-0.00378480401,0.000625301323,0.00062730372,0.00383620203
9.63016404e-08,0.00345923007,-0.000416988914,2.45036936e-05,-0.0139200473,-0.00343978794,0.000554987675,0.000556801893,0.00348435831
9.72021965e-08,0.00362711283,-0.000562870642,2.38798057e-05,-0.0177345052,-0.00360170271,0.000707466233,0.000709380209,0.00367060501
9.81028023e-08,0.00387028698,-0.000605288777,2.47639346e-05,-0.0190403406,-0.00384298607,0.00075957481,0.000761613622,0.00391741101
9.90035858e-08,0.00408858666,-0.000641636376,2.43642935e-05,-0.0201693159,-0.00405965762,0.000804622994,0.000806772634,0.00413869928
9.99044829e-08,0.00443503913,-0.000771647785,1.654484e-05,-0.023768032,-0.00440063389,0.000948384811,0.000950721279,0.00450169813
1.00805444e-07,0.00483319582,-0.000805522723,1.55585076e-05,-0.025017282,-0.00479711747,0.000998154673,0.00100069128,0.00489988681
1.01700103e-07,0.00511383638,-0.000801606395,2.29940779e-05,-0.0252034068,-0.00507769015,0.00100546411,0.00100813627,0.00517633307
1.02601661e-07,0.00503813801,-0.000738930423,2.8919143e-05,-0.0235607997,-0.0050045587,0.000939811142,0.000942431986,0.0050921203
1.0350356e-07,0.00486360677,-0.000665260595,3.10620453e-05,-0.0215434916,-0.00483311307,0.000859220854,0.000861739665,0.00490899249
1.04405729e-07,0.00459878054,-0.000588410941,3.30291441e-05,-0.019355353,-0.00457157184,0.000771842447,0.000774214119,0.00463638876
1.0530151e-07,0.00425568502,-0.000517962093,3.11637523e-05,-0.0172479153,-0.00423156797,0.000687729789,0.000689916611,0.00428720316
1.06203991e-07,0.00386230904,-0.000452095119,2.82026504e-05,-0.0152040739,-0.00384114062,0.000606184658,0.000608162954,0.00388878085
1.07100021e-07,0.00397343002,-0.000614634249,2.9339606e-05,-0.0193771776,-0.00394567289,0.000773037429,0.000775087103,0.00402079373
1.08002695e-07,0.00422794092,-0.000659446581,2.96809612e-05,-0.0207542181,-0.00419818819,0.000827991637,0.000830168724,0.00427916291
1.0890551e-07,0.00445457129,-0.000698350486,2.98287723e-05,-0.0219554156,-0.00442308154,0.00087592722,0.000878216624,0.00450907846
1.09801867e-07,0.00475448137,-0.000841052912,1.96843321e-05,-0.0258239787,-0.00471704515,0.0010305087,0.00103295915,0.00482833828
1.10704669e-07,0.00527721085,-0.000888337614,1.82001622e-05,-0.0275341924,-0.00523746561,0.00109865919,0.0011013677,0.00535148851
1.11600542e-07,0.00559409289,-0.000881022017,2.58921191e-05,-0.0276719742,-0.00555438673,0.00110402134,0.00110687897,0.00566310387
1.12502605e-07,0.0055440045,-0.000812163344,3.34237593e-05,-0.0259008296,-0.00550709201,0.00103321475,0.00103603318,0.00560327692
1.13404397e-07,0.00535581354,-0.000725576363,3.74611991e-05,-0.0235470254,-0.00532251415,0.000939171397,0.000941881016,0.00540486846
1.14306005e-07,0.00507092616,-0.000638743455,3.9038041e-05,-0.0210892372,-0.00504132703,0.000841015489,0.000843569487,0.00511114559
1.15200926e-07,0.00470181974,-0.000557304069,3.81754471e-05,-0.0186809897,-0.00467577256,0.000744880926,0.00074723959,0.00473488691
1.16102292e-07,0.00427642232,-0.000485207478,3.59191836e-05,-0.0164492168,-0.00425359851,0.000655830645,0.00065796867,0.00430401026
1.17005015e-07,0.00430896692,-0.000665976026,3.38754908e-05,-0.0209981967,-0.00427888827,0.000837756034,0.000839927867,0.00436026003
1.17902005e-07,0.00458242372,-0.000713328482,3.54544864e-05,-0.0224577822,-0.00455023274,0.000896005968,0.000898311287,0.00463774748
1.18805318e-07,0.00480132084,-0.000749749248,3.5203142e-05,-0.0235890448,-0.00476749833,0.000941151152,0.000943561792,0.00485963425
1.19701852e-07,0.00519331545,-0.000931273855,2.35668194e-05,-0.0285205785,-0.00515192033,0.00113820616,0.00114082314,0.00527620619
1.20604696e-07,0.00565575901,-0.000966380117,2.04075786e-05,-0.0298653767,-0.00561259011,0.00119177715,0.00119461507,0.00573776237
1.21500449e-07,0.00606595911,-0.000966951135,2.956768e-05,-0.0302944966,-0.00602243926,0.00120875134,0.00121177986,0.00614261578
1.22402199e-07,0.00604526233,-0.000888101058,3.86089741e-05,-0.0283034742,-0.00600491219,0.00112913669,0.00113213897,0.00611027092
1.23303479e-07,0.00585829886,-0.000792753883,4.33802888e-05,-0.0257320944,-0.00582191114,0.00102638923,0.00102928378,0.00591185301
1.24204391e-07,0.00555027742,-0.000691927853,4.47077728e-05,-0.0229013804,-0.00551816806,0.000913326283,0.000916055217,0.00559341956
1.25105075e-07,0.00516853994,-0.000601558131,4.64075601e-05,-0.0202573445,-0.00514034975,0.00080776342,0.000810293779,0.00520363632
1.26005574e-07,0.00470618298,-0.000522097922,4.20825454e-05,-0.0178043284,-0.00468154019,0.000709877423,0.000712173134,0.00473524186
1.26905704e-07,0.00465375697,-0.000717073446,3.99249366e-05,-0.0226222724,-0.00462135917,0.000902600507,0.000904890895,0.00470884724
1.27805606e-07,0.00495852437,-0.00077149336,3.96601863e-05,-0.0242900085,-0.00492370657,0.000969164336,0.000971600339,0.00501834025
1.28705693e-07,0.0052485927,-0.000823370763,4.16380026e-05,-0.0258793402,-0.00521146834,0.00103259988,0.00103517361,0.00531294631
1.2960605e-07,0.00556499651,-0.00101106032,2.67840933e-05,-0.0308883116,-0.00552011347,0.00123279208,0.00123553246,0.00565616005
1.30506351e-07,0.00610549841,-0.00104959891,2.84751259e-05,-0.0323976651,-0.0060586419,0.00129291416,0.0012959066,0.00619512547
1.31400427e-07,0.00653142901,-0.00104678492,3.39789622e-05,-0.0327579938,-0.00648434433,0.0013071351,0.00131031975,0.00661486796
1.32301466e-07,0.00654483819,-0.000960208999,4.58063696e-05,-0.0306084398,-0.0065012049,0.00122116466,0.00122433759,0.00661505907
1.3320296e-07,0.00635806238,-0.000851464865,5.02642179e-05,-0.0277025942,-0.0063189271,0.00110503847,0.00110810377,0.00641501958
1.34104425e-07,0.00601702742,-0.00073752139,5.30309662e-05,-0.0245108549,-0.00598272145,0.000977548372,0.000980434194,0.00606229075
1.35005735e-07,0.0056131538,-0.000633321994,5.33706698e-05,-0.021499021,-0.00558333775,0.000857281687,0.000859960839,0.00564902122
1.35900407e-07,0.00512284786,-0.000546406547,4.94668893e-05,-0.0188316107,-0.00509689969,0.000750828755,0.000753264427,0.00515214297
1.36801418e-07,0.00497150375,-0.000763584569,4.6752084e-05,-0.0241042189,-0.00493699183,0.000961780907,0.000964168757,0.00503001955
1.37702159e-07,0.00526137277,-0.000813857128,4.76302412e-05,-0.0256531779,-0.00522461863,0.00102360492,0.00102612711,0.00532415961
1.38602971e-07,0.00559728686,-0.000873627956,4.96600151e-05,-0.027485976,-0.00555787382,0.00109676092,0.00109943904,0.00566527246
1.39503939e-07,0.00588459708,-0.00108902459,3.18929888e-05,-0.0331576355,-0.00583634066,0.00132347461,0.00132630542,0.00598460312
1.4040485e-07,0.00647903932,-0.00113398756,3.1763615e-05,-0.0348818637,-0.00642850937,0.00139217296,0.00139527455,0.00657760498
1.41305946e-07,0.00693268329,-0.00112650881,3.66474342e-05,-0.035153538,-0.00688208954,0.00140284111,0.00140614152,0.00702370719
1.42200719e-07,0.00705438294,-0.00104616315,5.02872863e-05,-0.0332691148,-0.00700690481,0.0013274264,0.00133076459,0.00713171121
1.4310227e-07,0.00686165504,-0.000920489081,5.57254352e-05,-0.029934328,-0.0068193567,0.0011941458,0.00119737312,0.00692334568
1.44003636e-07,0.00652059866,-0.00079471647,5.9632468e-05,-0.0264471229,-0.0064836027,0.00105483518,0.00105788492,0.00656911997
1.44904874e-07,0.00608179485,-0.000677908363,6.12182121e-05,-0.0230850745,-0.00604982096,0.000920573036,0.00092340298,0.00611976601
1.45805998e-07,0.00557302311,-0.000582314911,5.59680957e-05,-0.0201823227,-0.0055452789,0.000804710605,0.000807292908,0.00560364254
1.46700415e-07,0.00529347965,-0.000810856291,5.43442038e-05,-0.0256092548,-0.00525681983,0.00102189042,0.00102437019,0.00535549886
1.47601e-07,0.00562355341,-0.000869953772,5.3280226e-05,-0.0274192374,-0.0055842663,0.00109414006,0.0010967695,0.00569069515
1.48501641e-07,0.0059536905,-0.000930030074,5.81640161e-05,-0.0292537212,-0.0059117369,0.00116737027,0.00117014885,0.00602617371
1.49402453e-07,0.00631937617,-0.000987301231,5.60319895e-05,-0.0310540404,-0.00627483983,0.00123921914,0.00124216162,0.00639628162
1.50303222e-07,0.00688724127,-0.00121999229,4.03735321e-05,-0.0374412574,-0.00683294553,0.00149443262,0.0014976503,0.00699457672
1.51204148e-07,0.00738631235,-0.0012102779,4.26827319e-05,-0.037702851,-0.00733200588,0.00150468352,0.00150811404,0.00748493184
1.52105329e-07,0.00754875364,-0.00112363021,5.64773218e-05,-0.0357021131,-0.00749778222,0.00142460106,0.00142808452,0.0076321305
1.53000272e-07,0.00736493059,-0.0009867599,6.59133948e-05,-0.0320966542,-0.00731957955,0.00128048927,0.00128386617,0.00743103238
1.53902022e-07,0.00702488981,-0.000844841707,7.10018212e-05,-0.0282071941,-0.00698548599,0.00112508659,0.00112828776,0.00707586572
1.54804027e-07,0.00653718738,-0.000713146466,7.05967104e-05,-0.0244239103,-0.00650344007,0.000973993796,0.000976956412,0.0065763501
1.55706189e-07,0.00599891366,-0.000608545553,6.78523356e-05,-0.0212664418,-0.00596977984,0.000847951345,0.000850657672,0.00603008265
1.56601871e-07,0.00558318663,-0.000850915734,6.28769194e-05,-0.026901301,-0.00554469313,0.00107350301,0.00107605204,0.00564800709
1.57504459e-07,0.00593109522,-0.000911245355,6.23017622e-05,-0.0287599862,-0.00588991088,0.00114769701,0.00115039945,0.00600101159
1.58400695e-07,0.00628848979,-0.000976611278,6.51956143e-05,-0.0307540614,-0.00624440564,0.00122730261,0.00123016246,0.00636420646
1.59303653e-07,0.00660579652,-0.00102536404,6.38405545e-05,-0.032292556,-0.00655950896,0.00128870526,0.00129170224,0.00668520715
1.60200145e-07,0.00722839776,-0.00130716141,4.4620152e-05,-0.0399617516,-0.0071703433,0.00159517463,0.00159847006,0.00734577403
1.61102705e-07,0.00776803121,-0.00129762944,4.12461013e-05,-0.0402687341,-0.00770992628,0.00160722987,0.00161074936,0.0078757763
1.62004469e-07,0.00803324673,-0.00121094135,5.79975385e-05,-0.0383707769,-0.00797839625,0.00153121692,0.00153483108,0.00812421047
1.62905579e-07,0.00787657313,-0.00106352649,7.37618684e-05,-0.0345293544,-0.007827743,0.0013776547,0.00138117418,0.00794839189
1.63806178e-07,0.00752269896,-0.000905599678,7.71481864e-05,-0.0302260555,-0.00748046727,0.00120570302,0.00120904222,0.00757740472
1.64706449e-07,0.00701892376,-0.000759311602,7.80125119e-05,-0.0260620862,-0.006982945,0.00103938632,0.00104248345,0.00706030671
1.65606522e-07,0.00645685801,-0.000637333782,7.27520237e-05,-0.0224465951,-0.00642620666,0.000895029436,0.000897863805,0.00648864413
1.66500001e-07,0.00586303743,-0.000894015015,6.94124683e-05,-0.0282591637,-0.00582259656,0.00112775886,0.00113036655,0.0059312131
1.6740394e-07,0.00627916353,-0.000961540325,7.23346238e-05,-0.0303664338,-0.00623568951,0.00121187076,0.00121465735,0.00635277
1.68301042e-07,0.00664821453,-0.00103401043,6.94714545e-05,-0.0325496569,-0.00660154728,0.00129904101,0.00130198628,0.00672850357
1.69204341e-07,0.00697698491,-0.00108252978,7.62942072e-05,-0.0340937972,-0.00692811442,0.00136066885,0.00136375189,0.00706087883
1.70100819e-07,0.00757401856,-0.00138854189,4.85930032e-05,-0.0423419327,-0.00751243328,0.00169031116,0.00169367731,0.00770040044
1.71003407e-07,0.0082526058,-0.00138699904,5.05012576e-05,-0.0429887101,-0.00819053942,0.0017159058,0.0017195484,0.00836850161
1.71905171e-07,0.00852977205,-0.00128971715,6.81993624e-05,-0.0408380739,-0.00847137421,0.00162978542,0.00163352296,0.00862699442
1.72806253e-07,0.00838949718,-0.00112748158,8.39940476e-05,-0.0366429761,-0.00833769924,0.00146207012,0.00146571904,0.00846533712
1.73700244e-07,0.00804846082,-0.000955259544,8.91780219e-05,-0.0319955945,-0.00800382272,0.00127634803,0.00127982378,0.00810544231
1.7460043e-07,0.00751393614,-0.000791179424,8.68031566e-05,-0.0273561981,-0.00747628706,0.00109102387,0.00109424792,0.00755597353
1.75500432e-07,0.00689091254,-0.000658842502,8.68388452e-05,-0.023420481,-0.00685905387,0.000933878503,0.00093681924,0.00692288163
1.76400263e-07,0.00624841312,-0.000560046406,7.75382869e-05,-0.0203030836,-0.00622101917,0.000809468309,0.000812123343,0.0062739406
1.77305566e-07,0.00658806087,-0.00100535853,8.14960586e-05,-0.0317712985,-0.00654258751,0.00126800652,0.00127085194,0.00666482809
1.78204459e-07,0.00699172216,-0.0010834001,8.11343562e-05,-0.0341285542,-0.00694280507,0.00136212781,0.00136514217,0.0070756284
1.79103694e-07,0.00742136827,-0.0011530054,8.39590793e-05,-0.0363012701,-0.00736932405,0.0014488587,0.00145205081,0.00751087063
1.80002942e-07,0.00787500013,-0.00147085835,5.96419377e-05,-0.0447002053,-0.00780988232,0.00178459783,0.00178800821,0.0080114049
1.80902333e-07,0.0086510051,-0.00147899042,5.35171494e-05,-0.0456868783,-0.00858494138,0.00182375532,0.00182747513,0.00877668309
1.81802264e-07,0.00899410993,-0.00137514586,7.01904282e-05,-0.0434387773,-0.00893192443,0.00173371436,0.00173755109,0.00909889918
1.82702905e-07,0.00888141897,-0.00120273815,9.16209319e-05,-0.0390174352,-0.00882621808,0.00155693811,0.00156069741,0.00896295578
1.8360393e-07,0.00852972269,-0.001009495,0.000100132493,-0.0338341966,-0.00848253079,0.00134978544,0.00135336787,0.00858983561
1.84504827e-07,0.00798400864,-0.000828863704,9.97850002e-05,-0.0287701413,-0.00794447658,0.00114747589,0.00115080565,0.00802753798
1.85405639e-07,0.00732522178,-0.00068241288,9.39113306e-05,-0.0244458728,-0.00729207315,0.000974797764,0.00097783491,0.00735753905
1.8630638e-07,0.00665524555,-0.000573715486,8.75714832e-05,-0.0210535396,-0.00662697957,0.000839395413,0.000842141584,0.00668050235
1.87206467e-07,0.00689100707,-0.0010481606,9.2199225e-05,-0.0331445895,-0.00684357975,0.00132288897,0.00132578358,0.00697087654
1.88106483e-07,0.00733083487,-0.00113340118,8.7410117e-05,-0.0357180871,-0.00727964702,0.00142564978,0.00142872348,0.00741844853
1.89000119e-07,0.00773636857,-0.00120169786,9.07872964e-05,-0.0378336273,-0.0076821252,0.00151010886,0.00151334509,0.00782966913
1.89900291e-07,0.00833708048,-0.00157448603,7.20341341e-05,-0.0477533862,-0.00826744906,0.0019066209,0.00191013545,0.00848475728
1.90800563e-07,0.00895658322,-0.00156050012,5.73059078e-05,-0.0480292253,-0.00888701554,0.00191741969,0.00192116901,0.00909169003
1.91701105e-07,0.00950356759,-0.00148230337,7.60747207e-05,-0.0466276184,-0.00943668943,0.00186115903,0.00186510473,0.00961877371
1.9260203e-07,0.00938660651,-0.00128000544,9.79755205e-05,-0.0414552279,-0.00932791167,0.00165434572,0.00165820912,0.00947398517
1.93503055e-07,0.00905793253,-0.00107434439,0.000107167012,-0.0359850824,-0.00900772484,0.00143570572,0.0014394033,0.00912205253
1.94403896e-07,0.00849383045,-0.000876420469,0.000112019283,-0.0304705836,-0.00845198882,0.00121538205,0.00121882334,0.0085396614
1.95304622e-07,0.00780318351,-0.00071339315,0.000104072693,-0.0257001966,-0.00776841368,0.00102486663,0.00102800786,0.00783641716
1.96205292e-07,0.00708547467,-0.000593628676,9.74275463e-05,-0.0219833739,-0.00705606823,0.000876497251,0.000879334956,0.00711096607
1.97105336e-07,0.00721744681,-0.00109659566,9.45732172e-05,-0.0346821435,-0.00716782149,0.00138433939,0.00138728574,0.00730089067
1.98005168e-07,0.00766248861,-0.00118169258,0.000100534264,-0.0372571796,-0.00760910434,0.00148716517,0.00149028718,0.00775372402
1.98905184e-07,0.00802984182,-0.00124193914,9.92628193e-05,-0.0391329341,-0.00797375448,0.00156205375,0.00156531736,0.00812592306
1.99805271e-07,0.0086041335,-0.00164986996,7.1053626e-05,-0.0499038212,-0.00853127391,0.00199262381,0.00199615285,0.00876117759
2.00705344e-07,0.00933897775,-0.00165171886,6.46179615e-05,-0.0506914891,-0.00926545642,0.00202385717,0.00202765957,0.00948413707
2.01605772e-07,0.0100010904,-0.00156824954,8.02055074e-05,-0.0492741838,-0.00993037729,0.00196693206,0.00197096735,0.0101236183
2.02500061e-07,0.0098760426,-0.00135386817,0.000108706045,-0.0437917672,-0.00981400254,0.00174772158,0.00175167069,0.00996900163
2.03401271e-07,0.00955345854,-0.0011297001,0.000121394412,-0.037865486,-0.00950064084,0.00151083291,0.00151461944,0.0096207863
2.04302879e-07,0.00898266304,-0.000910565024,0.000125242426,-0.0318144597,-0.00893906498,0.00126904738,0.00127257839,0.00902956531
2.05204785e-07,0.008278572,-0.000731538108,0.000117546042,-0.0266309734,-0.0082426963,0.00106200754,0.00106523894,0.00831166165
2.06100253e-07,0.00752272131,-0.000599457475,0.000104858038,-0.0225681607,-0.00749273203,0.000899806589,0.000902726427,0.00754729623
2.07002515e-07,0.0075156223,-0.0011353906,0.000105958912,-0.0359501429,-0.00746420709,0.00143502714,0.00143800572,0.00760163915
2.07905174e-07,0.00797795132,-0.00122371071,0.000110409834,-0.0386230089,-0.00792263443,0.00154176484,0.00154492036,0.00807201124
2.08801552e-07,0.0084507484,-0.00131321722,0.000112797105,-0.0413360596,-0.00839147402,0.00165010659,0.00165344238,0.00855291828
2.09704552e-07,0.00897098426,-0.00175052171,7.68437967e-05,-0.0527860746,-0.00889380623,0.00210786517,0.00211144298,0.00914050271
2.10600717e-07,0.00974486768,-0.00175039307,7.87791141e-05,-0.0535635017,-0.00966707577,0.00213868371,0.00214254007,0.00990113772
2.11502766e-07,0.0103611499,-0.00166213431,8.80381849e-05,-0.0519800894,-0.0102863944,0.00207514027,0.00207920358,0.010493992
2.12404174e-07,0.0103826402,-0.00144374953,0.000109402681,-0.0465455316,-0.0103166006,0.00185778955,0.00186182126,0.0104831102
2.13305071e-07,0.0100695025,-0.00119795161,0.000128097512,-0.0400884785,-0.0100135427,0.00159966608,0.00160353914,0.0101413203
2.14205699e-07,0.00950925332,-0.000961462152,0.000131288441,-0.0336146764,-0.0094631987,0.00134096179,0.00134458706,0.00955863718
2.15106226e-07,0.00877269823,-0.000762018899,0.000126085826,-0.0278885625,-0.00873520838,0.00111222373,0.0011155425,0.00880663413
2.16000174e-07,0.00796150509,-0.0006220293,0.000121044883,-0.0235725325,-0.0079302622,0.000939907031,0.000942901298,0.0079866849
2.16902421e-07,0.00782417879,-0.00118152541,0.000117617965,-0.0374118127,-0.00777067186,0.00149346402,0.00149647251,0.0079137608
2.17806488e-07,0.00829138141,-0.00127971848,0.000125664301,-0.0403361097,-0.0082335741,0.00161026166,0.00161344439,0.00839049919
2.18703619e-07,0.00878729299,-0.00136696186,0.000127656691,-0.0430157892,-0.0087256002,0.00171726644,0.00172063157,0.00889389673
2.19600295e-07,0.009287416,-0.00184137584,0.000102912702,-0.0553724729,-0.00920635167,0.00221130052,0.00221489891,0.00946875662
2.20503239e-07,0.0101356404,-0.00185231026,9.19472077e-05,-0.0565010421,-0.0100534603,0.00225614612,0.00226004168,0.0103039174
2.21405415e-07,0.0107633537,-0.0017508642,9.38956582e-05,-0.0545995086,-0.0106847282,0.00217988305,0.00218398035,0.0109052338
2.22300073e-07,0.0108709708,-0.00153198116,0.00011945211,-0.0492393598,-0.0108010123,0.00196547863,0.00196957439,0.0109790364
2.23200516e-07,0.0105722696,-0.00125876383,0.000139610056,-0.0421119146,-0.0105134757,0.00168053498,0.00168447658,0.0106478571
2.24100418e-07,0.0100103691,-0.00100139319,0.000142941572,-0.0351149179,-0.00996231685,0.00140090018,0.00140459672,0.0100613474
2.25000164e-07,0.00925346278,-0.000785832061,0.000137016686,-0.0289658047,-0.00921463609,0.00115524329,0.00115863219,0.00928778116
2.25906277e-07,0.00839606486,-0.00062722608,0.000137497744,-0.0241382997,-0.00836426655,0.000962477409,0.00096553199,0.00842058331
2.26805156e-07,0.00810699631,-0.00121520797,0.000128894302,-0.0385362394,-0.00805191622,0.00153842932,0.00154144958,0.00819858117
2.27702813e-07,0.00857838523,-0.00130537327,0.000125496721,-0.0412640609,-0.00851932243,0.00164737302,0.00165056244,0.00867804367
2.28600769e-07,0.00911066029,-0.00141683186,0.000138560295,-0.0445852317,-0.00904671457,0.00178002778,0.00178340927,0.00922121155
2.29505702e-07,0.00950063393,-0.00146304828,0.000144488149,-0.0461328998,-0.0094345281,0.00184180202,0.00184531599,0.00961371063
2.30403657e-07,0.0104580438,-0.00195156736,9.8190023e-05,-0.0593029521,-0.0103716366,0.00236821652,0.00237211809,0.0106390289
2.31302209e-07,0.0111683486,-0.00185794919,9.21822648e-05,-0.0576800704,-0.011085117,0.00230307785,0.00230720282,0.0113222119
2.32201614e-07,0.0113716368,-0.00162878272,0.000121863988,-0.0521594398,-0.0112974067,0.00208222405,0.00208637759,0.0114883379
2.33101943e-07,0.0110899061,-0.00133589178,0.000145710437,-0.044557672,-0.0110276139,0.00177830117,0.00178230688,0.0111710275
2.34002457e-07,0.0105578145,-0.00105957652,0.000155912785,-0.0371175818,-0.0105069976,0.00148092894,0.00148470327,0.010611996
2.34902785e-07,0.00975016598,-0.000815879146,0.00015421561,-0.0302145761,-0.00970974042,0.00120512918,0.00120858304,0.00978545747
2.35803071e-07,0.00888591167,-0.000644751475,0.000144855483,-0.0250675641,-0.0088530207,0.000999577434,0.00100270256,0.00891044969
2.36703144e-07,0.00833897665,-0.00125448243,0.000134151211,-0.0397489518,-0.00828214044,0.0015869491,0.00158995807,0.0084338754
2.37602265e-07,0.00886994414,-0.00134864973,0.000141756565,-0.0426366776,-0.00880891753,0.00170227412,0.0017054671,0.0089730073
2.38501485e-07,0.00941732898,-0.0014612946,0.000146703038,-0.0460025556,-0.00935135993,0.00183671843,0.00184010223,0.00953115884
2.39400919e-07,0.00993467495,-0.00153826911,0.00015831714,-0.048446957,-0.00986521391,0.00193431969,0.00193787828,0.0100543077
2.4030021e-07,0.0106989359,-0.00205023447,0.000109189983,-0.062007755,-0.0106083904,0.00247643783,0.0024803102,0.0108941551
2.41206351e-07,0.0115433512,-0.00196423847,9.94725342e-05,-0.0607102849,-0.0114555692,0.00242427822,0.00242841139,0.0117097005
2.42106466e-07,0.0118269594,-0.00173055241,0.000130167537,-0.0551576354,-0.0117482955,0.00220212038,0.00220630541,0.0119536072
2.43000557e-07,0.0116138076,-0.00142384379,0.000154371577,-0.0472798571,-0.0115475793,0.0018871333,0.00189119428,0.0117017815
2.43901042e-07,0.0110736499,-0.00111781573,0.000169662366,-0.0390894562,-0.0110200914,0.00155974948,0.00156357825,0.0111312182
2.44801356e-07,0.0102728298,-0.000856690283,0.000170558662,-0.0317581408,-0.0102303542,0.00126680865,0.00127032563,0.0103099001
2.45701614e-07,0.00935247075,-0.000664202962,0.000160825643,-0.0260211844,-0.00931842873,0.00103767075,0.00104084738,0.0093774058
2.46601815e-07,0.00862069242,-0.00129745028,0.000141308105,-0.041103933,-0.00856191261,0.0016411482,0.00164415732,0.00871892671
2.47500651e-07,0.00918364897,-0.00139412668,0.000152543798,-0.044086419,-0.00912055284,0.00176025954,0.00176345676,0.00929011665
2.48406195e-07,0.00976692513,-0.00151470699,0.000159175775,-0.0476865545,-0.0096985405,0.00190406822,0.00190746218,0.00988496336
2.4930543e-07,0.0101838484,-0.00157660886,0.000164448007,-0.049653016,-0.0101126549,0.00198259306,0.00198612064,0.0103064789
2.50204522e-07,0.011031176,-0.00213736249,0.000116870171,-0.0645162016,-0.0109368805,0.00257678221,0.00258064806,0.01123694
2.51103899e-07,0.0119802942,-0.00207172404,0.00010879308,-0.0638325885,-0.0118878644,0.00254915087,0.00255330354,0.0121585907
2.5200373e-07,0.0123086497,-0.00181012903,0.000140957767,-0.0576276816,-0.0122264183,0.00230089583,0.00230510727,0.0124418364
2.52904186e-07,0.0121465847,-0.00149387843,0.000169007792,-0.0495630428,-0.0120771295,0.00197841732,0.00198252171,0.0122392711
2.53805155e-07,0.0115552153,-0.00114844739,0.000189454571,-0.0403367579,-0.0115000468,0.00160961413,0.00161347032,0.0116136913
2.54700012e-07,0.0107682124,-0.000868722389,0.000185541256,-0.0325549133,-0.0107248593,0.00129864115,0.00130219653,0.0108047907
2.55601805e-07,0.00980436802,-0.000654390955,0.000174172645,-0.0262286551,-0.00977035691,0.00104593766,0.00104914621,0.00982772588
2.56503853e-07,0.00885316264,-0.00128560443,0.000158928102,-0.0410396904,-0.00879467059,0.00163860817,0.00164158762,0.00894743123
2.57406015e-07,0.0094348453,-0.00142435485,0.000167531689,-0.0450920239,-0.00937033943,0.0018005087,0.00180368096,0.00954322584
2.58301668e-07,0.00998646952,-0.0015418554,0.000163606644,-0.0485831499,-0.00991682364,0.00193997434,0.001943326,0.0101061199
2.59204086e-07,0.0106552141,-0.00165997189,0.000183950237,-0.0522076376,-0.0105803099,0.00208473901,0.0020883055,0.0107853109
2.60100222e-07,0.0113772927,-0.00225551683,0.000132588219,-0.0678135753,-0.0112779954,0.00270868301,0.00271254301,0.0115994709
2.6100281e-07,0.0122391768,-0.00217412622,0.000124931539,-0.0666482374,-0.0121424449,0.00266182368,0.0026659295,0.012431407
2.61904546e-07,0.0128364246,-0.00194877014,0.000145256112,-0.0616194978,-0.0127482268,0.0024605314,0.00246477991,0.0129843214
2.62805571e-07,0.0126170954,-0.00158363685,0.000182548509,-0.0522759445,-0.0125436745,0.00208691936,0.00209103778,0.0127174025
2.63706028e-07,0.0120804003,-0.00122227683,0.000201500079,-0.0427069403,-0.0120218592,0.0017043863,0.00170827761,0.0121437487
2.64606228e-07,0.0112600066,-0.000910394592,0.000202644238,-0.0340882801,-0.0112145937,0.00135994654,0.0013635312,0.0112985677
2.65506372e-07,0.0102924751,-0.000682528422,0.000187814338,-0.027420437,-0.0102569484,0.0010935717,0.00109681748,0.0103167904
2.66400036e-07,0.00932606962,-0.000531016849,0.000169082385,-0.0226613712,-0.00929737474,0.000903535407,0.000906454846,0.00934270529
2.67303136e-07,0.00976640731,-0.001470758,0.00016984604,-0.0465825424,-0.00969978059,0.00186013367,0.00186330169,0.00987799011
2.68206463e-07,0.0103338882,-0.00160134595,0.000184022574,-0.050416436,-0.0102615855,0.00201331036,0.00201665744,0.0104588441
2.69103168e-07,0.0110547598,-0.00173825934,0.000190339197,-0.0545628332,-0.0109764054,0.0021789414,0.00218251333,0.0111922067
2.70006382e-07,0.0116960919,-0.00235304562,0.000143112818,-0.0705679283,-0.0115926395,0.00281888236,0.00282271713,0.0119312979
2.7090266e-07,0.0126861818,-0.0022862195,0.000137290379,-0.0698953345,-0.0125846098,0.00279170274,0.00279581338,0.0128912706
2.7180414e-07,0.0132801952,-0.00203852355,0.00015867503,-0.0643050224,-0.0131880532,0.00256795912,0.00257220089,0.0134366789
2.72704625e-07,0.0131017771,-0.00165056088,0.000190457882,-0.0544323698,-0.0130252922,0.00217317195,0.00217729479,0.0132067099
2.73604229e-07,0.0126267178,-0.00126726937,0.000214523548,-0.0443776622,-0.0125659405,0.00177118973,0.00177510649,0.0126919657
2.74503464e-07,0.0117679574,-0.000924565946,0.000217609515,-0.0349505693,-0.0117215715,0.00139441917,0.00139802277,0.011806227
2.75402613e-07,0.0107436301,-0.000672963681,0.000209198653,-0.0276327915,-0.010708125,0.001102056,0.00110531166,0.0107667187
2.76301648e-07,0.00970340706,-0.000507609104,0.000184351156,-0.0224538129,-0.00967534642,0.000895235858,0.000898152515,0.00971842379
2.7720489e-07,0.00997322146,-0.00149114488,0.000187547776,-0.0472972654,-0.00990561405,0.00188877461,0.00189189062,0.0100858234
2.78101112e-07,0.0105922557,-0.00162901147,0.000200575072,-0.0513647459,-0.01051864,0.00205128569,0.00205458984,0.0107186655
2.79004269e-07,0.0111901173,-0.00174031896,0.00020461969,-0.0547473356,-0.0111115722,0.00218641223,0.00218989342,0.0113264869
2.79901087e-07,0.0119275851,-0.00245722034,0.00015592725,-0.0734002218,-0.0118197817,0.00293223101,0.00293600887,0.0121790612
2.8080413e-07,0.0130302869,-0.00241526403,0.00014051293,-0.0734620541,-0.0129232792,0.00293440457,0.00293848217,0.0132529853
2.81701659e-07,0.0136726368,-0.00218265573,0.00016419834,-0.0682971627,-0.0135744172,0.00272766949,0.00273188651,0.0138467305
2.82600382e-07,0.0135922628,-0.00177791319,0.000194699824,-0.0581040494,-0.0135102928,0.00232003659,0.00232416198,0.0137094307
2.83500214e-07,0.0130984159,-0.00135788834,0.000223003182,-0.04711283,-0.0130336375,0.0018805991,0.0018845132,0.0131705008
2.84400926e-07,0.0122926347,-0.000989399734,0.000229476631,-0.0370951146,-0.0122432365,0.0014801826,0.00148380458,0.0123345222
2.85302292e-07,0.0112865092,-0.00070796517,0.000218464804,-0.029050637,-0.0112491702,0.00115873886,0.00116202548,0.0113108016
2.86204113e-07,0.0101967752,-0.000524303352,0.00019914718,-0.0233647283,-0.0101676523,0.000931646216,0.000934589133,0.0102121877
2.8710059e-07,0.0102802617,-0.00154035294,0.000194613385,-0.0488328189,-0.0102104409,0.00195022164,0.00195331275,0.0103968429
2.88004031e-07,0.0109511744,-0.00168457592,0.000214237196,-0.0531111397,-0.0108750496,0.00212115862,0.00212444559,0.0110820537
2.8890085e-07,0.0115807895,-0.00180776929,0.000214945976,-0.0568224601,-0.0114992346,0.00226943133,0.00227289841,0.011723008
2.89804092e-07,0.0123009691,-0.002564369,0.000179881259,-0.0764494985,-0.0121885822,0.00305422534,0.00305797994,0.0125667095
2.90700513e-07,0.0133753875,-0.00252396939,0.00016489056,-0.0765214264,-0.0132637568,0.00305682333,0.00306085706,0.0136124429
2.91602475e-07,0.0141823627,-0.00229111174,0.000178666276,-0.0715158209,-0.0140793983,0.00285642234,0.00286063284,0.0143673424
2.92503557e-07,0.0141228233,-0.00184431195,0.000216874498,-0.0602929555,-0.0140377737,0.00240759899,0.00241171822,0.0142443904
2.934039e-07,0.0136279529,-0.00141527446,0.000232851846,-0.0490756631,-0.0135604561,0.00195911515,0.00196302652,0.013703223
2.94303874e-07,0.0128172981,-0.00100763643,0.000245794276,-0.0380751826,-0.0127667509,0.00151938564,0.0015230073,0.0128591942
2.95203733e-07,0.0117855575,-0.000699760742,0.000240796639,-0.0293446183,-0.0117481473,0.0011704976,0.00117378473,0.0118087685
2.9610365e-07,0.0106503265,-0.000509054807,0.00021813855,-0.0234372392,-0.0106214506,0.000934547083,0.000937489569,0.0106647164
2.97002629e-07,0.0105355587,-0.00157508871,0.000213728621,-0.0499545485,-0.0104641446,0.00199513878,0.00199818194,0.0106547915
2.97900641e-07,0.0111330235,-0.00170063996,0.000228261459,-0.0536922589,-0.0110561108,0.00214448183,0.00214769036,0.0112644792
2.98805418e-07,0.01174815,-0.00182294473,0.000228009128,-0.0573666058,-0.0116658544,0.00229128727,0.00229466423,0.011890927
2.99703828e-07,0.0126796477,-0.00268321484,0.000230809252,-0.0797961205,-0.0125622053,0.00318811923,0.00319184482,0.012962499
3.00601926e-07,0.0135421762,-0.00261102687,0.000177946771,-0.0788603127,-0.0134269307,0.00315048093,0.00315441251,0.0137927395
3.01500563e-07,0.0144615145,-0.00240692403,0.000189625134,-0.0746859312,-0.0143536956,0.00298330509,0.00298743725,0.0146616726
3.02406505e-07,0.0145300161,-0.00194764766,0.000222848714,-0.0632802099,-0.0144405085,0.00252713542,0.0025312084,0.014661663
3.03306081e-07,0.0140672,-0.00148267404,0.000250534533,-0.0511975028,-0.0139966566,0.00204402602,0.00204790011,0.0141473392
3.04205003e-07,0.0133014694,-0.00105490943,0.000260570523,-0.0397396199,-0.0132486445,0.00158598252,0.0015895848,0.0133457791
3.05103555e-07,0.0122381272,-0.000724869198,0.000253638224,-0.0304238014,-0.0121993509,0.00121368394,0.00121695206,0.012262199
3.06002107e-07,0.0111195557,-0.00050801551,0.000232844235,-0.0238802489,-0.011090346,0.00095227278,0.000955209956,0.0111335895
3.06905889e-07,0.0108031603,-0.0016162229,0.000227271696,-0.0512483567,-0.0107298872,0.00204694128,0.00204993427,0.010925754
3.07801031e-07,0.011409495,-0.00173503975,0.000244770403,-0.0548265651,-0.0113309856,0.00218991002,0.0021930626,0.01154326
3.08703079e-07,0.0120371003,-0.00187261077,0.000248778233,-0.0588946827,-0.0119525874,0.0023524685,0.00235578731,0.0121844304
3.09605781e-07,0.0130111687,-0.00207779161,0.000274735619,-0.0650003925,-0.0129176716,0.00259643757,0.0026000157,0.0131788925
3.1050115e-07,0.013959703,-0.00274278852,0.000202340365,-0.0825682059,-0.0138388545,0.00329883381,0.00330272824,0.0142280406
3.1140388e-07,0.0148457875,-0.00253873249,0.000192959909,-0.0783612803,-0.0147323903,0.00313037493,0.00313445121,0.0150625298
3.12301324e-07,0.0149942292,-0.00207842095,0.000225053576,-0.0670100749,-0.0148991207,0.00267636768,0.00268040299,0.0151392666
3.13200047e-07,0.0145757766,-0.00158227712,0.000262303598,-0.0541933812,-0.0145008434,0.00216388707,0.00216773525,0.0146637536
3.14106273e-07,0.0137747601,-0.00110655779,0.000284331443,-0.0415021367,-0.0137194912,0.00165651614,0.00166008547,0.0138220595
3.15006019e-07,0.0127565423,-0.000746051606,0.000275332277,-0.031470865,-0.0127165043,0.00125558048,0.0012588346,0.0127813056
3.15905794e-07,0.0115590896,-0.0005017402,0.000253837294,-0.0241622981,-0.0115297794,0.00096357916,0.000966491923,0.0115727581
3.16805085e-07,0.0109715899,-0.00162256358,0.000240955706,-0.0515729971,-0.0108979286,0.00206001228,0.00206291988,0.0110935368
3.17702757e-07,0.0116569325,-0.00175777846,0.000251689751,-0.0556401685,-0.0115773158,0.0022225254,0.00222560674,0.011791404
3.18600513e-07,0.0121135805,-0.00189557159,0.00025978437,-0.0595416799,-0.0120280883,0.00237846936,0.0023816672,0.0122637479
3.19505006e-07,0.0133021027,-0.00215099286,0.000285380869,-0.0671179742,-0.0132054456,0.00268121453,0.00268471897,0.0134779134
3.20402592e-07,0.014383967,-0.00285542151,0.000221674141,-0.0858047307,-0.014258275,0.00342834274,0.00343218923,0.0146663247
3.21300718e-07,0.0151631227,-0.00261488114,0.00020902227,-0.0805784985,-0.0150464264,0.0032191527,0.00322313994,0.0153883587
3.22206034e-07,0.0154121844,-0.00217937119,0.000249312026,-0.0699480623,-0.0153127047,0.00279395092,0.00279792249,0.015567506
3.23105695e-07,0.0150060123,-0.00164737343,0.000262952264,-0.0562480725,-0.0149281317,0.00224613615,0.0022499229,0.0150984565
3.24005953e-07,0.0142468335,-0.00115033728,0.000289379619,-0.0430665575,-0.0141894363,0.00171913852,0.0017226623,0.0142961282
3.24900299e-07,0.0132431174,-0.000759438786,0.000294138677,-0.0322908536,-0.0132021548,0.00128841476,0.00129163414,0.0132681356
3.25801636e-07,0.0120064011,-0.00048949453,0.000271502358,-0.0243027471,-0.0119772227,0.000969230972,0.000972109884,0.012019442
3.267034e-07,0.0110699842,-0.00164020283,0.000238012217,-0.0521093905,-0.0109955387,0.00208157214,0.00208437562,0.011193367
3.27605591e-07,0.0118118059,-0.00177872914,0.000260792964,-0.0563158765,-0.0117312275,0.0022496526,0.00225263506,0.0119478303
3.28501272e-07,0.0124606006,-0.00195191137,0.000270154822,-0.0612945966,-0.0123725778,0.00244864117,0.00245178387,0.0126154472
3.29403804e-07,0.0134878503,-0.00218935055,0.000294405152,-0.06825912,-0.0133895108,0.00272696945,0.0027303648,0.0136675541
3.30300054e-07,0.0146930618,-0.00298396987,0.000234714244,-0.0893228427,-0.014561982,0.00356914877,0.00357291371,0.0149948402
3.31202301e-07,0.0155180534,-0.00277523068,0.000212129016,-0.0849369466,-0.015394661,0.00339356741,0.00339747787,0.015765687
3.3210344e-07,0.0158843771,-0.00234175939,0.000249016506,-0.074475266,-0.0157780259,0.0029750919,0.00297901064,0.0160579974
3.33003698e-07,0.0155063225,-0.00177585974,0.000282678433,-0.0599566624,-0.0154229036,0.00239452675,0.00239826649,0.0156102409
3.33903444e-07,0.0147881843,-0.0012506179,0.000307283888,-0.0461119413,-0.014726344,0.00184098719,0.00184447765,0.0148441525
3.34802934e-07,0.0137614049,-0.000819033885,0.000313628203,-0.0342968665,-0.0137176446,0.00136868816,0.00137187466,0.0137893236
3.35702424e-07,0.0125401551,-0.000508556433,0.000289242977,-0.025311999,-0.0125097875,0.0010096221,0.00101247996,0.0125537955
3.36602483e-07,0.0114221005,-0.00128090102,0.000257262989,-0.0434835143,-0.0113617416,0.00173663863,0.00173934057,0.0114965765
3.37506293e-07,0.0120554818,-0.0018119145,0.00027318974,-0.0573864318,-0.0119733814,0.00229255585,0.00229545727,0.0121939455
3.38403339e-07,0.0124662425,-0.00194685743,0.000293253514,-0.0611703321,-0.0123784173,0.00244381689,0.00244681329,0.0126207549
3.393003e-07,0.0136929164,-0.00224997848,0.000303511944,-0.0699759573,-0.0135919884,0.00279574935,0.00279903829,0.0138798588
3.40203457e-07,0.0148431482,-0.00308915298,0.000260730536,-0.092097193,-0.0147077421,0.0036802496,0.00368388772,0.0151634394
3.41105761e-07,0.0159054808,-0.00290378835,0.000229845944,-0.0885335729,-0.0157766376,0.00353751522,0.00354134291,0.0161700073
3.42000419e-07,0.0164553281,-0.00252437638,0.000254396786,-0.079606846,-0.0163412175,0.00318039476,0.00318427384,0.0166497753
3.42900648e-07,0.016012473,-0.00189133245,0.000311626529,-0.063345708,-0.0159240316,0.00253014772,0.00253382832,0.0161267958
3.43800366e-07,0.0152948024,-0.00131709815,0.00032179663,-0.04827765,-0.0152298983,0.00192767358,0.001931106,0.0153547804
3.44706336e-07,0.0142524512,-0.000844868366,0.000331093819,-0.0354317352,-0.0142072651,0.0014141386,0.00141726941,0.0142813092
3.4560577e-07,0.0130067226,-0.000505536504,0.000309419644,-0.0257017314,-0.0129761025,0.0010252623,0.00102806926,0.0130202204
3.46505374e-07,0.0117226355,-0.000532078499,0.000280736625,-0.0250740238,-0.0116919812,0.00100043328,0.00100296095,0.0117380622
3.47402334e-07,0.0122802164,-0.00184548285,0.000283532165,-0.0584473722,-0.0121965939,0.00233508434,0.00233789489,0.0124213491
3.48305463e-07,0.0130443349,-0.00202048547,0.000303782086,-0.063587077,-0.012953103,0.00254050356,0.00254348308,0.0132033829
3.49202082e-07,0.0141506456,-0.00236623897,0.000317887869,-0.0733364522,-0.0140447023,0.00293022113,0.00293345809,0.0143506414
3.50105125e-07,0.0152235879,-0.00320701115,0.000255978957,-0.0954195783,-0.0150831644,0.00381322702,0.00381678313,0.0155598224
3.5100166e-07,0.0162082035,-0.00301192515,0.00025830316,-0.0915346742,-0.0160747938,0.00365767119,0.00366138697,0.0164877007
3.51905413e-07,0.016759688,-0.00260680192,0.000278075662,-0.0819670707,-0.0166420378,0.00327492552,0.00327868283,0.0169634868
3.52803511e-07,0.0164267682,-0.00199243845,0.000310150615,-0.066283226,-0.0163339522,0.00264774024,0.00265132904,0.016550067
3.53702546e-07,0.0156969614,-0.00137919583,0.000327821326,-0.0502286069,-0.0156292524,0.00200580366,0.00200914428,0.0157608454
3.54602207e-07,0.0146975173,-0.000874641817,0.000340362574,-0.0366185308,-0.0146507845,0.00146168613,0.00146474123,0.0147274526
3.5550238e-07,0.0134642497,-0.000497729052,0.000325188565,-0.0259625018,-0.0134335759,0.0010357573,0.00103850007,0.01347737
3.56402865e-07,0.0121260211,-0.000273134909,0.000282241381,-0.0190065242,-0.0121053991,0.000757827939,0.000760260969,0.0121323802
3.57304884e-07,0.0124513861,-0.00185589748,0.00030447985,-0.0588759072,-0.0123672102,0.0023523356,0.00235503629,0.01259262
3.58200595e-07,0.0132868839,-0.00204963423,0.000330327544,-0.0645551383,-0.0131942923,0.00257932839,0.00258220553,0.0134481003
3.59103069e-07,0.0144872665,-0.0024340814,0.000346031273,-0.0753653869,-0.014378341,0.00301147054,0.00301461548,0.0146943997
3.60005856e-07,0.0154297473,-0.00334530231,0.000289726449,-0.09907718,-0.0152836287,0.00395965174,0.0039630872,0.0157908863
3.60901851e-07,0.0165955946,-0.00319045107,0.000286479364,-0.0963792279,-0.0164547359,0.00385154583,0.00385516912,0.0169019173
3.6180316e-07,0.0172207374,-0.00275940285,0.000297748309,-0.0862377435,-0.017096616,0.00344584145,0.00344950974,0.0174429572
3.6270356e-07,0.0169615541,-0.00214029616,0.00032837136,-0.0705095455,-0.0168623976,0.0028168654,0.00282038182,0.0170992109
3.63603192e-07,0.0162705313,-0.0015006077,0.000365312531,-0.0538333766,-0.0161975083,0.00215005509,0.00215333506,0.0163436675
3.64502455e-07,0.01524771,-0.000924893015,0.000353256735,-0.0384222567,-0.0151985277,0.00153389897,0.00153689027,0.0152798193
3.65401633e-07,0.0139707625,-0.000517710694,0.000337945239,-0.0269664619,-0.0139388845,0.00107597807,0.00107865848,0.0139844355
3.66300952e-07,0.0126213841,-0.000262676476,0.000327622372,-0.0192391723,-0.0126007841,0.00076718711,0.000769566894,0.0126283678
3.67202119e-07,0.0126429228,-0.00188985793,0.000314982783,-0.0599130541,-0.0125572357,0.00239392831,0.00239652216,0.01278727
3.6810431e-07,0.0134692043,-0.00207831035,0.000335811725,-0.0654507577,-0.0133753201,0.00261527244,0.00261803031,0.0136327403
3.6900019e-07,0.0145725003,-0.00244996394,0.000356893055,-0.075843513,-0.0144628714,0.00303074881,0.00303374052,0.0147813213
3.69902892e-07,0.0154125318,-0.00343300076,0.000298351573,-0.10124635,-0.01526292,0.00404659161,0.00404985398,0.0157930568
3.70805509e-07,0.0168865137,-0.00332181039,0.000318690698,-0.0999482796,-0.0167401693,0.00399443374,0.00399793118,0.0172130861
3.71700338e-07,0.0175847262,-0.0029070219,0.000309370196,-0.0902862027,-0.0174544104,0.00360789809,0.00361144811,0.0178260787
3.72600681e-07,0.0174541231,-0.0022997288,0.000337474135,-0.0749823451,-0.0173481971,0.00299586803,0.0029992938,0.0176082099
3.73500228e-07,0.0167385247,-0.00158314116,0.000358637189,-0.0563604757,-0.0166618269,0.00225123727,0.00225441903,0.0168170498
3.74405914e-07,0.0157077853,-0.00097082532,0.000369620859,-0.0400272645,-0.0156563981,0.00159819264,0.00160109058,0.0157420977
3.75305035e-07,0.0144198425,-0.000522482733,0.000354092539,-0.0275324676,-0.0143874144,0.0010987047,0.0011012987,0.0144336492
3.76204383e-07,0.0130240479,-0.000244960771,0.000341235514,-0.0191971362,-0.0130038343,0.000765587834,0.000767885447,0.0130308201
3.77105266e-07,0.012821205,-0.00190751697,0.000324478227,-0.0605295114,-0.012734669,0.00241870261,0.00242118046,0.0129663875
3.78001033e-07,0.0135802161,-0.0020829516,0.000353746524,-0.0656741932,-0.0134860575,0.00262434926,0.00262696773,0.0137435837
3.78903508e-07,0.0147276036,-0.00249344576,0.000367987232,-0.0770812631,-0.0146161119,0.00308039833,0.00308325052,0.01494172
3.7980621e-07,0.016346544,-0.00371975871,0.000353693642,-0.109343715,-0.0161847179,0.00437047071,0.0043737486,0.0167681605
3.80702147e-07,0.0170969591,-0.00345361629,0.000320810737,-0.103447534,-0.0169451755,0.00413454977,0.00413790137,0.0174452399
3.81603314e-07,0.0179192331,-0.00306871207,0.000318764825,-0.0946563929,-0.0177821838,0.00378283563,0.00378625572,0.0181828908
3.8250343e-07,0.0178681388,-0.00246068486,0.000332078896,-0.0794140622,-0.0177554451,0.00317325155,0.00317656249,0.0180398346
3.83402693e-07,0.0172482021,-0.00171336567,0.000364691252,-0.060120631,-0.017165889,0.00240173927,0.00240482524,0.0173369287
3.84301643e-07,0.0161828902,-0.00105816114,0.000398975477,-0.0426814966,-0.0161276304,0.00170445773,0.00170725986,0.0162223556
3.85200565e-07,0.0149023347,-0.00054423156,0.000389584253,-0.0285558868,-0.0148686509,0.00113973067,0.00114223547,0.0149173571
3.86106194e-07,0.0135092326,-0.000246170588,0.000343338732,-0.0197105166,-0.0134885824,0.000786198893,0.000788420662,0.0135158368
3.87000711e-07,0.0130140102,-0.00194037659,0.000338530168,-0.061540205,-0.012926006,0.0024592461,0.0024616082,0.0131622234
3.87904606e-07,0.0137678375,-0.00211039442,0.000370466878,-0.066544123,-0.0136724315,0.00265927298,0.00266176492,0.0139335696
3.88801709e-07,0.0148866922,-0.00251755584,0.000391004432,-0.0778389573,-0.014774109,0.00311085097,0.00311355829,0.0151031313
3.89705122e-07,0.0160828773,-0.00274789589,0.000407042273,-0.0847937688,-0.0159601262,0.00338884143,0.00339175075,0.0163210158
3.90601485e-07,0.0173694175,-0.00361773325,0.000336999772,-0.107816145,-0.017210853,0.00430943089,0.00431264579,0.017745372
3.91503136e-07,0.0182379112,-0.00318533881,0.000330866082,-0.0978846624,-0.0180959432,0.0039121128,0.0039153865,0.0185169452
3.92403678e-07,0.0182058513,-0.00255513983,0.000376054377,-0.0821075067,-0.0180891102,0.00328113586,0.00328430027,0.018388126
3.93303196e-07,0.017628286,-0.00179139024,0.000389619847,-0.0624462962,-0.0175425488,0.00249490074,0.00249785185,0.0177233561
3.94202203e-07,0.0165702272,-0.00109234976,0.000418561132,-0.0439195633,-0.0165132905,0.00175410835,0.00175678253,0.0166114675
3.95101125e-07,0.0152853699,-0.000567675568,0.000394093455,-0.029521564,-0.0152504423,0.00117847325,0.00118086256,0.0153009836
3.96000161e-07,0.0138257602,-0.000241804053,0.0003679191,-0.0199150536,-0.0138050315,0.000794493582,0.000796602145,0.0138327683
3.96904966e-07,0.0130021852,-0.00191869459,0.000327639427,-0.0609828047,-0.0129150575,0.00243710856,0.00243931219,0.013147074
3.97806446e-07,0.0138002308,-0.00208714232,0.000371844042,-0.0659916475,-0.0137057287,0.00263733487,0.0026396659,0.0139621202
3.98701417e-07,0.0149094118,-0.00252222409,0.000412023772,-0.0779739767,-0.0147966238,0.00311642403,0.00311895907,0.0151268615
3.99603096e-07,0.0160193369,-0.00278288126,0.000412470428,-0.0855993032,-0.0158952375,0.00342125787,0.00342397213,0.0162644924
4.00504518e-07,0.0175043773,-0.00374420872,0.000356529083,-0.111106195,-0.0173406472,0.00444120215,0.00444424778,0.0179038944
4.01405401e-07,0.0183735862,-0.00329298456,0.000325966073,-0.100704744,-0.0182272051,0.00402509801,0.00402818978,0.0186691905
4.02300742e-07,0.0186068695,-0.00271580252,0.000360240025,-0.0865183622,-0.0184833829,0.00345770649,0.00346073449,0.0188074706
4.03203444e-07,0.0180380698,-0.00192738208,0.000410768553,-0.066249758,-0.0179465666,0.00264717078,0.00264999032,0.0181453987
4.04100462e-07,0.0170668811,-0.00118934875,0.00044052233,-0.0468362942,-0.0170056681,0.00187089061,0.00187345177,0.0171139428
4.0500484e-07,0.01576888,-0.000609754934,0.0004193153,-0.0310533848,-0.0157318829,0.00123985421,0.00124213539,0.0157862346
4.05903108e-07,0.0143536394,-0.000241693037,0.000384651968,-0.0204377398,-0.0143324929,0.000815492192,0.000817509592,0.0143608265
4.06802371e-07,0.0132668754,-0.00177891902,0.000351828785,-0.0577524155,-0.0131851255,0.00230802959,0.00231009662,0.0133902322
4.07704846e-07,0.0140852258,-0.00214415416,0.000376706157,-0.067697823,-0.0139882158,0.00270569787,0.00270791292,0.0142524696
4.08600812e-07,0.0151562626,-0.00258192699,0.000418601121,-0.0797087997,-0.0150408896,0.00318595058,0.00318835199,0.0153803078
4.09503599e-07,0.0164229143,-0.00288355793,0.000443137862,-0.0885146707,-0.0162944662,0.0035379928,0.00354058683,0.0166800298
4.10406528e-07,0.0177813396,-0.00393930171,0.000373121671,-0.116252951,-0.0176095864,0.00464721462,0.00465011805,0.0182162937
4.11301869e-07,0.0188807864,-0.00354353525,0.000355552766,-0.107467689,-0.0187239801,0.00429573087,0.00429870754,0.0192137231
4.12202382e-07,0.0191486701,-0.0028784622,0.000385484396,-0.0911201015,-0.0190182455,0.0036419023,0.00364480406,0.019367646
4.13101844e-07,0.0186053216,-0.0020860876,0.000434922898,-0.0707783848,-0.0185070181,0.00282843337,0.00283113539,0.0187269569
4.1400051e-07,0.0176209845,-0.00128401956,0.000448393286,-0.049752187,-0.0175555425,0.00198764391,0.00199008748,0.017673394
4.14904008e-07,0.0162936673,-0.000643625215,0.000421297096,-0.0324212275,-0.0162548959,0.00129468329,0.0012968491,0.0163118159
4.15802617e-07,0.014778439,-0.000231086742,0.000417410251,-0.0205945279,-0.0147573768,0.000821881832,0.000823781118,0.0147861385
4.16701511e-07,0.0135424016,-0.00119172863,0.000377529592,-0.043354746,-0.0134839127,0.001732327,0.00173418984,0.0135999775
4.17605662e-07,0.0142095322,-0.002137715,0.000382143364,-0.0676574558,-0.0141126803,0.00270423478,0.00270629823,0.0143745144
4.18503021e-07,0.0153430756,-0.00260875397,0.000426110404,-0.0805619061,-0.0152264805,0.00322022663,0.00322247624,0.0155691084
4.1940018e-07,0.0166487861,-0.00293513155,0.000446616963,-0.0900248066,-0.0165180949,0.00359855763,0.00360099226,0.0169114323
4.20302314e-07,0.0177525915,-0.00402123341,0.000383969891,-0.118265823,-0.0175775849,0.00472793117,0.0047306329,0.0182063796
4.21203453e-07,0.0191155449,-0.00363416178,0.000396873977,-0.109961674,-0.0189549267,0.00439567275,0.00439846694,0.0194619808
4.2210047e-07,0.0191841517,-0.00288415304,0.000412863796,-0.091292195,-0.019053471,0.00364900748,0.0036516878,0.0194041354
4.23003655e-07,0.0189565066,-0.00216777809,0.000445078796,-0.0731659234,-0.0188546554,0.00292410218,0.00292663693,0.019085243
4.23903685e-07,0.0179800168,-0.00130949984,0.000457873539,-0.0507435389,-0.0179132686,0.00202746128,0.00202974156,0.0180334534
4.24801044e-07,0.0166910812,-0.000627317349,0.000475156499,-0.0324074328,-0.0166526441,0.00129428079,0.00129629731,0.0167096228
4.25704968e-07,0.0150996065,-0.000197856687,0.000428055675,-0.020081941,-0.0150796162,0.000801521632,0.000803277642,0.0151069684
4.26602725e-07,0.0135668255,-0.000520945468,0.000400030374,-0.0266167093,-0.0135351413,0.00106305709,0.00106466837,0.0135827156
4.27503807e-07,0.0130897881,-0.00189985195,0.000384358427,-0.06058814,-0.0130033439,0.00242178419,0.0024235256,0.0132325252
4.28404519e-07,0.014395196,-0.0026698953,0.000380457117,-0.0811345577,-0.014276914,0.00324341397,0.00324538231,0.0146456395
4.29301679e-07,0.0158328954,-0.0029490802,0.000409309432,-0.0895503834,-0.015702299,0.00357986819,0.00358201534,0.0161104061
4.30203329e-07,0.016892368,-0.00370047335,0.00033799294,-0.109384499,-0.0167308764,0.00437302791,0.00437537998,0.0172962377
4.31101455e-07,0.0179491267,-0.00292166253,0.000366200984,-0.0909860209,-0.0178179339,0.00363709913,0.00363944083,0.0181890451
4.32002309e-07,0.0174637679,-0.0019897914,0.000393412862,-0.0672176704,-0.0173702283,0.00268656423,0.00268870682,0.0175811613
4.3290521e-07,0.0164790619,-0.00127295661,0.000430600281,-0.0483211614,-0.0164149757,0.00193092509,0.00193284646,0.0165337629
4.33805639e-07,0.0154138133,-0.000769357837,0.000422754907,-0.0346714295,-0.0153707178,0.00138513056,0.00138685718,0.0154387912
4.34701775e-07,0.0144609399,-0.0003799806,0.000421721954,-0.0239881109,-0.0144341775,0.000957960015,0.000959524438,0.0144720772
4.35604733e-07,0.0128200436,-0.000328814844,0.000386553991,-0.021064721,-0.0127966398,0.000841216835,0.000842588842,0.0128300842
4.36500869e-07,0.0104863541,0.000627880392,0.000313252909,0.00517561473,-0.0105030747,-0.000208035835,-0.000207024589,0.0105098042
4.37401752e-07,0.00948038884,-0.000364173029,0.000322043052,-0.0186007954,-0.0094582425,0.000742996167,0.000744031817,0.009492845
4.38300248e-07,0.00713491207,-9.20530365e-05,9.62194317e-05,-0.00945157185,-0.00712552376,0.000377299787,0.000378062874,0.00713615458
4.39204797e-07,0.00201413734,-0.000560452288,2.68008953e-05,-0.0160219707,-0.00199011413,0.000640547998,0.000640878826,0.002090831
4.40105566e-07,-0.000759151764,-0.000642628525,2.9291748e-06,-0.0152937472,0.000784242811,0.000611756518,0.000611749887,0.00099463129
4.41001617e-07,-0.00203403062,-0.00171525194,9.02807824e-06,-0.0408130512,0.0021009954,0.00163254039,0.00163252205,0.00266072383
4.41904461e-07,0,0,0,0,-0,-0,-0,0
4.42803753e-07,0,0,0,0,-0,-0,-0,0
4.43702675e-07,0,0,0,0,-0,-0,-0,0
4.44601596e-07,0,0,0,0,-0,-0,-0,0
4.45500348e-07,0,0,0,0,-0,-0,-0,0
4.46405892e-07,0,0,0,0,-0,-0,-0,0
4.47301147e-07,0.00044812556,-0.000164528887,-2.99993576e-06,-0.00455938186,-0.000441187707,0.000182317524,0.000182375275,0.000477383778
4.48204247e-07,0.00164649868,-0.000603386317,1.25440965e-05,-0.0167239513,-0.00162105264,0.000668746059,0.000668958053,0.00175362206
4.49106011e-07,0.0026541485,-0.00096903235,6.78712559e-06,-0.0268684011,-0.0026132745,0.00107439486,0.00107473604,0.0028255219
4.50002887e-07,0.00375442277,-0.00136210292,1.3757649e-05,-0.0377907902,-0.00369695004,0.00151115025,0.00151163161,0.00399389584
4.50902121e-07,0.00489021605,-0.00176104554,4.66408273e-05,-0.0488954522,-0.00481588136,0.00195519337,0.00195581809,0.00519785242
4.51803373e-07,0.00551766856,-0.00196760544,6.96116476e-05,-0.0546845123,-0.00543457178,0.00218667945,0.00218738049,0.00585841132
4.52705507e-07,0.00673892163,-0.00238476461,0.000123341379,-0.0663298741,-0.00663816606,0.00265234204,0.00265319496,0.00714950208
4.5360045e-07,0.00744137727,-0.00261147553,0.000146227074,-0.0726975054,-0.00733099379,0.00290696235,0.00290790021,0.00788766648
4.54506022e-07,0.00821551308,-0.00286448328,0.00019317196,-0.0797939152,-0.00809439277,0.0031907249,0.00319175661,0.00870271423
4.55401732e-07,0.00886034593,-0.00306691462,0.000241372007,-0.0854972452,-0.00873061472,0.00341878075,0.00341988981,0.00937923002
4.56306793e-07,0.00823975634,-0.00195729779,0.000209177335,-0.0571535416,-0.00815489438,0.00228523453,0.00228614166,0.00847162052
4.57205431e-07,0.00867600925,-0.00286361948,0.000217418623,-0.0802335814,-0.00855455513,0.00320827672,0.00320934325,0.00913896733
4.58104665e-07,0.00862198044,-0.000370426133,0.000165280333,-0.0178906061,-0.00860027068,0.000714917088,0.000715624243,0.00863151665
4.59002877e-07,0.00939392205,-0.00139755942,0.000209078018,-0.0443250202,-0.00933052045,0.00177209821,0.00177300081,0.00949961354
4.59901969e-07,0.00999398902,-0.00173935713,6.76522468e-05,-0.0534650609,-0.00991643916,0.0021376188,0.00213860244,0.0101444446
4.60805637e-07,0.00926503446,-0.00179533544,9.30479218e-05,-0.0541332923,-0.00918582915,0.00216440192,0.00216533169,0.00943783613
4.61701319e-07,0.0101110516,-0.00212224433,0.00016423098,-0.0631477609,-0.0100180967,0.00252488098,0.00252591044,0.0103326791
4.62604731e-07,0.00887035951,-0.00159500656,0.000194337685,-0.0487328246,-0.00879948092,0.00194845049,0.00194931298,0.00901471524
4.63505643e-07,0.00834070519,-0.00173323078,0.00014407032,-0.0516557284,-0.00826472277,0.00206538362,0.00206622913,0.00852010611
4.64402177e-07,0.00840470009,-0.00178727985,0.000197936912,-0.0530701391,-0.00832650509,0.00212194858,0.00212280557,0.00859491314
4.65304169e-07,0.0084446501,-0.0018012654,0.000193556785,-0.0534595177,-0.00836586388,0.00213752052,0.00213838071,0.00863678971
4.66203403e-07,0.00851545669,-0.00182067289,0.000222344621,-0.0540152676,-0.00843583774,0.00215974398,0.00216061071,0.00871075712
4.67103604e-07,0.00863444526,-0.00184277981,0.000229242563,-0.0546867214,-0.00855384708,0.0021865915,0.00218746886,0.00883187604
4.68001076e-07,0.00868458953,-0.00184370321,0.000250211509,-0.0547600053,-0.00860391432,0.0021895194,0.00219040021,0.00888166328
4.68902215e-07,0.00990718696,-0.00230135955,0.000256692525,-0.0674177185,-0.00980723243,0.00269570052,0.00269670874,0.0101742076
4.69800369e-07,0.0109652821,-0.00269501307,0.000264512608,-0.0783117339,-0.0108487393,0.00313135168,0.00313246936,0.01129471
4.70705231e-07,0.012036873,-0.00309423893,0.000299617066,-0.0893584564,-0.0119035083,0.0035731104,0.00357433826,0.01243183
4.71605006e-07,0.0130303893,-0.00220754812,0.000305594382,-0.0682000294,-0.012931688,0.00272685891,0.00272800118,0.0132195954
4.72503359e-07,0.0132791614,-0.00264092023,0.000291425618,-0.0792758688,-0.0131629309,0.00316983259,0.00317103475,0.0135423601
4.73404782e-07,0.0136364279,-0.00311237737,0.000254940154,-0.0914118141,-0.0135010583,0.00365519947,0.00365647256,0.0139894265
4.743018e-07,0.0145428935,-0.00354811689,0.000289971853,-0.103205249,-0.0143893739,0.0041268394,0.00412820995,0.0149722733
4.75204786e-07,0.0147942035,-0.00378024462,0.000342694781,-0.10925585,-0.0146312002,0.00436883117,0.00437023401,0.0152733803
4.76103168e-07,0.0141147766,-0.00370087707,0.000265058974,-0.106592238,-0.0139554907,0.00426235729,0.00426368952,0.0145943025
4.77006438e-07,0.0117228972,-0.00382169546,0.000391659472,-0.107213944,-0.0115606931,0.00428742936,0.00428855777,0.0123363314
4.77906383e-07,0.0124534853,-0.00396276219,0.000454513734,-0.111469351,-0.0122850556,0.00445759899,0.00445877403,0.0130766725
4.78803372e-07,0.0112555856,-0.00230869418,0.000305228401,-0.0689459294,-0.0111542592,0.00275695084,0.00275783718,0.0114939741
4.79703374e-07,0.00983943883,-0.00257763756,0.000271149824,-0.0742473006,-0.00972849032,0.00296904833,0.00296989202,0.010175082
4.80603546e-07,0.0105046853,-0.00278399116,0.000218983609,-0.0800685436,-0.0103849528,0.00320183964,0.00320274174,0.0108695434
4.81504458e-07,0.0120024877,-0.00316313724,0.000201756106,-0.0910401121,-0.0118663952,0.00364057856,0.00364160448,0.0124139378
4.82402754e-07,0.009584249,-0.00234602764,0.000202575291,-0.0682050586,-0.00948276654,0.00272741881,0.00272820234,0.00986928119
4.83300084e-07,0,0,0,0,-0,-0,-0,0
4.84206282e-07,0,0,0,0,-0,-0,-0,0
4.85102305e-07,0,0,0,0,-0,-0,-0,0
4.86000658e-07,0,0,0,0,-0,-0,-0,0
4.86905208e-07,0,0,0,0,-0,-0,-0,0
4.87801799e-07,0,0,0,0,-0,-0,-0,0
4.88700266e-07,0,0,0,0,-0,-0,-0,0
4.89605611e-07,0,0,0,0,-0,-0,-0,0
4.90504078e-07,0,0,0,0,-0,-0,-0,0
4.91402488e-07,0,0,0,0,-0,-0,-0,0
4.92300956e-07,0,0,0,0,-0,-0,-0,0
4.93206244e-07,0,0,0,0,-0,-0,-0,0
4.94104881e-07,0,0,0,0,-0,-0,-0,0
4.95003405e-07,0,0,0,0,-0,-0,-0,0
4.95901702e-07,0,0,0,0,-0,-0,-0,0
4.9680034e-07,0.00105682109,-0.00038830869,4.30294858e-06,-0.0107583338,-0.00104044754,0.000430259656,0.000430333354,0.00112590984
4.9770199e-07,0.00238993019,-0.000875894679,5.57082512e-06,-0.0242732987,-0.00235299205,0.000970765773,0.000970931947,0.00254538579
4.986004e-07,0.00345355761,-0.00125797349,3.62257451e-05,-0.0348827876,-0.00340048961,0.00139507272,0.0013953115,0.00367571351
4.99501539e-07,0.00454908935,-0.00164962502,4.93053667e-05,-0.045763351,-0.00447948316,0.00183022055,0.00183053404,0.00483920527
5.00401541e-07,0.0053308676,-0.00192422303,5.85644812e-05,-0.0534056909,-0.00524965508,0.00213586171,0.00213622764,0.00566782264
5.01306772e-07,0.0063618063,-0.00228503998,7.42233096e-05,-0.0634512827,-0.00626534031,0.00253761659,0.00253805131,0.00676014025
5.02200123e-07,0.0077595925,-0.00276062917,0.00013409552,-0.0767311305,-0.00764298993,0.0030687219,0.00306924522,0.00823713122
5.03102399e-07,0.00838001817,-0.00295879669,0.000150129636,-0.0823025554,-0.00825499474,0.00329154131,0.00329210222,0.00888829125
5.04003367e-07,0.00939083006,-0.00329197966,0.000217408975,-0.0916375667,-0.00925167432,0.00366487947,0.00366550267,0.00995349617
5.04900356e-07,0.010071462,-0.00349881081,0.000242894253,-0.0974856615,-0.00992349081,0.00389876319,0.00389942646,0.0106646623
5.05804564e-07,0.0111071579,-0.00382780307,0.000286222552,-0.106740825,-0.0109452021,0.00426890909,0.004269633,0.0117517214
5.06705021e-07,0.0112289563,-0.00343821174,-7.29789172e-05,-0.0971290246,-0.0110824825,0.00388450003,0.00388516098,0.0117437679
5.07605762e-07,0.011735335,-0.0039298716,5.97870494e-05,-0.109918743,-0.011568795,0.00439601635,0.00439674973,0.0123760071
5.0850042e-07,0.0118049048,-0.00172313943,-7.81822164e-05,-0.0548563078,-0.0117265549,0.00219383139,0.00219425231,0.0119302598
5.09406107e-07,0.0123362774,-0.00211751019,0.000156661976,-0.0652402714,-0.0122417319,0.00260913592,0.00260961086,0.0125176728
5.10300197e-07,0.0124726323,-0.00236825203,0.000195297456,-0.0716408119,-0.0123679507,0.00286512994,0.00286563247,0.0126969806
5.11201335e-07,0.0120930951,-0.00245766249,0.000204635944,-0.07349471,-0.0119851416,0.00293929144,0.0029397884,0.0123419986
5.12104464e-07,0.0108226873,-0.00228940067,0.000228065081,-0.0680205226,-0.0107224787,0.00272036145,0.0027208209,0.0110645348
5.13000998e-07,0.0104079824,-0.00215190928,0.000226749136,-0.0641708449,-0.0103136037,0.00256639627,0.00256683379,0.0106305327
5.13903672e-07,0.0100131501,-0.00204728683,0.000221363734,-0.06116217,-0.00992327096,0.00244606843,0.0024464868,0.0102226982
5.14800604e-07,0.0104154693,-0.00226199836,0.000236509572,-0.0669285357,-0.0103166822,0.00267669669,0.00267714143,0.0106608899
5.1570521e-07,0.00872725155,-0.00129897136,7.10991444e-05,-0.0411804542,-0.00866832568,0.0016469293,0.00164721817,0.00882367845
5.16602768e-07,0.00699982326,-0.00134275598,-3.42052516e-07,-0.0405469723,-0.00694052824,0.00162160019,0.00162187889,0.00712744831
5.17500268e-07,0.00722811883,-0.00142975908,0.000110961744,-0.0429489277,-0.007165162,0.00171766309,0.00171795711,0.00736900437
5.18403056e-07,0.00789208338,-0.00165851892,0.000137988551,-0.0493280999,-0.00781944748,0.00197279144,0.001973124,0.00806564975
5.19306525e-07,0,0,0,0,-0,-0,-0,0
5.20205617e-07,0,0,0,0,-0,-0,-0,0
5.2110272e-07,0,0,0,0,-0,-0,-0,0
5.22006076e-07,0,0,0,0,-0,-0,-0,0
5.22903804e-07,0,0,0,0,-0,-0,-0,0
5.23802328e-07,0,0,0,0,-0,-0,-0,0
5.24700908e-07,0,0,0,0,-0,-0,-0,0
5.25606197e-07,0,0,0,0,-0,-0,-0,0
5.26503527e-07,0.00135072262,-0.000495627464,-1.16112924e-05,-0.0137322918,-0.00132982238,0.000549245514,0.00054929167,0.00143883043
5.27400744e-07,0.00272646919,-0.000997524476,1.47876317e-05,-0.0276462175,-0.00268439796,0.00110575625,0.0011058487,0.00290325817
5.2830211e-07,0.00373744522,-0.00136029185,1.92958432e-05,-0.0377196781,-0.0036800585,0.00150866171,0.00150878713,0.00397734372
5.29201202e-07,0.00489049265,-0.00176894921,6.31559669e-05,-0.0490816012,-0.00481584168,0.00196310178,0.00196326405,0.00520096994
5.30102e-07,0.00590599701,-0.00212269183,7.47744707e-05,-0.0589341111,-0.00581638781,0.00235717079,0.00235736445,0.00627632157
5.31002513e-07,0.00689683482,-0.00246185833,9.40650862e-05,-0.0683977902,-0.00679287001,0.00273568893,0.00273591161,0.00732365518
5.31900298e-07,0.00683666347,-0.00242112274,0.000106918866,-0.0673199147,-0.00673437578,0.00269257972,0.00269279659,0.00725349808
5.32804961e-07,0.00843451545,-0.00296989689,0.000119561417,-0.0826268941,-0.00830900453,0.00330481194,0.00330507576,0.00894290966
5.33703201e-07,0.00948678609,-0.00331417937,0.000178768445,-0.092279762,-0.00934666585,0.00369089864,0.00369119048,0.0100506146
5.34600986e-07,0.0103559159,-0.00357571663,0.000193506974,-0.0996823534,-0.0102046417,0.00398698262,0.00398729414,0.010957563
5.3550599e-07,0.011455507,-0.00392180029,0.000209818303,-0.109427363,-0.0112895137,0.00437676137,0.00437709451,0.0121100447
5.36402752e-07,0.0130153988,-0.00344955316,0.000228937788,-0.0991874188,-0.0128670425,0.00396727101,0.00396749675,0.0134667158
5.37304516e-07,0.0133692883,-0.00425122911,7.98653127e-05,-0.119569711,-0.0131885905,0.00478245752,0.00478278846,0.0140291552
5.38205825e-07,0.011828444,-0.00173937494,-6.38260235e-06,-0.0552748963,-0.011749426,0.00221099523,0.00221099585,0.0119556494
5.39106111e-07,0.0127311042,-0.00215895916,0.000163244476,-0.0666593313,-0.0126345853,0.00266634061,0.00266637325,0.0129138982
5.40002986e-07,0.0134854289,-0.0025469549,0.000212935061,-0.0771063119,-0.0133727909,0.00308419093,0.00308425248,0.0137254913
5.40904466e-07,0.0125991665,-0.0022524707,0.000234648731,-0.0688633025,-0.0124990137,0.00275450124,0.0027545321,0.0128010812
5.41800318e-07,0.0121481735,-0.0023867311,0.000238078428,-0.0717670172,-0.0120430125,0.00287061934,0.00287068069,0.0123827011
5.42705664e-07,0.0119864736,-0.00243040477,0.000268686097,-0.0726965591,-0.0118796954,0.0029077918,0.00290786237,0.01223334
5.43602539e-07,0.0119627994,-0.00245578773,0.000298709201,-0.0733070076,-0.0118550251,0.00293220775,0.0029322803,0.0122159195
5.44502029e-07,0.0119910231,-0.00248014531,0.000326924521,-0.0739436969,-0.0118822522,0.00295767449,0.00295774788,0.0122491892
5.45404703e-07,0.0122494297,-0.00253564259,0.000364828389,-0.0755883604,-0.0121382328,0.00302346089,0.00302353442,0.0125144361
5.46303454e-07,0.0117464699,-0.00234020501,0.000320262188,-0.0702030584,-0.0116434907,0.00280806661,0.00280812234,0.0119815976
5.4720249e-07,0.0118849659,-0.00247372314,0.000307615031,-0.0736771598,-0.0117765367,0.0029470163,0.00294708639,0.0121435723
5.48103742e-07,0.0122787217,-0.00256839115,0.000401954865,-0.0764357075,-0.0121661917,0.00305735462,0.0030574283,0.0125509046
5.49002834e-07,0.0123525504,-0.00254401402,0.000377083838,-0.0759004727,-0.0122409363,0.00303594934,0.00303601891,0.0126174364
5.49900221e-07,0.0122795086,-0.00251794211,0.000444216013,-0.0751761049,-0.0121689955,0.0030069774,0.0030070442,0.0125428742
5.50804771e-07,0.0122502306,-0.00249672099,0.000443548925,-0.0746166483,-0.0121405896,0.00298460245,0.00298466593,0.0125099361
5.51700396e-07,0.0118372003,-0.000849856471,0.000426263578,-0.0330591537,-0.0117937466,0.00132253843,0.00132236615,0.0118753218
5.52601591e-07,0.0116281286,-0.00108651561,0.000361237122,-0.0387627706,-0.0115753783,0.00155064763,0.00155051082,0.0116843649
5.53501593e-07,0.011462112,-0.00107111316,0.000330353098,-0.0382120907,-0.0114101104,0.00152861861,0.00152848363,0.0115167889
5.5440205e-07,0.0111869527,-0.00104706688,0.000280071516,-0.0373364128,-0.0111361328,0.00149358813,0.00149345651,0.0112393372
5.55303018e-07,0.0103425533,-0.00102207856,0.000279453176,-0.0358685032,-0.0102934081,0.00143485283,0.00143474013,0.0103966892
5.56204213e-07,0.0100707822,-0.00144540833,0.000226381613,-0.0461729653,-0.0100049257,0.00184697603,0.00184691861,0.0101764978
5.57100236e-07,0.0110406252,-0.00199806131,0.00026468726,-0.0609483421,-0.0109518927,0.00243797033,0.00243793368,0.0112230884
5.58002341e-07,0.0119583411,-0.00208342192,0.000311944517,-0.0639968663,-0.0118654611,0.0025599615,0.00255987465,0.0121424824
5.58902457e-07,0.00445512356,-0.0016166406,1.9442421e-05,-0.0448373891,-0.00438691156,0.00179350488,0.00179349557,0.00473941249
5.59802288e-07,0.00632038992,-0.00227300613,7.65016594e-05,-0.0630979612,-0.00622443828,0.00252393615,0.00252391845,0.00671712276
5.60705985e-07,0.00719556026,-0.00256661396,0.00013669183,-0.0713070557,-0.0070871674,0.0028523066,0.00285228223,0.00764082975
5.61600928e-07,0.00818817969,-0.0029047071,0.000175830559,-0.0807448179,-0.00806547272,0.0032298235,0.00322979271,0.00868990946
5.62501668e-07,0.00917389616,-0.00323087629,0.000177375783,-0.0898777694,-0.00903735743,0.00359514993,0.00359511077,0.00972781551
5.63401386e-07,0.0100052757,-0.00349554,0.000254242041,-0.0973200053,-0.00985748825,0.00389284826,0.00389280021,0.0106013669
5.64305083e-07,0.0106700966,-0.00369399926,0.000323167187,-0.102941945,-0.0105138411,0.00411773451,0.00411767781,0.0112960626
5.65201333e-07,0.0118728112,-0.00407780567,0.000326769776,-0.113731451,-0.0117002455,0.00454932968,0.00454925805,0.0125578232
5.66100198e-07,0.0135266492,-0.00462986203,0.000390804606,-0.129174694,-0.0133306842,0.00516708033,0.00516698778,0.014302398
5.67002473e-07,0.0141126383,-0.0042090551,0.000310508476,-0.119246259,-0.0139330324,0.00477004331,0.00476985037,0.0147302111
5.67905715e-07,0.0128449975,-0.000820281915,0.000328474765,-0.0333168395,-0.0128019203,0.00133328867,0.00133267358,0.0128753531
5.68804182e-07,0.0135309156,-0.00212885719,9.10426534e-05,-0.0666944012,-0.0134349607,0.00266824664,0.00266777605,0.013697664
5.69701967e-07,0.0134151578,-0.00230524875,0.000179971408,-0.0709855855,-0.0133122417,0.00283986803,0.00283942342,0.0136129725
5.70606687e-07,0.0135137271,-0.00255461852,0.000225448792,-0.0773138776,-0.0134007601,0.00309298005,0.00309255511,0.0137549163
5.71505154e-07,0.0132209705,-0.00265214639,0.000215993612,-0.0794581771,-0.0131043376,0.00317872276,0.00317832708,0.0134860889
5.72401802e-07,0.0129262386,-0.00261762273,0.000269583223,-0.0783013627,-0.012811222,0.00313244058,0.00313205451,0.013191371
5.73302884e-07,0.0133087113,-0.00276957452,0.000326608017,-0.082479395,-0.0131873124,0.00329956566,0.0032991758,0.0135977577
5.74204364e-07,0.0125063248,-0.00240881299,0.000338486338,-0.0726651847,-0.0123999942,0.0029070058,0.00290660739,0.0127406873
5.75101183e-07,0.0117306095,-0.00243228721,0.000365537038,-0.0724773854,-0.0116239607,0.0028994409,0.00289909542,0.011985693
5.76006244e-07,0.0115868738,-0.00240173005,0.000360210368,-0.0715704337,-0.0114815619,0.00286316029,0.00286281735,0.0118386529
5.769013e-07,0.0119599337,-0.00256469962,0.000404126418,-0.0760141388,-0.0118478064,0.00304091792,0.00304056555,0.0122385055
5.77805167e-07,0.0114794951,-0.00238170032,0.000340201572,-0.0709627718,-0.0113750701,0.00283885258,0.00283851087,0.0117288977
5.78706477e-07,0.0117781712,-0.00241913856,0.000383373874,-0.072196275,-0.0116720102,0.00288820473,0.002887851,0.0120301506
5.79601249e-07,0.0122554302,-0.00249673962,0.000478136993,-0.0746114329,-0.0121457842,0.00298482899,0.00298445731,0.0125163051
5.80503695e-07,0.0124096991,-0.0025129593,0.000481955183,-0.0751706362,-0.0122992811,0.0030072048,0.00300682545,0.0126707489
5.81400968e-07,0.0123104537,-0.00247515761,0.000519959547,-0.0741271451,-0.0122016267,0.0029654646,0.0029650858,0.0125675787
5.82303244e-07,0.0122688478,-0.0024447171,0.000520449423,-0.0733251125,-0.0121612714,0.00293338464,0.0029330045,0.012520868
5.83204724e-07,0.0117215468,-0.000901917752,0.000370689726,-0.0342337266,-0.0116761037,0.00136993316,0.00136934906,0.0117620375
5.84105237e-07,0.0114161922,-0.00123019482,0.000317705038,-0.0421303697,-0.0113578658,0.00168573671,0.00168521479,0.0114866775
5.85005068e-07,0.0117200753,-0.00157565449,0.000331000134,-0.0510644987,-0.0116476911,0.00204307214,0.00204257995,0.0118301485
5.85904729e-07,0.0120256497,-0.0019053726,0.000376169191,-0.0596067645,-0.0119398358,0.00238474623,0.00238427058,0.0121814694
5.86805982e-07,0.0126743568,-0.00251043215,0.00035603196,-0.0753699318,-0.0125638282,0.00301526317,0.00301479727,0.0129254922
5.87705756e-07,0.00764837628,-0.0014787484,-3.39017606e-06,-0.0445764139,-0.00758312423,0.00178341903,0.00178305656,0.00779001721
5.88600528e-07,0.00768227689,-0.00182710215,0.000109222361,-0.0533125438,-0.00760306729,0.00213284981,0.00213250175,0.00789731663
5.89502008e-07,0.00573638687,-0.00206318079,6.22646403e-05,-0.0572676398,-0.00564929315,0.00229092475,0.00229070559,0.00609645193
5.90406103e-07,0.00736040249,-0.00263139652,9.56829972e-05,-0.0730836019,-0.00724928716,0.00292362928,0.00292334408,0.00781721995
5.91306389e-07,0.00823386852,-0.00292115705,0.000162661556,-0.0811940953,-0.00811046717,0.00324808736,0.00324776381,0.00873820394
5.92206391e-07,0.00902111363,-0.00317914342,0.000182458214,-0.0884247646,-0.00888676587,0.00353734877,0.00353699058,0.00956664701
5.931023e-07,0.00986190978,-0.00345485704,0.00023292267,-0.0961517394,-0.00971586388,0.00384646473,0.00384606957,0.0104521555
5.94004575e-07,0.010738886,-0.00372745725,0.000243600589,-0.103837013,-0.0105812375,0.00415391658,0.00415348053,0.0113700022
5.94901906e-07,0.0126057183,-0.0043519279,0.000346375717,-0.121300414,-0.0124216044,0.0048525411,0.00485201657,0.0133402919
5.95801907e-07,0.0136937145,-0.00471010385,0.000400119752,-0.131334051,-0.0134944071,0.0052539388,0.00525336206,0.0144866487
5.96702534e-07,0.0145669859,-0.0043780338,0.000404049468,-0.123908706,-0.0143802592,0.00495705591,0.00495634824,0.0152160282
5.97605776e-07,0.0162287373,-0.00523545872,0.000261904876,-0.146987453,-0.0160063935,0.00588024732,0.00587949812,0.0170543407
5.98504755e-07,0.0158461295,-0.00275798747,0.000184967241,-0.0847093612,-0.0157231642,0.00338945755,0.00338837445,0.0160854135
5.99400437e-07,0.015867278,-0.00293855462,0.000231534941,-0.0892414749,-0.015737075,0.00357072597,0.00356965899,0.0161387491
6.00301291e-07,0.0158629306,-0.00304661505,0.000243160292,-0.0919367671,-0.0157284098,0.00367852611,0.00367747068,0.016154676
6.01205215e-07,0.0157786384,-0.00315045286,0.000258090178,-0.0944468006,-0.0156400327,0.00377891008,0.00377787203,0.0160921532
6.02103626e-07,0.0156061174,-0.00320514035,0.000248972734,-0.0956408978,-0.0154654628,0.00382665483,0.00382563591,0.0159337947
6.03004537e-07,0.0155404126,-0.00326013099,0.000350046088,-0.0969491228,-0.0153976115,0.00387897399,0.00387796491,0.0158825505
6.0390488e-07,0.0152718797,-0.00323781255,0.000380774844,-0.0961236283,-0.0151301859,0.00384593494,0.00384494513,0.0156159768
6.04805507e-07,0.013950537,-0.00227355142,0.000449314743,-0.07071504,-0.0138484602,0.00282960551,0.0028286016,0.0141417255
6.05705907e-07,0.0136421211,-0.00293935416,0.000419535587,-0.0870415419,-0.013513666,0.00348254233,0.00348166168,0.0139614928
6.066021e-07,0.0133258915,-0.00283248397,0.000432560802,-0.0840561613,-0.013201963,0.00336311181,0.00336224645,0.0136304606
6.07501534e-07,0.0133571485,-0.00283705699,0.000436290895,-0.0842015594,-0.0132330122,0.00336893112,0.00336806238,0.0136620884
6.08404434e-07,0.0134636275,-0.00283311633,0.000482441334,-0.0842093006,-0.0133395636,0.00336925164,0.00336837202,0.0137669374
6.09301935e-07,0.0134990793,-0.00286566303,0.000537562708,-0.0850577056,-0.0133736855,0.00340319,0.00340230823,0.0138103635
6.10203244e-07,0.0134562552,-0.00282577123,0.000556349813,-0.084018372,-0.0133324909,0.0033616176,0.00336073488,0.0137610069
6.11104326e-07,0.0131988199,-0.00263386569,0.000527482887,-0.0789671168,-0.0130829358,0.0031595709,0.00315868467,0.0134693851
6.12002452e-07,0.0130501706,-0.00270983111,0.000522039714,-0.0807167664,-0.0129313675,0.00322953117,0.00322867066,0.0133387654
6.1290001e-07,0.012676456,-0.000802813855,0.000414794922,-0.0326994658,-0.0126342122,0.00130909472,0.00130797863,0.0127086231
6.13803536e-07,0.0125808883,-0.00117298868,0.000365336746,-0.0418523662,-0.0125239179,0.00167515176,0.00167409465,0.0126407328
6.14702685e-07,0.0117316572,-0.0011644992,0.000339595514,-0.0407933444,-0.0116757056,0.00163270889,0.00163173378,0.0117942004
6.15602119e-07,0.0121741034,-0.00179875316,0.0003303923,-0.0570799857,-0.0120924345,0.00228414864,0.00228319943,0.0123107053
6.16502291e-07,0.0122987479,-0.00232299976,0.000338968413,-0.0703011826,-0.012196015,0.00281296035,0.0028120473,0.0125207998
6.17401156e-07,0.00954625383,-0.000763439166,0.00030636997,-0.0285911132,-0.00950808842,0.00114457683,0.00114364453,0.0095816316
6.18302636e-07,0.00948898587,-0.00190364907,5.90844029e-05,-0.0570194311,-0.00940527004,0.00228158458,0.00228077725,0.00967823453
6.19203433e-07,0.0101402299,-0.00236420496,9.55788491e-05,-0.0691745654,-0.0100375759,0.0027678149,0.00276698261,0.01041263
6.20104117e-07,0.00779052591,-0.00276123057,0.000137804935,-0.0767494515,-0.00767387455,0.00307055983,0.00306997806,0.00826653969
6.21003778e-07,0.00948161166,-0.00335128163,0.000163744175,-0.0931763202,-0.00934001186,0.0037277643,0.00372705281,0.0100577761
6.21900597e-07,0.00999471638,-0.00350589724,0.000228824123,-0.0975505188,-0.00984652318,0.00390277495,0.00390202075,0.0105942452
6.22804521e-07,0.0105776945,-0.00369130331,0.000233776751,-0.102763571,-0.0104216207,0.00411134562,0.00411054283,0.0112057125
6.23705205e-07,0.0118277492,-0.00408188952,0.000325740839,-0.113767564,-0.0116550562,0.00455160826,0.00455070257,0.0125165323
6.24602308e-07,0.013287276,-0.00455923192,0.000354085641,-0.127147645,-0.013094327,0.00508693434,0.00508590579,0.0140521769
6.25503844e-07,0.0151117574,-0.00515144411,0.000410851935,-0.143761218,-0.0148936668,0.00575163263,0.0057504487,0.0159709545
6.2640629e-07,0.0166366138,-0.00564903626,0.000512505241,-0.157712296,-0.016397405,0.00630980474,0.00630849183,0.0175770074
6.27300381e-07,0.016550051,-0.00553348335,0.000319354644,-0.154738918,-0.0163155325,0.00619088267,0.00618955672,0.0174535273
6.28203964e-07,0.0139121972,-0.00176609063,0.000309752126,-0.0579868332,-0.0138304441,0.00232101745,0.00231947333,0.0140272682
6.29100953e-07,0.0157959145,-0.00293259951,0.000128166532,-0.0890073553,-0.0156660067,0.00356192185,0.00356029421,0.0160663462
6.30000557e-07,0.0155300424,-0.00304271444,0.000161481468,-0.091493316,-0.0153959438,0.00366131664,0.00365973264,0.0158261304
6.30902719e-07,0.0161672719,-0.00336384238,0.000283153815,-0.100151002,-0.016019822,0.0040076701,0.0040060401,0.0165159405
6.31801583e-07,0.0163516514,-0.00339902844,0.000348536938,-0.101213761,-0.0162026469,0.00405020123,0.00404855043,0.0167048309
6.32703518e-07,0.0158688705,-0.0033604363,0.00030538303,-0.09976843,-0.0157217955,0.00399233387,0.0039907372,0.0162236507
6.33603861e-07,0.0139832413,-0.00288203731,0.000309715775,-0.0859372839,-0.0138568054,0.0034389125,0.00343749136,0.0142805147
6.34502726e-07,0.0142500605,-0.00307540852,0.000399558165,-0.091034241,-0.0141156785,0.00364279895,0.00364136964,0.0145836213
6.35400795e-07,0.0142552014,-0.00307925511,0.000425522478,-0.0911354274,-0.0141206614,0.00364684805,0.00364541709,0.0145901902
6.36303696e-07,0.0147124156,-0.00314131496,0.000467403763,-0.0931415036,-0.0145750282,0.00372714194,0.00372566015,0.0150512956
6.37200628e-07,0.0147276781,-0.00314058852,0.000472724903,-0.0931385159,-0.0145903075,0.00372702643,0.00372554064,0.0150662294
6.38104552e-07,0.0150769707,-0.00318962708,0.000544952753,-0.094711706,-0.0149373596,0.00378999374,0.00378846824,0.0154203028
6.39003304e-07,0.0151731977,-0.00317688193,0.000561627035,-0.094489187,-0.0150340194,0.00378110684,0.00377956748,0.01551238
6.39900975e-07,0.014607898,-0.00305986241,0.000504675787,-0.0910023153,-0.0144738513,0.00364157496,0.00364009261,0.014933457
6.40802227e-07,0.0144239264,-0.00299845776,0.000513675681,-0.089284867,-0.0142924824,0.00357286252,0.00357139468,0.0147412436
6.41703821e-07,0.0144559806,-0.00282659917,0.000535534753,-0.08502312,-0.0143313836,0.00340242323,0.0034009248,0.0147394653
6.42604618e-07,0,0,0,0,-0,-0,-0,0
6.43503654e-07,0.0015146049,-0.00055737776,1.0865595e-05,-0.0154334176,-0.00149110421,0.000617499958,0.000617336705,0.00161394424
6.44404167e-07,0.00212272722,-0.000778274087,2.51783658e-05,-0.0215577222,-0.0020899066,0.000862537999,0.00086230889,0.00226104298
6.45302805e-07,0.0030656117,-0.00112502824,2.6562584e-05,-0.0311597325,-0.00301817041,0.00124672011,0.0012463893,0.00326563458
6.46206558e-07,0.00367002375,-0.00134432956,3.32430454e-06,-0.0372404903,-0.00361332928,0.00149001605,0.00148961961,0.0039084917
6.47103377e-07,0.00434135739,-0.00158352219,-6.04056595e-07,-0.0438848436,-0.00427456077,0.00175586353,0.00175539374,0.00462113913
6.48004402e-07,0.0058133686,-0.00210475246,8.76425984e-05,-0.0583727323,-0.00572455087,0.00233554163,0.00233490929,0.00618327733
6.48902301e-07,0.00730308332,-0.00261705811,8.48739219e-05,-0.0726552382,-0.00719258722,0.00290701018,0.00290620953,0.00775830024
6.49804974e-07,0.00870587211,-0.00309404614,0.000143426776,-0.085968852,-0.0085751795,0.00343971327,0.00343875408,0.00924044923
6.50702532e-07,0.00970134046,-0.00342032034,0.000176022615,-0.0951115116,-0.00955680409,0.00380553459,0.00380446047,0.0102881282
6.51602363e-07,0.0104597788,-0.00366866565,0.000219262816,-0.102071241,-0.0103047046,0.0040840107,0.00408284962,0.0110866657
6.5250174e-07,0.00988982059,-0.0034563865,0.000246340584,-0.0962002352,-0.00974369119,0.0038491091,0.00384800941,0.0104793054
6.53406573e-07,0.011310176,-0.0039081201,0.000271629862,-0.108900368,-0.0111448459,0.00435728042,0.00435601473,0.0119694305
6.54304131e-07,0.0128610088,-0.00443697535,0.000373947609,-0.123657055,-0.0126732896,0.00494772942,0.00494628221,0.0136100012
6.55200836e-07,0.0145887407,-0.00492994441,0.00029610889,-0.137693018,-0.014379926,0.005509395,0.00550772071,0.0154020579
6.56103509e-07,0.0158603787,-0.00536905508,0.000275561499,-0.149929747,-0.0156329872,0.0059990064,0.00599718988,0.0167467699
6.57004648e-07,0.0163218919,-0.0047917692,3.08535164e-05,-0.135966226,-0.0161172165,0.00544063789,0.00543864906,0.017010766
6.57901694e-07,0.0144004133,-0.00131452992,8.0308484e-05,-0.047178667,-0.0143363273,0.00188934137,0.00188714668,0.0144605097
6.58802833e-07,0.0147234434,-0.00274467422,0.000153620887,-0.0832304806,-0.0146019085,0.00333125947,0.00332921922,0.0149778711
6.59702437e-07,0.0142648909,-0.00286317454,0.000298260507,-0.0857343078,-0.0141389841,0.00343132779,0.00342937231,0.0145524514
6.6060295e-07,0.0144321481,-0.00299704052,0.000293845893,-0.0892451555,-0.0143007542,0.0035717752,0.00356980622,0.0147429812
6.61501133e-07,0.0144569315,-0.00258667371,0.000333929987,-0.0790171921,-0.0143419281,0.00316272771,0.00316068769,0.0146903117
6.62405625e-07,0.0135862669,-0.00250456738,0.000283449335,-0.0760991573,-0.0134752434,0.00304586976,0.00304396629,0.0138180986
6.63306025e-07,0.0121875042,-0.00213859277,0.000241662405,-0.0655632168,-0.0120922346,0.0026242523,0.00262252867,0.0123760753
6.64202901e-07,0.0107047325,-0.00205546524,0.00026044136,-0.0620102063,-0.0106139732,0.00248189622,0.00248040825,0.0109033969
6.65105006e-07,0.00940230303,-0.00198329147,0.000308961229,-0.0589103699,-0.00931547168,0.00235769689,0.00235641479,0.00961416685
6.66000119e-07,0.00887872092,-0.00182729261,0.00015321291,-0.0544917248,-0.00879854668,0.00218088511,0.00217966899,0.00906609937
6.66904214e-07,0.00909170788,-0.00188157882,0.000236796914,-0.0560599975,-0.0090091924,0.0022436451,0.0022423999,0.00928738735
6.67803249e-07,0,0,0,0,-0,-0,-0,0
6.68700409e-07,0,0,0,0,-0,-0,-0,0
6.69604333e-07,0,0,0,0,-0,-0,-0,0
6.70502743e-07,0,0,0,0,-0,-0,-0,0
6.71406042e-07,0,0,0,0,-0,-0,-0,0
6.72303599e-07,0,0,0,0,-0,-0,-0,0
6.73202067e-07,0.000390425383,-0.000142777717,1.14333425e-05,-0.00395550858,-0.000384403498,0.000158276361,0.000158220343,0.000415870385
6.74100306e-07,0.00170981174,-0.000627477304,2.86223494e-05,-0.0173776131,-0.00168335167,0.000695349622,0.000695104524,0.00182153869
6.75003776e-07,0.00299252151,-0.00109696435,9.25446238e-06,-0.0303831678,-0.00294626093,0.00121575584,0.00121532671,0.00318725609
6.75902356e-07,0.00400335388,-0.00146159122,3.14047538e-05,-0.0404984653,-0.00394170357,0.00162051356,0.00161993861,0.00426193354
6.76800767e-07,0.00567872683,-0.00167030434,0.000437256065,-0.0473803505,-0.00560739009,0.00189605678,0.00189521402,0.00593540629
6.77705373e-07,0.00636861194,-0.00229874579,8.78896972e-05,-0.0637665838,-0.00627159242,0.00255158359,0.00255066335,0.00677134956
6.78605204e-07,0.00746579329,-0.00267068995,0.00012063716,-0.0741505399,-0.00735302233,0.00296710579,0.0029660216,0.00793001939
6.79502648e-07,0.00810475927,-0.00288490998,0.000159095536,-0.0801381692,-0.0079829107,0.00320670628,0.00320552677,0.00860436748
6.80400262e-07,0.00927252602,-0.00327745103,0.000222481147,-0.0911069363,-0.0091340459,0.00364563156,0.00364427745,0.00983722125
6.81306517e-07,0.0102482988,-0.00359188695,0.000193965374,-0.0999333709,-0.010096464,0.00399883647,0.00399733484,0.0108612569
6.82203108e-07,0.0112846969,-0.00392206572,0.000265641982,-0.109213404,-0.0111188295,0.004370196,0.00436853617,0.0119497928
6.83101973e-07,0.0128531465,-0.00443235179,0.000352402887,-0.123522326,-0.0126656186,0.00494279516,0.00494089305,0.0136004892
6.84001066e-07,0.0145677384,-0.00500539411,0.000429796521,-0.139544442,-0.0143559234,0.00558394449,0.00558177769,0.0154096625
6.84901806e-07,0.015403715,-0.00527423294,0.000484519958,-0.147092476,-0.0151804806,0.00588599842,0.00588369906,0.0162888529
6.85804594e-07,0.01640632,-0.00560571998,0.000510432466,-0.156371459,-0.0161690277,0.00625731382,0.00625485837,0.017345085
6.86702265e-07,0.0170957278,-0.0044113365,0.000486234319,-0.127216727,-0.0169056467,0.00509145468,0.00508866906,0.0176623958
6.87600902e-07,0.0189425237,-0.0059597278,0.000381307618,-0.167738199,-0.0186890462,0.00671245957,0.00670952797,0.019861595
6.88505963e-07,0.0171226058,-0.00248968019,9.0880043e-05,-0.0792331323,-0.0170093489,0.00317241032,0.00316932529,0.0173029014
6.89402725e-07,0.0167496651,-0.00311870128,0.000147915198,-0.0945773795,-0.0166115524,0.00378601461,0.00378309518,0.0170381765
6.9030267e-07,0.0159849115,-0.00279363152,0.000351649331,-0.0856950581,-0.0158604098,0.00343062288,0.00342780232,0.0162310021
6.91201933e-07,0.0164123196,-0.00344767212,0.000321327243,-0.102460258,-0.0162613214,0.00410123208,0.00409841031,0.0167736081
6.92100059e-07,0.0155986184,-0.00257526734,0.00042295875,-0.0798547044,-0.015483158,0.00319698576,0.00319418818,0.0158154289
6.93004552e-07,0.0120740049,-0.00136724068,0.000353260984,-0.0461678989,-0.0120096719,0.00184897845,0.00184671596,0.0121563043
6.93902393e-07,0.0105999932,-0.000790769234,0.000439047377,-0.0302992631,-0.010559892,0.00121402337,0.00121197052,0.0106385118
6.94800462e-07,0,0,0,0,-0,-0,-0,0
6.95706603e-07,0,0,0,0,-0,-0,-0,0
6.96601376e-07,0,0,0,0,-0,-0,-0,0
6.97503879e-07,0,0,0,0,-0,-0,-0,0
6.98401493e-07,0,0,0,0,-0,-0,-0,0
6.99306213e-07,0,0,0,0,-0,-0,-0,0
7.00204112e-07,0,0,0,0,-0,-0,-0,0
7.01102636e-07,0,0,0,0,-0,-0,-0,0
7.02006275e-07,0,0,0,0,-0,-0,-0,0
7.02904458e-07,0.00122084643,-0.00044857015,6.1698338e-06,-0.0124203498,-0.00120193186,0.000497032178,0.00049681399,0.00130066108
7.03802243e-07,0.00216165581,-0.000793524086,5.32667173e-06,-0.0219736509,-0.00212819421,0.000879332528,0.000878946036,0.00230270812
7.04700767e-07,0.0030680811,-0.00112367235,9.61172464e-06,-0.0311228763,-0.00302069206,0.00124546405,0.00124491505,0.00326739248
7.05606169e-07,0.00389787694,-0.00142559351,2.95512782e-05,-0.0394907184,-0.00383775052,0.00158032669,0.00157962874,0.00415049814
7.06499975e-07,0.00519034918,-0.00188864488,1.3085757e-05,-0.0523440391,-0.00511067181,0.00209469278,0.00209376156,0.00552330294
7.07404411e-07,0.00601343345,-0.00214315159,3.77761644e-05,-0.0595206022,-0.00592292014,0.0023819105,0.00238082409,0.00638403537
7.08302196e-07,0.00805962272,-0.00287896092,0.000118706899,-0.0799374953,-0.00793804815,0.00319895701,0.00319749981,0.00855920707
7.09206631e-07,0.00921499729,-0.00326176221,0.000152232242,-0.0906495601,-0.00907719058,0.00362765475,0.0036259824,0.00977642278
7.10102654e-07,0.00954862684,-0.00337210298,0.000215117921,-0.0937378705,-0.0094061408,0.00375124888,0.00374951482,0.0101288513
7.11000837e-07,0.0100733908,-0.00354220206,0.000241532252,-0.0985091254,-0.00992368285,0.00394219687,0.00394036502,0.0106807647
7.11901009e-07,0.0111348433,-0.00388538651,0.000266387244,-0.108138077,-0.0109705626,0.00432755359,0.00432552308,0.0117962675
7.12800443e-07,0.0128722955,-0.00444648322,0.000339287188,-0.123883039,-0.0126841871,0.00495768103,0.00495532155,0.0136228602
7.13704367e-07,0.0148185417,-0.00509442994,0.000413588074,-0.142005205,-0.0146029656,0.00568293856,0.00568020821,0.0156752496
7.14604994e-07,0.0160789359,-0.00549981091,0.000458889379,-0.153385639,-0.0158461407,0.00613839759,0.00613542557,0.0169997259
7.15500278e-07,0.0175492093,-0.00600487506,0.000546253519,-0.167465001,-0.0172950408,0.006701853,0.00669860005,0.0185561759
7.16406134e-07,0.0192434471,-0.00657551503,0.000600475294,-0.183405325,-0.0189651039,0.00733978795,0.00733621299,0.0203447346
7.17300907e-07,0.0190927554,-0.00591700245,0.000402379956,-0.166803241,-0.0188408662,0.00667577605,0.00667212963,0.0199926521
7.18200511e-07,0.0179700106,-0.00284561282,9.73110582e-05,-0.0889523476,-0.0178418424,0.00356194539,0.00355809391,0.0181941821
7.19104207e-07,0.0173221063,-0.00328682596,0.000198246358,-0.0993316248,-0.0171768125,0.00397689635,0.00397326499,0.0176322969
7.20002561e-07,0.0174272489,-0.00347850658,0.000309951196,-0.104224779,-0.0172742058,0.00417262823,0.00416899115,0.0177737188
7.20900118e-07,0.0173174255,-0.00348040741,0.000328828231,-0.10416308,-0.0171643942,0.00417013577,0.00416652322,0.0176667651
7.21801257e-07,0.0172487143,-0.0036338158,0.000326630456,-0.107927263,-0.0170896033,0.00432067373,0.00431709051,0.017630356
7.22701145e-07,0.0160918813,-0.00248718797,0.000438859744,-0.0781305134,-0.0159795485,0.00312870211,0.00312522054,0.0162888719
7.2360541e-07,0.0132347662,-0.00175376795,0.000291998993,-0.0569675528,-0.0131540478,0.00228161461,0.00227870211,0.0133536513
7.24504332e-07,0.0113291228,-0.00118847482,0.000482824253,-0.0409505107,-0.0112725344,0.00164056825,0.00163802043,0.0114015181
7.25401094e-07,0.0101984302,-0.00016785253,0.000434852176,-0.0143277366,-0.0101835602,0.000575546697,0.000573109463,0.0102090768
7.26301039e-07,0.00845817011,-0.000620587671,0.000458962313,-0.0239094906,-0.00842658759,0.000958327858,0.000956379622,0.00849331602
7.27200984e-07,0,0,0,0,-0,-0,-0,0
7.28100815e-07,0,0,0,0,-0,-0,-0,0
7.29000476e-07,0,0,0,0,-0,-0,-0,0
7.2990548e-07,0,0,0,0,-0,-0,-0,0
7.30803322e-07,0,0,0,0,-0,-0,-0,0
7.31702016e-07,0,0,0,0,-0,-0,-0,0
7.32606679e-07,0.00126051414,-0.000462434575,-1.78735281e-05,-0.0128050428,-0.00124101341,0.000512471798,0.000512201712,0.0013427811
7.33502645e-07,0.00249452563,-0.000915176526,6.35942524e-06,-0.0253416095,-0.00245593298,0.0010141989,0.00101366438,0.00265711246
7.34403557e-07,0.00376730203,-0.00138045428,3.79772246e-05,-0.0382298492,-0.00370908514,0.00153000197,0.00152919397,0.00401243827
7.35301739e-07,0.00465532206,-0.00170061807,2.68211952e-05,-0.0471105427,-0.00458359171,0.00188542099,0.00188442171,0.00495629344
7.36200604e-07,0.0058492152,-0.00212509325,3.37332676e-05,-0.0589010455,-0.00575955539,0.00235729962,0.00235604182,0.00622338153
7.37102994e-07,0.00711517921,-0.00256492523,0.00011598452,-0.0711467415,-0.00700691817,0.00284740485,0.00284586966,0.00756426262
7.38001006e-07,0.00812598784,-0.00290786405,0.000109493267,-0.0807183534,-0.00800320436,0.00323049091,0.00322873414,0.00863130004
7.38902202e-07,0.00918607507,-0.0032596814,0.000123534468,-0.0905606896,-0.0090483747,0.00362441903,0.00362242758,0.00974806436
7.39805898e-07,0.0101842666,-0.00358839775,0.000248328404,-0.099764429,-0.0100326226,0.00399278946,0.00399057716,0.0108008125
7.40704309e-07,0.0113046197,-0.00395387271,0.000196987632,-0.1100078,-0.0111374645,0.00440277425,0.00440031201,0.0119777436
7.41601127e-07,0.0126297371,-0.00438644318,0.000316901453,-0.122130819,-0.0124442238,0.00488798927,0.00488523275,0.0133735399
7.42505279e-07,0.0142893773,-0.00487471465,0.000354411197,-0.135979071,-0.0140830107,0.00544223808,0.00543916285,0.015102144
7.43405053e-07,0.0152351176,-0.00525300717,0.00038988312,-0.14636752,-0.0150128669,0.00585804753,0.0058547008,0.0161200156
7.44300792e-07,0.0162696037,-0.00555913057,0.000372318551,-0.155042648,-0.0160342839,0.00620529448,0.00620170593,0.0171971672
7.45206592e-07,0.0179280043,-0.0060987887,0.000381437712,-0.170171827,-0.0176697773,0.00681083927,0.00680687308,0.018940804
7.46104661e-07,0.0197233725,-0.00670116395,0.000388000131,-0.187003836,-0.0194396209,0.00748452827,0.00748015344,0.0208342882
7.47001764e-07,0.0200999267,-0.00630317722,3.98935699e-05,-0.177434191,-0.0198317891,0.00710191803,0.00709736764,0.021065106
7.47901083e-07,0.0206956752,-0.00685118139,0.000173466586,-0.191716745,-0.0204051466,0.00767330744,0.00766866982,0.0218009116
7.48803984e-07,0.0167623721,-0.0026847336,0.000315168931,-0.0837174132,-0.0166416033,0.0033529022,0.00334869653,0.0169789353
7.49700575e-07,0.0169854257,-0.00284993113,0.000381885009,-0.0880660191,-0.0168578723,0.00352688735,0.00352264076,0.01722709
7.50605523e-07,0.0163966473,-0.00292377686,0.000405036786,-0.089326404,-0.0162666119,0.00357712916,0.00357305616,0.0166602092
7.51502512e-07,0.0158852898,-0.00312776631,0.00043464941,-0.0939151794,-0.0157475059,0.00376050659,0.00375660717,0.0161961191
7.52403196e-07,0.0155387921,-0.00334633561,0.000478174537,-0.0990318134,-0.015392545,0.00396504485,0.00396127254,0.0159022223
7.53304903e-07,0,0,0,0,-0,-0,-0,0
7.54205018e-07,0,0,0,0,-0,-0,-0,0
7.55102747e-07,0,0,0,0,-0,-0,-0,0
7.56006102e-07,0,0,0,0,-0,-0,-0,0
7.5690383e-07,0,0,0,0,-0,-0,-0,0
7.57806504e-07,0,0,0,0,-0,-0,-0,0
7.58704061e-07,0,0,0,0,-0,-0,-0,0
7.59602131e-07,0,0,0,0,-0,-0,-0,0
7.60500825e-07,0,0,0,0,-0,-0,-0,0
7.61404181e-07,0.000457356306,-0.000168203973,1.64390872e-06,-0.00465611508,-0.000450264104,0.000186358802,0.000186244603,0.000487309008
7.62300374e-07,0.00168694393,-0.000619615952,-2.8552952e-08,-0.017153969,-0.00166081652,0.00068658009,0.000686158761,0.00179713765
7.63205378e-07,0.00272243097,-0.00099848723,2.25236527e-05,-0.027646916,-0.00268032448,0.00110655675,0.00110587664,0.00289984732
7.64103902e-07,0.00383757195,-0.00140547915,2.37785116e-05,-0.0389214419,-0.00377829812,0.00155781687,0.00155685768,0.0040869176
7.65003051e-07,0.0051174257,-0.00186983834,4.29523025e-05,-0.0517926216,-0.00503855871,0.00207298511,0.00207170486,0.0054485031
7.65903451e-07,0.00612991583,-0.00222756015,7.14535781e-05,-0.0617343336,-0.0060359339,0.00247090959,0.00246937335,0.00652249936
7.66802543e-07,0.007504676,-0.00270730699,8.08933983e-05,-0.0750840604,-0.00739040966,0.00300524843,0.00300336242,0.00797848462
7.67705274e-07,0.00840709358,-0.0030117603,0.000116726718,-0.0835857168,-0.00827993052,0.00334554529,0.00334342867,0.00893104405
7.68603286e-07,0.00951208081,-0.00337744225,0.000151445623,-0.0938180685,-0.00936941049,0.00375512243,0.00375272274,0.0100950351
7.69506755e-07,0.0107639525,-0.00377813494,0.000202327588,-0.105070844,-0.0106042574,0.00420555613,0.00420283377,0.0114095536
7.70403346e-07,0.0114082796,-0.00398078142,0.000261283392,-0.1107729,-0.0112399654,0.00443380672,0.00443091601,0.012085683
7.71300563e-07,0.0117475446,-0.00407382939,0.000296081969,-0.113434158,-0.0115752381,0.00454034725,0.00453736633,0.0124373854
7.72200281e-07,0.0137569709,-0.0047477535,0.000323014014,-0.132264644,-0.0135561073,0.00529408791,0.00529058576,0.0145567767
7.73101533e-07,0.015408474,-0.00528924679,0.000318289851,-0.147431359,-0.0151846354,0.00590119058,0.00589725435,0.0162941251
7.74005173e-07,0.0164731778,-0.00556613831,0.000106659609,-0.155405194,-0.0162374149,0.0062204374,0.00621620774,0.0173884692
7.74903981e-07,0.0177848283,-0.00600939058,0.000222121642,-0.167780221,-0.0175302908,0.00671578715,0.00671120882,0.0187739775
7.75800061e-07,0.0193855949,-0.00651950482,0.000336829748,-0.182112619,-0.0191093778,0.00728950695,0.00728450477,0.020455285
7.76700801e-07,0.0199771244,-0.00602775393,0.000147793151,-0.170413509,-0.019720099,0.00682180427,0.00681654036,0.0208672269
7.77605976e-07,0.0202340037,-0.00645432202,0.000245439092,-0.181325316,-0.0199597146,0.00725830359,0.00725301266,0.0212399015
7.78506603e-07,0.0203959942,-0.0045556901,0.000625777873,-0.134050474,-0.0201975006,0.00536766826,0.00536201894,0.0209079528
7.79403422e-07,0.0170012899,-0.00230927067,0.000366531953,-0.0745582581,-0.0168953445,0.00298729376,0.00298233032,0.0171613209
7.80302912e-07,0.0178662781,-0.00315276952,0.000250776269,-0.0964902565,-0.0177259098,0.00386470821,0.00385961026,0.0181440551
7.81206381e-07,0.0181488842,-0.00512869703,0.000312659948,-0.146136954,-0.0179292738,0.00585035641,0.00584547818,0.0188622185
7.82102688e-07,0.0160372052,-0.00377189019,0.000237665387,-0.110144027,-0.0158735418,0.00441019024,0.00440576106,0.0164765164
7.83002463e-07,0.0120447222,-0.00241575483,5.15977517e-05,-0.072302267,-0.0119384833,0.00289548291,0.00289209068,0.0122847005
7.83904682e-07,0.0121723209,-0.00255245762,-0.000227388256,-0.0758441612,-0.0120605132,0.00303717893,0.00303376645,0.0124391374
7.8480349e-07,0,0,0,0,-0,-0,-0,0
7.85705595e-07,0,0,0,0,-0,-0,-0,0
7.86606279e-07,0,0,0,0,-0,-0,-0,0
7.87503836e-07,0,0,0,0,-0,-0,-0,0
7.88402076e-07,0,0,0,0,-0,-0,-0,0
7.89303556e-07,0,0,0,0,-0,-0,-0,0
7.90201511e-07,0,0,0,0,-0,-0,-0,0
7.91101854e-07,0.000551602046,-0.00020291128,1.46254956e-06,-0.00561624719,-0.000543046537,0.000224807171,0.000224649888,0.000587741392
7.92004869e-07,0.00204898301,-0.000753793574,9.89617092e-06,-0.0208635926,-0.00201720033,0.000835128086,0.000834543705,0.00218326225
7.92903052e-07,0.00315271784,-0.00115761114,3.0471967e-05,-0.0320465192,-0.0031039039,0.00128276026,0.00128186077,0.0033586637
7.93801746e-07,0.0043466487,-0.00159261154,2.95102e-05,-0.0440979116,-0.00427948437,0.00176515721,0.00176391646,0.00462932363
7.94701123e-07,0.00577033125,-0.00210688426,2.85989463e-05,-0.0583575256,-0.0056814627,0.00233595068,0.00233430102,0.00614300431
7.95606184e-07,0.0067866696,-0.00246317685,8.59277918e-07,-0.0682664365,-0.00668274019,0.00273260097,0.00273065746,0.00721984247
7.96500331e-07,0.00799196959,-0.00288984599,6.15542012e-05,-0.0801209137,-0.00787001385,0.00320712796,0.00320483655,0.00849862204
7.97403061e-07,0.00917439815,-0.0032963159,0.000121680416,-0.0914480761,-0.00903524213,0.00366055728,0.00365792304,0.00974936336
7.98306417e-07,0.0103932424,-0.00370569038,0.000179620794,-0.10288389,-0.0102367408,0.00411834507,0.00411535561,0.0110355739
7.99200393e-07,0.0111859012,-0.00396044832,0.000157075512,-0.110034354,-0.011018578,0.00440459712,0.00440137416,0.011867359
8.00099997e-07,0.0125478087,-0.00439950777,0.000306485133,-0.122353584,-0.0123618384,0.00489776715,0.00489414334,0.0133002671
8.01003353e-07,0.0141718118,-0.0049254708,0.000326670037,-0.137103707,-0.0139635095,0.00548825226,0.00548414826,0.0150069059
8.01904264e-07,0.0153581277,-0.0053150598,0.0003550158,-0.148012757,-0.0151332971,0.00592496961,0.00592051029,0.0162557061
8.02804891e-07,0.0161689315,-0.00557954516,0.000455754256,-0.155424133,-0.0159328758,0.00622166693,0.00621696532,0.0171106219
8.03702335e-07,0.0168593172,-0.00575657235,0.000207377481,-0.160531059,-0.01661563,0.00642616058,0.00642124236,0.0178162203
8.04604497e-07,0.0181649383,-0.00615905877,0.000161948294,-0.171880513,-0.0179041116,0.00688053597,0.00687522054,0.0191813768
8.05501145e-07,0.020217998,-0.00680659385,0.000272516161,-0.190092936,-0.0199296346,0.00760965358,0.00760371745,0.0213347469
8.06405637e-07,0.0221279711,-0.00739217689,0.000283086731,-0.206615746,-0.0218146628,0.00827114677,0.00826462984,0.0233317706
8.07306378e-07,0.0225083139,-0.00691051828,0.000216431465,-0.194958851,-0.0222139626,0.00780508309,0.00779835403,0.0235462587
8.08201605e-07,0.0211450644,-0.00485654827,0.000212618892,-0.142291561,-0.0209339405,0.0056982406,0.00569166243,0.0216966591
8.09102062e-07,0.021245338,-0.0051062759,0.00057475135,-0.14862977,-0.0210241474,0.00595177835,0.00594519079,0.0218579226
8.10004508e-07,0.0214629211,-0.00508289086,0.000671434042,-0.148260981,-0.0212424916,0.00593711301,0.00593043923,0.0220667982
8.10905249e-07,0.0218222011,-0.00480479049,0.000571983517,-0.14166899,-0.0216126053,0.00567360246,0.00566675961,0.0223522177
8.11800817e-07,0.0204735082,-0.00326898601,0.000541581016,-0.101961784,-0.020326407,0.00408509313,0.00407847136,0.020739916
8.12701273e-07,0.0172304064,-0.00296633667,0.000493686122,-0.0911864415,-0.0170980021,0.0036529964,0.00364745766,0.0174908486
8.13604686e-07,0.013607597,-0.002516079,0.000102530335,-0.0763468817,-0.013496096,0.00305822514,0.00305387527,0.0138386365
8.14500936e-07,0,0,0,0,-0,-0,-0,0
8.154027e-07,0,0,0,0,-0,-0,-0,0
8.16301053e-07,0,0,0,0,-0,-0,-0,0
8.17200714e-07,0,0,0,0,-0,-0,-0,0
8.18101626e-07,0,0,0,0,-0,-0,-0,0
8.19004356e-07,0,0,0,0,-0,-0,-0,0
8.19902084e-07,0,0,0,0,-0,-0,-0,0
8.20806008e-07,0.000802497147,-0.00029521159,7.75938588e-06,-0.00817023776,-0.00079004992,0.000327066779,0.000326809511,0.00085510921
8.21702429e-07,0.00222890661,-0.000817000458,-4.18129093e-05,-0.0226191077,-0.00219445242,0.000905479437,0.00090476431,0.00237429205
8.22600157e-07,0.00317845982,-0.00116646558,-1.582859e-06,-0.0322904326,-0.00312927121,0.00129263702,0.0012916173,0.00338574236
8.2350482e-07,0.00413424755,-0.00151388533,3.38346617e-05,-0.0419168323,-0.00407040132,0.00167800019,0.00167667329,0.00440283958
8.24401752e-07,0.00559751829,-0.00204027933,7.38004019e-05,-0.0565172434,-0.00551145146,0.00226248835,0.00226068974,0.00595822098
8.25303175e-07,0.00680401921,-0.00214266637,9.75906514e-05,-0.0602699965,-0.00671289292,0.00241304067,0.00241079986,0.00713408863
8.26203461e-07,0.00800221041,-0.00288373465,7.09475134e-05,-0.0799712762,-0.00788049087,0.00320143103,0.00319885105,0.00850625243
8.27103577e-07,0.00902915839,-0.00323161134,9.73303759e-05,-0.0896795392,-0.00889270604,0.00359009642,0.00358718157,0.0095905415
8.28004431e-07,0.00987318251,-0.00351478299,0.000133118665,-0.0975900665,-0.00972473119,0.00390679353,0.00390360266,0.0104809901
8.28904035e-07,0.0109641515,-0.00387189374,0.000231630314,-0.107592411,-0.0108005469,0.00430724576,0.00430369645,0.01163004
8.29801195e-07,0.0120572876,-0.00421968522,0.000298650935,-0.117364056,-0.0118789007,0.00469847282,0.00469456226,0.0127778371
8.30702049e-07,0.0133486614,-0.00463698246,0.000362475956,-0.129068464,-0.013152554,0.00516707744,0.00516273856,0.0141357616
8.316037e-07,0.014627967,-0.00505996961,0.000415654969,-0.140903026,-0.0144139214,0.00564088484,0.00563612103,0.015483975
8.32502053e-07,0.0163321849,-0.00562817371,0.000463983859,-0.156786412,-0.016094054,0.00627678497,0.00627145648,0.0172809688
8.33404897e-07,0.0183784757,-0.00630763685,0.000500914757,-0.175788015,-0.0181115367,0.00703753442,0.00703152061,0.0194372212
8.34304785e-07,0.0195411742,-0.00669332547,0.000642449304,-0.186575249,-0.0192578817,0.00746941007,0.00746300995,0.0206656922
8.35201774e-07,0.0209745951,-0.00715738581,0.000683178951,-0.199588478,-0.0206715986,0.00799042076,0.0079835391,0.0221726982
8.36102117e-07,0.0217232835,-0.00708251633,6.94371374e-06,-0.198459059,-0.021422682,0.00794555071,0.00793836236,0.0228487008
8.37003313e-07,0.0219093151,-0.00658117887,0.000272621925,-0.186117634,-0.0216286131,0.00745205355,0.00744470537,0.0228780316
8.37900586e-07,0.0215516631,-0.00241938862,0.00048554744,-0.0817853138,-0.0214376743,0.00327929002,0.00327141255,0.0216924728
8.38800077e-07,0.0205730908,-0.00253689545,0.000556430139,-0.0837518498,-0.0204551857,0.00335757041,0.00335007399,0.0207363815
8.39701897e-07,0.0184188131,-0.00220761891,0.000523631752,-0.0733920187,-0.0183157988,0.00294240912,0.00293568075,0.0185580292
8.40605367e-07,0.0159984808,-0.00158190215,0.00033402181,-0.0553625114,-0.0159224245,0.00222040539,0.00221450046,0.0160799681
8.41503947e-07,0.014098851,-0.00134697044,0.000409260509,-0.0476121008,-0.014033709,0.00190969667,0.00190448403,0.0141689599
8.42401903e-07,0.0126064951,-0.00123143522,0.000566296454,-0.0432479531,-0.0125471669,0.00173457555,0.00172991812,0.0126791499
8.4330253e-07,0.0103330528,-0.000740436255,0.000525200972,-0.0287295301,-0.0102951779,0.00115305589,0.0011491812,0.0103728522
8.44203271e-07,0.00910156034,-0.000722888915,0.000295562873,-0.0270716231,-0.00906537222,0.00108627602,0.00108286493,0.00913500555
8.45105319e-07,0,0,0,0,-0,-0,-0,0
8.46004127e-07,0,0,0,0,-0,-0,-0,0
8.46903049e-07,0,0,0,0,-0,-0,-0,0
8.47800493e-07,0,0,0,0,-0,-0,-0,0
8.48704985e-07,0,0,0,0,-0,-0,-0,0
8.49603339e-07,0,0,0,0,-0,-0,-0,0
8.50501635e-07,0.000934624579,-0.000343952357,-2.41975704e-06,-0.00951798633,-0.000920122553,0.000381052246,0.000380719453,0.000995907718
8.51404366e-07,0.00198799232,-0.000730774016,-1.02558506e-05,-0.0202245004,-0.00195717897,0.000809687964,0.000808980018,0.0021180768
8.52302605e-07,0.00308503932,-0.00113090908,-1.20566747e-05,-0.0313068479,-0.00303734732,0.00125337314,0.00125227392,0.00328581319
8.53200845e-07,0.00501167122,-0.00163668802,8.44321476e-05,-0.0458490998,-0.00494221236,0.00183579223,0.00183396399,0.00527282893
8.54100676e-07,0.00592562836,-0.0021517158,5.4913603e-06,-0.05962101,-0.0058348428,0.00238695659,0.0023848404,0.00630420356
8.55006363e-07,0.00708713569,-0.00256028282,7.13317277e-05,-0.0709777549,-0.00697908273,0.00284164471,0.0028391102,0.00753575667
8.55903465e-07,0.00777566386,-0.00279199914,9.65527215e-05,-0.0774481371,-0.00765779398,0.00310070946,0.00309792548,0.0082622957
8.56801933e-07,0.00885597803,-0.00317028584,0.000130050044,-0.087968044,-0.00872211657,0.00352189461,0.00351872176,0.00940722978
8.57701366e-07,0.00984821562,-0.00349895051,0.000210313519,-0.0971610546,-0.00970041739,0.00388997531,0.00388644218,0.0104534318
8.58601425e-07,0.0112492777,-0.00395514071,0.000206330093,-0.109944612,-0.0110821161,0.00440182815,0.00439778447,0.0119261041
8.59505349e-07,0.0122757321,-0.00427434733,0.000363054482,-0.118935168,-0.0120949845,0.00476182666,0.00475740671,0.0130036707
8.60406431e-07,0.0136271138,-0.00472878013,0.000386782165,-0.131625473,-0.0134271128,0.00526993682,0.00526501894,0.0144294557
8.6130575e-07,0.0147525175,-0.00510428799,0.000368000008,-0.142120436,-0.0145365999,0.00569014846,0.00568481743,0.0156149272
8.62206548e-07,0.0162307117,-0.0055824155,0.000484733464,-0.155528277,-0.0159944918,0.00622700552,0.00622113109,0.0171707406
8.63100638e-07,0.0182893071,-0.00626459625,0.000530329824,-0.174608201,-0.0180241606,0.00699096245,0.00698432803,0.0193397304
8.64000299e-07,0.0199139901,-0.00680195354,0.000607947935,-0.189640611,-0.0196260554,0.00759285991,0.00758562446,0.0210523911
8.64905928e-07,0.0206738859,-0.00673174998,0.000114718947,-0.18863821,-0.0203881508,0.00755310023,0.00754552841,0.021742566
8.658007e-07,0.0223595761,-0.00722009316,0.000405600935,-0.202506319,-0.0220529641,0.00810846242,0.00810025275,0.0234998915
8.66703829e-07,0.0216896143,-0.00618874608,0.00101623009,-0.176075801,-0.0214247811,0.00705114897,0.00704303205,0.0225781458
8.67605479e-07,0.0198591463,-0.00159572659,0.000751732907,-0.0595132895,-0.0197794491,0.00238860421,0.00238053158,0.0199373303
8.68501729e-07,0.0191274472,-0.00253061345,0.000699337688,-0.0821464881,-0.0190109497,0.0032934831,0.00328585953,0.0193067945
8.69403834e-07,0.0185320266,-0.00349542592,0.00066358241,-0.105662256,-0.0183774232,0.00423371335,0.00422649026,0.0188704624
8.70302983e-07,0.0174061134,-0.00370527734,0.000351541908,-0.109791338,-0.0172440188,0.0043983724,0.00439165354,0.0177995912
8.71202303e-07,0,0,0,0,-0,-0,-0,0
8.72102191e-07,0,0,0,0,-0,-0,-0,0
8.73003614e-07,0,0,0,0,-0,-0,-0,0
8.73902991e-07,0,0,0,0,-0,-0,-0,0
8.74803504e-07,0,0,0,0,-0,-0,-0,0
8.75704643e-07,0,0,0,0,-0,-0,-0,0
8.76602769e-07,0,0,0,0,-0,-0,-0,0
8.77500725e-07,0,0,0,0,-0,-0,-0,0
8.78403455e-07,0,0,0,0,-0,-0,-0,0
8.79301638e-07,0.000845254166,-0.000310957839,-5.19372861e-06,-0.00860447902,-0.000832143056,0.000344510257,0.000344179161,0.000900653295
8.80199991e-07,0.00158215885,-0.000578519132,-4.26181577e-05,-0.01601764,-0.00155775869,0.000641325857,0.0006407056,0.00168514905
8.8110437e-07,0.00275892252,-0.0010149359,-7.8860985e-06,-0.0280842688,-0.00271612907,0.00112445153,0.00112337075,0.00293969566
8.82002951e-07,0.0036434771,-0.00133782264,3.7974085e-05,-0.0370256342,-0.00358706407,0.00148245275,0.00148102537,0.00388151219
8.82901475e-07,0.0049289465,-0.00180263189,4.65431622e-05,-0.0499090739,-0.00485291781,0.00199829526,0.00199636295,0.00524844373
8.83801533e-07,0.0063640303,-0.00231513847,5.03331394e-05,-0.0641320497,-0.00626635891,0.00256777994,0.00256528199,0.00677224344
8.84700057e-07,0.00758166006,-0.002742843,5.50355071e-05,-0.0760213584,-0.00746591107,0.00304383456,0.00304085433,0.00806274059
8.85602844e-07,0.00890321005,-0.00321035832,9.72443013e-05,-0.0890080258,-0.00876770834,0.00356382382,0.00356032103,0.00946482996
8.86505461e-07,0.00969176274,-0.00347440434,0.000190556093,-0.0963843912,-0.00954507125,0.00385919232,0.00385537565,0.0102974784
8.87406031e-07,0.0107429679,-0.00382347195,0.000166455226,-0.106144555,-0.0105814766,0.00425001772,0.0042457822,0.0114042977
8.88301201e-07,0.0115818772,-0.00408769026,0.000236341424,-0.113574974,-0.011409149,0.00454757211,0.00454299897,0.0122843376
8.89203932e-07,0.0126272971,-0.00441680523,0.000316139223,-0.122830898,-0.0124405715,0.00491822946,0.0049132359,0.0133812086
8.90104616e-07,0.0142664276,-0.00497565186,0.000326820329,-0.138413131,-0.014056043,0.00554217681,0.00553652525,0.015112739
8.91004845e-07,0.0162445623,-0.00563906832,0.00044295509,-0.156942949,-0.0160060658,0.0062841669,0.00627771795,0.0172011949
8.91904392e-07,0.0178466178,-0.00616153097,0.000497567642,-0.171579525,-0.0175859469,0.00687027677,0.00686318099,0.0188868686
8.92805986e-07,0.0193006247,-0.00665813498,0.000524868956,-0.185423657,-0.0190189319,0.00742462832,0.00741694629,0.0204235248
8.93701952e-07,0.0208777059,-0.00715415739,0.000501969655,-0.199374855,-0.020574916,0.00798332038,0.00797499418,0.0220751567
8.94600134e-07,0.0226027183,-0.00770009914,0.000614203163,-0.214719415,-0.0222767167,0.00859780754,0.00858877659,0.023886223
8.95505934e-07,0.0233122967,-0.00788282324,0.000622332736,-0.219985798,-0.0229784205,0.00880876104,0.00879943192,0.0246168515
8.96401389e-07,0.0213210266,-0.00513624633,0.000330104085,-0.14939709,-0.021098577,0.00598475154,0.0059758836,0.0219334487
8.9730122e-07,0.0244969316,-0.00741853844,0.000341018196,-0.20955649,-0.0241806742,0.00839222039,0.00838225961,0.0255978644
8.98200824e-07,0.0227212496,-0.00231586606,0.000591028947,-0.0803159624,-0.0226104651,0.00322262126,0.0032126385,0.0228466132
8.99100939e-07,0.0219367724,-0.00336223817,0.000655212323,-0.105683289,-0.0217847716,0.00423678566,0.00422733158,0.0222026109
9.00001112e-07,0.0205772109,-0.00365394168,0.000626448542,-0.111627564,-0.0204146327,0.00447388788,0.00446510255,0.0209084992
9.0090407e-07,0.017658053,-0.00161952572,0.000702628691,-0.057913959,-0.0175791647,0.00232436405,0.00231655836,0.0177460808
9.01801911e-07,0.0154172489,-0.000387036736,0.000534989638,-0.0249066688,-0.0153894394,0.00100325267,0.000996266752,0.0154313828
9.02703562e-07,0.0130704138,-0.000433045701,0.00066719373,-0.0237365607,-0.0130426417,0.000955376458,0.000949462429,0.0130945941
9.03602484e-07,0.0105496515,0.000153000787,0.000376775424,-0.00660330011,-0.0105473313,0.000268995135,0.000264132004,0.0105574862
9.04501746e-07,0,0,0,0,-0,-0,-0,0
9.05403965e-07,0,0,0,0,-0,-0,-0,0
9.06301523e-07,0,0,0,0,-0,-0,-0,0
9.07206811e-07,0,0,0,0,-0,-0,-0,0
9.08104312e-07,0,0,0,0,-0,-0,-0,0
9.09001471e-07,0.000305974827,-0.000112544629,-2.93128596e-06,-0.00311399135,-0.000301229495,0.000124690335,0.000124559654,0.000326029877
9.09901416e-07,0.00151067774,-0.000556000276,2.52596692e-06,-0.015383034,-0.00148723528,0.000615966532,0.000615321361,0.00160974841
9.10805966e-07,0.00257970928,-0.000947800232,3.53978999e-06,-0.0262275245,-0.00253974389,0.00105020295,0.00104910098,0.00274831545
9.11703069e-07,0.00422942312,-0.00154837221,1.24937526e-06,-0.0428614318,-0.00416412166,0.00171626549,0.00171445727,0.00450394028
9.12601138e-07,0.00530778896,-0.00193680625,6.9738242e-05,-0.0536310337,-0.0052260917,0.00214751196,0.00214524135,0.00565054913
9.13505119e-07,0.00659221923,-0.0023970427,2.34140243e-05,-0.0663980544,-0.00649109002,0.00265874378,0.00265592217,0.00701453607
9.14400914e-07,0.00768975681,-0.00278029102,0.00010890323,-0.0770569891,-0.00757242383,0.00308557534,0.00308227956,0.00817766702
9.15300745e-07,0.00895246584,-0.00321743242,0.000159198185,-0.0892255381,-0.00881664184,0.00357286196,0.00356902152,0.00951440277
9.16203476e-07,0.0097562531,-0.00349767716,0.000145554659,-0.0970209464,-0.00960857936,0.00388502545,0.00388083786,0.0103652982
9.17106263e-07,0.0107969195,-0.00384009467,0.00010311135,-0.106603593,-0.0106347203,0.00426878462,0.00426414371,0.0114599489
9.18005242e-07,0.0102992635,-0.00363168307,0.000180372765,-0.100905098,-0.0101457966,0.0040406388,0.00403620392,0.010922293
9.18900696e-07,0.0136360815,-0.0047719893,0.000338431069,-0.1326897,-0.0134343454,0.00531347004,0.00530758798,0.0144509216
9.19801892e-07,0.0148637658,-0.00517816981,0.000430406799,-0.144050002,-0.0146448048,0.00576841993,0.00576200008,0.0157458003
9.2070087e-07,0.0160782468,-0.00558748329,0.000385116291,-0.155475482,-0.0158419461,0.00622597228,0.00621901929,0.0170258128
9.21601043e-07,0.0176365934,-0.00609616889,0.000438617746,-0.169723213,-0.0173787043,0.00679656823,0.00678892851,0.0186656125
9.22504512e-07,0.0189753342,-0.00652744621,0.000543451228,-0.181820154,-0.0186991278,0.00728103593,0.00727280617,0.0200740181
9.23403945e-07,0.0207216013,-0.00689957337,0.000129792184,-0.192841575,-0.0204291169,0.00772269749,0.00771366298,0.0218404606
9.24301503e-07,0.0223227702,-0.00731476583,0.000243393515,-0.204795569,-0.0220124018,0.00820158751,0.00819182277,0.0234919371
9.2520304e-07,0.0233369302,-0.00758875348,0.000611764379,-0.212642238,-0.0230147939,0.00851591158,0.0085056895,0.0245474183
9.26103382e-07,0.0233041849,-0.00694706384,0.00121669576,-0.196577296,-0.0230077356,0.00787342577,0.00786309183,0.0243480405
9.27000372e-07,0.0216508787,-0.00573772006,0.0010255212,-0.164730147,-0.0214041127,0.00659893472,0.00658920586,0.0224217233
9.27901851e-07,0.0184902363,-0.00105193385,0.000457086833,-0.0445395708,-0.0184333799,0.00179050466,0.00178158283,0.0185257747
9.28803502e-07,0,0,0,0,-0,-0,-0,0
9.2970123e-07,0,0,0,0,-0,-0,-0,0
9.30604415e-07,0,0,0,0,-0,-0,-0,0
9.31501461e-07,0,0,0,0,-0,-0,-0,0
9.3240368e-07,0,0,0,0,-0,-0,-0,0
9.33306126e-07,0,0,0,0,-0,-0,-0,0
9.34200671e-07,0,0,0,0,-0,-0,-0,0
9.35105845e-07,0,0,0,0,-0,-0,-0,0
9.36001868e-07,0,0,0,0,-0,-0,-0,0
9.36905394e-07,0,0,0,0,-0,-0,-0,0
9.37803236e-07,0.000229657933,-8.45194372e-05,1.07038659e-06,-0.00233823666,-0.000226094355,9.36356985e-05,9.35294665e-05,0.000244719119
9.38701817e-07,0.000663113431,-0.000243376504,-1.27059047e-05,-0.0067348117,-0.000652850547,0.000269699293,0.000269392468,0.000706479289
9.39606309e-07,0.00178608741,-0.000657452445,-5.9087447e-06,-0.0181881208,-0.00175836764,0.000728350999,0.000727524832,0.00190325691
9.40502218e-07,0.00282184174,-0.00103797205,2.98008672e-06,-0.0287169982,-0.00277807676,0.00114998535,0.00114867993,0.00300669015
9.4140421e-07,0.0043509244,-0.00159438851,4.14932911e-05,-0.0441272408,-0.00428368559,0.00176710374,0.00176508963,0.00463404138
9.42306599e-07,0.00601305068,-0.00219142833,-9.61692695e-06,-0.0606836639,-0.00592060712,0.00243013331,0.00242734656,0.00639993977
9.43201997e-07,0.00686212815,-0.00240695197,8.12452272e-05,-0.0669060647,-0.00676038678,0.0026794386,0.00267624259,0.0072724701
9.44102396e-07,0.00823910628,-0.00297118933,0.000111740614,-0.0823616013,-0.00811369999,0.00329828907,0.00329446405,0.00875918513
9.45000011e-07,0.00903736241,-0.00325004105,0.000103828177,-0.0901160315,-0.00890016651,0.00360883946,0.00360464126,0.00960455446
9.45903594e-07,0.00957829505,-0.0034335712,0.00014645535,-0.0952350572,-0.00943332721,0.00381385435,0.00380940229,0.0101761779
9.46806097e-07,0.0105619486,-0.00375927612,0.000208005469,-0.104343027,-0.0104031693,0.0041786344,0.00417372108,0.0112129471
9.47704393e-07,0.0120894676,-0.0042570103,0.000277492916,-0.118285537,-0.0119095623,0.0047370549,0.00473142147,0.0128200767
9.48605134e-07,0.0139838737,-0.00488775317,0.000303744921,-0.135912985,-0.01377723,0.00544304928,0.00543651938,0.0148165824
9.4950542e-07,0.0150116943,-0.00522611802,0.000376930955,-0.145380676,-0.0147906975,0.00582224535,0.00581522703,0.0158998538
9.5040491e-07,0.0162655767,-0.00563814864,0.000441328972,-0.15691188,-0.0160271002,0.0062840883,0.00627647519,0.0172206991
9.51302241e-07,0.0176503956,-0.00608908758,0.000554893166,-0.169544324,-0.0173927786,0.00679004452,0.00678177297,0.0186794368
9.52203891e-07,0.0193041097,-0.00662944419,0.00053292705,-0.184675992,-0.0190235614,0.00739609984,0.00738703966,0.0204176932
9.53100141e-07,0.0208142195,-0.00711315684,0.0004727286,-0.198250741,-0.0205131199,0.00793981385,0.00793002963,0.0220011865
9.54001166e-07,0.0226139389,-0.00769976992,0.000643589825,-0.214682072,-0.0222879415,0.00859792729,0.0085872829,0.0238975082
9.54902589e-07,0.0246041268,-0.00832737889,0.000679789926,-0.232325524,-0.0242514398,0.00930462053,0.00929302096,0.0259840414
9.55800033e-07,0.0257101078,-0.00861309282,0.000759588147,-0.240554824,-0.0253451106,0.00963433336,0.00962219298,0.0271251172
9.5670498e-07,0.0242484938,-0.0073568779,0.000268770789,-0.207727373,-0.023934901,0.00832067431,0.00830909491,0.0253413761
9.57606062e-07,0.0249784011,-0.00782330334,0.000380195357,-0.220101699,-0.0246455724,0.00881591516,0.00880406797,0.0261776459
9.58503733e-07,0.0221616812,-0.00298203342,0.000687565072,-0.0963667482,-0.0220247047,0.00386587898,0.00385466993,0.0223719776
9.59402314e-07,0.0200873613,-0.00142620632,0.000900066458,-0.055449184,-0.0200142605,0.00222834571,0.00221796736,0.0201580324
9.60300895e-07,0.0194381084,-0.0017863597,0.000842448324,-0.063806735,-0.0193511247,0.00256224782,0.0025522694,0.0195381898
9.61203568e-07,0.0170921925,-0.00142868352,0.000484253891,-0.0525562316,-0.0170213885,0.00211104613,0.00210224926,0.0171586329
9.62104536e-07,0.0151367011,-0.00115070492,0.000333415635,-0.0436819829,-0.0150785774,0.00175509108,0.00174727932,0.0151840379
9.63002663e-07,0,0,0,0,-0,-0,-0,0
9.63902266e-07,0,0,0,0,-0,-0,-0,0
9.64805508e-07,0,0,0,0,-0,-0,-0,0
9.65702952e-07,0,0,0,0,-0,-0,-0,0
9.66601419e-07,0,0,0,0,-0,-0,-0,0
9.67501364e-07,0,0,0,0,-0,-0,-0,0
9.68405971e-07,0.000242660186,-8.92653843e-05,2.7752742e-06,-0.00246942369,-0.00023889642,9.88978008e-05,9.87769477e-05,0.000258572962
9.69302732e-07,0.00123162486,-0.000453474524,8.89728472e-06,-0.0125437593,-0.00121250555,0.000502363651,0.000501750372,0.00131248547
9.70205633e-07,0.00308485632,-0.00113442622,-4.14672422e-06,-0.0313835815,-0.00303702381,0.00125688015,0.00125534326,0.00328683412
9.71103645e-07,0.00474036811,-0.00173739006,-2.87314401e-06,-0.0480800234,-0.00466709925,0.0019255645,0.00192320094,0.00504872482
9.72003591e-07,0.00576958014,-0.00210407143,3.03213401e-05,-0.0582557917,-0.00568082467,0.00233311007,0.00233023167,0.00614134276
9.72900125e-07,0.00670892792,-0.00243618572,7.79398761e-05,-0.0674793571,-0.00660614005,0.00270252259,0.00269917428,0.00713798216
9.73803935e-07,0.00710984459,-0.0025689716,0.000113965783,-0.0711920932,-0.00700142601,0.00285123465,0.00284768373,0.00756058816
9.74700242e-07,0.00832216442,-0.00299788965,0.00014226402,-0.0831032619,-0.00819562396,0.00332828947,0.00332413048,0.00884680745
9.75604962e-07,0.0093075987,-0.00333290268,0.000111511537,-0.0924446359,-0.00916687305,0.00370244139,0.00369778544,0.00988696458
9.76505703e-07,0.0106231282,-0.00377073791,0.000176029062,-0.104680337,-0.0104638415,0.00419253354,0.00418721348,0.011273877
9.77400077e-07,0.0120760389,-0.00425125798,0.00024121358,-0.118117861,-0.0118963743,0.00473077018,0.00472471446,0.0128047684
9.78300704e-07,0.0137509033,-0.00481990539,0.000371848932,-0.133975863,-0.0135471592,0.00536593944,0.00535903454,0.0145759083
9.79204174e-07,0.0144797387,-0.00503929006,0.000383011997,-0.140175328,-0.0142666386,0.00561429427,0.00560701311,0.0153363612
9.80104801e-07,0.0150849558,-0.00522471406,0.000415010989,-0.145404488,-0.0148639566,0.00582377218,0.00581617951,0.0159695261
9.81006451e-07,0.0169414282,-0.00584395649,0.000497466885,-0.162705511,-0.0166941809,0.00651675838,0.00650822043,0.0179279472
9.81904691e-07,0.0197049361,-0.00679533742,0.000517092005,-0.189198568,-0.0194174332,0.00757788915,0.00756794274,0.0208501439
9.82805091e-07,0.0218230523,-0.00750435097,0.000595927762,-0.2090002,-0.0215055022,0.00837103762,0.008360008,0.023084974
9.83701057e-07,0.0238138996,-0.00814606994,0.000658005825,-0.226995111,-0.0234690951,0.00909185595,0.00907980442,0.0251772366
9.84603616e-07,0.0242512636,-0.00795740075,0.000184208693,-0.222712308,-0.023913654,0.00892082757,0.00890849233,0.025524066
9.8550197e-07,0.0250038523,-0.00823590253,0.000441961514,-0.230412066,-0.0246545036,0.00922920209,0.00921648264,0.0263290344
9.86401915e-07,0.0247785822,-0.00696880464,0.000486216828,-0.198532462,-0.0244800841,0.00795410934,0.00794129848,0.0257444903
9.87301291e-07,0.0254830737,-0.00810741168,0.00059993827,-0.227673709,-0.0251384799,0.00911997776,0.00910694838,0.0267484036
9.88205443e-07,0.0239114556,-0.00259485003,0.000847600575,-0.0883978009,-0.0237885627,0.00354897761,0.00353591204,0.0240667693
9.89104706e-07,0.0214447211,-0.00124474056,0.000898810278,-0.0522350483,-0.0213777913,0.00210130502,0.00208940193,0.0214996117
9.9000556e-07,0.0206125975,-0.00155137456,0.000742706819,-0.0590757392,-0.0205340712,0.00237441767,0.00236302957,0.0206842344
9.90901981e-07,0.0183464363,-0.00170951162,0.000735691749,-0.0607929528,-0.0182633989,0.00244180597,0.00243171811,0.018440591
9.91803063e-07,0.0157070346,-0.00125965592,0.000463437958,-0.0469523109,-0.0156440979,0.00188676219,0.00187809244,0.0157642775
9.92701189e-07,0.0129525419,-0.00121312728,0.000493186351,-0.0430744477,-0.0128936691,0.00173012044,0.00172297791,0.0130185734
9.93604999e-07,0,0,0,0,-0,-0,-0,0
9.94503125e-07,0,0,0,0,-0,-0,-0,0
9.95402388e-07,0,0,0,0,-0,-0,-0,0
9.96305175e-07,0,0,0,0,-0,-0,-0,0
9.9720171e-07,0,0,0,0,-0,-0,-0,0
9.98101314e-07,0.000427790976,-0.000157407616,3.81777772e-06,-0.00435401406,-0.000421154163,0.000174388783,0.000174160562,0.0004558474
9.99004556e-07,0.00184947532,-0.000681064965,7.13189138e-06,-0.0188373197,-0.0018207606,0.000754479472,0.000753492787,0.00197090317
9.9990325e-07,0.00329390494,-0.0012124615,4.21853583e-05,-0.0335363708,-0.00324278464,0.00134321273,0.00134145483,0.00351022111
1.00080467e-06,0.00505317468,-0.00185753161,-1.37870882e-06,-0.0513855256,-0.00497485123,0.00205811887,0.00205542102,0.00538377191
1.00170155e-06,0.00605145423,-0.00221189088,3.09591378e-05,-0.0612220615,-0.00595816167,0.00245211523,0.00244888246,0.00644309848
1.00260218e-06,0.00673995586,-0.00244955113,4.45376681e-05,-0.0678378716,-0.0066366087,0.0027171181,0.00271351486,0.00717142171
1.00350348e-06,0.00774283474,-0.00280211121,7.38692688e-05,-0.0776339769,-0.00762458674,0.00310950062,0.00310535908,0.00823460829
1.00440661e-06,0.00896472018,-0.00322827278,0.000144470047,-0.0894846171,-0.00882845288,0.00358418369,0.00357938468,0.00952936644
1.0053044e-06,0.0100315129,-0.00358802173,0.000102538841,-0.0995232388,-0.0098800062,0.00398630522,0.00398092955,0.0106543731
1.00620241e-06,0.0109035019,-0.003881593,0.000161903736,-0.107716657,-0.0107395579,0.00431451192,0.00430866629,0.0115749441
1.00710656e-06,0.0119449534,-0.00422648434,0.000258070824,-0.117359109,-0.0117663844,0.00470077433,0.00469436437,0.0126732664
1.00800571e-06,0.0137782451,-0.0048591746,0.000347445195,-0.134971648,-0.0135729088,0.00540627063,0.00539886594,0.0146141142
1.00890531e-06,0.0156337637,-0.00546877971,0.000348273199,-0.152029276,-0.0154025655,0.00608958907,0.00608117104,0.0165663338
1.00980412e-06,0.0166737698,-0.00580033101,0.000428058935,-0.161336914,-0.0164284812,0.00646246432,0.00645347655,0.0176590394
1.01070543e-06,0.0178376473,-0.00619061058,0.000516800501,-0.172233775,-0.0175758207,0.0068989744,0.00688935101,0.0188884199
1.01160026e-06,0.0198153257,-0.00685503287,0.000530253397,-0.190781221,-0.0195253474,0.00764195126,0.00763124883,0.0209742647
1.01250191e-06,0.0214095339,-0.00737870438,0.000545691524,-0.205434531,-0.0210973391,0.00822895521,0.00821738124,0.022651958
1.01340618e-06,0.0236237068,-0.00805336609,0.000455780799,-0.224470541,-0.0232827616,0.00899162057,0.00897882164,0.0249628517
1.01430282e-06,0.0249338821,-0.0084532816,0.000651500246,-0.235752136,-0.0245758965,0.00944360921,0.00943008542,0.0263359241
1.01520254e-06,0.0253396984,-0.00851846207,0.000680100755,-0.237780273,-0.0249787817,0.00952496588,0.00951121092,0.0267418595
1.01610431e-06,0.0270987153,-0.00877306145,0.000334283046,-0.245873079,-0.0267262103,0.00984970352,0.00983492315,0.0284854125
1.0170013e-06,0.025105847,-0.00730835926,0.000292311335,-0.207316205,-0.0247935086,0.00830647946,0.0082926482,0.0261495911
1.01790192e-06,0.0248015858,-0.00239040935,0.000885037472,-0.084145382,-0.0246861563,0.00338029619,0.00336581528,0.0249322283
1.01880448e-06,0.0197645035,-0.000165239864,0.000343440683,-0.023590941,-0.0197420861,0.000955477024,0.000943637639,0.0197681778
1.01970079e-06,0.0191459171,-0.00151486532,0.000742459204,-0.0567008965,-0.019070024,0.00227928607,0.00226803586,0.019220099
1.02060471e-06,0.0132215321,-0.00171038834,0.000716633396,-0.0557517037,-0.013142559,0.00223774048,0.00223006815,0.0133509514
1.02150432e-06,0,0,0,0,-0,-0,-0,0
1.0224004e-06,0,0,0,0,-0,-0,-0,0
1.02330023e-06,0,0,0,0,-0,-0,-0,0
1.02420631e-06,0,0,0,0,-0,-0,-0,0
1.02510012e-06,0,0,0,0,-0,-0,-0,0
1.02600166e-06,0,0,0,0,-0,-0,-0,0
1.02690262e-06,0,0,0,0,-0,-0,-0,0
1.02780041e-06,0.000779601687,-0.000286650524,-2.51457254e-06,-0.00792883523,-0.000767515125,0.000317596986,0.000317153409,0.000830634478
1.02870285e-06,0.00207555108,-0.00076322211,1.24273265e-05,-0.0211107582,-0.00204337011,0.000845611519,0.000844430327,0.00221146438
1.029602e-06,0.00350160338,-0.00128601771,-2.54169827e-05,-0.0355755612,-0.00344737548,0.00142501582,0.00142302245,0.00373037717
1.03050093e-06,0.00432381826,-0.00158780173,1.1439598e-05,-0.0439244211,-0.00425686453,0.00175943827,0.00175697684,0.00460615344
1.03140189e-06,0.00484574959,-0.00177482667,7.01436102e-06,-0.0491106585,-0.00477089937,0.0019671853,0.00196442634,0.00516055694
1.03230639e-06,0.00509870891,-0.00186225667,2.44870098e-05,-0.0515439436,-0.00502016008,0.00206466104,0.00206175774,0.00542820707
1.0332061e-06,0.00646665366,-0.0023522866,6.85503765e-05,-0.0651329532,-0.00636741466,0.00260900219,0.00260531813,0.00688153769
1.03410548e-06,0.00740047451,-0.00266899145,4.50465523e-05,-0.0739643797,-0.00728782373,0.00296279659,0.00295857519,0.00786718295
1.03500452e-06,0.00892944261,-0.00318696839,3.16789155e-05,-0.0884100497,-0.00879485527,0.00354150162,0.00353640199,0.00948117696
1.03590367e-06,0.0096101407,-0.00340664107,0.000103146835,-0.0945681706,-0.0094662243,0.00378821925,0.00378272682,0.0101965998
1.03680145e-06,0.0100571616,-0.00356994243,0.000125095976,-0.0990879536,-0.00990635728,0.00396926605,0.00396351814,0.0106727052
1.03770321e-06,0,0,0,0,-0,-0,-0,0
1.03860407e-06,0,0,0,0,-0,-0,-0,0
1.03950276e-06,0,0,0,0,-0,-0,-0,0
1.04040669e-06,0,0,0,0,-0,-0,-0,0
1.04130459e-06,0,0,0,0,-0,-0,-0,0
1.04220123e-06,0,0,0,0,-0,-0,-0,0
1.04310425e-06,0,0,0,0,-0,-0,-0,0
1.04400601e-06,0,0,0,0,-0,-0,-0,0
1.04490209e-06,0,0,0,0,-0,-0,-0,0
1.0458059e-06,0,0,0,0,-0,-0,-0,0
1.04670539e-06,0.000178261922,-6.54759278e-05,-3.01230602e-06,-0.00181116175,-0.000175500993,7.25521297e-05,7.24464701e-05,0.000189930208
1.04760113e-06,0.00171853311,-0.000631652947,-4.83090344e-06,-0.0174712986,-0.00169189908,0.000699870687,0.000698851943,0.00183094643
1.04850346e-06,0.00252400967,-0.000926908862,4.01632387e-05,-0.0256401133,-0.00248492427,0.0010271009,0.00102560453,0.00268912587
1.04940148e-06,0.00345380092,-0.00126908463,1.77679231e-05,-0.0351034254,-0.0034002884,0.0014061847,0.00140413702,0.00367962394
1.05030438e-06,0.0041398434,-0.00151957932,-1.60996535e-06,-0.0420364663,-0.004075765,0.0016839134,0.00168145865,0.00440992373
1.05120159e-06,0.00510634156,-0.00186529767,3.31316514e-05,-0.0516243502,-0.00502766502,0.00206800483,0.00206497401,0.00543646551
1.05210393e-06,0.00656079501,-0.00238832762,5.98086517e-05,-0.0661220774,-0.00646003944,0.00264877903,0.0026448831,0.00698224298
1.05300614e-06,0.00847374555,-0.00306448713,0.000115817762,-0.0848964825,-0.00834442065,0.00340089531,0.0033958593,0.00901159579
1.05390006e-06,0.00981041323,-0.00351086771,0.000123257341,-0.0973633528,-0.00966216869,0.00390037128,0.00389453411,0.0104204411
1.05480228e-06,0.0101317037,-0.0035880697,0.000214081927,-0.0996081308,-0.00998011489,0.00399035971,0.00398432523,0.0107504184
1.05570621e-06,0.0104974331,-0.0037082436,0.000228132281,-0.102970228,-0.0103407461,0.00412506277,0.0041188091,0.0111354936
1.05660206e-06,0.0115284175,-0.0040588961,0.000316455989,-0.112744793,-0.0113568834,0.00451666315,0.00450979173,0.0122261683
1.05750303e-06,0.0141132912,-0.00495835626,0.00033174202,-0.137758613,-0.0139037207,0.00551877123,0.00551034451,0.0149626314
1.05840388e-06,0.0163743328,-0.00571636157,0.000339159888,-0.158919916,-0.0161326416,0.00636658776,0.00635679662,0.0173467748
1.05930599e-06,0.0182475653,-0.00632608915,0.000458749157,-0.175995246,-0.0179799931,0.00705073694,0.00703980982,0.0193184754
1.06020013e-06,0.0193364359,-0.00668894639,0.000477324938,-0.186131477,-0.0190534823,0.00745684715,0.00744525909,0.0204662551
1.06110258e-06,0.0203228015,-0.00700432202,0.000505276781,-0.194980651,-0.0200264473,0.00781141461,0.00779922605,0.0215019091
1.06200036e-06,0.0224683844,-0.00770170661,0.000581705477,-0.214513764,-0.0221424259,0.00859404179,0.00858055055,0.0237588502
1.06290668e-06,0.0244060867,-0.00830262527,0.000594266574,-0.231432304,-0.0240545479,0.00927196721,0.00925729215,0.0257865043
1.06380639e-06,0.0262983292,-0.00892341323,0.000718189229,-0.248802558,-0.025920452,0.00996792813,0.0099521023,0.0277803027
1.06470497e-06,0.0273802858,-0.00921109319,0.000792729319,-0.257053792,-0.026990039,0.0102986447,0.0102821517,0.0288990088
1.06560424e-06,0.027759986,-0.00922806934,0.000879464962,-0.257851243,-0.0273687566,0.0103307912,0.0103140497,0.0292668335
1.06650396e-06,0.0277333558,-0.00793402269,0.000989198568,-0.225494072,-0.0273938957,0.00903671475,0.00901976287,0.0288628871
1.06740276e-06,0.0271630883,-0.0084156692,0.000579612562,-0.236966744,-0.0268048237,0.00949517138,0.00947866976,0.0284427988
1.06830373e-06,0.0232981406,-0.000351414725,0.000915743527,-0.0316868089,-0.0232654517,0.00128281076,0.00126747236,0.0233187786
1.06920049e-06,0.02306295,-0.00260964339,0.000806740194,-0.0878758505,-0.0229401442,0.00352982797,0.00351503402,0.0232241411
1.0701018e-06,0.0235673282,-0.00506125065,0.0011821884,-0.14962323,-0.0233460808,0.00599964395,0.0059849292,0.0241336443
1.07100004e-06,0.0224651527,-0.00605903193,0.0011908497,-0.173468396,-0.0222048863,0.00695255185,0.00693873584,0.0232983492
1.0719026e-06,0.0198163409,-0.00379429432,0.00108211883,-0.114281021,-0.0196487586,0.00458370156,0.00457124084,0.0202053215
1.07280573e-06,0,0,0,0,-0,-0,-0,0
1.07370647e-06,0.000147057013,-2.26059528e-05,-1.31456245e-05,-0.000711997098,-0.000146035386,2.84685825e-05,2.84798839e-05,0.000149363991
1.07460573e-06,0.000237791755,-8.76158665e-05,-2.01706462e-06,-0.00242263824,-0.000234097847,9.70549171e-05,9.69055295e-05,0.000253427559
1.0755009e-06,0.000636839424,-0.000234423511,8.04654337e-06,-0.0064825681,-0.000626955581,0.000259702782,0.000259302724,0.000678663084
1.07640358e-06,0.000499924237,-0.000184330042,-3.66571317e-06,-0.00509650772,-0.000492153116,0.000204174235,0.000203860309,0.000532836978
1.07730023e-06,0.00101456989,-0.000373143383,1.63178865e-05,-0.0103194909,-0.000998836588,0.000413416882,0.000412779637,0.00108113566
1.07820028e-06,0.00277786469,-0.00101786945,7.72737621e-05,-0.0281598568,-0.00273493877,0.00112814022,0.00112639427,0.00295948673
1.07910375e-06,0.00434927316,-0.00159855944,6.63977189e-05,-0.0442117937,-0.00428186888,0.0017712053,0.00176847175,0.00463421816
1.08000029e-06,0.00614192663,-0.0022571506,3.69102372e-06,-0.0624273606,-0.00604675179,0.00250095667,0.00249709442,0.00654354683
1.08090433e-06,0.00688532693,-0.00252182852,5.58346146e-05,-0.0697704405,-0.00677897316,0.00279515096,0.00279081762,0.00733283462
1.08180382e-06,0.00725504756,-0.00265383022,8.19529887e-05,-0.0734316409,-0.00714311939,0.00294183196,0.00293726563,0.00772562271
1.08270183e-06,0.00803755876,-0.00293568242,8.44175811e-05,-0.0812422857,-0.00791373358,0.00325475081,0.00324969143,0.008557319
1.08360575e-06,0.00961856823,-0.00348734297,6.66025589e-05,-0.0965783074,-0.00947141788,0.00386919361,0.0038631323,0.0102314638
1.08450172e-06,0.0106651671,-0.00384066976,0.000154905982,-0.106434084,-0.0105030503,0.00426409056,0.00425736338,0.0113366895
1.0854061e-06,0.0137569839,-0.00473515736,0.000147590094,-0.131823301,-0.013556624,0.00528150237,0.00527293205,0.0145498489
1.08630638e-06,0.013558194,-0.0048493105,0.000183795724,-0.134476274,-0.0133534282,0.00538761472,0.00537905097,0.0144004937
1.0872044e-06,0.0153962141,-0.00549464999,0.000278951426,-0.152405128,-0.0151641714,0.0061059392,0.00609620512,0.0163496911
1.0881065e-06,0.0175356865,-0.00622020429,0.000382735307,-0.172634169,-0.017272918,0.00691646922,0.00690536678,0.0186101512
1.08900144e-06,0.0188432634,-0.00663823262,0.000444956095,-0.184362754,-0.0185627323,0.0073864523,0.00737451017,0.0199833104
1.08990332e-06,0.0189043377,-0.00662039546,0.000448084029,-0.183977082,-0.018624471,0.00737107173,0.00735908329,0.0200350792
1.09080634e-06,0.0202054568,-0.00702783652,0.000388588553,-0.195434749,-0.0199082561,0.00783021776,0.00781738997,0.0213963074
1.09170594e-06,0.02286309,-0.00780676212,0.00045887247,-0.217506155,-0.0225326148,0.00871479729,0.00870024621,0.0241635466
1.09260236e-06,0.0241732541,-0.00807616394,0.000375194562,-0.22552368,-0.0238309577,0.00903637621,0.00902094722,0.0254894372
1.09350356e-06,0.0254472587,-0.0084388582,0.000579607731,-0.235836834,-0.0250894393,0.00944972695,0.00943347335,0.026816287
1.09440043e-06,0.0248842444,-0.00735529372,0.00159372331,-0.208211333,-0.0245702064,0.00834451464,0.0083284533,0.0259974214
1.09530311e-06,0.0236977525,-0.00741581712,0.00113253598,-0.208557874,-0.0233822432,0.0083575426,0.00834231496,0.024856799
1.09620316e-06,0.0226611085,-0.00516777625,0.00135416782,-0.151373491,-0.0224363261,0.00606984523,0.00605493963,0.0232823006
1.09710197e-06,0.0210192949,-0.000579736137,0.00200058729,-0.0351319313,-0.0209792984,0.00141982002,0.00140527725,0.0211222442
1.09800226e-06,0.0029802504,-0.000610581134,-0.000136638759,-0.0181811489,-0.00295344978,0.000729270963,0.000727245957,0.00304522116
1.0989055e-06,0.00012742223,-5.95212987e-06,-2.65179315e-05,-0.000273819227,-0.000127082285,1.1042899e-05,1.09527691e-05,0.000130288347
1.09980476e-06,0,0,0,0,-0,-0,-0,0
1.10070289e-06,0,0,0,0,-0,-0,-0,0
1.1016067e-06,0,0,0,0,-0,-0,-0,0
1.10250312e-06,0,0,0,0,-0,-0,-0,0
1.1034042e-06,0,0,0,0,-0,-0,-0,0
1.10430381e-06,0,0,0,0,-0,-0,-0,0
1.10520659e-06,0,0,0,0,-0,-0,-0,0
1.10610199e-06,0,0,0,0,-0,-0,-0,0
1.10700125e-06,0,0,0,0,-0,-0,-0,0
1.1079054e-06,0,0,0,0,-0,-0,-0,0
1.10880239e-06,0,0,0,0,-0,-0,-0,0
1.10970416e-06,0,0,0,0,-0,-0,-0,0
1.11060058e-06,0,0,0,0,-0,-0,-0,0
1.11150268e-06,0,0,0,0,-0,-0,-0,0
1.11240001e-06,0,0,0,0,-0,-0,-0,0
1.11330291e-06,0,0,0,0,-0,-0,-0,0
1.11420479e-06,0,0,0,0,-0,-0,-0,0
1.11510246e-06,0,0,0,0,-0,-0,-0,0
1.11600173e-06,0.000647246023,-0.000238337248,-1.20760899e-06,-0.00658980897,-0.000637197347,0.000264029542,0.000263592359,0.000689734381
1.11690474e-06,0.00215546042,-0.000793556741,1.17894406e-05,-0.0219415314,-0.00212200247,0.000879117407,0.000877661258,0.00229692858
1.1178048e-06,0.00385179976,-0.00141660834,1.42787755e-07,-0.0391725898,-0.00379206951,0.00156950611,0.00156690359,0.00410403955
1.11870577e-06,0.00509857386,-0.00186928036,1.92955649e-05,-0.0517056845,-0.00501974427,0.00207167371,0.00206822738,0.00543047298
1.11960162e-06,0.00619136123,-0.00226458535,2.58019772e-05,-0.0626544058,-0.00609584954,0.00251036233,0.00250617623,0.00659256903
1.12050395e-06,0.0071310685,-0.00260563195,5.04835698e-05,-0.0720973089,-0.00702116692,0.0028887144,0.00288389236,0.00759236488
1.12140094e-06,0.00841750298,-0.00307244295,8.15124149e-05,-0.0850225538,-0.00828790492,0.00340659567,0.00340090215,0.0089610773
1.12230407e-06,0.00929803122,-0.00338462717,9.46818109e-05,-0.0936861634,-0.0091552448,0.00375374191,0.00374744654,0.00989535498
1.12320208e-06,0.0104380762,-0.0037632836,0.000155496775,-0.10426525,-0.0102792357,0.0041776851,0.00417061001,0.0110968427
1.12410441e-06,0.0118339704,-0.00419630669,0.000183736774,-0.11645367,-0.011656697,0.00466618269,0.0046581468,0.0125572929
1.12500288e-06,0.0126909353,-0.00448756851,0.000222322531,-0.124571361,-0.012501329,0.00499148099,0.00498285443,0.0134628205
1.12590544e-06,0.0139276227,-0.00491722673,0.000272295438,-0.136519432,-0.0137198455,0.00547024983,0.00546077728,0.0147726754
1.12680402e-06,0.015395347,-0.00541377394,0.00039168066,-0.150365338,-0.0151665392,0.00602509317,0.00601461351,0.0163241867
1.12770556e-06,0.0171581265,-0.00600761268,0.000434640999,-0.16693148,-0.0169041614,0.00668894929,0.00667725921,0.0181846536
1.12860619e-06,0.019517811,-0.00682083378,0.000483459036,-0.189564317,-0.0192294382,0.0075958821,0.0075825727,0.0206809684
1.1295017e-06,0.0213830005,-0.00746679306,0.000513113337,-0.207532987,-0.0210673043,0.00831591238,0.00830131948,0.0226549994
1.13040232e-06,0.0222920477,-0.00773948524,0.00056244724,-0.215237871,-0.0219647196,0.00862473863,0.00860951483,0.0236040541
1.13130477e-06,0.0231359005,-0.00795829482,0.000585649395,-0.221532539,-0.0227991473,0.00887711829,0.00886130154,0.0244734005
1.1322004e-06,0.0249341372,-0.00853050221,0.00069733191,-0.237592906,-0.0245730635,0.00952077826,0.00950371623,0.0263622256
1.13310057e-06,0.0272131134,-0.00921264663,0.000591183489,-0.256871641,-0.0268229382,0.0102935118,0.0102748656,0.0287363167
1.13400256e-06,0.0245703962,-0.00415825192,0.000827678305,-0.127997473,-0.0243844567,0.00513747954,0.00511989892,0.0249335212
1.13490159e-06,0.000390129222,-4.50935295e-05,2.82904275e-05,-0.00150951254,-0.0003880139,6.06584673e-05,6.03805017e-05,0.000393744314
1.13580188e-06,0,0,0,0,-0,-0,-0,0
1.13670558e-06,0,0,0,0,-0,-0,-0,0
1.13760154e-06,0,0,0,0,-0,-0,-0,0
1.13850456e-06,0,0,0,0,-0,-0,-0,0
1.13940428e-06,0,0,0,0,-0,-0,-0,0
1.14030104e-06,0,0,0,0,-0,-0,-0,0
1.14120542e-06,0,0,0,0,-0,-0,-0,0
1.14210332e-06,0,0,0,0,-0,-0,-0,0
1.14300087e-06,0,0,0,0,-0,-0,-0,0
1.14390434e-06,0.000362107821,-0.000133393813,-4.38179313e-06,-0.00368775288,-0.000356483844,0.000147767562,0.000147510115,0.000385921214
1.14480531e-06,0.00152335828,-0.00056125602,1.57492686e-05,-0.0155160492,-0.0014996955,0.000621725158,0.000620641969,0.00162353836
1.14570378e-06,0.00212674262,-0.000784402364,-9.39687561e-06,-0.0216827486,-0.00209367372,0.000868821947,0.000867309943,0.00226680602
1.14660202e-06,0.0023395624,-0.000862892659,-1.17689033e-05,-0.0238524228,-0.0023031845,0.00095575998,0.000954096913,0.00249364682
1.14750014e-06,0.00292569865,-0.00107915094,-8.14752184e-06,-0.0298301224,-0.00288020387,0.00119528448,0.00119320489,0.00311838832
1.14840543e-06,0.00448516384,-0.00164996309,-8.29270448e-06,-0.045620326,-0.00441559526,0.00182800201,0.00182481304,0.00477903145
1.14930299e-06,0.00668962812,-0.00244840235,4.59619805e-05,-0.0677299649,-0.00658636715,0.00271395766,0.00270919859,0.0071237568
1.15020123e-06,0.00828289706,-0.00301846885,1.62864235e-05,-0.0835346133,-0.00815556507,0.00334728194,0.00334138453,0.00881577014
1.15110333e-06,0.0097314138,-0.00354341068,0.000135142007,-0.0980699435,-0.00958193107,0.00392972909,0.00392279774,0.0103573374
1.15200237e-06,0.0101016881,-0.00367414718,0.000121723453,-0.101699315,-0.00994668112,0.00407516804,0.0040679726,0.0107498036
1.15290061e-06,0.0100710923,-0.00364831276,0.000135063383,-0.101023898,-0.00991714289,0.00404813078,0.0040409559,0.0107123913
1.1538059e-06,0.0110877352,-0.00399229489,0.000194055901,-0.11061471,-0.010919217,0.00443249263,0.00442458838,0.0117861761
1.154703e-06,0.012456907,-0.00444513932,0.000165079968,-0.123270966,-0.0122691846,0.0049397271,0.00493083864,0.0132272841
1.1556009e-06,0.0136818197,-0.00483754417,0.000220071568,-0.134275779,-0.0134774255,0.00538080151,0.00537103117,0.0145135266
1.15650403e-06,0.0163208079,-0.005734412,0.000400187826,-0.159270257,-0.0160784376,0.00638248332,0.00637081027,0.0173035372
1.15740272e-06,0.0170945805,-0.00596335065,0.000477346301,-0.165748626,-0.0168424362,0.00664218149,0.00662994504,0.0181111593
1.15830323e-06,0.0177813154,-0.00619873265,0.000500413415,-0.172302663,-0.017519209,0.00690483729,0.00689210653,0.0188374594
1.15920591e-06,0.0188341215,-0.00655973051,0.000497077242,-0.182353884,-0.018556737,0.0073076474,0.00729415536,0.0199499695
1.1601004e-06,0.0200483743,-0.00693006767,0.000588471128,-0.192796707,-0.019755209,0.00772624549,0.00771186829,0.021220496
1.16100284e-06,0.0222321618,-0.00763144204,0.000641163671,-0.212460607,-0.0219092022,0.00851438705,0.00849842429,0.0235142301
1.1619054e-06,0.024137618,-0.00821687654,0.00070549635,-0.228954926,-0.0237897231,0.00917555119,0.00915819705,0.0255076339
1.16280341e-06,0.0251963548,-0.00850575231,0.00072016957,-0.237209901,-0.0248360611,0.00950653407,0.00948839605,0.0266030593
1.16370597e-06,0.0270289481,-0.00903884321,0.00085565343,-0.252325028,-0.0266458705,0.0101124827,0.0100930011,0.0285130999
1.16460296e-06,0.0266133882,-0.00886120461,0.000859464402,-0.247479394,-0.0262377467,0.00991836827,0.00989917576,0.0280630016
1.16550279e-06,0.025478106,-0.0083241649,0.000645438326,-0.232948855,-0.0251248484,0.00933635895,0.00931795418,0.0268112327
1.1664016e-06,0.0275271703,-0.0081225615,0.0007878631,-0.229920521,-0.0271803356,0.00921685753,0.00919682086,0.0287113538
1.16730439e-06,0.0261746217,-0.00812071841,0.00135851558,-0.228548035,-0.0258289426,0.0091609284,0.0091419214,0.027439068
1.16820081e-06,0.0226198677,-0.00151025038,0.00120828731,-0.0599046908,-0.0225413803,0.00241359579,0.00239618763,0.0227024058
1.16910314e-06,0.0206375308,-0.00222087768,0.000907342415,-0.0757164136,-0.0205322116,0.00304438233,0.00302865654,0.0207765071
1.17000025e-06,0.02065368,-0.00370601076,0.00112365396,-0.112837106,-0.0204889583,0.00452897325,0.00451348424,0.0210136054
1.17090383e-06,0.0191470012,-0.0038468584,0.00101473439,-0.114879169,-0.0189778523,0.00460945715,0.00459516674,0.0195559623
1.17180184e-06,0.0178763494,-0.00409694295,0.000942750426,-0.11988201,-0.0176982162,0.00480852915,0.0047952804,0.0183640297
1.17270258e-06,0.0169055909,-0.00432513515,0.000845249626,-0.124631837,-0.0167191089,0.00499771882,0.00498527348,0.0174705536
1.17360503e-06,0.0166864451,-0.00395560637,0.000729845837,-0.115184419,-0.0165149157,0.00461972214,0.00460737675,0.0171644093
1.17450259e-06,0.0128890872,-0.00195674808,-2.55549166e-05,-0.0615217984,-0.0128005283,0.0024706089,0.00246087193,0.0130367973
1.17540321e-06,0.00219020061,-0.000806255674,2.95090189e-07,-0.0222889967,-0.00215620706,0.000893195419,0.000891559869,0.00233388668
1.176306e-06,0.00302475807,-0.0011138824,1.00756642e-05,-0.0307922624,-0.00297779517,0.00123394948,0.0012316905,0.00322335182
1.17720333e-06,0.00303888763,-0.00111828186,6.30294835e-07,-0.0309160352,-0.0029917375,0.00123891044,0.00123664141,0.00323811562
1.17810646e-06,0.00408329908,-0.00149834843,1.14493446e-06,-0.0414347276,-0.00402011492,0.00166043832,0.0016573891,0.00434952649
1.17900538e-06,0.00492072431,-0.00180099893,1.92598072e-05,-0.0498165041,-0.00484476751,0.00199633481,0.00199266016,0.00523999006
1.17990101e-06,0.00605715346,-0.00221353257,4.95891181e-05,-0.0612364598,-0.00596379069,0.00245398351,0.00244945839,0.00644913122
1.18080447e-06,0.00798568688,-0.00290484168,5.12068946e-05,-0.0803972781,-0.0078631365,0.00322186041,0.00321589112,0.00849775984
1.18170601e-06,0.00942787156,-0.00342006912,0.000118206583,-0.0946824402,-0.00928356398,0.00379434773,0.00378729761,0.0100297362
1.18260584e-06,0.0103044976,-0.0037253059,5.8065576e-05,-0.103167184,-0.0101472826,0.00413439605,0.00412668735,0.0109573695
1.18350215e-06,0.0109367641,-0.00393378129,0.000190375067,-0.108995087,-0.0107707065,0.0043679886,0.0043598035,0.0116242714
1.18440289e-06,0.0121653238,-0.00434227334,0.000184709599,-0.120404311,-0.0119819482,0.00482528319,0.00481617242,0.0129183807
1.18530545e-06,0.0127991233,-0.00454871682,0.000189987812,-0.126182809,-0.0126069852,0.00505690676,0.00504731238,0.0135847148
1.18620301e-06,0.0148174278,-0.0052441624,0.000348766916,-0.145534649,-0.0145958649,0.0058325067,0.00582138598,0.0157219288
1.18710523e-06,0.0159649216,-0.00563509902,0.000388562679,-0.156425759,-0.0157268075,0.00626901813,0.00625703037,0.0169346994
1.18800017e-06,0.0177144185,-0.00623229193,0.000374461932,-0.173059553,-0.0174510236,0.00693569456,0.00692238212,0.0187825
1.18890534e-06,0.0199595615,-0.00699314801,0.000402778445,-0.19426772,-0.0196639447,0.00778572381,0.0077707088,0.0211530245
1.18980438e-06,0.0224562138,-0.00781976059,0.000517214707,-0.217365071,-0.0221255442,0.00871151466,0.00869460285,0.0237844005
1.1907008e-06,0.0239372831,-0.00827077776,0.000674660376,-0.230083853,-0.0235873929,0.00922139803,0.00920335412,0.0253348466
1.19160518e-06,0.0248422232,-0.00848896801,0.000624211272,-0.236421332,-0.0244828838,0.00947560171,0.00945685327,0.0262600127
1.19250114e-06,0.0247000866,-0.00838482846,0.00061642041,-0.233679995,-0.0243450254,0.0093658615,0.0093471998,0.0260917535
1.19340461e-06,0.0256614573,-0.00827481784,0.000216036249,-0.231872842,-0.0253100264,0.00929438346,0.00927491367,0.0269634878
1.19430513e-06,0.0268282034,-0.00874678046,0.000556854007,-0.244806856,-0.0264569657,0.00981262595,0.00979227424,0.0282235496
1.19520143e-06,0.0268194471,-0.00854106527,0.000721738907,-0.239658356,-0.0264564428,0.00960672516,0.00958633423,0.0281558776
1.19610252e-06,0.0293489527,-0.00888289791,0.0010574708,-0.250676006,-0.0289702555,0.0100494376,0.0100270402,0.0306820003
1.19700587e-06,0.0241810884,-0.00167313335,0.000725250691,-0.0654830337,-0.0240948387,0.00263878064,0.00261932135,0.0242497505
1.19790286e-06,0.0211679991,-0.00234327256,-0.00102193258,-0.0792750567,-0.0210573611,0.00318789238,0.00317100227,0.0213218071
1.19880008e-06,0.00142871658,-0.000520467642,3.17510749e-05,-0.0144020822,-0.00140676061,0.000577184748,0.000576083288,0.00152089637
1.19970105e-06,0,0,0,0,-0,-0,-0,0
1.20060577e-06,0.000224054253,7.39781826e-05,0.000190432009,0.00162868935,-0.000226833371,-6.49592276e-05,-6.51475741e-05,0.000303211856
1.20150401e-06,0.000165509366,2.21263454e-05,2.9346942e-05,0.000391504029,-0.000166261794,-1.54900373e-05,-1.56601612e-05,0.000169541052
1.20240043e-06,0,0,0,0,-0,-0,-0,0
1.2033023e-06,0,0,0,0,-0,-0,-0,0
1.20420634e-06,0.000528232602,-0.000194560736,-3.60653121e-06,-0.00537789473,-0.000520029718,0.000215528779,0.000215115789,0.00056293567
1.20510504e-06,0.00146192661,-0.000538751483,8.29572855e-06,-0.0148909753,-0.00143921292,0.000596782011,0.000595639013,0.00155806014
1.20600396e-06,0.00324381143,-0.00119500898,-1.97892095e-05,-0.0330308452,-0.00319342911,0.00132377096,0.00132123381,0.00345698578
1.20690459e-06,0.00453215092,-0.00166682026,1.33703888e-05,-0.046079468,-0.00446187065,0.00184672468,0.00184317872,0.00482896061
1.20780658e-06,0.00570157077,-0.00209448556,2.44451021e-05,-0.0579087511,-0.00561325304,0.00232081222,0.00231635004,0.00607415645
1.20870436e-06,0.0064719948,-0.00236892141,5.07440054e-05,-0.0655192733,-0.0063720863,0.00262583729,0.00262077093,0.00689210275
1.20960283e-06,0.0073536667,-0.00268052006,9.20782986e-05,-0.0741671249,-0.00724059234,0.00297244417,0.002966685,0.00782752069
1.21050027e-06,0.008720004,-0.00317244045,0.000122242112,-0.0877944902,-0.00858616515,0.00351860999,0.00351177961,0.00927996721
1.21140545e-06,0.00959348027,-0.00347815757,0.000102402555,-0.0962873772,-0.0094467173,0.0038590123,0.00385149509,0.0102050443
1.21230346e-06,0.0105934748,-0.00382989435,0.000132670975,-0.106053837,-0.0104318463,0.00425045685,0.00424215347,0.0112653185
1.21320556e-06,0.0121577075,-0.00437107962,0.000137076277,-0.121105649,-0.011973186,0.00485376185,0.00484422594,0.012920332
1.21410267e-06,0.013774151,-0.00493275514,0.000256279425,-0.136720315,-0.0135658755,0.00547962859,0.00546881258,0.0146330102
1.21500591e-06,0.015846584,-0.00564090582,0.000351647002,-0.15644069,-0.0156083323,0.00627008804,0.00625762761,0.0168243187
1.21590551e-06,0.0157986544,-0.00559430849,0.000286125287,-0.155229568,-0.0155623045,0.00622161131,0.00620918274,0.0167623279
1.21680353e-06,0.0162366517,-0.00573854614,0.000277672807,-0.159261778,-0.0159941835,0.00638324881,0.00637047112,0.0172231493
1.21770643e-06,0.0175185204,-0.006174515,0.00038366369,-0.1714084,-0.0172575927,0.00687013001,0.006856336,0.0185787618
1.2186041e-06,0.0200958103,-0.00704982691,0.000473283581,-0.195799142,-0.0197978179,0.00784780587,0.00783196568,0.0213017757
1.21950109e-06,0.0224156193,-0.00780577026,0.000496235094,-0.216955557,-0.0220855417,0.00869591217,0.0086782223,0.0237410254
1.22040467e-06,0.0241503287,-0.0083435839,0.000546289666,-0.232089683,-0.0237973567,0.00930266549,0.00928358734,0.0255568426
1.22130018e-06,0.0245277639,-0.00835274532,0.000570787466,-0.232687876,-0.0241741236,0.00932691297,0.00930751503,0.0259172791
1.22220251e-06,0.0248197913,-0.00831572711,0.000476431509,-0.232048526,-0.0244673977,0.00930160235,0.00928194106,0.0261801517
1.22310541e-06,0.0246565118,-0.00801148452,0.00030272131,-0.224287286,-0.0243164153,0.00899107368,0.00897149146,0.0259271884
1.22400274e-06,0.0229808446,-0.00627020281,0.00123846519,-0.179142252,-0.0227117211,0.00718417599,0.00716569006,0.0238530597
1.22490394e-06,0.0225279834,-0.00444043707,0.00116212294,-0.132983416,-0.0223323933,0.00533776425,0.00531933665,0.0229908253
1.22580457e-06,0,0,0,0,-0,-0,-0,0
1.22670235e-06,0,0,0,0,-0,-0,-0,0
1.22760014e-06,0,0,0,0,-0,-0,-0,0
1.22850099e-06,0,0,0,0,-0,-0,-0,0
1.22940446e-06,0,0,0,0,-0,-0,-0,0
1.23030031e-06,0,0,0,0,-0,-0,-0,0
1.23120412e-06,0,0,0,0,-0,-0,-0,0
1.23210202e-06,0,0,0,0,-0,-0,-0,0
1.23300504e-06,0.000269035285,-9.91211491e-05,4.87103705e-07,-0.00273951073,-0.000264856297,0.000109800405,0.000109580429,0.000286714534
1.23390305e-06,0.00204517553,-0.00075296365,2.89076252e-05,-0.0208118614,-0.00201342909,0.000834146567,0.000832474455,0.00217957171
1.2348022e-06,0.0029605946,-0.00108935579,-3.40479492e-05,-0.0301114079,-0.00291466383,0.00120687663,0.00120445631,0.00315483371
1.23570044e-06,0.00308665796,-0.0011371111,1.65000802e-05,-0.0314278007,-0.00303871665,0.00125963493,0.00125711203,0.00328949104
1.23660402e-06,0.00342370034,-0.00126090099,1.43456509e-05,-0.0348501317,-0.00337053916,0.0013968039,0.00139400527,0.00364853411
1.23750249e-06,0.00487930421,-0.0017929473,5.11574399e-05,-0.0495660789,-0.00480370252,0.00198663326,0.00198264316,0.00519854659
1.23840346e-06,0.0062772017,-0.00229888642,6.67885834e-05,-0.0635733306,-0.00618024967,0.00254806867,0.00254293323,0.00668525247
1.23930567e-06,0.00786293298,-0.00286120432,7.88027828e-05,-0.0791727751,-0.00774222582,0.00317334912,0.00316691101,0.00836770071
1.24020039e-06,0.00862545613,-0.00312460889,3.36225858e-05,-0.0864992514,-0.00849360566,0.00346703579,0.00345997006,0.00917402881
1.24110556e-06,0.00929917209,-0.00336434739,9.76871816e-05,-0.0931476429,-0.00915719573,0.00373352397,0.00372590572,0.0098895388
1.24200017e-06,0.0101890331,-0.00367302308,0.000213690495,-0.101729721,-0.0100340012,0.0040775377,0.00406918883,0.0108329663
1.24290057e-06,0.0110881785,-0.00397689128,0.000235972693,-0.110200748,-0.0109202759,0.00441711907,0.00440802991,0.0117821496
1.24380472e-06,0.0119549641,-0.00426398357,0.00019625017,-0.118220963,-0.0117748876,0.0047386439,0.0047288385,0.0126941419
1.24470444e-06,0.0131277116,-0.00462878216,0.000354599732,-0.128481731,-0.0129321089,0.00515004807,0.00513926923,0.0139243735
1.24560597e-06,0.0144950133,-0.00509315683,0.000381520164,-0.141420394,-0.0142797469,0.00566872877,0.00565681577,0.0153685137
1.24650262e-06,0.0158277638,-0.00555379456,0.000330763753,-0.154231936,-0.0155930108,0.00618229385,0.00616927743,0.0167771316
1.24740382e-06,0.016798405,-0.0058433488,0.00051187037,-0.162415013,-0.0165512964,0.00651043178,0.00649660051,0.0177930646
1.24830456e-06,0.0175149124,-0.00607373845,0.000552908459,-0.168871522,-0.0172580176,0.00676928979,0.00675486088,0.0185463787
1.24920382e-06,0.018313339,-0.00634205854,0.00061591476,-0.176355794,-0.0180450756,0.0070693238,0.00705423176,0.0193901893
1.25010354e-06,0.019397486,-0.00668440573,0.000590076321,-0.185968891,-0.0191146651,0.00745475147,0.00743875563,0.0205253973
1.25100155e-06,0.0211221315,-0.00723520806,0.000649146677,-0.201416194,-0.0208159049,0.00807408064,0.00805664778,0.0223363844
1.25190286e-06,0.0232931618,-0.00789751392,0.000787140802,-0.220085636,-0.0229587134,0.00882267478,0.00880342543,0.0246081633
1.25280394e-06,0.0243916437,-0.00816334318,0.000859946187,-0.227800801,-0.0240456863,0.00913221897,0.00911203206,0.0257358109
1.25370082e-06,0.0233750977,-0.00771992607,0.000886318681,-0.215728387,-0.0230476854,0.00864850555,0.00862913549,0.0246328644
1.25460338e-06,0.0226638447,-0.00708969124,0.000595479971,-0.199286908,-0.0223622041,0.0079903323,0.00797147632,0.0237543296
1.2555065e-06,0.0216321144,-0.00647177454,0.00122784579,-0.182839721,-0.0213560091,0.00733165166,0.00731358886,0.0226128248
1.25640418e-06,0.0214023273,-0.00548597751,0.00103387621,-0.157985404,-0.0211658272,0.00633745414,0.00631941617,0.0221184191
1.25730094e-06,0.0106575005,-0.000248227036,0.000549038872,-0.0166195463,-0.0106390492,0.000674214829,0.000664781854,0.01067452
1.25820316e-06,0,0,0,0,-0,-0,-0,0
1.25910492e-06,0,0,0,0,-0,-0,-0,0
1.2600002e-06,0.000555132807,-0.000204116004,-1.42682311e-05,-0.00564195774,-0.000546526297,0.000226152124,0.00022567831,0.000591641242
1.2609047e-06,0.000262854795,-9.69893081e-05,2.66600722e-07,-0.00267997384,-0.000258766002,0.000107423115,0.000107198954,0.000280177873
1.26180214e-06,0,0,0,0,-0,-0,-0,0
1.26270447e-06,0.000100211255,-3.69932532e-05,1.13294732e-06,-0.0010221391,-9.8651761e-05,4.09710439e-05,4.08855639e-05,0.000106827337
1.2636051e-06,0.000661336817,-0.000243520961,5.64794755e-06,-0.00673020445,-0.000651069577,0.000269772589,0.000269208178,0.000704769993
1.26450004e-06,0.00158685946,-0.000583949673,2.33230639e-05,-0.0161396395,-0.00156223839,0.000646940029,0.000645585582,0.00169105415
1.26540237e-06,0.00192363688,-0.000707984029,1.19159658e-05,-0.019567525,-0.00189378637,0.000784342675,0.000782701001,0.00204982005
1.26630641e-06,0.00250353338,-0.000919996528,-2.51993151e-06,-0.0254309606,-0.00246474077,0.00101937526,0.00101723842,0.00266722315
1.26720374e-06,0.00313792122,-0.00115088688,1.96943838e-05,-0.0318192802,-0.00308938801,0.00127544967,0.00127277121,0.00334237611
1.26810482e-06,0.00344865583,-0.00125995278,4.78275524e-06,-0.0348477587,-0.0033955126,0.00139685441,0.00139391035,0.00367161149
1.26900545e-06,0.00405840296,-0.00147321925,8.16483589e-05,-0.0407717042,-0.00399624362,0.00163433366,0.00163086817,0.0043182955
1.2699046e-06,0.00466355402,-0.00167433149,7.10471213e-05,-0.0463874899,-0.00459286827,0.00185948463,0.0018554996,0.00495551912
1.27080489e-06,0.00470527727,-0.00167206221,5.28694545e-05,-0.0463715419,-0.0046346489,0.00185888564,0.00185486168,0.00499381832
1.27170404e-06,0.0047771791,-0.0016694502,0.000111394991,-0.0463764891,-0.00470659766,0.00185915103,0.00185505956,0.00506171048
1.27260626e-06,0.00486364821,-0.00167693337,0.000166905244,-0.0466479175,-0.00479269836,0.00187008606,0.0018659167,0.00514733298
1.27350108e-06,0.00516530452,-0.00175942376,0.000184463031,-0.0490035824,-0.00509081465,0.0019645735,0.0019601433,0.00545985067
1.27440251e-06,0.00518679572,-0.00174665975,0.000220190879,-0.0487056449,-0.00511279908,0.00195267912,0.0019482258,0.00547742222
1.27530143e-06,0.00578774139,-0.0019275815,0.000296886486,-0.0538127311,-0.00570602912,0.00215748756,0.00215250924,0.00610750869
1.27620115e-06,0.00646468066,-0.00215465995,0.000253995793,-0.0601472259,-0.00637334619,0.00241145472,0.00240588903,0.00681902994
1.27710109e-06,0.00757817831,-0.00254215929,0.00025154365,-0.0709160566,-0.00747045732,0.00284317214,0.00283664227,0.00799716416
1.27800661e-06,0.00722858123,-0.00241132476,0.000405265775,-0.0673056021,-0.00712637187,0.00269846211,0.00269222409,0.00763093141
1.27890223e-06,0.0074211508,-0.00248602079,0.000284771697,-0.0693596825,-0.00731580036,0.00278079912,0.0027743873,0.00783165842
1.27980013e-06,0.0073380149,-0.00246670586,0.000259228778,-0.06879583,-0.00723350334,0.00275817509,0.0027518332,0.00774585696
1.28070315e-06,0.0085477829,-0.00288137002,0.000366557681,-0.0803373456,-0.00842572151,0.00322088538,0.00321349382,0.00902780428
1.28160627e-06,0.0095637599,-0.00320912967,0.000392488175,-0.0895184204,-0.00942777895,0.0035890111,0.00358073682,0.0100954477
1.28250201e-06,0.00945884082,-0.00317144278,0.000404226274,-0.088474229,-0.00932445088,0.00354715871,0.00353896916,0.00998454395
1.2834048e-06,0.00905433204,-0.00290166237,0.000468188664,-0.0813388526,-0.00893105399,0.00326141806,0.00325355411,0.00951944189
1.28430167e-06,0.00976314954,-0.00319483201,0.000445939804,-0.0893556327,-0.00962758086,0.00358269834,0.00357422531,0.0102822616
1.28520287e-06,0.00922218524,-0.00299482094,0.000442108081,-0.0838301554,-0.00909504758,0.00336121445,0.00335320622,0.00970634394
1.28610327e-06,0.00718237506,-0.0016309279,0.000362636492,-0.0477621295,-0.00711141021,0.00191684173,0.00191048518,0.00737414012
1.28700606e-06,0,0,0,0,-0,-0,-0,0
1.28790339e-06,0,0,0,0,-0,-0,-0,0
1.28880197e-06,0,0,0,0,-0,-0,-0,0
1.28970294e-06,0,0,0,0,-0,-0,-0,0
1.29060265e-06,0,0,0,0,-0,-0,-0,0
1.29150294e-06,0,0,0,0,-0,-0,-0,0
1.29240436e-06,0,0,0,0,-0,-0,-0,0
1.29330385e-06,0,0,0,0,-0,-0,-0,0
1.29420562e-06,0,0,0,0,-0,-0,-0,0
1.29510636e-06,0,0,0,0,-0,-0,-0,0
1.29600107e-06,0,0,0,0,-0,-0,-0,0
1.29690181e-06,0,0,0,0,-0,-0,-0,0
1.29780312e-06,0,0,0,0,-0,-0,-0,0
1.29870398e-06,0,0,0,0,-0,-0,-0,0
1.29960506e-06,0,0,0,0,-0,-0,-0,0
1.3005058e-06,0,0,0,0,-0,-0,-0,0
1.30140586e-06,0,0,0,0,-0,-0,-0,0
1.30230558e-06,0,0,0,0,-0,-0,-0,0
1.30320268e-06,0,0,0,0,-0,-0,-0,0
1.30410206e-06,0,0,0,0,-0,-0,-0,0
1.30500155e-06,0,0,0,0,-0,-0,-0,0
1.30590047e-06,0,0,0,0,-0,-0,-0,0
1.30680519e-06,0,0,0,0,-0,-0,-0,0
1.30770366e-06,4.59849834e-05,-1.6961274e-05,-5.49414835e-07,-0.000468645099,-4.52699303e-05,1.87866157e-05,1.8745804e-05,4.90163786e-05
1.3086011e-06,0,0,0,0,-0,-0,-0,0
1.30950446e-06,0.000130044966,-4.73752043e-05,1.59692979e-06,-0.00131055433,-0.000128046441,5.25377208e-05,5.24221733e-05,0.000138414787
1.31040645e-06,9.97170209e-05,-3.52255738e-05,4.43544468e-06,-0.000977405347,-9.82286107e-05,3.91850144e-05,3.90962139e-05,0.000105848942
1.31130162e-06,0.000204132186,-7.11442408e-05,8.01032343e-07,-0.00197671191,-0.000201123891,7.92504432e-05,7.90684763e-05,0.000216176072
1.3122002e-06,0,0,0,0,-0,-0,-0,0
1.31310458e-06,0,0,0,0,-0,-0,-0,0
1.31400384e-06,0,0,0,0,-0,-0,-0,0
1.31490162e-06,0,0,0,0,-0,-0,-0,0
1.31580089e-06,0,0,0,0,-0,-0,-0,0
1.31670663e-06,0,0,0,0,-0,-0,-0,0
1.31760112e-06,0,0,0,0,-0,-0,-0,0
1.31850516e-06,0,0,0,0,-0,-0,-0,0
1.31940317e-06,0,0,0,0,-0,-0,-0,0
1.32030141e-06,0,0,0,0,-0,-0,-0,0
1.32120624e-06,0,0,0,0,-0,-0,-0,0
1.32210278e-06,0,0,0,0,-0,-0,-0,0
1.32300386e-06,0,0,0,0,-0,-0,-0,0
1.32390164e-06,0,0,0,0,-0,-0,-0,0
1.32480625e-06,0,0,0,0,-0,-0,-0,0
1.32570369e-06,0,0,0,0,-0,-0,-0,0
1.32660125e-06,0,0,0,0,-0,-0,-0,0
1.32750517e-06,0,0,0,0,-0,-0,-0,0
1.32840159e-06,0,0,0,0,-0,-0,-0,0
1.32930552e-06,0,0,0,0,-0,-0,-0,0
1.33020069e-06,0,0,0,0,-0,-0,-0,0
1.33110439e-06,0,0,0,0,-0,-0,-0,0
1.33200558e-06,0,0,0,0,-0,-0,-0,0
1.33290143e-06,0,0,0,0,-0,-0,-0,0
1.33380513e-06,0,0,0,0,-0,-0,-0,0
1.33470496e-06,0,0,0,0,-0,-0,-0,0
1.33560104e-06,0,0,0,0,-0,-0,-0,0
1.33650383e-06,0,0,0,0,-0,-0,-0,0
1.33740627e-06,0,0,0,0,-0,-0,-0,0
1.33830156e-06,0,0,0,0,-0,-0,-0,0
1.339204e-06,0,0,0,0,-0,-0,-0,0
1.34010577e-06,0,0,0,0,-0,-0,-0,0
1.34100151e-06,0,0,0,0,-0,-0,-0,0
1.34190316e-06,0,0,0,0,-0,-0,-0,0
1.34280492e-06,0,0,0,0,-0,-0,-0,0
1.34370032e-06,0,0,0,0,-0,-0,-0,0
1.34460265e-06,0,0,0,0,-0,-0,-0,0
1.34550442e-06,0,0,0,0,-0,-0,-0,0
1.3464047e-06,0,0,0,0,-0,-0,-0,0
1.34730567e-06,0,0,0,0,-0,-0,-0,0
1.34820561e-06,0,0,0,0,-0,-0,-0,0
1.3491059e-06,0,0,0,0,-0,-0,-0,0
1.35000641e-06,0,0,0,0,-0,-0,-0,0
1.35089999e-06,0,0,0,0,-0,-0,-0,0
1.35180005e-06,0,0,0,0,-0,-0,-0,0
1.35270068e-06,0,0,0,0,-0,-0,-0,0
1.35360051e-06,0,0,0,0,-0,-0,-0,0
1.35450614e-06,0,0,0,0,-0,-0,-0,0
1.35540608e-06,0,0,0,0,-0,-0,-0,0
1.35630603e-06,0,0,0,0,-0,-0,-0,0
1.35720393e-06,0,0,0,0,-0,-0,-0,0
1.35810353e-06,0,0,0,0,-0,-0,-0,0
1.35900268e-06,0,0,0,0,-0,-0,-0,0
1.35990183e-06,0,0,0,0,-0,-0,-0,0
1.36080087e-06,0,0,0,0,-0,-0,-0,0
1.36170536e-06,0,0,0,0,-0,-0,-0,0
1.36260417e-06,0,0,0,0,-0,-0,-0,0
1.36350275e-06,0,0,0,0,-0,-0,-0,0
1.36440133e-06,0,0,0,0,-0,-0,-0,0
1.36530616e-06,0,0,0,0,-0,-0,-0,0
1.3662044e-06,0,0,0,0,-0,-0,-0,0
1.36710264e-06,0,0,0,0,-0,-0,-0,0
1.36800043e-06,0,0,0,0,-0,-0,-0,0
1.36890469e-06,0,0,0,0,-0,-0,-0,0
1.369801e-06,0,0,0,0,-0,-0,-0,0
1.37070401e-06,0,0,0,0,-0,-0,-0,0
1.37160123e-06,0,0,0,0,-0,-0,-0,0
1.37250458e-06,0,0,0,0,-0,-0,-0,0
1.37340123e-06,0,0,0,0,-0,-0,-0,0
1.37430459e-06,0,0,0,0,-0,-0,-0,0
1.37520124e-06,0,0,0,0,-0,-0,-0,0
1.37610448e-06,0,0,0,0,-0,-0,-0,0
1.37700113e-06,0,0,0,0,-0,-0,-0,0
1.37790403e-06,0,0,0,0,-0,-0,-0,0
1.37880011e-06,0,0,0,0,-0,-0,-0,0
1.37970267e-06,0,0,0,0,-0,-0,-0,0
1.380605e-06,0,0,0,0,-0,-0,-0,0
1.38150097e-06,0,0,0,0,-0,-0,-0,0
1.38240307e-06,0,0,0,0,-0,-0,-0,0
1.38330518e-06,0,0,0,0,-0,-0,-0,0
1.38420035e-06,0,0,0,0,-0,-0,-0,0
1.3851004e-06,0,0,0,0,-0,-0,-0,0
1.38600114e-06,0,0,0,0,-0,-0,-0,0
1.38690245e-06,0,0,0,0,-0,-0,-0,0
1.38780354e-06,0,0,0,0,-0,-0,-0,0
1.38870416e-06,0,0,0,0,-0,-0,-0,0
1.3896049e-06,0,0,0,0,-0,-0,-0,0
1.3905053e-06,0,0,0,0,-0,-0,-0,0
1.3914057e-06,0,0,0,0,-0,-0,-0,0
1.39230576e-06,0,0,0,0,-0,-0,-0,0
1.39320548e-06,0,0,0,0,-0,-0,-0,0
1.39410531e-06,0,0,0,0,-0,-0,-0,0
1.39500469e-06,0,0,0,0,-0,-0,-0,0
1.39590179e-06,5.51764824e-05,-9.06973855e-06,2.72859847e-06,-0.000280932058,-5.47696543e-05,1.12689545e-05,1.12372823e-05,5.59834763e-05
1.39680071e-06,0,0,0,0,-0,-0,-0,0
1.39770623e-06,0,0,0,0,-0,-0,-0,0
1.39860481e-06,0,0,0,0,-0,-0,-0,0
1.39950293e-06,0,0,0,0,-0,-0,-0,0
1.40040027e-06,0,0,0,0,-0,-0,-0,0
1.40130476e-06,0,0,0,0,-0,-0,-0,0
1.40220254e-06,0,0,0,0,-0,-0,-0,0
1.40310578e-06,0,0,0,0,-0,-0,-0,0
1.40400095e-06,0,0,0,0,-0,-0,-0,0
1.40490476e-06,0,0,0,0,-0,-0,-0,0
1.40580164e-06,0,0,0,0,-0,-0,-0,0
1.40670454e-06,0,0,0,0,-0,-0,-0,0
1.40760073e-06,0.000250011275,-3.86360407e-05,1.09749353e-05,-0.00121030712,-0.000248266263,4.86029204e-05,4.84122848e-05,0.000253216963
1.40850364e-06,0,0,0,0,-0,-0,-0,0
1.40940358e-06,0,0,0,0,-0,-0,-0,0
1.41030569e-06,0,0,0,0,-0,-0,-0,0
1.41120177e-06,0,0,0,0,-0,-0,-0,0
1.41210342e-06,0,0,0,0,-0,-0,-0,0
1.41300461e-06,0,0,0,0,-0,-0,-0,0
1.41390558e-06,0,0,0,0,-0,-0,-0,0
1.41480632e-06,0,0,0,0,-0,-0,-0,0
1.4157049e-06,0,0,0,0,-0,-0,-0,0
1.41660462e-06,0,0,0,0,-0,-0,-0,0
1.41750434e-06,0,0,0,0,-0,-0,-0,0
1.4184061e-06,0,0,0,0,-0,-0,-0,0
1.41930457e-06,0,0,0,0,-0,-0,-0,0
1.42020281e-06,0,0,0,0,-0,-0,-0,0
1.42110036e-06,0,0,0,0,-0,-0,-0,0
1.4220044e-06,0,0,0,0,-0,-0,-0,0
1.42290162e-06,0,0,0,0,-0,-0,-0,0
1.42380497e-06,0,0,0,0,-0,-0,-0,0
1.42470151e-06,0,0,0,0,-0,-0,-0,0
1.42560452e-06,0,0,0,0,-0,-0,-0,0
1.42650038e-06,0,0,0,0,-0,-0,-0,0
1.42740271e-06,0,0,0,0,-0,-0,-0,0
1.4283039e-06,0,0,0,0,-0,-0,-0,0
1.42920578e-06,0,0,0,0,-0,-0,-0,0
1.43010072e-06,0,0,0,0,-0,-0,-0,0
1.43100226e-06,0,0,0,0,-0,-0,-0,0
1.43190334e-06,0,0,0,0,-0,-0,-0,0
1.43280454e-06,0,0,0,0,-0,-0,-0,0
1.43370494e-06,0,0,0,0,-0,-0,-0,0
1.43460568e-06,0,0,0,0,-0,-0,-0,0
1.43550642e-06,0,0,0,0,-0,-0,-0,0
1.43640329e-06,0,0,0,0,-0,-0,-0,0
1.43730369e-06,0,0,0,0,-0,-0,-0,0
1.43820387e-06,0,0,0,0,-0,-0,-0,0
1.43910393e-06,0,0,0,0,-0,-0,-0,0
1.44000364e-06,0,0,0,0,-0,-0,-0,0
1.44090359e-06,0,0,0,0,-0,-0,-0,0
1.44180342e-06,0,0,0,0,-0,-0,-0,0
1.44270291e-06,0,0,0,0,-0,-0,-0,0
1.44360638e-06,0,0,0,0,-0,-0,-0,0
1.44450564e-06,0,0,0,0,-0,-0,-0,0
1.44540479e-06,0,0,0,0,-0,-0,-0,0
1.44630349e-06,0,0,0,0,-0,-0,-0,0
1.4472015e-06,0,0,0,0,-0,-0,-0,0
1.44810031e-06,0,0,0,0,-0,-0,-0,0
1.44900525e-06,0,0,0,0,-0,-0,-0,0
1.44990315e-06,0,0,0,0,-0,-0,-0,0
1.45080094e-06,0,0,0,0,-0,-0,-0,0
1.45170532e-06,0,0,0,0,-0,-0,-0,0
1.45260287e-06,0,0,0,0,-0,-0,-0,0
1.4535002e-06,0,0,0,0,-0,-0,-0,0
1.45440379e-06,0,0,0,0,-0,-0,-0,0
1.45530078e-06,0,0,0,0,-0,-0,-0,0
1.45620413e-06,0,0,0,0,-0,-0,-0,0
1.45710044e-06,0,0,0,0,-0,-0,-0,0
1.45800584e-06,0,0,0,0,-0,-0,-0,0
1.45890215e-06,0,0,0,0,-0,-0,-0,0
1.45980414e-06,0,0,0,0,-0,-0,-0,0
1.46070022e-06,0,0,0,0,-0,-0,-0,0
1.46160244e-06,0,0,0,0,-0,-0,-0,0
1.46250466e-06,0,0,0,0,-0,-0,-0,0
1.46340028e-06,0,0,0,0,-0,-0,-0,0
1.46430239e-06,0,0,0,0,-0,-0,-0,0
1.46520404e-06,0,0,0,0,-0,-0,-0,0
1.4661058e-06,0,0,0,0,-0,-0,-0,0
1.46700097e-06,0,0,0,0,-0,-0,-0,0
1.46790194e-06,0,0,0,0,-0,-0,-0,0
1.46880325e-06,0,0,0,0,-0,-0,-0,0
1.46970444e-06,0,0,0,0,-0,-0,-0,0
1.47060382e-06,0,0,0,0,-0,-0,-0,0
1.47150467e-06,0,0,0,0,-0,-0,-0,0
1.47240553e-06,0,0,0,0,-0,-0,-0,0
1.47330604e-06,0,0,0,0,-0,-0,-0,0
1.4742061e-06,0,0,0,0,-0,-0,-0,0
1.47510616e-06,0,0,0,0,-0,-0,-0,0
1.47600599e-06,0,0,0,0,-0,-0,-0,0
1.47690548e-06,0,0,0,0,-0,-0,-0,0
1.47780463e-06,0,0,0,0,-0,-0,-0,0
1.47870367e-06,0,0,0,0,-0,-0,-0,0
1.47960213e-06,0,0,0,0,-0,-0,-0,0
1.4805006e-06,0,0,0,0,-0,-0,-0,0
1.48139998e-06,0,0,0,0,-0,-0,-0,0
1.48230413e-06,0,0,0,0,-0,-0,-0,0
1.48320078e-06,0,0,0,0,-0,-0,-0,0
1.48410174e-06,0,0,0,0,-0,-0,-0,0
1.48500544e-06,0,0,0,0,-0,-0,-0,0
1.48590254e-06,0,0,0,0,-0,-0,-0,0
1.48680351e-06,0,0,0,0,-0,-0,-0,0
1.48770027e-06,0,0,0,0,-0,-0,-0,0
1.48860317e-06,0,0,0,0,-0,-0,-0,0
1.48950505e-06,0,0,0,0,-0,-0,-0,0
1.49040068e-06,0,0,0,0,-0,-0,-0,0
1.49130278e-06,0,0,0,0,-0,-0,-0,0
1.49220489e-06,0,0,0,0,-0,-0,-0,0
1.49310017e-06,0,0,0,0,-0,-0,-0,0
1.49400137e-06,0,0,0,0,-0,-0,-0,0
1.49490234e-06,0,0,0,0,-0,-0,-0,0
1.49580319e-06,0,0,0,0,-0,-0,-0,0
1.49670359e-06,0,0,0,0,-0,-0,-0,0
1.49760388e-06,0,0,0,0,-0,-0,-0,0
1.49850393e-06,0,0,0,0,-0,-0,-0,0
1.49940354e-06,0,0,0,0,-0,-0,-0,0
1.50030303e-06,0,0,0,0,-0,-0,-0,0
1.50120241e-06,0,0,0,0,-0,-0,-0,0
1.50210133e-06,0,0,0,0,-0,-0,-0,0
1.50300616e-06,0,0,0,0,-0,-0,-0,0
1.50390417e-06,0,0,0,0,-0,-0,-0,0
1.50480219e-06,0,0,0,0,-0,-0,-0,0
1.50570645e-06,0,0,0,0,-0,-0,-0,0
1.50660401e-06,0,0,0,0,-0,-0,-0,0
1.50750134e-06,0,0,0,0,-0,-0,-0,0
1.50840458e-06,0,0,0,0,-0,-0,-0,0
1.509301e-06,0,0,0,0,-0,-0,-0,0
1.51020367e-06,0,0,0,0,-0,-0,-0,0
1.51110601e-06,0,0,0,0,-0,-0,-0,0
1.51200186e-06,0,0,0,0,-0,-0,-0,0
1.51290396e-06,0,0,0,0,-0,-0,-0,0
1.51380561e-06,0,0,0,0,-0,-0,-0,0
1.51470044e-06,0,0,0,0,-0,-0,-0,0
1.5156013e-06,0,0,0,0,-0,-0,-0,0
1.51650158e-06,0,0,0,0,-0,-0,-0,0
1.51740187e-06,0,0,0,0,-0,-0,-0,0
1.5183017e-06,0,0,0,0,-0,-0,-0,0
1.51920176e-06,0,0,0,0,-0,-0,-0,0
1.52010159e-06,0,0,0,0,-0,-0,-0,0
1.52100097e-06,0,0,0,0,-0,-0,-0,0
1.5219e-06,0,0,0,0,-0,-0,-0,0
1.52280506e-06,0,0,0,0,-0,-0,-0,0
1.52370387e-06,0,0,0,0,-0,-0,-0,0
1.52460223e-06,0,0,0,0,-0,-0,-0,0
1.52550047e-06,0,0,0,0,-0,-0,-0,0
1.52640484e-06,0,0,0,0,-0,-0,-0,0
1.5273024e-06,0,0,0,0,-0,-0,-0,0
1.52820598e-06,0,0,0,0,-0,-0,-0,0
1.52910275e-06,0,0,0,0,-0,-0,-0,0
1.53000565e-06,0,0,0,0,-0,-0,-0,0
1.53090241e-06,0,0,0,0,-0,-0,-0,0
1.5318052e-06,0,0,0,0,-0,-0,-0,0
1.5327015e-06,0,0,0,0,-0,-0,-0,0
1.53360361e-06,0,0,0,0,-0,-0,-0,0
1.5345056e-06,0,0,0,0,-0,-0,-0,0
1.5354002e-06,0,0,0,0,-0,-0,-0,0
1.53630117e-06,0,0,0,0,-0,-0,-0,0
1.53720214e-06,0,0,0,0,-0,-0,-0,0
1.53810311e-06,0,0,0,0,-0,-0,-0,0
1.53900373e-06,0,0,0,0,-0,-0,-0,0
1.53990413e-06,0,0,0,0,-0,-0,-0,0
1.54080442e-06,0,0,0,0,-0,-0,-0,0
1.54170414e-06,0,0,0,0,-0,-0,-0,0
1.54260374e-06,0,0,0,0,-0,-0,-0,0
1.54350312e-06,0,0,0,0,-0,-0,-0,0
1.54440215e-06,0,0,0,0,-0,-0,-0,0
1.54530107e-06,0,0,0,0,-0,-0,-0,0
1.54620579e-06,0,0,0,0,-0,-0,-0,0
1.54710278e-06,0,0,0,0,-0,-0,-0,0
1.54800102e-06,0,0,0,0,-0,-0,-0,0
1.54890517e-06,0,0,0,0,-0,-0,-0,0
1.54980296e-06,0,0,0,0,-0,-0,-0,0
1.55070029e-06,0,0,0,0,-0,-0,-0,0
1.55160387e-06,0,0,0,0,-0,-0,-0,0
1.55250086e-06,0,0,0,0,-0,-0,-0,0
1.55340388e-06,0,0,0,0,-0,-0,-0,0
1.5543003e-06,0,0,0,0,-0,-0,-0,0
1.55520308e-06,0,0,0,0,-0,-0,-0,0
1.55610246e-06,0,0,0,0,-0,-0,-0,0
1.55700468e-06,0,0,0,0,-0,-0,-0,0
1.55790053e-06,0,0,0,0,-0,-0,-0,0
1.5588023e-06,0,0,0,0,-0,-0,-0,0
1.55970361e-06,0,0,0,0,-0,-0,-0,0
1.5606048e-06,0,0,0,0,-0,-0,-0,0
1.56150577e-06,0,0,0,0,-0,-0,-0,0
1.56240037e-06,0,0,0,0,-0,-0,-0,0
1.56330123e-06,0,0,0,0,-0,-0,-0,0
1.56420163e-06,0,0,0,0,-0,-0,-0,0
1.56510191e-06,0,0,0,0,-0,-0,-0,0
1.56600197e-06,0,0,0,0,-0,-0,-0,0
1.56690169e-06,0,0,0,0,-0,-0,-0,0
1.56780129e-06,0,0,0,0,-0,-0,-0,0
1.56870067e-06,0,0,0,0,-0,-0,-0,0
1.56960618e-06,0,0,0,0,-0,-0,-0,0
1.57050522e-06,0,0,0,0,-0,-0,-0,0
1.57140414e-06,0,0,0,0,-0,-0,-0,0
1.57230272e-06,0,0,0,0,-0,-0,-0,0
1.57320119e-06,0,0,0,0,-0,-0,-0,0
1.57410568e-06,0,0,0,0,-0,-0,-0,0
1.57500369e-06,0,0,0,0,-0,-0,-0,0
1.57590159e-06,0,0,0,0,-0,-0,-0,0
1.57680552e-06,0,0,0,0,-0,-0,-0,0
1.57770285e-06,0,0,0,0,-0,-0,-0,0
1.57860006e-06,0,0,0,0,-0,-0,-0,0
1.57950353e-06,0,0,0,0,-0,-0,-0,0
1.58040052e-06,0,0,0,0,-0,-0,-0,0
1.58130354e-06,0,0,0,0,-0,-0,-0,0
1.58220007e-06,0,0,0,0,-0,-0,-0,0
1.58310149e-06,0,0,0,0,-0,-0,-0,0
1.58400303e-06,0,0,0,0,-0,-0,-0,0
1.58490514e-06,0,0,0,0,-0,-0,-0,0
1.58580099e-06,0,0,0,0,-0,-0,-0,0
1.58670287e-06,0,0,0,0,-0,-0,-0,0
1.58760474e-06,0,0,0,0,-0,-0,-0,0
1.58850014e-06,0,0,0,0,-0,-0,-0,0
1.58940145e-06,0,0,0,0,-0,-0,-0,0
1.59030265e-06,0,0,0,0,-0,-0,-0,0
1.5912035e-06,0,0,0,0,-0,-0,-0,0
1.59210401e-06,0,0,0,0,-0,-0,-0,0
1.59300464e-06,0,0,0,0,-0,-0,-0,0
1.59390538e-06,0,0,0,0,-0,-0,-0,0
1.59480567e-06,0,0,0,0,-0,-0,-0,0
1.59570584e-06,0,0,0,0,-0,-0,-0,0
1.59660556e-06,0,0,0,0,-0,-0,-0,0
1.59750516e-06,0,0,0,0,-0,-0,-0,0
1.59840476e-06,0,0,0,0,-0,-0,-0,0
1.59930426e-06,0,0,0,0,-0,-0,-0,0
1.6002034e-06,0,0,0,0,-0,-0,-0,0
1.60110233e-06,0,0,0,0,-0,-0,-0,0
1.60200091e-06,0,0,0,0,-0,-0,-0,0
1.60290563e-06,0,0,0,0,-0,-0,-0,0
1.60380409e-06,0,0,0,0,-0,-0,-0,0
1.60470211e-06,0,0,0,0,-0,-0,-0,0
1.60560012e-06,0,0,0,0,-0,-0,-0,0
1.60650427e-06,0,0,0,0,-0,-0,-0,0
1.60740206e-06,0,0,0,0,-0,-0,-0,0
1.60830587e-06,0,0,0,0,-0,-0,-0,0
1.6092032e-06,0,0,0,0,-0,-0,-0,0
1.6101003e-06,0,0,0,0,-0,-0,-0,0
1.61100354e-06,0,0,0,0,-0,-0,-0,0
1.61190064e-06,0,0,0,0,-0,-0,-0,0
1.61280354e-06,0,0,0,0,-0,-0,-0,0
1.61370008e-06,0,0,0,0,-0,-0,-0,0
1.61460264e-06,0,0,0,0,-0,-0,-0,0
1.6155052e-06,0,0,0,0,-0,-0,-0,0
1.61640128e-06,0,0,0,0,-0,-0,-0,0
1.6173035e-06,0,0,0,0,-0,-0,-0,0
1.61820549e-06,0,0,0,0,-0,-0,-0,0
1.619101e-06,0,0,0,0,-0,-0,-0,0
1.62000265e-06,0,0,0,0,-0,-0,-0,0
1.62090407e-06,0,0,0,0,-0,-0,-0,0
1.62180527e-06,0,0,0,0,-0,-0,-0,0
1.62270021e-06,0,0,0,0,-0,-0,-0,0
1.62360118e-06,0,0,0,0,-0,-0,-0,0
1.62450181e-06,0,0,0,0,-0,-0,-0,0
1.62540255e-06,0,0,0,0,-0,-0,-0,0
1.62630295e-06,0,0,0,0,-0,-0,-0,0
1.62720323e-06,0,0,0,0,-0,-0,-0,0
1.62810329e-06,0,0,0,0,-0,-0,-0,0
1.62900312e-06,0,0,0,0,-0,-0,-0,0
1.62990273e-06,0,0,0,0,-0,-0,-0,0
1.63080233e-06,0,0,0,0,-0,-0,-0,0
1.63170171e-06,0,0,0,0,-0,-0,-0,0
1.63260086e-06,0,0,0,0,-0,-0,-0,0
1.63350603e-06,0,0,0,0,-0,-0,-0,0
1.63440507e-06,0,0,0,0,-0,-0,-0,0
1.63530376e-06,0,0,0,0,-0,-0,-0,0
1.63620246e-06,0,0,0,0,-0,-0,-0,0
1.63710092e-06,0,0,0,0,-0,-0,-0,0
1.63800541e-06,0,0,0,0,-0,-0,-0,0
1.63890365e-06,0,0,0,0,-0,-0,-0,0
1.63980167e-06,0,0,0,0,-0,-0,-0,0
1.64070582e-06,0,0,0,0,-0,-0,-0,0
1.64160383e-06,0,0,0,0,-0,-0,-0,0
1.64250139e-06,0,0,0,0,-0,-0,-0,0
1.64340486e-06,0,0,0,0,-0,-0,-0,0
1.64430219e-06,0,0,0,0,-0,-0,-0,0
1.64520554e-06,0,0,0,0,-0,-0,-0,0
1.64610253e-06,0,0,0,0,-0,-0,-0,0
1.64700543e-06,0,0,0,0,-0,-0,-0,0
1.6479022e-06,0,0,0,0,-0,-0,-0,0
1.64880498e-06,0,0,0,0,-0,-0,-0,0
1.64970152e-06,0,0,0,0,-0,-0,-0,0
1.65060396e-06,0,0,0,0,-0,-0,-0,0
1.65150016e-06,0,0,0,0,-0,-0,-0,0
1.65240237e-06,0,0,0,0,-0,-0,-0,0
1.65330437e-06,0,0,0,0,-0,-0,-0,0
1.65420022e-06,0,0,0,0,-0,-0,-0,0
1.6551021e-06,0,0,0,0,-0,-0,-0,0
1.65600386e-06,0,0,0,0,-0,-0,-0,0
1.65690562e-06,0,0,0,0,-0,-0,-0,0
1.65780102e-06,0,0,0,0,-0,-0,-0,0
1.65870244e-06,0,0,0,0,-0,-0,-0,0
1.65960375e-06,0,0,0,0,-0,-0,-0,0
1.66050518e-06,0,0,0,0,-0,-0,-0,0
1.66140615e-06,0,0,0,0,-0,-0,-0,0
1.66230086e-06,0,0,0,0,-0,-0,-0,0
1.6632016e-06,0,0,0,0,-0,-0,-0,0
1.66410223e-06,0,0,0,0,-0,-0,-0,0
1.66500286e-06,0,0,0,0,-0,-0,-0,0
1.66590348e-06,0,0,0,0,-0,-0,-0,0
1.666804e-06,0,0,0,0,-0,-0,-0,0
1.6677044e-06,0,0,0,0,-0,-0,-0,0
1.66860457e-06,0,0,0,0,-0,-0,-0,0
1.66950451e-06,0,0,0,0,-0,-0,-0,0
1.67040469e-06,0,0,0,0,-0,-0,-0,0
1.6713044e-06,0,0,0,0,-0,-0,-0,0
1.67220401e-06,0,0,0,0,-0,-0,-0,0
1.67310395e-06,0,0,0,0,-0,-0,-0,0
1.67400378e-06,0,0,0,0,-0,-0,-0,0
1.67490316e-06,0,0,0,0,-0,-0,-0,0
1.67580254e-06,0,0,0,0,-0,-0,-0,0
1.67670191e-06,0,0,0,0,-0,-0,-0,0
1.67760118e-06,0,0,0,0,-0,-0,-0,0
1.67850033e-06,0,0,0,0,-0,-0,-0,0
1.67940539e-06,0,0,0,0,-0,-0,-0,0
1.68030431e-06,0,0,0,0,-0,-0,-0,0
1.68120334e-06,0,0,0,0,-0,-0,-0,0
1.68210215e-06,0,0,0,0,-0,-0,-0,0
1.68300096e-06,0,0,0,0,-0,-0,-0,0
1.68390557e-06,0,0,0,0,-0,-0,-0,0
1.68480403e-06,0,0,0,0,-0,-0,-0,0
1.68570239e-06,0,0,0,0,-0,-0,-0,0
1.68660063e-06,0,0,0,0,-0,-0,-0,0
1.68750489e-06,0,0,0,0,-0,-0,-0,0
1.68840302e-06,0,0,0,0,-0,-0,-0,0
1.68930092e-06,0,0,0,0,-0,-0,-0,0
1.69020495e-06,0,0,0,0,-0,-0,-0,0
1.69110285e-06,0,0,0,0,-0,-0,-0,0
1.69200064e-06,0,0,0,0,-0,-0,-0,0
1.69290433e-06,0,0,0,0,-0,-0,-0,0
1.69380166e-06,0,0,0,0,-0,-0,-0,0
1.69470502e-06,0,0,0,0,-0,-0,-0,0
1.69560224e-06,0,0,0,0,-0,-0,-0,0
1.69650548e-06,0,0,0,0,-0,-0,-0,0
1.69740258e-06,0,0,0,0,-0,-0,-0,0
1.69830582e-06,0,0,0,0,-0,-0,-0,0
1.69920281e-06,0,0,0,0,-0,-0,-0,0
1.70010571e-06,0,0,0,0,-0,-0,-0,0
1.70100247e-06,0,0,0,0,-0,-0,-0,0
1.70190526e-06,0,0,0,0,-0,-0,-0,0
1.70280168e-06,0,0,0,0,-0,-0,-0,0
1.70370413e-06,0,0,0,0,-0,-0,-0,0
1.70460055e-06,0,0,0,0,-0,-0,-0,0
1.705503e-06,0,0,0,0,-0,-0,-0,0
1.70640544e-06,0,0,0,0,-0,-0,-0,0
1.70730164e-06,0,0,0,0,-0,-0,-0,0
1.70820385e-06,0,0,0,0,-0,-0,-0,0
1.70910607e-06,0,0,0,0,-0,-0,-0,0
1.71000556e-06,0,0,0,0,-0,-0,-0,0
1.7109013e-06,0,0,0,0,-0,-0,-0,0
1.71180318e-06,0,0,0,0,-0,-0,-0,0
1.71270483e-06,0,0,0,0,-0,-0,-0,0
1.71360057e-06,0,0,0,0,-0,-0,-0,0
1.71450233e-06,0,0,0,0,-0,-0,-0,0
1.71540387e-06,0,0,0,0,-0,-0,-0,0
1.71630541e-06,0,0,0,0,-0,-0,-0,0
1.71720058e-06,0,0,0,0,-0,-0,-0,0
1.718102e-06,0,0,0,0,-0,-0,-0,0
1.71900319e-06,0,0,0,0,-0,-0,-0,0
1.71990428e-06,0,0,0,0,-0,-0,-0,0
1.72080524e-06,0,0,0,0,-0,-0,-0,0
1.72170019e-06,0,0,0,0,-0,-0,-0,0
1.72260116e-06,0,0,0,0,-0,-0,-0,0
1.72350212e-06,0,0,0,0,-0,-0,-0,0
1.72440298e-06,0,0,0,0,-0,-0,-0,0
1.72530372e-06,0,0,0,0,-0,-0,-0,0
1.72620435e-06,0,0,0,0,-0,-0,-0,0
1.72710486e-06,0,0,0,0,-0,-0,-0,0
1.72800537e-06,0,0,0,0,-0,-0,-0,0
1.728906e-06,0,0,0,0,-0,-0,-0,0
1.72980026e-06,0,0,0,0,-0,-0,-0,0
1.73070055e-06,0,0,0,0,-0,-0,-0,0
1.73160106e-06,0,0,0,0,-0,-0,-0,0
1.73250135e-06,0,0,0,0,-0,-0,-0,0
1.7334014e-06,0,0,0,0,-0,-0,-0,0
1.73430169e-06,0,0,0,0,-0,-0,-0,0
1.73520186e-06,0,0,0,0,-0,-0,-0,0
1.73610169e-06,0,0,0,0,-0,-0,-0,0
1.73700175e-06,0,0,0,0,-0,-0,-0,0
1.73790158e-06,0,0,0,0,-0,-0,-0,0
1.73880164e-06,0,0,0,0,-0,-0,-0,0
1.73970136e-06,0,0,0,0,-0,-0,-0,0
1.74060119e-06,0,0,0,0,-0,-0,-0,0
1.74150091e-06,0,0,0,0,-0,-0,-0,0
1.74240063e-06,0,0,0,0,-0,-0,-0,0
1.74330012e-06,0,0,0,0,-0,-0,-0,0
1.74420575e-06,0,0,0,0,-0,-0,-0,0
1.74510512e-06,0,0,0,0,-0,-0,-0,0
1.74600461e-06,0,0,0,0,-0,-0,-0,0
1.7469041e-06,0,0,0,0,-0,-0,-0,0
1.74780348e-06,0,0,0,0,-0,-0,-0,0
1.7487024e-06,0,0,0,0,-0,-0,-0,0
1.74960167e-06,0,0,0,0,-0,-0,-0,0
1.75050081e-06,0,0,0,0,-0,-0,-0,0
1.75140599e-06,0,0,0,0,-0,-0,-0,0
1.75230514e-06,0,0,0,0,-0,-0,-0,0
1.75320417e-06,0,0,0,0,-0,-0,-0,0
1.7541031e-06,0,0,0,0,-0,-0,-0,0
1.75500213e-06,0,0,0,0,-0,-0,-0,0
1.75590117e-06,0,0,0,0,-0,-0,-0,0
1.75680009e-06,0,0,0,0,-0,-0,-0,0
1.75770504e-06,0,0,0,0,-0,-0,-0,0
1.75860373e-06,0,0,0,0,-0,-0,-0,0
1.75950254e-06,0,0,0,0,-0,-0,-0,0
1.76040123e-06,0,0,0,0,-0,-0,-0,0
1.76130595e-06,0,0,0,0,-0,-0,-0,0
1.76220465e-06,0,0,0,0,-0,-0,-0,0
1.76310311e-06,0,0,0,0,-0,-0,-0,0
1.76400181e-06,0,0,0,0,-0,-0,-0,0
1.76490028e-06,0,0,0,0,-0,-0,-0,0
1.76580488e-06,0,0,0,0,-0,-0,-0,0
1.76670335e-06,0,0,0,0,-0,-0,-0,0
1.76760159e-06,0,0,0,0,-0,-0,-0,0
1.76850597e-06,0,0,0,0,-0,-0,-0,0
1.76940421e-06,0,0,0,0,-0,-0,-0,0
1.77030233e-06,0,0,0,0,-0,-0,-0,0
1.77120057e-06,0,0,0,0,-0,-0,-0,0
1.77210484e-06,0,0,0,0,-0,-0,-0,0
1.77300296e-06,0,0,0,0,-0,-0,-0,0
1.77390109e-06,0,0,0,0,-0,-0,-0,0
1.77480513e-06,0,0,0,0,-0,-0,-0,0
1.77570303e-06,0,0,0,0,-0,-0,-0,0
1.77660081e-06,0,0,0,0,-0,-0,-0,0
1.77750474e-06,0,0,0,0,-0,-0,-0,0
1.77840252e-06,0,0,0,0,-0,-0,-0,0
1.77930031e-06,0,0,0,0,-0,-0,-0,0
1.78020423e-06,0,0,0,0,-0,-0,-0,0
1.78110201e-06,0,0,0,0,-0,-0,-0,0
1.78200571e-06,0,0,0,0,-0,-0,-0,0
1.78290327e-06,0,0,0,0,-0,-0,-0,0
1.78380071e-06,0,0,0,0,-0,-0,-0,0
1.7847043e-06,0,0,0,0,-0,-0,-0,0
1.78560185e-06,0,0,0,0,-0,-0,-0,0
1.78650532e-06,0,0,0,0,-0,-0,-0,0
1.78740265e-06,0,0,0,0,-0,-0,-0,0
1.7883001e-06,0,0,0,0,-0,-0,-0,0
1.78920357e-06,0,0,0,0,-0,-0,-0,0
1.7901009e-06,0,0,0,0,-0,-0,-0,0
1.79100414e-06,0,0,0,0,-0,-0,-0,0
1.79190124e-06,0,0,0,0,-0,-0,-0,0
1.7928046e-06,0,0,0,0,-0,-0,-0,0
1.7937017e-06,0,0,0,0,-0,-0,-0,0
1.79460483e-06,0,0,0,0,-0,-0,-0,0
1.79550204e-06,0,0,0,0,-0,-0,-0,0
1.79640517e-06,0,0,0,0,-0,-0,-0,0
1.79730205e-06,0,0,0,0,-0,-0,-0,0
1.79820506e-06,0,0,0,0,-0,-0,-0,0
1.79910182e-06,0,0,0,0,-0,-0,-0,0
1.79999995e-06,0,0,0,0,-0,-0,-0,0
