time_s,ALLIE_mJ,ALLKE_mJ,ALLAE_mJ,ALLSE_mJ,ALLPD_mJ,ALLDMD_mJ,ALLWK_mJ,ALLVD_mJ,ETOTAL_mJ
0,0,0.00873762928,0,0,0,0,0,0,0.00873762928
9.03374597e-10,1.97691061e-12,0.00873762928,5.11110793e-13,1.46579992e-12,0,0,1.45612758e-10,2.19541751e-13,0.00873762928
1.8060331e-09,8.04998602e-12,0.00873762928,1.76550506e-12,6.28448118e-12,0,0,5.30440636e-10,4.23112175e-13,0.00873762928
2.70214739e-09,1.7921194e-11,0.00873762928,3.9397461e-12,1.39814479e-11,0,0,1.13965815e-09,6.03880335e-13,0.00873762928
3.6047938e-09,3.10781505e-11,0.00873762928,7.3688668e-12,2.37092845e-11,0,0,1.95022087e-09,7.60674022e-13,0.00873762928
4.50088278e-09,4.57345897e-11,0.00873762928,1.23635694e-11,3.33710212e-11,0,0,2.91915647e-09,8.89344208e-13,0.00873762928
5.40349188e-09,6.13303991e-11,0.00873762928,1.89181604e-11,4.24122369e-11,0,0,4.0224819e-09,9.83623122e-13,0.00873762928
6.30608321e-09,7.71847447e-11,0.00873762928,2.66192294e-11,5.05655136e-11,0,0,5.20823651e-09,1.03895766e-12,0.00873762928
7.2021149e-09,9.63174124e-11,0.00873762928,3.2191215e-11,6.41262043e-11,0,0,6.53575416e-09,1.23822166e-12,0.00873762928
8.10467959e-09,1.20557841e-10,0.00873762928,3.53624595e-11,8.51953785e-11,0,0,8.12621614e-09,1.46598478e-12,0.00873762928
9.00069708e-09,1.52489923e-10,0.00873762928,3.88932567e-11,1.13596667e-10,0,0,9.99190419e-09,1.73108511e-12,0.00873762928
9.90324978e-09,2.01871617e-10,0.00873762928,4.62635381e-11,1.55608068e-10,0,0,1.22308608e-08,2.05336681e-12,0.00873762928
1.08058025e-08,2.64698236e-10,0.00873762928,5.71450109e-11,2.07553238e-10,0,0,1.48672745e-08,2.40868198e-12,0.00873762928
1.17018208e-08,3.38181982e-10,0.00873762928,7.25441998e-11,2.6563779e-10,0,0,1.78768591e-08,2.76971957e-12,0.00873762928
1.26043886e-08,3.91906424e-10,0.00873762928,8.83548859e-11,3.03551517e-10,0,0,2.11662794e-08,2.94215086e-12,0.00873762928
1.35004186e-08,4.36872677e-10,0.00873762928,1.09621992e-10,3.27250671e-10,0,0,2.4544585e-08,3.04065779e-12,0.00873762928
1.44029508e-08,4.74642603e-10,0.00873762928,1.34088504e-10,3.40554085e-10,0,0,2.79561903e-08,3.07789384e-12,0.00873762928
1.53054476e-08,5.0445359e-10,0.00873762928,1.59665114e-10,3.44788476e-10,0,0,3.12963309e-08,3.11207852e-12,0.00873762928
1.62013709e-08,5.25966104e-10,0.00873762928,1.84151097e-10,3.41815021e-10,0,0,3.44816513e-08,3.14941541e-12,0.00873762928
1.7103801e-08,5.59365332e-10,0.00873762928,1.94316285e-10,3.65049019e-10,0,0,3.7773507e-08,3.4397513e-12,0.00873762928
1.80062276e-08,6.12455142e-10,0.00873762928,1.87973095e-10,4.24482061e-10,0,0,4.14370902e-08,3.79997986e-12,0.00873762928
1.89021154e-08,6.93384572e-10,0.00873762928,1.85043023e-10,5.08341536e-10,0,0,4.54963782e-08,4.23106645e-12,0.00873762928
1.98045509e-08,8.0126844e-10,0.00873762928,1.97153557e-10,6.04114925e-10,0,0,5.00631359e-08,4.72951626e-12,0.00873762928
2.07004511e-08,9.8511399e-10,0.00873762928,2.27973515e-10,7.57140461e-10,0,0,5.52183614e-08,5.33629434e-12,0.00873762928
2.16029079e-08,1.16824761e-09,0.00873762928,2.64389843e-10,9.03857766e-10,0,0,6.09405788e-08,5.84335965e-12,0.00873762928
2.25053771e-08,1.2707797e-09,0.00873762928,2.99492459e-10,9.71287273e-10,0,0,6.69272282e-08,6.07700869e-12,0.00873762928
2.34012205e-08,1.33702815e-09,0.00873762928,3.46753098e-10,9.90275084e-10,0,0,7.28637986e-08,6.18559847e-12,0.00873762928
2.43035192e-08,1.38109857e-09,0.00873762928,4.01529393e-10,9.79569093e-10,0,0,7.86886147e-08,6.30705991e-12,0.00873762928
2.52057397e-08,1.40087009e-09,0.00873762928,4.58298816e-10,9.42571243e-10,0,0,8.42435455e-08,6.4429473e-12,0.00873762928
2.61013611e-08,1.40166845e-09,0.00873762928,5.08678766e-10,8.92989738e-10,0,0,8.94060932e-08,6.58266844e-12,0.00873762928
2.70034555e-08,1.42491585e-09,0.00873762928,5.23527555e-10,9.01388297e-10,0,0,9.45858289e-08,7.01177267e-12,0.00873762928
2.79055534e-08,1.49881141e-09,0.00873762928,4.89232321e-10,1.00957909e-09,0,0,1.00269823e-07,7.53945344e-12,0.00873762928
2.88011357e-08,1.62637037e-09,0.00873762928,4.65550209e-10,1.16082011e-09,0,0,1.06443757e-07,8.14240515e-12,0.00873762928
2.97032994e-08,1.82553972e-09,0.00873762928,4.80043283e-10,1.34549649e-09,0,0,1.13281097e-07,8.9189784e-12,0.00873762928
3.0605495e-08,2.15552354e-09,0.00873762928,5.33112554e-10,1.62241109e-09,0,0,1.20982705e-07,9.8529674e-12,0.00873762928
3.15012016e-08,2.51562238e-09,0.00873762928,6.07252471e-10,1.90836991e-09,0,0,1.29317073e-07,1.0640766e-11,0.00873762928
3.24035376e-08,2.67940337e-09,0.00873762928,6.61160071e-10,2.01824335e-09,0,0,1.37995997e-07,1.10109838e-11,0.00873762928
3.33059695e-08,2.76042655e-09,0.00873762928,7.46723905e-10,2.01370276e-09,0,0,1.46557753e-07,1.12444489e-11,0.00873762928
3.42019355e-08,2.79098478e-09,0.00873762928,8.34057989e-10,1.95692684e-09,0,0,1.54742594e-07,1.15230889e-11,0.00873762928
3.51045095e-08,2.78137602e-09,0.00873762928,9.30438671e-10,1.85093729e-09,0,0,1.62501252e-07,1.18342497e-11,0.00873762928
3.60005963e-08,2.73450795e-09,0.00873762928,1.01645015e-09,1.7180577e-09,0,0,1.69621842e-07,1.21682343e-11,0.00873762928
3.69031987e-08,2.71804668e-09,0.00873762928,1.03988818e-09,1.6781585e-09,0,0,1.7663443e-07,1.28294059e-11,0.00873762928
3.78057479e-08,2.80434764e-09,0.00873762928,9.61882685e-10,1.84246507e-09,0,0,1.84334482e-07,1.3611258e-11,0.00873762928
3.87017778e-08,2.97294678e-09,0.00873762928,9.00039543e-10,2.07290718e-09,0,0,1.92611481e-07,1.44943987e-11,0.00873762928
3.96043944e-08,3.23748495e-09,0.00873762928,9.00940822e-10,2.33654429e-09,0,0,2.01686689e-07,1.55968589e-11,0.00873762928
4.05005025e-08,3.80018372e-09,0.00873762928,9.96250527e-10,2.80393286e-09,0,0,2.11863195e-07,1.70017455e-11,0.00873762928
4.14030694e-08,4.35728964e-09,0.00873762928,1.10268294e-09,3.25460681e-09,0,0,2.22926104e-07,1.81606032e-11,0.00873762928
4.23054374e-08,4.63996663e-09,0.00873762928,1.18813526e-09,3.45183149e-09,0,0,2.34311074e-07,1.88314069e-11,0.00873762928
4.32010765e-08,4.72971573e-09,0.00873762928,1.31723787e-09,3.41247808e-09,0,0,2.45359871e-07,1.92948921e-11,0.00873762928
4.41030821e-08,4.73130735e-09,0.00873762928,1.45945356e-09,3.27185368e-09,0,0,2.55987828e-07,1.9812197e-11,0.00873762928
4.50049704e-08,4.67600136e-09,0.00873762928,1.60698643e-09,3.06901504e-09,0,0,2.65896631e-07,2.03758763e-11,0.00873762928
4.59002294e-08,4.56322891e-09,0.00873762928,1.74745074e-09,2.81577806e-09,0,0,2.74913049e-07,2.09605805e-11,0.00873762928
4.68024268e-08,4.45726878e-09,0.00873762928,1.78249582e-09,2.67477285e-09,0,0,2.83652497e-07,2.18973624e-11,0.00873762928
4.77052708e-08,4.53404914e-09,0.00873762928,1.64039216e-09,2.89365687e-09,0,0,2.9331224e-07,2.30681255e-11,0.00873762928
4.86015601e-08,4.74396966e-09,0.00873763021,1.51692903e-09,3.22704063e-09,0,0,3.03633044e-07,2.43585412e-11,0.00873762928
4.95043757e-08,5.10739362e-09,0.00873762928,1.49851376e-09,3.60888008e-09,0,0,3.14869425e-07,2.59391848e-11,0.00873762928
5.04005868e-08,5.8889702e-09,0.00873762928,1.6232401e-09,4.26572999e-09,0,0,3.27566113e-07,2.79973614e-11,0.00873762928
5.13031893e-08,6.71152023e-09,0.00873762928,1.77369541e-09,4.93782482e-09,0,0,3.41333362e-07,2.97879811e-11,0.00873762928
5.22056354e-08,7.15418347e-09,0.00873762928,1.90083616e-09,5.25334753e-09,0,0,3.55447668e-07,3.09692237e-11,0.00873762928
5.31013953e-08,7.25359639e-09,0.00873762928,2.07214046e-09,5.18145615e-09,0,0,3.69056295e-07,3.18477397e-11,0.00873762928
5.40035963e-08,7.2246138e-09,0.00873763021,2.27494801e-09,4.94966601e-09,0,0,3.82072272e-07,3.27815344e-11,0.00873762928
5.49056942e-08,7.09577153e-09,0.00873763021,2.48179943e-09,4.61397187e-09,0,0,3.94131092e-07,3.38015414e-11,0.00873762928
5.58011841e-08,6.89533497e-09,0.00873763021,2.67049094e-09,4.22484403e-09,0,0,4.05039088e-07,3.48189533e-11,0.00873762928
5.67031364e-08,6.68987132e-09,0.00873763021,2.77319723e-09,3.91667365e-09,0,0,4.15399711e-07,3.61519148e-11,0.00873762928
5.76050212e-08,6.71381528e-09,0.00873763021,2.54767207e-09,4.16614343e-09,0,0,4.26965954e-07,3.78852227e-11,0.00873762928
5.85004081e-08,6.98079594e-09,0.00873763021,2.33911801e-09,4.64167815e-09,0,0,4.39290488e-07,3.97740174e-11,0.00873762928
5.94023781e-08,7.37370831e-09,0.00873763021,2.2689457e-09,5.10476283e-09,0,0,4.52575819e-07,4.17063155e-11,0.00873762928
6.03043588e-08,8.41746495e-09,0.00873763021,2.4390916e-09,5.97837335e-09,0,0,4.6781841e-07,4.44599531e-11,0.00873762928
6.12063857e-08,9.55406954e-09,0.00873763021,2.6443483e-09,6.90972124e-09,0,0,4.84184056e-07,4.71121406e-11,0.00873762928
6.21019609e-08,1.02495026e-08,0.00873763021,2.81883517e-09,7.43066719e-09,0,0,5.00870783e-07,4.89528348e-11,0.00873762928
6.30039807e-08,1.03809423e-08,0.00873763021,3.03880676e-09,7.34213579e-09,0,0,5.17159322e-07,5.03300839e-11,0.00873762928
6.39057518e-08,1.02896784e-08,0.00873763021,3.30962791e-09,6.98005076e-09,0,0,5.32547517e-07,5.17165546e-11,0.00873762928
6.48008296e-08,1.00754178e-08,0.00873763021,3.58644781e-09,6.48897025e-09,0,0,5.46637978e-07,5.32397043e-11,0.00873762928
6.57023023e-08,9.75929115e-09,0.00873763021,3.83459975e-09,5.92469096e-09,0,0,5.59498858e-07,5.48264247e-11,0.00873762928
6.66036541e-08,9.42442124e-09,0.00873763021,4.01691835e-09,5.40750289e-09,0,0,5.7138476e-07,5.67073125e-11,0.00873762928
6.75048355e-08,9.36799971e-09,0.00873763021,3.6995953e-09,5.66840397e-09,0,0,5.8483829e-07,5.92876581e-11,0.00873762928
6.84061092e-08,9.66533698e-09,0.00873763021,3.38547457e-09,6.27986285e-09,0,0,5.99276234e-07,6.1972559e-11,0.00873762928
6.93010023e-08,1.01623181e-08,0.00873763021,3.2659242e-09,6.89639412e-09,0,0,6.14559099e-07,6.47534457e-11,0.00873762928
7.02024536e-08,1.14598118e-08,0.00873763021,3.46925444e-09,7.99055666e-09,0,0,6.32157764e-07,6.85181009e-11,0.00873762928
7.11040116e-08,1.28978703e-08,0.00873763021,3.72283915e-09,9.1750314e-09,0,0,6.51144546e-07,7.20679003e-11,0.00873762928
7.20057614e-08,1.39403715e-08,0.00873763021,3.97990885e-09,9.96046268e-09,0,0,6.70669806e-07,7.48025253e-11,0.00873762928
7.29012157e-08,1.40867558e-08,0.00873763021,4.20663504e-09,9.88012072e-09,0,0,6.89407955e-07,7.68049652e-11,0.00873762928
7.38034203e-08,1.39497729e-08,0.00873763021,4.55821025e-09,9.39156308e-09,0,0,7.07167885e-07,7.8857719e-11,0.00873762928
7.47057953e-08,1.36144749e-08,0.00873763021,4.92059771e-09,8.69387673e-09,0,0,7.23492406e-07,8.10493131e-11,0.00873762928
7.56017471e-08,1.31653746e-08,0.00873763021,5.23569277e-09,7.92968269e-09,0,0,7.3812123e-07,8.33127733e-11,0.00873762928
7.65043424e-08,1.26114212e-08,0.00873763021,5.45313972e-09,7.15828108e-09,0,0,7.5145806e-07,8.57171556e-11,0.00873762928
7.74004363e-08,1.25218991e-08,0.00873763021,5.11196685e-09,7.40993222e-09,0,0,7.66689652e-07,8.93023919e-11,0.00873762928
7.83031737e-08,1.28504212e-08,0.00873763021,4.68023975e-09,8.17018186e-09,0,0,7.83144287e-07,9.29852376e-11,0.00873762928
7.92060035e-08,1.34677078e-08,0.00873763021,4.47937154e-09,8.9883363e-09,0,0,8.00694465e-07,9.69342454e-11,0.00873762928
8.01023035e-08,1.48763899e-08,0.00873763021,4.69951988e-09,1.017687e-08,0,0,8.20426465e-07,1.01894569e-10,0.00873762928
8.10049983e-08,1.67696612e-08,0.00873763021,5.02768538e-09,1.17419754e-08,0,0,8.42105578e-07,1.07063886e-10,0.00873762928
8.1900879e-08,1.8248258e-08,0.00873763021,5.39071099e-09,1.28575479e-08,0,0,8.64243589e-07,1.1128802e-10,0.00873762928
8.2803048e-08,1.84392093e-08,0.00873763021,5.65182301e-09,1.27873871e-08,0,0,8.85762859e-07,1.14609031e-10,0.00873762928
8.3705018e-08,1.82674231e-08,0.00873763021,6.08324235e-09,1.21841799e-08,0,0,9.05893785e-07,1.17820351e-10,0.00873762928
8.46003161e-08,1.78365003e-08,0.00873763021,6.57517463e-09,1.12613261e-08,0,0,9.24187248e-07,1.21136101e-10,0.00873762928
8.55020517e-08,1.72158963e-08,0.00873763021,6.96406177e-09,1.02518349e-08,0,0,9.4078149e-07,1.24570743e-10,0.00873762928
8.64037091e-08,1.64127254e-08,0.00873763021,7.20848403e-09,9.20424181e-09,0,0,9.55580504e-07,1.27918467e-10,0.00873762928
8.73004922e-08,1.62356013e-08,0.00873763021,6.89028123e-09,9.34532007e-09,0,0,9.72483122e-07,1.33066363e-10,0.00873762928
8.82037838e-08,1.65570668e-08,0.00873763021,6.29893027e-09,1.02581366e-08,0,0,9.90891749e-07,1.38428727e-10,0.00873762928
8.9100368e-08,1.72409713e-08,0.00873763021,6.03329875e-09,1.12076721e-08,0,0,1.01034777e-06,1.43917336e-10,0.00873762928
9.00033257e-08,1.90806535e-08,0.00873763021,6.2867862e-09,1.27938673e-08,0,0,1.03240166e-06,1.50614576e-10,0.00873762928
9.09060134e-08,2.11652083e-08,0.00873763021,6.61431399e-09,1.45508938e-08,0,0,1.05667391e-06,1.57310054e-10,0.00873762928
9.18017093e-08,2.31608333e-08,0.00873763021,7.0835835e-09,1.60772498e-08,0,0,1.08153051e-06,1.63127151e-10,0.00873762928
9.27035515e-08,2.34255868e-08,0.00873763021,7.34101446e-09,1.60845737e-08,0,0,1.10568328e-06,1.67697814e-10,0.00873762928
9.36050384e-08,2.31977175e-08,0.00873763021,7.82242005e-09,1.53752975e-08,0,0,1.12815951e-06,1.72210315e-10,0.00873762928
9.45062339e-08,2.26219292e-08,0.00873763021,8.43691517e-09,1.41850149e-08,0,0,1.1486635e-06,1.76817769e-10,0.00873762928
9.54007362e-08,2.17990799e-08,0.00873763021,8.94701113e-09,1.28520696e-08,0,0,1.16690933e-06,1.81554299e-10,0.00873762928
9.63016404e-08,2.07739408e-08,0.00873763021,9.1950163e-09,1.15789236e-08,0,0,1.18326602e-06,1.86178309e-10,0.00873762928
9.72021965e-08,2.04312745e-08,0.00873763021,8.89222029e-09,1.1539055e-08,0,0,1.20162622e-06,1.92735147e-10,0.00873762928
9.81028023e-08,2.06586517e-08,0.00873763021,8.13365375e-09,1.25249979e-08,0,0,1.22187089e-06,1.99735214e-10,0.00873762928
9.90035858e-08,2.1477387e-08,0.00873763021,7.77711584e-09,1.37002711e-08,0,0,1.24349776e-06,2.06784825e-10,0.00873762928
9.99044829e-08,2.34427127e-08,0.00873763021,7.95437316e-09,1.54883395e-08,0,0,1.26760403e-06,2.15032936e-10,0.00873762928
1.00805444e-07,2.59797801e-08,0.00873763021,8.38363512e-09,1.7596145e-08,0,0,1.29443515e-06,2.2398941e-10,0.00873762928
1.01700103e-07,2.85380075e-08,0.00873763021,8.99286068e-09,1.95451477e-08,0,0,1.32199602e-06,2.31945657e-10,0.00873762928
1.02601661e-07,2.900385e-08,0.00873763021,9.2741006e-09,1.97297503e-08,0,0,1.34887898e-06,2.38378373e-10,0.00873762928
1.0350356e-07,2.88014057e-08,0.00873763021,9.84666393e-09,1.89547436e-08,0,0,1.37380096e-06,2.44429005e-10,0.00873762928
1.04405729e-07,2.81264683e-08,0.00873763021,1.05915232e-08,1.75349442e-08,0,0,1.39642043e-06,2.50551718e-10,0.00873762928
1.0530151e-07,2.70602705e-08,0.00873763021,1.11759322e-08,1.58843392e-08,0,0,1.41651924e-06,2.56802413e-10,0.00873762928
1.06203991e-07,2.58196362e-08,0.00873763021,1.15526779e-08,1.42669574e-08,0,0,1.43447642e-06,2.63061073e-10,0.00873762928
1.07100021e-07,2.52769716e-08,0.00873763021,1.12798357e-08,1.39971359e-08,0,0,1.45396757e-06,2.71177941e-10,0.00873762928
1.08002695e-07,2.54194497e-08,0.00873763021,1.03686659e-08,1.5050782e-08,0,0,1.47612525e-06,2.80098583e-10,0.00873762928
1.0890551e-07,2.63312572e-08,0.00873763021,9.87109861e-09,1.64601595e-08,0,0,1.49978337e-06,2.89252539e-10,0.00873762928
1.09801867e-07,2.82283477e-08,0.00873763021,9.91620119e-09,1.83121465e-08,0,0,1.52568884e-06,2.99595015e-10,0.00873762928
1.10704669e-07,3.14215534e-08,0.00873763021,1.04509477e-08,2.09706048e-08,0,0,1.55521525e-06,3.11172726e-10,0.00873762928
1.11600542e-07,3.45944038e-08,0.00873763021,1.11939471e-08,2.34004585e-08,0,0,1.58553235e-06,3.21535354e-10,0.00873762928
1.12502605e-07,3.52370257e-08,0.00873763021,1.15272139e-08,2.37098146e-08,0,0,1.61512139e-06,3.30000055e-10,0.00873762928
1.13404397e-07,3.50467957e-08,0.00873763021,1.21539774e-08,2.28928165e-08,0,0,1.64243204e-06,3.37849859e-10,0.00873762928
1.14306005e-07,3.4239811e-08,0.00873763021,1.29958222e-08,2.12439897e-08,0,0,1.6671014e-06,3.45919071e-10,0.00873762928
1.15200926e-07,3.29470566e-08,0.00873763021,1.37491618e-08,1.91978948e-08,0,0,1.68895008e-06,3.53837931e-10,0.00873762928
1.16102292e-07,3.13891633e-08,0.00873763021,1.41771537e-08,1.72120114e-08,0,0,1.7083853e-06,3.61673191e-10,0.00873762928
1.17005015e-07,3.05658965e-08,0.00873763021,1.39136942e-08,1.66522032e-08,0,0,1.72912598e-06,3.7183992e-10,0.00873762928
1.17902005e-07,3.06511154e-08,0.00873763021,1.28979112e-08,1.77532034e-08,0,0,1.75294758e-06,3.83610227e-10,0.00873762928
1.18805318e-07,3.14826067e-08,0.00873763021,1.22121957e-08,1.92704093e-08,0,0,1.77857044e-06,3.95648875e-10,0.00873762928
1.19701852e-07,3.3524465e-08,0.00873763021,1.21633486e-08,2.13611173e-08,0,0,1.80633299e-06,4.09071249e-10,0.00873762928
1.20604696e-07,3.72875171e-08,0.00873763021,1.27930111e-08,2.44945078e-08,0,0,1.83847646e-06,4.23457464e-10,0.00873762928
1.21500449e-07,4.08519512e-08,0.00873763021,1.35703235e-08,2.72816294e-08,0,0,1.87153034e-06,4.37167913e-10,0.00873762928
1.22402199e-07,4.21776996e-08,0.00873763021,1.40840735e-08,2.8093627e-08,0,0,1.90398453e-06,4.48906773e-10,0.00873762928
1.23303479e-07,4.2041929e-08,0.00873763021,1.47945256e-08,2.72474026e-08,0,0,1.93384471e-06,4.59619898e-10,0.00873762928
1.24204391e-07,4.11453058e-08,0.00873763021,1.57190492e-08,2.54262549e-08,0,0,1.96070505e-06,4.69925487e-10,0.00873762928
1.25105075e-07,3.96183175e-08,0.00873763021,1.66871352e-08,2.29311805e-08,0,0,1.984542e-06,4.80126938e-10,0.00873762928
1.26005574e-07,3.77533844e-08,0.00873763021,1.71993992e-08,2.05539834e-08,0,0,2.00557201e-06,4.90216645e-10,0.00873762928
1.26905704e-07,3.66484265e-08,0.00873763021,1.70966477e-08,1.95517806e-08,0,0,2.02728211e-06,5.02573427e-10,0.00873762928
1.27805606e-07,3.66277249e-08,0.00873763021,1.58825042e-08,2.07452207e-08,0,0,2.05300034e-06,5.17424104e-10,0.00873762928
1.28705693e-07,3.76897908e-08,0.00873763021,1.49798378e-08,2.2709953e-08,0,0,2.08062079e-06,5.32531408e-10,0.00873762928
1.2960605e-07,3.95081159e-08,0.00873763021,1.47960444e-08,2.47120742e-08,0,0,2.11040538e-06,5.47948409e-10,0.00873762928
1.30506351e-07,4.41383463e-08,0.00873763021,1.54759476e-08,2.86624005e-08,0,0,2.14521538e-06,5.64909786e-10,0.00873762928
1.31400427e-07,4.82044804e-08,0.00873763021,1.63384328e-08,3.18660476e-08,0,0,2.18089826e-06,5.80752169e-10,0.00873762928
1.32301466e-07,4.96889783e-08,0.00873763021,1.69238863e-08,3.27650937e-08,0,0,2.2160084e-06,5.94415406e-10,0.00873762928
1.3320296e-07,4.95194428e-08,0.00873763021,1.76289312e-08,3.18905116e-08,0,0,2.24824544e-06,6.06785067e-10,0.00873762928
1.34104425e-07,4.84574265e-08,0.00873763021,1.86022024e-08,2.98552258e-08,0,0,2.27712894e-06,6.18713691e-10,0.00873762928
1.35005735e-07,4.66883421e-08,0.00873763021,1.97428616e-08,2.69454805e-08,0,0,2.30257501e-06,6.30775321e-10,0.00873762928
1.35900407e-07,4.4431399e-08,0.00873763021,2.03552197e-08,2.40761793e-08,0,0,2.32470711e-06,6.4260014e-10,0.00873762928
1.36801418e-07,4.27968097e-08,0.00873763021,2.03381383e-08,2.24586696e-08,0,0,2.34697222e-06,6.56641241e-10,0.00873762928
1.37702159e-07,4.25964473e-08,0.00873763021,1.88812663e-08,2.37151827e-08,0,0,2.37430299e-06,6.75094702e-10,0.00873762928
1.38602971e-07,4.35294716e-08,0.00873763021,1.78166673e-08,2.57128043e-08,0,0,2.40360441e-06,6.93792357e-10,0.00873762928
1.39503939e-07,4.50486581e-08,0.00873763021,1.7314072e-08,2.77345862e-08,0,0,2.43478644e-06,7.12491843e-10,0.00873762928
1.4040485e-07,5.06188478e-08,0.00873763021,1.8230601e-08,3.23882468e-08,0,0,2.47223829e-06,7.33270555e-10,0.00873762928
1.41305946e-07,5.559043e-08,0.00873763021,1.92551912e-08,3.6335237e-08,0,0,2.51092229e-06,7.53156648e-10,0.00873762928
1.42200719e-07,5.77763828e-08,0.00873763114,1.99556993e-08,3.78206835e-08,0,0,2.54865085e-06,7.71035735e-10,0.00873762928
1.4310227e-07,5.7738692e-08,0.00873763021,2.07876791e-08,3.69510147e-08,0,0,2.58355499e-06,7.87267695e-10,0.00873762928
1.44003636e-07,5.65936062e-08,0.00873763021,2.18741771e-08,3.47194309e-08,0,0,2.61473042e-06,8.02769073e-10,0.00873762928
1.44904874e-07,5.47228147e-08,0.00873763021,2.31342661e-08,3.15885522e-08,0,0,2.64207438e-06,8.1812801e-10,0.00873762928
1.45805998e-07,5.20400611e-08,0.00873763021,2.39557352e-08,2.80843278e-08,0,0,2.66597999e-06,8.33277947e-10,0.00873762928
1.46700415e-07,5.02606561e-08,0.00873763114,2.43943798e-08,2.58662745e-08,0,0,2.68876238e-06,8.50131077e-10,0.00873762928
1.47601e-07,4.97389827e-08,0.00873763114,2.25988028e-08,2.71401799e-08,0,0,2.71787781e-06,8.73031591e-10,0.00873762928
1.48501641e-07,5.07494491e-08,0.00873763021,2.13343725e-08,2.94150766e-08,0,0,2.74909189e-06,8.96148544e-10,0.00873762928
1.49402453e-07,5.27909272e-08,0.00873763021,2.06765112e-08,3.21144142e-08,0,0,2.78223911e-06,9.19422205e-10,0.00873762928
1.50303222e-07,5.82235309e-08,0.00873763021,2.14882316e-08,3.6735301e-08,0,0,2.8219913e-06,9.43900624e-10,0.00873762928
1.51204148e-07,6.39128785e-08,0.00873763114,2.25413821e-08,4.13715e-08,0,0,2.86342947e-06,9.66959623e-10,0.00873762928
1.52105329e-07,6.66630413e-08,0.00873763114,2.3388985e-08,4.32740563e-08,0,0,2.90420303e-06,9.87711246e-10,0.00873762928
1.53000272e-07,6.65571562e-08,0.00873763114,2.42386058e-08,4.23185504e-08,0,0,2.94139204e-06,1.00624642e-09,0.00873762928
1.53902022e-07,6.53617676e-08,0.00873763021,2.54858517e-08,3.98759177e-08,0,0,2.97474207e-06,1.02362241e-09,0.00873762928
1.54804027e-07,6.33115818e-08,0.00873763021,2.683554e-08,3.64760382e-08,0,0,3.0038625e-06,1.04100706e-09,0.00873762928
1.55706189e-07,6.02124359e-08,0.00873763021,2.78206329e-08,3.2391803e-08,0,0,3.02916237e-06,1.05865483e-09,0.00873762928
1.56601871e-07,5.80327466e-08,0.00873763114,2.84664896e-08,2.95662588e-08,0,0,3.05223921e-06,1.07689391e-09,0.00873762928
1.57504459e-07,5.70663552e-08,0.00873763114,2.6653618e-08,3.0412739e-08,0,0,3.08292647e-06,1.10285692e-09,0.00873762928
1.58400695e-07,5.79765285e-08,0.00873763114,2.49929766e-08,3.29835501e-08,0,0,3.1155414e-06,1.12919474e-09,0.00873762928
1.59303653e-07,5.9739321e-08,0.00873763021,2.42083615e-08,3.5530956e-08,0,0,3.15040643e-06,1.15575516e-09,0.00873762928
1.60200145e-07,6.55867822e-08,0.00873763021,2.50048373e-08,4.05819485e-08,0,0,3.19175638e-06,1.18543586e-09,0.00873762928
1.61102705e-07,7.21178708e-08,0.00873763114,2.6127422e-08,4.5990447e-08,0,0,3.23602717e-06,1.21420585e-09,0.00873762928
1.62004469e-07,7.65311512e-08,0.00873763114,2.74125558e-08,4.91185972e-08,0,0,3.27976613e-06,1.24090593e-09,0.00873762928
1.62905579e-07,7.6379294e-08,0.00873763114,2.82822032e-08,4.80970925e-08,0,0,3.32003583e-06,1.2646002e-09,0.00873762928
1.63806178e-07,7.52702363e-08,0.00873763114,2.96566789e-08,4.56135574e-08,0,0,3.35581922e-06,1.28611244e-09,0.00873762928
1.64706449e-07,7.31293994e-08,0.00873763021,3.12016653e-08,4.19277342e-08,0,0,3.38692303e-06,1.30734035e-09,0.00873762928
1.65606522e-07,6.96779168e-08,0.00873763114,3.24833991e-08,3.71945177e-08,0,0,3.41376222e-06,1.32775624e-09,0.00873762928
1.66500001e-07,6.59134258e-08,0.00873763114,3.28960041e-08,3.30174181e-08,0,0,3.43707643e-06,1.3476259e-09,0.00873762928
1.6740394e-07,6.5656387e-08,0.00873763114,3.14819175e-08,3.41744659e-08,0,0,3.46959177e-06,1.38011347e-09,0.00873762928
1.68301042e-07,6.66327367e-08,0.00873763114,2.95296889e-08,3.7103046e-08,0,0,3.50408254e-06,1.41247358e-09,0.00873762928
1.69204341e-07,6.8542235e-08,0.00873763114,2.84654451e-08,4.00767917e-08,0,0,3.54109011e-06,1.44500611e-09,0.00873762928
1.70100819e-07,7.45545563e-08,0.00873763021,2.91264186e-08,4.54281377e-08,0,0,3.58438456e-06,1.47869372e-09,0.00873762928
1.71003407e-07,8.22380812e-08,0.00873763114,3.04444718e-08,5.17936094e-08,0,0,3.63164963e-06,1.51275603e-09,0.00873762928
1.71905171e-07,8.70778365e-08,0.00873763114,3.16278026e-08,5.54500339e-08,0,0,3.67819257e-06,1.54480206e-09,0.00873762928
1.72806253e-07,8.67918359e-08,0.00873763114,3.25750875e-08,5.42167484e-08,0,0,3.72100885e-06,1.5734446e-09,0.00873762928
1.73700244e-07,8.55148699e-08,0.00873763114,3.39258825e-08,5.15889873e-08,0,0,3.75866625e-06,1.59947544e-09,0.00873762928
1.7460043e-07,8.31120701e-08,0.00873763114,3.55354608e-08,4.75766129e-08,0,0,3.79144785e-06,1.62493052e-09,0.00873762928
1.75500432e-07,7.93837529e-08,0.00873763114,3.69820938e-08,4.24016555e-08,0,0,3.81954715e-06,1.65004221e-09,0.00873762928
1.76400263e-07,7.49234985e-08,0.00873763114,3.74503948e-08,3.74731073e-08,0,0,3.84371378e-06,1.6744256e-09,0.00873762928
1.77305566e-07,7.41737622e-08,0.00873763207,3.61587986e-08,3.80149601e-08,0,0,3.87687169e-06,1.71268033e-09,0.00873762928
1.78204459e-07,7.48645377e-08,0.00873763114,3.37466055e-08,4.11179322e-08,0,0,3.91306594e-06,1.75312076e-09,0.00873762928
1.79103694e-07,7.69499735e-08,0.00873763114,3.24627827e-08,4.44871873e-08,0,0,3.95169218e-06,1.79404802e-09,0.00873762928
1.80002942e-07,8.27994029e-08,0.00873763114,3.29921619e-08,4.98072446e-08,0,0,3.9966626e-06,1.83613869e-09,0.00873762928
1.80902333e-07,9.1377224e-08,0.00873763114,3.43811344e-08,5.69960896e-08,0,0,4.0465352e-06,1.87929938e-09,0.00873762928
1.81802264e-07,9.79917232e-08,0.00873763207,3.60438825e-08,6.19478371e-08,0,0,4.09588029e-06,1.91903649e-09,0.00873762928
1.82702905e-07,9.76971464e-08,0.00873763207,3.69742814e-08,6.07228685e-08,0,0,4.14144233e-06,1.95421412e-09,0.00873762928
1.8360393e-07,9.64967199e-08,0.00873763114,3.85543082e-08,5.79424118e-08,0,0,4.18175659e-06,1.98621541e-09,0.00873762928
1.84504827e-07,9.39736111e-08,0.00873763114,4.03446556e-08,5.36289555e-08,0,0,4.21642198e-06,2.01730876e-09,0.00873762928
1.85405639e-07,8.99385597e-08,0.00873763114,4.19810213e-08,4.79575419e-08,0,0,4.24593145e-06,2.04723172e-09,0.00873762928
1.8630638e-07,8.48902175e-08,0.00873763114,4.26569855e-08,4.2233232e-08,0,0,4.27117402e-06,2.0764408e-09,0.00873762928
1.87206467e-07,8.35577652e-08,0.00873763207,4.15851567e-08,4.19726085e-08,0,0,4.30439286e-06,2.12062989e-09,0.00873762928
1.88106483e-07,8.40617886e-08,0.00873763207,3.87945356e-08,4.52672495e-08,0,0,4.34223239e-06,2.17026153e-09,0.00873762928
1.89000119e-07,8.64306386e-08,0.00873763114,3.73707749e-08,4.90598602e-08,0,0,4.38237203e-06,2.21892726e-09,0.00873762928
1.89900291e-07,9.26058306e-08,0.00873763114,3.76407776e-08,5.4965053e-08,0,0,4.42883766e-06,2.26896835e-09,0.00873762928
1.90800563e-07,1.01600875e-07,0.00873763114,3.89751911e-08,6.26256877e-08,0,0,4.48159017e-06,2.31972619e-09,0.00873762928
1.91701105e-07,1.08802965e-07,0.00873763207,4.0773358e-08,6.80296068e-08,0,0,4.5339707e-06,2.3681459e-09,0.00873762928
1.9260203e-07,1.09477803e-07,0.00873763207,4.17946922e-08,6.76831107e-08,0,0,4.58255909e-06,2.41109133e-09,0.00873762928
1.93503055e-07,1.08243576e-07,0.00873763207,4.35823075e-08,6.46612648e-08,0,0,4.62540538e-06,2.44949083e-09,0.00873762928
1.94403896e-07,1.05765814e-07,0.00873763114,4.55868943e-08,6.01789196e-08,0,0,4.66214715e-06,2.48593079e-09,0.00873762928
1.95304622e-07,1.01382483e-07,0.00873763114,4.74021213e-08,5.39803651e-08,0,0,4.69323186e-06,2.52177235e-09,0.00873762928
1.96205292e-07,9.59213509e-08,0.00873763207,4.8310838e-08,4.76105129e-08,0,0,4.7196072e-06,2.55671107e-09,0.00873762928
1.97105336e-07,9.40888967e-08,0.008737633,4.75961279e-08,4.64927687e-08,0,0,4.75282104e-06,2.60547806e-09,0.00873762928
1.98005168e-07,9.42819938e-08,0.00873763207,4.45755077e-08,4.9706486e-08,0,0,4.79230994e-06,2.6626934e-09,0.00873762928
1.98905184e-07,9.64953415e-08,0.00873763207,4.27658797e-08,5.37294582e-08,0,0,4.83454414e-06,2.71933454e-09,0.00873762928
1.99805271e-07,1.03010493e-07,0.00873763114,4.27506457e-08,6.02598504e-08,0,0,4.88224305e-06,2.77714585e-09,0.00873762928
2.00705344e-07,1.12712797e-07,0.00873763207,4.42065549e-08,6.85062389e-08,0,0,4.93782136e-06,2.83653412e-09,0.00873762928
2.01605772e-07,1.2144568e-07,0.00873763207,4.62427359e-08,7.52029479e-08,0,0,4.99307453e-06,2.89357915e-09,0.00873762928
2.02500061e-07,1.22173262e-07,0.008737633,4.72613699e-08,7.49118882e-08,0,0,5.04400396e-06,2.94535285e-09,0.00873762928
2.03401271e-07,1.20983032e-07,0.00873763207,4.91273049e-08,7.18557231e-08,0,0,5.08916992e-06,2.99297276e-09,0.00873762928
2.04302879e-07,1.18278059e-07,0.00873763114,5.13157659e-08,6.69622935e-08,0,0,5.1277234e-06,3.0366285e-09,0.00873762928
2.05204785e-07,1.13592129e-07,0.00873763114,5.32863673e-08,6.03057586e-08,0,0,5.16015325e-06,3.07901105e-09,0.00873762928
2.06100253e-07,1.07497591e-07,0.00873763207,5.43466676e-08,5.31509237e-08,0,0,5.1872471e-06,3.12005399e-09,0.00873762928
2.07002515e-07,1.04705258e-07,0.008737633,5.39551586e-08,5.07445392e-08,5.56046962e-12,0,5.22001437e-06,3.17490056e-09,0.00873762928
2.07905174e-07,1.04660323e-07,0.008737633,5.04099305e-08,5.42448291e-08,5.56046962e-12,0,5.26102394e-06,3.24257843e-09,0.00873762928
2.08801552e-07,1.07146178e-07,0.00873763207,4.82793148e-08,5.88612998e-08,5.56046962e-12,0,5.30484613e-06,3.30935701e-09,0.00873762928
2.09704552e-07,1.12694238e-07,0.00873763114,4.79456261e-08,6.47430554e-08,5.56046962e-12,0,5.35359277e-06,3.37605255e-09,0.00873762928
2.10600717e-07,1.23997594e-07,0.00873763207,4.96635586e-08,7.43284758e-08,5.56046962e-12,0,5.41185409e-06,3.44504492e-09,0.00873762928
2.11502766e-07,1.3331416e-07,0.008737633,5.15729539e-08,8.17356423e-08,5.56046962e-12,0,5.47018271e-06,3.51112606e-09,0.00873762928
2.12404174e-07,1.35339874e-07,0.008737633,5.28494795e-08,8.24848314e-08,5.56046962e-12,0,5.52479878e-06,3.57293017e-09,0.00873762928
2.13305071e-07,1.34377416e-07,0.008737633,5.48626886e-08,7.95091637e-08,5.56046962e-12,0,5.57267367e-06,3.62824304e-09,0.00873762928
2.14205699e-07,1.31421103e-07,0.00873763207,5.72182763e-08,7.4197267e-08,5.56046962e-12,0,5.61343131e-06,3.67986752e-09,0.00873762928
2.15106226e-07,1.26856477e-07,0.00873763114,5.94009357e-08,6.74499816e-08,5.56046962e-12,0,5.64746597e-06,3.72915121e-09,0.00873762928
2.16000174e-07,1.2027796e-07,0.00873763207,6.07623747e-08,5.95100254e-08,5.56046962e-12,0,5.67576672e-06,3.77650933e-09,0.00873762928
2.16902421e-07,1.16738597e-07,0.00873763394,6.08882758e-08,5.55994895e-08,2.50829441e-10,0,5.70810744e-06,3.83571885e-09,0.00873762928
2.17806488e-07,1.16729332e-07,0.00873763394,5.73009373e-08,5.91775624e-08,2.50829441e-10,0,5.75095828e-06,3.9138266e-09,0.00873762928
2.18703619e-07,1.19058541e-07,0.008737633,5.46254242e-08,6.41822879e-08,2.50829441e-10,0,5.79669131e-06,3.99168609e-09,0.00873762928
2.19600295e-07,1.23794621e-07,0.00873763207,5.36506022e-08,6.98931828e-08,2.50829441e-10,0,5.84594818e-06,4.06658351e-09,0.00873762928
2.20503239e-07,1.35956796e-07,0.00873763207,5.53815696e-08,8.03243907e-08,2.50829441e-10,0,5.90750687e-06,4.14580192e-09,0.00873762928
2.21405415e-07,1.47002481e-07,0.008737633,5.75828025e-08,8.91688572e-08,2.50829441e-10,0,5.96889004e-06,4.2217323e-09,0.00873762928
2.22300073e-07,1.49783304e-07,0.00873763394,5.91716791e-08,9.03607926e-08,2.50829441e-10,0,6.02605814e-06,4.29177138e-09,0.00873762928
2.23200516e-07,1.48915731e-07,0.008737633,6.11027247e-08,8.75621708e-08,2.50829441e-10,0,6.0764828e-06,4.3548174e-09,0.00873762928
2.24100418e-07,1.45497864e-07,0.00873763207,6.36262669e-08,8.16207688e-08,2.50829441e-10,0,6.11921496e-06,4.41289183e-09,0.00873762928
2.25000164e-07,1.4097084e-07,0.00873763207,6.6033742e-08,7.46758744e-08,2.61225513e-10,0,6.15463705e-06,4.46862725e-09,0.00873762928
2.25906277e-07,1.33625306e-07,0.008737633,6.76444785e-08,6.56923831e-08,2.8845068e-10,0,6.18420745e-06,4.52298643e-09,0.00873762928
2.26805156e-07,1.29124459e-07,0.00873763394,6.81037946e-08,6.01453607e-08,8.75299166e-10,0,6.21554909e-06,4.58647209e-09,0.00873762928
2.27702813e-07,1.28117165e-07,0.00873763487,6.41001776e-08,6.3141691e-08,8.75299166e-10,0,6.25923303e-06,4.67518912e-09,0.00873762928
2.28600769e-07,1.31144247e-07,0.008737633,6.11442843e-08,6.91246598e-08,8.75299166e-10,0,6.3063535e-06,4.76551776e-09,0.00873762928
2.29505702e-07,1.35155361e-07,0.00873763207,5.98430461e-08,7.44370112e-08,8.75299166e-10,0,6.35665992e-06,4.85318674e-09,0.00873762928
2.30403657e-07,1.48886286e-07,0.00873763207,6.1432452e-08,8.6578531e-08,8.75299166e-10,0,6.42067425e-06,4.94582286e-09,0.00873762928
2.31302209e-07,1.60633235e-07,0.00873763394,6.36697592e-08,9.60881792e-08,8.75299166e-10,0,6.48509649e-06,5.03487785e-09,0.00873762928
2.32201614e-07,1.65628691e-07,0.00873763487,6.56412169e-08,9.9112178e-08,8.75299166e-10,0,6.54593714e-06,5.11846832e-09,0.00873762928
2.33101943e-07,1.64724355e-07,0.00873763394,6.76654182e-08,9.61836406e-08,8.75299166e-10,0,6.59938814e-06,5.19325338e-09,0.00873762928
2.34002457e-07,1.61538168e-07,0.008737633,7.04376362e-08,9.01936659e-08,9.06867803e-10,0,6.64459958e-06,5.26055599e-09,0.00873762928
2.34902785e-07,1.57194364e-07,0.00873763207,7.32629104e-08,8.29120808e-08,1.01936759e-09,0,6.68187704e-06,5.32438227e-09,0.00873762928
2.35803071e-07,1.49134777e-07,0.008737633,7.5079079e-08,7.29634095e-08,1.09228526e-09,0,6.71257794e-06,5.38595657e-09,0.00873762928
2.36703144e-07,1.45177353e-07,0.00873763487,7.68431221e-08,6.63001956e-08,2.03404227e-09,0,6.743011e-06,5.45416112e-09,0.00873762928
2.37602265e-07,1.42486371e-07,0.0087376358,7.21636511e-08,6.82886849e-08,2.03404227e-09,0,6.78837523e-06,5.55571633e-09,0.00873762928
2.38501485e-07,1.45195685e-07,0.00873763394,6.85400252e-08,7.46216244e-08,2.03404227e-09,0,6.83720418e-06,5.65883163e-09,0.00873762928
2.39400919e-07,1.49861464e-07,0.008737633,6.67024338e-08,8.11249876e-08,2.03404227e-09,0,6.88924229e-06,5.75840087e-09,0.00873762928
2.4030021e-07,1.62415375e-07,0.008737633,6.81859404e-08,9.21953927e-08,2.03404227e-09,0,6.95442532e-06,5.85992055e-09,0.00873762928
2.41206351e-07,1.75520412e-07,0.00873763394,7.07143215e-08,1.02772049e-07,2.03404227e-09,0,7.02256511e-06,5.95900529e-09,0.00873762928
2.42106466e-07,1.83379996e-07,0.00873763487,7.31388923e-08,1.08207061e-07,2.03404227e-09,0,7.08684365e-06,6.05186745e-09,0.00873762928
2.43000557e-07,1.81778731e-07,0.00873763487,7.51750946e-08,1.04569587e-07,2.03404227e-09,0,7.14306543e-06,6.13583362e-09,0.00873762928
2.43901042e-07,1.78913325e-07,0.00873763394,7.80120573e-08,9.88075186e-08,2.09375695e-09,0,7.19086438e-06,6.21227514e-09,0.00873762928
2.44801356e-07,1.74415604e-07,0.00873763207,8.10630496e-08,9.10534368e-08,2.29911268e-09,0,7.23010817e-06,6.28479579e-09,0.00873762928
2.45701614e-07,1.6615455e-07,0.008737633,8.32776479e-08,8.04265738e-08,2.45033038e-09,0,7.26205417e-06,6.35408437e-09,0.00873762928
2.46601815e-07,1.61270037e-07,0.00873763487,8.52922e-08,7.24574676e-08,3.52036467e-09,0,7.29140993e-06,6.42811138e-09,0.00873762928
2.47500651e-07,1.57849712e-07,0.00873763673,8.11028897e-08,7.31882679e-08,3.5585539e-09,0,7.3383394e-06,6.5389103e-09,0.00873762928
2.48406195e-07,1.60908741e-07,0.00873763487,7.70286945e-08,8.03214917e-08,3.5585539e-09,0,7.38929293e-06,6.65360833e-09,0.00873762928
2.4930543e-07,1.65388556e-07,0.008737633,7.5073217e-08,8.67567778e-08,3.5585539e-09,0,7.44313229e-06,6.76571155e-09,0.00873762928
2.50204522e-07,1.80321067e-07,0.008737633,7.68136772e-08,9.99488279e-08,3.5585539e-09,0,7.5097837e-06,6.8779813e-09,0.00873762928
2.51103899e-07,1.92794928e-07,0.00873763487,7.83624543e-08,1.1087392e-07,3.5585539e-09,0,7.58055194e-06,6.99040914e-09,0.00873762928
2.5200373e-07,2.02479285e-07,0.0087376358,8.10883805e-08,1.17832357e-07,3.5585539e-09,0,7.6480037e-06,7.09715797e-09,0.00873762928
2.52904186e-07,2.00050195e-07,0.0087376358,8.29538678e-08,1.13537773e-07,3.5585539e-09,0,7.70715542e-06,7.19643856e-09,0.00873762928
2.53805155e-07,1.97895048e-07,0.00873763394,8.62311467e-08,1.07878066e-07,3.78583787e-09,0,7.75684748e-06,7.28397298e-09,0.00873762928
2.54700012e-07,1.92805956e-07,0.008737633,8.95850505e-08,9.90693891e-08,4.15152268e-09,0,7.79694892e-06,7.36734007e-09,0.00873762928
2.55601805e-07,1.84570027e-07,0.008737633,9.20681629e-08,8.81589912e-08,4.34286695e-09,0,7.82954248e-06,7.44710826e-09,0.00873762928
2.56503853e-07,1.73744496e-07,0.00873763487,9.26903851e-08,7.65698118e-08,4.4842885e-09,0,7.85677457e-06,7.52493534e-09,0.00873762928
2.57406015e-07,1.73851561e-07,0.00873763673,9.01694293e-08,7.80466394e-08,5.6354863e-09,0,7.90477498e-06,7.65104513e-09,0.00873762928
2.58301668e-07,1.7636215e-07,0.0087376358,8.53108943e-08,8.54157705e-08,5.6354863e-09,0,7.95630149e-06,7.77838682e-09,0.00873762928
2.59204086e-07,1.81324765e-07,0.00873763394,8.27281355e-08,9.29611375e-08,5.6354863e-09,0,8.01182432e-06,7.90516719e-09,0.00873762928
2.60100222e-07,1.95637099e-07,0.008737633,8.43913952e-08,1.05610219e-07,5.6354863e-09,0,8.07890592e-06,8.03350542e-09,0.00873762928
2.6100281e-07,2.09811475e-07,0.00873763487,8.62355591e-08,1.17940431e-07,5.6354863e-09,0,8.15332805e-06,8.16102208e-09,0.00873762928
2.61904546e-07,2.22231932e-07,0.00873763673,8.97931969e-08,1.26803243e-07,5.6354863e-09,0,8.22465063e-06,8.28338997e-09,0.00873762928
2.62805571e-07,2.20426543e-07,0.00873763673,9.17706942e-08,1.23020357e-07,5.6354863e-09,0,8.2873903e-06,8.39751113e-09,0.00873762928
2.63706028e-07,2.18545935e-07,0.00873763487,9.52977004e-08,1.17256015e-07,5.99222938e-09,0,8.34003004e-06,8.49822701e-09,0.00873762928
2.64606228e-07,2.13215074e-07,0.00873763394,9.88042714e-08,1.07978359e-07,6.43244702e-09,0,8.38259257e-06,8.59343441e-09,0.00873762928
2.65506372e-07,2.05059791e-07,0.00873763394,1.01523398e-07,9.68436282e-08,6.69276812e-09,0,8.41677229e-06,8.68575878e-09,0.00873762928
2.66400036e-07,1.93424441e-07,0.0087376358,1.02723277e-07,8.39207601e-08,6.78040823e-09,0,8.44438273e-06,8.77479689e-09,0.00873762928
2.67303136e-07,1.92685363e-07,0.00873763766,1.00590881e-07,8.38621403e-08,8.23234281e-09,0,8.49154821e-06,8.90480756e-09,0.00873762928
2.68206463e-07,1.94993873e-07,0.00873763673,9.51785353e-08,9.15829972e-08,8.23234281e-09,0,8.54513473e-06,9.04128061e-09,0.00873762928
2.69103168e-07,2.00998386e-07,0.00873763487,9.24504064e-08,1.00315631e-07,8.23234281e-09,0,8.60223918e-06,9.17615495e-09,0.00873762928
2.70006382e-07,2.14784393e-07,0.00873763394,9.36350588e-08,1.12916993e-07,8.23234281e-09,0,8.67063864e-06,9.3123127e-09,0.00873762928
2.7090266e-07,2.30011835e-07,0.00873763487,9.5672263e-08,1.26107224e-07,8.23234281e-09,0,8.74785565e-06,9.44989598e-09,0.00873762928
2.7180414e-07,2.4445103e-07,0.00873763673,9.92568019e-08,1.36961873e-07,8.23234281e-09,0,8.82230779e-06,9.58360502e-09,0.00873762928
2.72704625e-07,2.41877984e-07,0.00873763766,1.00766272e-07,1.32770978e-07,8.34072456e-09,0,8.88786235e-06,9.70842873e-09,0.00873762928
2.73604229e-07,2.39788505e-07,0.0087376358,1.04353184e-07,1.26454978e-07,8.98035246e-09,0,8.94249661e-06,9.8244799e-09,0.00873762928
2.74503464e-07,2.34425713e-07,0.00873763487,1.08120808e-07,1.16794531e-07,9.5103676e-09,0,8.98628423e-06,9.9321511e-09,0.00873762928
2.75402613e-07,2.26436896e-07,0.00873763394,1.11282077e-07,1.05333442e-07,9.82138548e-09,0,9.02099146e-06,1.00350555e-08,0.00873762928
2.76301648e-07,2.1374224e-07,0.00873763673,1.12710602e-07,9.11052425e-08,9.92639482e-09,0,9.04894659e-06,1.01347233e-08,0.00873762928
2.7720489e-07,2.12182599e-07,0.00873763859,1.11175943e-07,8.95563517e-08,1.14503029e-08,0,9.09396385e-06,1.02655324e-08,0.00873762928
2.78101112e-07,2.12461771e-07,0.00873763766,1.04857463e-07,9.6154011e-08,1.14503029e-08,0,9.14808061e-06,1.04062616e-08,0.00873762928
2.79004269e-07,2.18969959e-07,0.00873763487,1.01797937e-07,1.05721725e-07,1.14503029e-08,0,9.20655384e-06,1.05474429e-08,0.00873762928
2.79901087e-07,2.3253078e-07,0.00873763394,1.02624703e-07,1.18455766e-07,1.14503029e-08,0,9.27439942e-06,1.06872848e-08,0.00873762928
2.8080413e-07,2.48834283e-07,0.0087376358,1.04802567e-07,1.32581391e-07,1.14503029e-08,0,9.35555363e-06,1.08342411e-08,0.00873762928
2.81701659e-07,2.64362995e-07,0.00873763766,1.08230459e-07,1.44682232e-07,1.14503029e-08,0,9.43345003e-06,1.09765876e-08,0.00873762928
2.82600382e-07,2.65692336e-07,0.00873763859,1.1067268e-07,1.43365966e-07,1.16537038e-08,0,9.50324647e-06,1.11096945e-08,0.00873762928
2.83500214e-07,2.64363365e-07,0.00873763673,1.14618551e-07,1.37339271e-07,1.24055557e-08,0,9.56134136e-06,1.12355956e-08,0.00873762928
2.84400926e-07,2.59445414e-07,0.00873763487,1.18906243e-07,1.27422425e-07,1.31167299e-08,0,9.60791567e-06,1.13501981e-08,0.00873762928
2.85302292e-07,2.5118581e-07,0.00873763394,1.22728409e-07,1.1500719e-07,1.34502036e-08,0,9.64461378e-06,1.14604708e-08,0.00873762928
2.86204113e-07,2.37922237e-07,0.00873763673,1.2447326e-07,9.97424081e-08,1.37065701e-08,0,9.6738886e-06,1.15671455e-08,0.00873762928
2.8710059e-07,2.35510669e-07,0.00873763859,1.24294615e-07,9.58563859e-08,1.53596602e-08,0,9.71687223e-06,1.16971455e-08,0.00873762928
2.88004031e-07,2.341704e-07,0.00873763952,1.1690998e-07,1.01900767e-07,1.53596602e-08,0,9.77298259e-06,1.1841796e-08,0.00873762928
2.8890085e-07,2.41705408e-07,0.0087376358,1.13060572e-07,1.13285161e-07,1.53596602e-08,0,9.83275277e-06,1.19871677e-08,0.00873762928
2.89804092e-07,2.56487994e-07,0.00873763487,1.14013439e-07,1.27114902e-07,1.53596602e-08,0,9.90180706e-06,1.21354988e-08,0.00873762928
2.90700513e-07,2.73078967e-07,0.0087376358,1.1587462e-07,1.4184468e-07,1.53596602e-08,0,9.98565702e-06,1.2290668e-08,0.00873762928
2.91602475e-07,2.89046625e-07,0.00873763859,1.19079587e-07,1.54607378e-07,1.53596602e-08,0,1.00675479e-05,1.24424222e-08,0.00873762928
2.92503557e-07,2.91559388e-07,0.00873763952,1.21740428e-07,1.54000745e-07,1.58182196e-08,0,1.01405758e-05,1.25834054e-08,0.00873762928
2.934039e-07,2.89914482e-07,0.00873763766,1.25430759e-07,1.47714033e-07,1.6769679e-08,0,1.02010981e-05,1.27188615e-08,0.00873762928
2.94303874e-07,2.84960151e-07,0.0087376358,1.30128086e-07,1.37184145e-07,1.76479258e-08,0,1.0249244e-05,1.28429543e-08,0.00873762928
2.95203733e-07,2.76305826e-07,0.00873763487,1.34129095e-07,1.24159328e-07,1.8017392e-08,0,1.02867061e-05,1.29622357e-08,0.00873762928
2.9610365e-07,2.62600139e-07,0.00873763673,1.35922207e-07,1.08430861e-07,1.82470572e-08,0,1.03161155e-05,1.30769591e-08,0.00873762928
2.97002629e-07,2.58232262e-07,0.00873763952,1.36089284e-07,1.02072654e-07,2.00703223e-08,0,1.0356358e-05,1.32110802e-08,0.00873762928
2.97900641e-07,2.56346908e-07,0.00873764139,1.28996973e-07,1.07279611e-07,2.00703223e-08,0,1.04131723e-05,1.33616345e-08,0.00873762928
2.98805418e-07,2.63558945e-07,0.00873763673,1.24084096e-07,1.19404518e-07,2.00703223e-08,0,1.04746896e-05,1.35148053e-08,0.00873762928
2.99703828e-07,2.78158041e-07,0.0087376358,1.24812004e-07,1.33275719e-07,2.00703223e-08,0,1.0542567e-05,1.36789078e-08,0.00873762928
3.00601926e-07,2.97111228e-07,0.0087376358,1.26924235e-07,1.50116662e-07,2.00703223e-08,0,1.06294619e-05,1.38454883e-08,0.00873762928
3.01500563e-07,3.10623278e-07,0.00873763859,1.29485585e-07,1.61067376e-07,2.00703223e-08,0,1.07142851e-05,1.4010495e-08,0.00873762928
3.02406505e-07,3.17544931e-07,0.00873764046,1.32679659e-07,1.64068538e-07,2.0796719e-08,0,1.07912183e-05,1.41651624e-08,0.00873762928
3.03306081e-07,3.15733047e-07,0.00873763952,1.36452243e-07,1.57386665e-07,2.18941398e-08,0,1.08544937e-05,1.43109942e-08,0.00873762928
3.04205003e-07,3.11442903e-07,0.00873763673,1.41364112e-07,1.47222536e-07,2.28562484e-08,0,1.0904665e-05,1.44446393e-08,0.00873762928
3.05103555e-07,3.0332717e-07,0.00873763487,1.45711596e-07,1.34082441e-07,2.35331239e-08,0,1.09435359e-05,1.457395e-08,0.00873762928
3.06002107e-07,2.89580953e-07,0.00873763673,1.48273571e-07,1.1758587e-07,2.37215154e-08,0,1.09735865e-05,1.46962513e-08,0.00873762928
3.06905889e-07,2.83323686e-07,0.00873764046,1.49259378e-07,1.08278563e-07,2.57857398e-08,0,1.10111805e-05,1.48335291e-08,0.00873762928
3.07801031e-07,2.80582043e-07,0.00873764232,1.41845376e-07,1.12950922e-07,2.57857398e-08,0,1.1068917e-05,1.49887072e-08,0.00873762928
3.08703079e-07,2.87500228e-07,0.00873763859,1.36293124e-07,1.25421366e-07,2.57857398e-08,0,1.1131403e-05,1.51467816e-08,0.00873762928
3.09605781e-07,3.02797105e-07,0.0087376358,1.36582784e-07,1.40428597e-07,2.57857398e-08,0,1.11998725e-05,1.53198219e-08,0.00873762928
3.1050115e-07,3.25119146e-07,0.0087376358,1.39146621e-07,1.60158393e-07,2.58141206e-08,0,1.12895641e-05,1.54896238e-08,0.00873762928
3.1140388e-07,3.36871409e-07,0.00873763952,1.41199564e-07,1.69857728e-07,2.58141206e-08,0,1.13783535e-05,1.56608966e-08,0.00873762928
3.12301324e-07,3.47118828e-07,0.00873764046,1.44977477e-07,1.75534169e-07,2.66071698e-08,0,1.14586892e-05,1.58176583e-08,0.00873762928
3.13200047e-07,3.44927543e-07,0.00873764046,1.48601586e-07,1.68444018e-07,2.78819439e-08,0,1.15254443e-05,1.59670375e-08,0.00873762928
3.14106273e-07,3.41639577e-07,0.00873763766,1.53829504e-07,1.58877654e-07,2.89324387e-08,0,1.15787125e-05,1.61050533e-08,0.00873762928
3.15006019e-07,3.32973428e-07,0.0087376358,1.58880383e-07,1.44419218e-07,2.9673819e-08,0,1.1619225e-05,1.62372888e-08,0.00873762928
3.15905794e-07,3.19812102e-07,0.00873763673,1.62324739e-07,1.27318103e-07,3.01692538e-08,0,1.16503425e-05,1.63652931e-08,0.00873762928
3.16805085e-07,3.12894883e-07,0.00873764139,1.64731148e-07,1.15401917e-07,3.27618324e-08,0,1.1684966e-05,1.65034066e-08,0.00873762928
3.17702757e-07,3.08724083e-07,0.00873764232,1.56662423e-07,1.19297752e-07,3.27639071e-08,0,1.17437012e-05,1.66620993e-08,0.00873762928
3.18600513e-07,3.12493881e-07,0.00873764046,1.49294237e-07,1.30435737e-07,3.27639071e-08,0,1.18072549e-05,1.6829917e-08,0.00873762928
3.19505006e-07,3.30893869e-07,0.00873763673,1.49667116e-07,1.4846286e-07,3.27639071e-08,0,1.18782573e-05,1.70307839e-08,0.00873762928
3.20402592e-07,3.55378006e-07,0.0087376358,1.5264358e-07,1.6990947e-07,3.28249676e-08,0,1.19689839e-05,1.72118035e-08,0.00873762928
3.21300718e-07,3.67822054e-07,0.00873763952,1.54603057e-07,1.80391112e-07,3.28278951e-08,0,1.20603436e-05,1.73923382e-08,0.00873762928
3.22206034e-07,3.76438607e-07,0.00873764232,1.57405168e-07,1.85259722e-07,3.37737198e-08,0,1.21446128e-05,1.75580244e-08,0.00873762928
3.23105695e-07,3.74954624e-07,0.00873764232,1.61038955e-07,1.78709357e-07,3.52063054e-08,0,1.22142328e-05,1.77137913e-08,0.00873762928
3.24005953e-07,3.72420203e-07,0.00873763859,1.66519911e-07,1.695104e-07,3.63898991e-08,0,1.2269219e-05,1.78579462e-08,0.00873762928
3.24900299e-07,3.64564698e-07,0.00873763673,1.72149257e-07,1.5492023e-07,3.74952158e-08,0,1.23108721e-05,1.7992571e-08,0.00873762928
3.25801636e-07,3.51647714e-07,0.00873763673,1.76171952e-07,1.37007788e-07,3.84679772e-08,0,1.23425534e-05,1.81263822e-08,0.00873762928
3.267034e-07,3.44484818e-07,0.00873764139,1.80268245e-07,1.22620534e-07,4.15960208e-08,0,1.23734089e-05,1.82635205e-08,0.00873762928
3.27605591e-07,3.39146794e-07,0.00873764325,1.7204249e-07,1.25433729e-07,4.16705817e-08,0,1.24334401e-05,1.84283611e-08,0.00873762928
3.28501272e-07,3.41250399e-07,0.00873764139,1.63593441e-07,1.35986383e-07,4.16705817e-08,0,1.24976768e-05,1.85986124e-08,0.00873762928
3.29403804e-07,3.62255662e-07,0.00873763673,1.63792492e-07,1.56792595e-07,4.16705817e-08,0,1.25701054e-05,1.87885139e-08,0.00873762928
3.30300054e-07,3.89401805e-07,0.0087376358,1.67208199e-07,1.8033397e-07,4.18596606e-08,0,1.26613331e-05,1.8978735e-08,0.00873762928
3.31202301e-07,4.02674289e-07,0.00873763952,1.68683798e-07,1.92090866e-07,4.18996393e-08,0,1.27574303e-05,1.91700735e-08,0.00873762928
3.3210344e-07,4.1312191e-07,0.00873764232,1.7226067e-07,1.97593636e-07,4.32676082e-08,0,1.28461425e-05,1.93476559e-08,0.00873762928
3.33003698e-07,4.11351266e-07,0.00873764325,1.75617686e-07,1.91106622e-07,4.4626951e-08,0,1.29205082e-05,1.95134842e-08,0.00873762928
3.33903444e-07,4.08958812e-07,0.00873763952,1.81186905e-07,1.81750863e-07,4.60210359e-08,0,1.29792334e-05,1.96694661e-08,0.00873762928
3.34802934e-07,4.01711588e-07,0.00873763766,1.87421492e-07,1.66812271e-07,4.74778261e-08,0,1.30237859e-05,1.98155234e-08,0.00873762928
3.35702424e-07,3.88803841e-07,0.00873763673,1.92422846e-07,1.47689207e-07,4.86917706e-08,0,1.30568797e-05,1.99594705e-08,0.00873762928
3.36602483e-07,3.75276102e-07,0.00873764139,1.95221318e-07,1.29083304e-07,5.09714724e-08,0,1.3084551e-05,2.01029398e-08,0.00873762928
3.37506293e-07,3.74206024e-07,0.00873764418,1.89974955e-07,1.31590838e-07,5.26402282e-08,0,1.31452871e-05,2.02734167e-08,0.00873762928
3.38403339e-07,3.76113746e-07,0.00873764325,1.80500066e-07,1.42973477e-07,5.26402282e-08,0,1.32109553e-05,2.04468122e-08,0.00873762928
3.393003e-07,3.98334151e-07,0.00873763859,1.80252599e-07,1.65441321e-07,5.26402282e-08,0,1.32849782e-05,2.06536761e-08,0.00873762928
3.40203457e-07,4.27122501e-07,0.00873763673,1.83867783e-07,1.90104586e-07,5.31501385e-08,0,1.33770809e-05,2.08535358e-08,0.00873762928
3.41105761e-07,4.43591119e-07,0.00873763952,1.85588831e-07,2.04565879e-07,5.34364197e-08,0,1.347732e-05,2.10560618e-08,0.00873762928
3.42000419e-07,4.52093218e-07,0.00873764325,1.8826556e-07,2.08775475e-07,5.50521868e-08,0,1.35694982e-05,2.12526086e-08,0.00873762928
3.42900648e-07,4.52400002e-07,0.00873764418,1.91942704e-07,2.03582118e-07,5.6875173e-08,0,1.36481076e-05,2.14364739e-08,0.00873762928
3.43800366e-07,4.50296938e-07,0.00873764139,1.97504662e-07,1.94308228e-07,5.84840407e-08,0,1.37099014e-05,2.16106439e-08,0.00873762928
3.44706336e-07,4.43594672e-07,0.00873763766,2.04196667e-07,1.79106294e-07,6.02917254e-08,0,1.37566913e-05,2.17730687e-08,0.00873762928
3.4560577e-07,4.31223157e-07,0.00873763673,2.10049222e-07,1.59338853e-07,6.18350882e-08,0,1.37906381e-05,2.1930207e-08,0.00873762928
3.46505374e-07,4.11929477e-07,0.00873764139,2.11356749e-07,1.37839152e-07,6.27335766e-08,0,1.38160631e-05,2.20796839e-08,0.00873762928
3.47402334e-07,4.14081683e-07,0.00873764511,2.08570739e-07,1.38830316e-07,6.66806272e-08,0,1.38751238e-05,2.22608936e-08,0.00873762928
3.48305463e-07,4.15671906e-07,0.00873764511,1.98377876e-07,1.50613388e-07,6.66806272e-08,0,1.39423428e-05,2.24444783e-08,0.00873762928
3.49202082e-07,4.36389541e-07,0.00873763952,1.96623944e-07,1.73084956e-07,6.66806272e-08,0,1.40182901e-05,2.27533015e-08,0.00873762928
3.50105125e-07,4.66393146e-07,0.00873763766,1.99213986e-07,1.99986559e-07,6.71925875e-08,0,1.41101364e-05,2.29728823e-08,0.00873762928
3.5100166e-07,4.84285579e-07,0.00873763952,2.01296487e-07,2.15263e-07,6.77260914e-08,0,1.42126801e-05,2.31942678e-08,0.00873762928
3.51905413e-07,4.93209484e-07,0.00873764418,2.03375791e-07,2.20240054e-07,6.95936322e-08,0,1.43087163e-05,2.34130137e-08,0.00873762928
3.52803511e-07,4.92051925e-07,0.00873764511,2.06977504e-07,2.13476085e-07,7.15983077e-08,0,1.43904672e-05,2.36071482e-08,0.00873762928
3.53702546e-07,4.91959497e-07,0.00873764232,2.12599161e-07,2.06004884e-07,7.33554515e-08,0,1.44549031e-05,2.37887789e-08,0.00873762928
3.54602207e-07,4.8650702e-07,0.00873763859,2.20007152e-07,1.90589887e-07,7.59099592e-08,0,1.45030053e-05,2.39569111e-08,0.00873762928
3.5550238e-07,4.74684725e-07,0.00873763766,2.26046183e-07,1.7091844e-07,7.77201024e-08,0,1.45377744e-05,2.41234339e-08,0.00873762928
3.56402865e-07,4.55527328e-07,0.00873764139,2.28928599e-07,1.47811249e-07,7.87874939e-08,0,1.45629474e-05,2.4287516e-08,0.00873762928
3.57304884e-07,4.55404319e-07,0.00873764604,2.26248673e-07,1.46187418e-07,8.29682136e-08,0,1.46180128e-05,2.44818015e-08,0.00873762928
3.58200595e-07,4.5462096e-07,0.00873764697,2.15206256e-07,1.56446504e-07,8.29682136e-08,0,1.46853063e-05,2.46803804e-08,0.00873762928
3.59103069e-07,4.78382049e-07,0.00873764139,2.13554102e-07,1.81859747e-07,8.29682136e-08,0,1.47628452e-05,2.49492675e-08,0.00873762928
3.60005856e-07,5.10748919e-07,0.00873763859,2.16362778e-07,2.10364846e-07,8.40212806e-08,0,1.48549161e-05,2.5174284e-08,0.00873762928
3.60901851e-07,5.31176852e-07,0.00873763952,2.18746877e-07,2.27766122e-07,8.4663867e-08,0,1.49619827e-05,2.54121559e-08,0.00873762928
3.6180316e-07,5.44233671e-07,0.00873764418,2.21989438e-07,2.3543592e-07,8.68083276e-08,0,1.5062873e-05,2.56426382e-08,0.00873762928
3.6270356e-07,5.41994268e-07,0.00873764697,2.25173338e-07,2.28024163e-07,8.87967744e-08,0,1.51500708e-05,2.58545896e-08,0.00873762928
3.63603192e-07,5.41757004e-07,0.00873764418,2.30709645e-07,2.19621356e-07,9.14260241e-08,0,1.52188968e-05,2.6052998e-08,0.00873762928
3.64502455e-07,5.37170308e-07,0.00873764046,2.38438076e-07,2.04989888e-07,9.37423081e-08,0,1.52699486e-05,2.62403059e-08,0.00873762928
3.65401633e-07,5.25775931e-07,0.00873763766,2.45446216e-07,1.84457065e-07,9.58726432e-08,0,1.53063211e-05,2.64175029e-08,0.00873762928
3.66300952e-07,5.05874539e-07,0.00873764139,2.49320493e-07,1.59265284e-07,9.72887619e-08,0,1.53322017e-05,2.65906781e-08,0.00873762928
3.67202119e-07,5.05268758e-07,0.00873764697,2.48287478e-07,1.54291939e-07,1.02689341e-07,0,1.5382584e-05,2.67923994e-08,0.00873762928
3.6810431e-07,5.03359274e-07,0.00873764791,2.36897066e-07,1.63772881e-07,1.02689341e-07,0,1.54514182e-05,2.70045692e-08,0.00873762928
3.6900019e-07,5.26035592e-07,0.00873764325,2.33975612e-07,1.89366929e-07,1.02693072e-07,0,1.552916e-05,2.72881966e-08,0.00873762928
3.69902892e-07,5.59664045e-07,0.00873763952,2.3627652e-07,2.1954196e-07,1.03845565e-07,0,1.56198857e-05,2.75226775e-08,0.00873762928
3.70805509e-07,5.84466818e-07,0.00873764046,2.39174284e-07,2.40652952e-07,1.04639575e-07,0,1.57315171e-05,2.77885626e-08,0.00873762928
3.71700338e-07,5.98556937e-07,0.00873764511,2.42498658e-07,2.49005893e-07,1.07052358e-07,0,1.58356779e-05,2.80414181e-08,0.00873762928
3.72600681e-07,5.95504844e-07,0.00873764791,2.44174259e-07,2.41922294e-07,1.09408319e-07,0,1.59273077e-05,2.8271689e-08,0.00873762928
3.73500228e-07,5.95729205e-07,0.00873764604,2.51068798e-07,2.32215001e-07,1.12445392e-07,0,1.59998672e-05,2.84856903e-08,0.00873762928
3.74405914e-07,5.91849869e-07,0.00873764139,2.58341885e-07,2.18309793e-07,1.15198183e-07,0,1.6053611e-05,2.86864754e-08,0.00873762928
3.75305035e-07,5.80782057e-07,0.00873763859,2.66263783e-07,1.96526301e-07,1.17991974e-07,0,1.60911004e-05,2.88748723e-08,0.00873762928
3.76204383e-07,5.61178922e-07,0.00873764139,2.70669574e-07,1.71079634e-07,1.19429714e-07,0,1.61172338e-05,2.90603346e-08,0.00873762928
3.77105266e-07,5.58231648e-07,0.00873764791,2.7173445e-07,1.61027444e-07,1.25469725e-07,0,1.61627522e-05,2.9267758e-08,0.00873762928
3.78001033e-07,5.55141526e-07,0.00873764977,2.6000663e-07,1.69665199e-07,1.25469725e-07,0,1.62315719e-05,2.94916074e-08,0.00873762928
3.78903508e-07,5.78360527e-07,0.00873764418,2.55788109e-07,1.97092163e-07,1.25480256e-07,0,1.63109889e-05,2.98053813e-08,0.00873762928
3.7980621e-07,6.07388529e-07,0.00873763952,2.56366803e-07,2.25172698e-07,1.25848999e-07,0,1.64007251e-05,3.00454666e-08,0.00873762928
3.80702147e-07,6.4356766e-07,0.00873763952,2.62119471e-07,2.53073068e-07,1.28375092e-07,0,1.6515447e-05,3.0335304e-08,0.00873762928
3.81603314e-07,6.58448812e-07,0.00873764604,2.6494385e-07,2.62669573e-07,1.30835403e-07,0,1.66249647e-05,3.06076053e-08,0.00873762928
3.8250343e-07,6.56013356e-07,0.00873764884,2.66255256e-07,2.56321186e-07,1.33436927e-07,0,1.67212656e-05,3.08616457e-08,0.00873762928
3.83402693e-07,6.56224017e-07,0.00873764791,2.7294297e-07,2.46288039e-07,1.36992981e-07,0,1.67984617e-05,3.10908952e-08,0.00873762928
3.84301643e-07,6.53414986e-07,0.00873764325,2.80252834e-07,2.33256188e-07,1.39905964e-07,0,1.68553797e-05,3.13057242e-08,0.00873762928
3.85200565e-07,6.43826468e-07,0.00873763952,2.89935798e-07,2.10959627e-07,1.42931015e-07,0,1.68950992e-05,3.15069961e-08,0.00873762928
3.86106194e-07,6.2493757e-07,0.00873764139,2.94623817e-07,1.855215e-07,1.44792267e-07,0,1.69223858e-05,3.17049142e-08,0.00873762928
3.87000711e-07,6.21109166e-07,0.00873764791,2.99153442e-07,1.69756447e-07,1.52199277e-07,0,1.696242e-05,3.19187059e-08,0.00873762928
3.87904606e-07,6.1632835e-07,0.00873765163,2.85735808e-07,1.7839325e-07,1.52199277e-07,0,1.70329349e-05,3.21524283e-08,0.00873762928
3.88801709e-07,6.35842014e-07,0.00873764604,2.79967963e-07,2.03674759e-07,1.52199277e-07,0,1.71121628e-05,3.24946789e-08,0.00873762928
3.89705122e-07,6.6544834e-07,0.00873764046,2.80256131e-07,2.32880566e-07,1.52311642e-07,0,1.72023938e-05,3.27591536e-08,0.00873762928
3.90601485e-07,7.06139872e-07,0.00873763952,2.85795977e-07,2.64944305e-07,1.55399604e-07,0,1.73177996e-05,3.30551693e-08,0.00873762928
3.91503136e-07,7.25570999e-07,0.00873764604,2.8939229e-07,2.77843924e-07,1.58334757e-07,0,1.74311408e-05,3.33439871e-08,0.00873762928
3.92403678e-07,7.24344886e-07,0.00873764977,2.90515516e-07,2.72598214e-07,1.61231171e-07,0,1.75307705e-05,3.36158195e-08,0.00873762928
3.93303196e-07,7.17617297e-07,0.00873764977,2.95219962e-07,2.57558384e-07,1.64838951e-07,0,1.76106951e-05,3.38642536e-08,0.00873762928
3.94202203e-07,7.15553938e-07,0.00873764418,3.0303417e-07,2.44150613e-07,1.68369141e-07,0,1.76695503e-05,3.40951694e-08,0.00873762928
3.95101125e-07,7.06196488e-07,0.00873764046,3.11637933e-07,2.22889994e-07,1.7166856e-07,0,1.77104084e-05,3.43111211e-08,0.00873762928
3.96000161e-07,6.88604132e-07,0.00873764139,3.17119543e-07,1.97928003e-07,1.73556558e-07,0,1.77379989e-05,3.45223405e-08,0.00873762928
3.96904966e-07,6.84212637e-07,0.00873764791,3.24327146e-07,1.78457796e-07,1.81427666e-07,0,1.77727416e-05,3.47466766e-08,0.00873762928
3.97806446e-07,6.76266211e-07,0.00873765163,3.10565952e-07,1.84219772e-07,1.81480516e-07,0,1.78430855e-05,3.49833584e-08,0.00873762928
3.98701417e-07,6.92517062e-07,0.00873764884,3.03450264e-07,2.07582218e-07,1.8148458e-07,0,1.79223862e-05,3.54130734e-08,0.00873762928
3.99603096e-07,7.28504176e-07,0.00873764139,3.05028692e-07,2.41901688e-07,1.81573796e-07,0,1.80136503e-05,3.57010848e-08,0.00873762928
4.00504518e-07,7.70201439e-07,0.00873763952,3.11718907e-07,2.73123874e-07,1.85358672e-07,0,1.81293981e-05,3.60194967e-08,0.00873762928
4.01405401e-07,7.96094241e-07,0.00873764511,3.1615113e-07,2.91243282e-07,1.88699843e-07,0,1.82464046e-05,3.63216124e-08,0.00873762928
4.02300742e-07,7.99068289e-07,0.00873764977,3.17721373e-07,2.88969545e-07,1.92377385e-07,0,1.83495704e-05,3.66129989e-08,0.00873762928
4.03203444e-07,7.88840566e-07,0.00873765163,3.21256096e-07,2.71944941e-07,1.95639558e-07,0,1.84346572e-05,3.68891726e-08,0.00873762928
4.04100462e-07,7.89720502e-07,0.00873764604,3.30532458e-07,2.58923649e-07,2.00264395e-07,0,1.84973578e-05,3.71436002e-08,0.00873762928
4.0500484e-07,7.82391623e-07,0.00873764232,3.40209283e-07,2.38138966e-07,2.04043374e-07,0,1.85409772e-05,3.73841509e-08,0.00873762928
4.05903108e-07,7.66281971e-07,0.00873764139,3.46774328e-07,2.1279709e-07,2.06710581e-07,0,1.85696972e-05,3.76146616e-08,0.00873762928
4.06802371e-07,7.55841256e-07,0.00873764884,3.5368646e-07,1.89319749e-07,2.12835033e-07,0,1.85980371e-05,3.78517839e-08,0.00873762928
4.07704846e-07,7.5233811e-07,0.00873765256,3.43415849e-07,1.93686617e-07,2.15235644e-07,0,1.86694124e-05,3.81151146e-08,0.00873762928
4.08600812e-07,7.68396148e-07,0.00873765163,3.34744414e-07,2.18410804e-07,2.15240945e-07,0,1.87496098e-05,3.84826073e-08,0.00873762928
4.09503599e-07,8.0756746e-07,0.00873764325,3.34716844e-07,2.57233438e-07,2.15617177e-07,0,1.88431368e-05,3.87940382e-08,0.00873762928
4.10406528e-07,8.50239189e-07,0.00873764046,3.40801165e-07,2.89709249e-07,2.19728747e-07,0,1.8959232e-05,3.91363564e-08,0.00873762928
4.11301869e-07,8.7899906e-07,0.00873764511,3.45256808e-07,3.10343552e-07,2.23398686e-07,0,1.90819555e-05,3.94711748e-08,0.00873762928
4.12202382e-07,8.86945145e-07,0.0087376507,3.48114611e-07,3.10655253e-07,2.28175253e-07,0,1.91916224e-05,3.97878885e-08,0.00873762928
4.13101844e-07,8.73347005e-07,0.00873765256,3.50146877e-07,2.91144119e-07,2.32055996e-07,0,1.92813532e-05,4.00786639e-08,0.00873762928
4.1400051e-07,8.73603426e-07,0.00873764791,3.59470363e-07,2.77526908e-07,2.36606184e-07,0,1.93480992e-05,4.03479632e-08,0.00873762928
4.14904008e-07,8.66025573e-07,0.00873764232,3.69475515e-07,2.5512125e-07,2.41428836e-07,0,1.93938413e-05,4.06023126e-08,0.00873762928
4.15802617e-07,8.50407332e-07,0.00873764139,3.76512105e-07,2.29941193e-07,2.43953991e-07,0,1.94235272e-05,4.08476311e-08,0.00873762928
4.16701511e-07,8.31672139e-07,0.00873764884,3.80677506e-07,2.02651464e-07,2.48343156e-07,0,1.94470922e-05,4.10936423e-08,0.00873762928
4.17605662e-07,8.33213164e-07,0.00873765349,3.75809947e-07,2.04062715e-07,2.53340517e-07,0,1.95172561e-05,4.13743813e-08,0.00873762928
4.18503021e-07,8.43323392e-07,0.00873765443,3.64192005e-07,2.25780795e-07,2.53350606e-07,0,1.95975008e-05,4.17812736e-08,0.00873762928
4.1940018e-07,8.83658458e-07,0.00873764511,3.63404382e-07,2.66659839e-07,2.53594266e-07,0,1.9690895e-05,4.2145043e-08,0.00873762928
4.20302314e-07,9.28478528e-07,0.00873764232,3.7062523e-07,2.987004e-07,2.59152927e-07,0,1.98046564e-05,4.24970743e-08,0.00873762928
4.21203453e-07,9.62608624e-07,0.00873764418,3.75960781e-07,3.23467958e-07,2.63179913e-07,0,1.99308633e-05,4.28596749e-08,0.00873762928
4.2210047e-07,9.70183464e-07,0.00873765163,3.78901973e-07,3.22749287e-07,2.68532176e-07,0,2.00420109e-05,4.32092193e-08,0.00873762928
4.23003655e-07,9.57296379e-07,0.00873765349,3.81376793e-07,3.03241194e-07,2.7267842e-07,0,2.01333187e-05,4.36187939e-08,0.00873762928
4.23903685e-07,9.57732368e-07,0.00873764977,3.9194228e-07,2.87390634e-07,2.78399483e-07,0,2.0201529e-05,4.39840449e-08,0.00873762928
4.24801044e-07,9.51589641e-07,0.00873764325,4.03735186e-07,2.64610492e-07,2.83243963e-07,0,2.02474221e-05,4.42965664e-08,0.00873762928
4.25704968e-07,9.36794947e-07,0.00873764139,4.11392193e-07,2.39412685e-07,2.85990097e-07,0,2.02770079e-05,4.45770141e-08,0.00873762928
4.26602725e-07,9.09979235e-07,0.00873764791,4.1385951e-07,2.08614495e-07,2.8750523e-07,0,2.02960218e-05,4.48371331e-08,0.00873762928
4.27503807e-07,8.80721927e-07,0.00873765722,4.08809086e-07,1.76890055e-07,2.95022744e-07,0,2.03540239e-05,4.61500846e-08,0.00873762928
4.28404519e-07,8.98248686e-07,0.00873766001,3.97461292e-07,2.05193359e-07,2.95593992e-07,0,2.04342286e-05,4.71888235e-08,0.00873762928
4.29301679e-07,9.46278476e-07,0.00873764977,3.94080473e-07,2.55864791e-07,2.96333241e-07,0,2.05287033e-05,4.77953819e-08,0.00873762928
4.30203329e-07,9.80821028e-07,0.00873764604,3.97006659e-07,2.8324385e-07,3.0057052e-07,0,2.06339591e-05,4.83893068e-08,0.00873762928
4.31101455e-07,1.02247463e-06,0.00873764604,4.02976752e-07,3.12200399e-07,3.07297512e-07,0,2.07441499e-05,4.89240861e-08,0.00873762928
4.32002309e-07,1.0085962e-06,0.00873765536,4.03894035e-07,2.92254327e-07,3.12447838e-07,0,2.08311249e-05,4.94026722e-08,0.00873762928
4.3290521e-07,9.87343356e-07,0.00873765722,4.07306629e-07,2.63956224e-07,3.16080502e-07,0,2.08949132e-05,4.98431589e-08,0.00873762928
4.33805639e-07,9.65609502e-07,0.00873765629,4.11360304e-07,2.35481323e-07,3.18767889e-07,0,2.0941523e-05,5.02573343e-08,0.00873762928
4.34701775e-07,9.66387347e-07,0.00873764604,4.21563783e-07,2.22227783e-07,3.22595781e-07,0,2.09747686e-05,5.06363236e-08,0.00873762928
4.35604733e-07,9.52914661e-07,0.00873764418,4.24559772e-07,2.03499695e-07,3.24855165e-07,0,2.09975169e-05,5.09964728e-08,0.00873762928
4.36500869e-07,9.59235763e-07,0.00873765908,4.4851231e-07,1.7111779e-07,3.39605634e-07,0,2.10209964e-05,5.17339949e-08,0.00873762928
4.37401752e-07,9.59031354e-07,0.0087376656,4.64027977e-07,1.33543011e-07,3.61460337e-07,0,2.10327798e-05,5.34452766e-08,0.00873762928
4.38300248e-07,9.57682346e-07,0.00873767305,4.8693289e-07,9.88572069e-08,3.7189227e-07,0,2.10398339e-05,5.79536348e-08,0.00873762928
4.39204797e-07,9.36585934e-07,0.00873769354,4.81552433e-07,7.64085044e-08,3.78625003e-07,0,2.10588805e-05,6.9925548e-08,0.00873763021
4.40105566e-07,9.43824148e-07,0.00873769075,4.83219708e-07,8.00788484e-08,3.8052562e-07,0,2.10847375e-05,7.5228904e-08,0.00873763021
4.41001617e-07,9.56724648e-07,0.00873768423,4.87365924e-07,8.85900917e-08,3.80768597e-07,0,2.11124843e-05,7.93677586e-08,0.00873763021
4.41904461e-07,9.77096647e-07,0.00873770751,4.98335282e-07,9.17463581e-08,3.87015035e-07,0,2.11698389e-05,8.29155624e-08,0.00873763021
4.42803753e-07,9.65466256e-07,0.00873771496,4.99680255e-07,7.85223691e-08,3.87263697e-07,0,2.11698389e-05,8.66761738e-08,0.00873762928
4.43702675e-07,9.65846311e-07,0.0087377103,5.01667103e-07,7.68810295e-08,3.87298172e-07,0,2.11698152e-05,8.9704109e-08,0.00873762928
4.44601596e-07,9.78224307e-07,0.0087376954,5.02790783e-07,8.81276208e-08,3.87305931e-07,0,2.11698152e-05,9.22467009e-08,0.00873762928
4.45500348e-07,9.77938157e-07,0.00873769354,5.04079765e-07,8.65432384e-08,3.8731514e-07,0,2.11698152e-05,9.44423846e-08,0.00873762928
4.46405892e-07,9.75923854e-07,0.00873769354,5.04891545e-07,8.37112637e-08,3.8732108e-07,0,2.11698152e-05,9.63882556e-08,0.00873762928
4.47301147e-07,9.68774884e-07,0.00873769447,5.06339688e-07,7.51065059e-08,3.87328669e-07,0,2.11688912e-05,9.93142635e-08,0.00873762928
4.48204247e-07,9.73299962e-07,0.00873769354,5.08916514e-07,7.69182336e-08,3.87465207e-07,0,2.11807001e-05,1.00853228e-07,0.00873762928
4.49106011e-07,9.85990255e-07,0.00873769075,5.13175053e-07,8.50619415e-08,3.87753261e-07,0,2.12051764e-05,1.02269624e-07,0.00873762928
4.50002887e-07,1.01063779e-06,0.00873768143,5.2072096e-07,1.01615129e-07,3.88301714e-07,0,2.12401446e-05,1.03593528e-07,0.00873762928
4.50902121e-07,1.03360264e-06,0.00873767864,5.32118065e-07,1.12363239e-07,3.89121311e-07,0,2.12872383e-05,1.04857264e-07,0.00873762928
4.51803373e-07,1.06018217e-06,0.00873768236,5.50273455e-07,1.18516418e-07,3.91392348e-07,0,2.134442e-05,1.0617655e-07,0.00873762928
4.52705507e-07,1.08328015e-06,0.00873768888,5.67073073e-07,1.23558976e-07,3.92648133e-07,0,2.1410764e-05,1.07420938e-07,0.00873762928
4.5360045e-07,1.12027431e-06,0.00873768888,5.86515739e-07,1.39087277e-07,3.94671332e-07,0,2.14871761e-05,1.08647122e-07,0.00873762928
4.54506022e-07,1.16061005e-06,0.0087376805,6.04442107e-07,1.57008188e-07,3.99159802e-07,0,2.15717173e-05,1.10257879e-07,0.00873762928
4.55401732e-07,1.19902552e-06,0.00873767771,6.23681558e-07,1.73972452e-07,4.01371494e-07,0,2.1661519e-05,1.11773645e-07,0.00873762928
4.56306793e-07,1.17918853e-06,0.0087376805,6.04098943e-07,1.65495862e-07,4.09593667e-07,0,2.17477027e-05,1.15659255e-07,0.00873763021
4.57205431e-07,1.20001664e-06,0.0087376833,6.19075024e-07,1.70997339e-07,4.09944278e-07,0,2.18282148e-05,1.19366561e-07,0.00873763021
4.58104665e-07,1.15581679e-06,0.00873769633,5.89769058e-07,1.4875279e-07,4.17294928e-07,0,2.18894929e-05,1.22084003e-07,0.00873763021
4.59002877e-07,1.15475677e-06,0.00873769633,5.86333783e-07,1.49886134e-07,4.18536928e-07,0,2.19308749e-05,1.24853045e-07,0.00873763021
4.59901969e-07,1.17635932e-06,0.0087376833,5.8757513e-07,1.69736239e-07,4.19047922e-07,0,2.19828016e-05,1.27645976e-07,0.00873763021
4.60805637e-07,1.1859122e-06,0.00873768143,5.92636809e-07,1.68722963e-07,4.24552411e-07,0,2.20431793e-05,1.30757357e-07,0.00873763021
4.61701319e-07,1.20297477e-06,0.00873768236,6.04934826e-07,1.66518134e-07,4.31521755e-07,0,2.21079426e-05,1.34361201e-07,0.00873763021
4.62604731e-07,1.20864922e-06,0.00873768982,6.16613534e-07,1.51766542e-07,4.40269105e-07,0,2.21688279e-05,1.37519322e-07,0.00873763021
4.63505643e-07,1.21980554e-06,0.00873769075,6.33545483e-07,1.3842245e-07,4.47837635e-07,0,2.22245526e-05,1.39490226e-07,0.00873763021
4.64402177e-07,1.23285122e-06,0.00873768609,6.4393214e-07,1.36443248e-07,4.52475859e-07,0,2.22806666e-05,1.41138514e-07,0.00873763021
4.65304169e-07,1.25103134e-06,0.00873767864,6.51002438e-07,1.44561355e-07,4.55467614e-07,0,2.2339007e-05,1.42586217e-07,0.00873763021
4.66203403e-07,1.26752388e-06,0.00873767398,6.57487419e-07,1.52438787e-07,4.5759765e-07,0,2.23986317e-05,1.43862209e-07,0.00873763021
4.67103604e-07,1.27294334e-06,0.00873767864,6.66441792e-07,1.46683206e-07,4.59818352e-07,0,2.24582072e-05,1.45028551e-07,0.00873763021
4.68001076e-07,1.27861017e-06,0.00873768423,6.73599573e-07,1.43211196e-07,4.61799374e-07,0,2.25179574e-05,1.46112939e-07,0.00873763021
4.68902215e-07,1.29278783e-06,0.00873768516,6.80795893e-07,1.47673376e-07,4.6431856e-07,0,2.25847616e-05,1.47134472e-07,0.00873763021
4.69800369e-07,1.32428124e-06,0.00873767585,6.8949214e-07,1.68555161e-07,4.66233985e-07,0,2.26644406e-05,1.48082393e-07,0.00873763021
4.70705231e-07,1.35438654e-06,0.00873767212,7.00947737e-07,1.8514632e-07,4.68292484e-07,0,2.27562832e-05,1.49054245e-07,0.00873763021
4.71605006e-07,1.3702554e-06,0.00873767398,6.99313091e-07,1.98854494e-07,4.72087777e-07,0,2.28465942e-05,1.50021251e-07,0.00873763021
4.72503359e-07,1.39120152e-06,0.0087376805,7.05703314e-07,2.06693002e-07,4.78805248e-07,0,2.29317247e-05,1.51059623e-07,0.00873763021
4.73404782e-07,1.41673479e-06,0.00873768236,7.17847115e-07,2.17430582e-07,4.8145705e-07,0,2.30270107e-05,1.52206198e-07,0.00873763021
4.743018e-07,1.44946557e-06,0.00873768143,7.37805578e-07,2.27685021e-07,4.83975043e-07,0,2.31307913e-05,1.53300277e-07,0.00873763021
4.75204786e-07,1.49402968e-06,0.00873767398,7.58746751e-07,2.47523417e-07,4.87759507e-07,0,2.32441198e-05,1.54403594e-07,0.00873763021
4.76103168e-07,1.54011059e-06,0.00873768143,7.82064035e-07,2.53757975e-07,5.0428855e-07,0,2.33619285e-05,1.56455869e-07,0.00873763021
4.77006438e-07,1.55065379e-06,0.00873770472,8.06048945e-07,2.22315165e-07,5.22289724e-07,0,2.34635827e-05,1.64273388e-07,0.00873762928
4.77906383e-07,1.55410953e-06,0.00873771682,8.09221547e-07,2.1779752e-07,5.27090492e-07,0,2.35781135e-05,1.72492122e-07,0.00873763021
4.78803372e-07,1.52961741e-06,0.00873772521,7.97728319e-07,1.93327892e-07,5.38561153e-07,0,2.36431079e-05,1.8181322e-07,0.00873763021
4.79703374e-07,1.55292651e-06,0.00873772241,7.9651187e-07,1.99064232e-07,5.57350404e-07,0,2.37070944e-05,1.88716541e-07,0.00873762928
4.80603546e-07,1.57175498e-06,0.00873771589,8.03561761e-07,1.9657034e-07,5.71622877e-07,0,2.37827699e-05,1.94353888e-07,0.00873762928
4.81504458e-07,1.62336823e-06,0.0087377103,8.17951843e-07,2.31709862e-07,5.73706529e-07,0,2.3876737e-05,1.9816521e-07,0.00873762928
4.82402754e-07,1.61851608e-06,0.00873771962,8.03162436e-07,2.25924765e-07,5.89428851e-07,0,2.3971148e-05,2.01612963e-07,0.00873762928
4.83300084e-07,1.53077224e-06,0.00873780251,7.83991993e-07,1.31869129e-07,6.14911073e-07,0,2.39953533e-05,2.0975807e-07,0.00873763021
4.84206282e-07,1.52876646e-06,0.00873779971,7.81225367e-07,1.26063767e-07,6.21477341e-07,0,2.39953533e-05,2.1479498e-07,0.00873763021
4.85102305e-07,1.55421958e-06,0.00873776991,7.84102212e-07,1.47365952e-07,6.22751372e-07,0,2.39953533e-05,2.18724395e-07,0.00873763021
4.86000658e-07,1.55073803e-06,0.00873776991,7.84573558e-07,1.4331691e-07,6.22847551e-07,0,2.39953533e-05,2.22063278e-07,0.00873763021
4.86905208e-07,1.54355644e-06,0.00873777457,7.85463783e-07,1.35122093e-07,6.22970504e-07,0,2.39953533e-05,2.25077429e-07,0.00873763021
4.87801799e-07,1.53868677e-06,0.00873777643,7.85158818e-07,1.3052879e-07,6.22999096e-07,0,2.39953533e-05,2.27744835e-07,0.00873763021
4.88700266e-07,1.53979249e-06,0.0087377727,7.85906195e-07,1.30878206e-07,6.23008077e-07,0,2.39953533e-05,2.30101236e-07,0.00873763021
4.89605611e-07,1.53904102e-06,0.00873777177,7.87892191e-07,1.28124995e-07,6.23023766e-07,0,2.39953533e-05,2.3222654e-07,0.00873763021
4.90504078e-07,1.541708e-06,0.00873776712,7.88455907e-07,1.30205308e-07,6.23046787e-07,0,2.39953533e-05,2.34116811e-07,0.00873763021
4.91402488e-07,1.54840131e-06,0.00873775873,7.89260241e-07,1.36090264e-07,6.2305088e-07,0,2.39953533e-05,2.35925825e-07,0.00873763021
4.92300956e-07,1.54445172e-06,0.0087377606,7.89913315e-07,1.31480476e-07,6.23057986e-07,0,2.39953533e-05,2.37626296e-07,0.00873763021
4.93206244e-07,1.53574445e-06,0.00873776805,7.91065702e-07,1.21616097e-07,6.23062647e-07,0,2.39953533e-05,2.39222004e-07,0.00873763021
4.94104881e-07,1.5323152e-06,0.00873776991,7.91165576e-07,1.18082319e-07,6.23067308e-07,0,2.39953533e-05,2.40795885e-07,0.00873763021
4.95003405e-07,1.54465158e-06,0.00873775594,7.91911248e-07,1.29635879e-07,6.23104427e-07,0,2.39953533e-05,2.42267816e-07,0.00873763021
4.95901702e-07,1.54312886e-06,0.00873775594,7.93033337e-07,1.26987402e-07,6.23108178e-07,0,2.39953533e-05,2.43718489e-07,0.00873763021
4.9680034e-07,1.54631175e-06,0.00873775408,7.95170592e-07,1.27999641e-07,6.23141432e-07,0,2.4000974e-05,2.45124312e-07,0.00873763021
4.9770199e-07,1.5477882e-06,0.00873775966,7.97691996e-07,1.26626347e-07,6.23469816e-07,0,2.40201789e-05,2.46523342e-07,0.00873763021
4.986004e-07,1.56239764e-06,0.0087377578,8.04894853e-07,1.33484235e-07,6.24018526e-07,0,2.40523659e-05,2.47848703e-07,0.00873763021
4.99501539e-07,1.57387194e-06,0.00873776246,8.12659323e-07,1.36719891e-07,6.2449277e-07,0,2.40966401e-05,2.49111594e-07,0.00873763021
5.00401541e-07,1.60398611e-06,0.00873775501,8.20861771e-07,1.58218384e-07,6.24905965e-07,0,2.41501966e-05,2.50385028e-07,0.00873763021
5.01306772e-07,1.64290975e-06,0.00873774383,8.31521049e-07,1.86034185e-07,6.2535446e-07,0,2.42142105e-05,2.51595907e-07,0.00873763021
5.02200123e-07,1.68146812e-06,0.00873775035,8.60142279e-07,1.92897744e-07,6.2842804e-07,0,2.42886199e-05,2.53612853e-07,0.00873763021
5.03102399e-07,1.71033832e-06,0.00873775594,8.81584754e-07,1.98358165e-07,6.30395391e-07,0,2.43746417e-05,2.55421497e-07,0.00873763021
5.04003367e-07,1.75461321e-06,0.00873775594,9.06614162e-07,2.12547491e-07,6.35451556e-07,0,2.44691801e-05,2.56810978e-07,0.00873763021
5.04900356e-07,1.8023544e-06,0.00873775221,9.27973929e-07,2.3736294e-07,6.37017592e-07,0,2.45714909e-05,2.57955833e-07,0.00873763021
5.05804564e-07,1.85604506e-06,0.00873775128,9.55111318e-07,2.58338076e-07,6.42595637e-07,0,2.46823474e-05,2.59088011e-07,0.00873763021
5.06705021e-07,1.85234967e-06,0.00873774849,9.34340221e-07,2.58585914e-07,6.59423563e-07,0,2.47894131e-05,2.63783534e-07,0.00873763021
5.07605762e-07,1.87869921e-06,0.00873775501,9.36991057e-07,2.81839135e-07,6.59869045e-07,0,2.49023415e-05,2.66430845e-07,0.00873763021
5.0850042e-07,1.82359747e-06,0.00873777177,9.15744181e-07,2.41558951e-07,6.66294341e-07,0,2.49843415e-05,2.68711432e-07,0.00873763021
5.09406107e-07,1.83202087e-06,0.00873776898,9.16181762e-07,2.45101717e-07,6.70737393e-07,0,2.50531903e-05,2.71402143e-07,0.00873763021
5.10300197e-07,1.84706448e-06,0.00873776246,9.17525995e-07,2.46954187e-07,6.82584357e-07,0,2.51269175e-05,2.77776195e-07,0.00873763021
5.11201335e-07,1.86571879e-06,0.00873775966,9.24209473e-07,2.46707913e-07,6.94801372e-07,0,2.5205225e-05,2.82522848e-07,0.00873763021
5.12104464e-07,1.88215461e-06,0.00873775594,9.41636586e-07,2.30482115e-07,7.1003592e-07,0,2.52769933e-05,2.87668939e-07,0.00873763021
5.13000998e-07,1.89048876e-06,0.00873775966,9.52277901e-07,2.2314893e-07,7.15061901e-07,0,2.53504368e-05,2.90614224e-07,0.00873763021
5.13903672e-07,1.89854757e-06,0.00873776712,9.65454888e-07,2.10334591e-07,7.22758159e-07,0,2.54240422e-05,2.96113512e-07,0.00873763021
5.14800604e-07,1.91571371e-06,0.00873776153,9.69733378e-07,2.21159908e-07,7.24820438e-07,0,2.54974475e-05,2.99798216e-07,0.00873763114
5.1570521e-07,1.91107188e-06,0.00873777457,9.80795448e-07,1.86235624e-07,7.44040733e-07,0,2.55485647e-05,3.04182635e-07,0.00873763021
5.16602768e-07,1.93211326e-06,0.00873775687,1.00552847e-06,1.75729795e-07,7.50855065e-07,0,2.55935429e-05,3.07021253e-07,0.00873763021
5.17500268e-07,1.93465826e-06,0.00873775687,1.01181718e-06,1.69067448e-07,7.5377352e-07,0,2.56407711e-05,3.09783616e-07,0.00873763021
5.18403056e-07,1.93560459e-06,0.00873776618,1.00630439e-06,1.74090644e-07,7.55209612e-07,0,2.56906824e-05,3.12100696e-07,0.00873763021
5.19306525e-07,1.91171557e-06,0.00873781648,1.00395835e-06,1.47195721e-07,7.60561477e-07,0,2.57254742e-05,3.16365544e-07,0.00873763021
5.20205617e-07,1.91236336e-06,0.00873781182,1.00488455e-06,1.427142e-07,7.64764593e-07,0,2.57254742e-05,3.20991859e-07,0.00873763021
5.2110272e-07,1.91805157e-06,0.00873780251,1.00391992e-06,1.48769374e-07,7.65362302e-07,0,2.57254742e-05,3.24148829e-07,0.00873763021
5.22006076e-07,1.92238303e-06,0.00873779505,1.00525199e-06,1.5152996e-07,7.65601214e-07,0,2.57254742e-05,3.26917757e-07,0.00873763021
5.22903804e-07,1.91303457e-06,0.00873780251,1.00670252e-06,1.40544628e-07,7.65787547e-07,0,2.57254742e-05,3.29373222e-07,0.00873763021
5.23802328e-07,1.91061918e-06,0.00873780251,1.00631075e-06,1.38471194e-07,7.65837171e-07,0,2.57254742e-05,3.31630929e-07,0.00873763021
5.24700908e-07,1.90895139e-06,0.00873780251,1.00594343e-06,1.37143459e-07,7.65864513e-07,0,2.57254742e-05,3.33673029e-07,0.00873763021
5.25606197e-07,1.90909464e-06,0.00873779971,1.0075338e-06,1.3567967e-07,7.65881055e-07,0,2.57254742e-05,3.35552642e-07,0.00873763021
5.26503527e-07,1.9201982e-06,0.0087377904,1.01035118e-06,1.43873336e-07,7.65973539e-07,0,2.573249e-05,3.37292818e-07,0.00873763021
5.27400744e-07,1.93389678e-06,0.00873778667,1.01341311e-06,1.53717664e-07,7.66765936e-07,0,2.57553602e-05,3.38896456e-07,0.00873763021
5.2830211e-07,1.94064205e-06,0.00873779505,1.01972455e-06,1.53716755e-07,7.67200675e-07,0,2.5790654e-05,3.40449645e-07,0.00873763021
5.29201202e-07,1.95354846e-06,0.00873780251,1.03015816e-06,1.55568586e-07,7.67821689e-07,0,2.58380533e-05,3.41962618e-07,0.00873763021
5.30102e-07,1.99539568e-06,0.0087377876,1.04217008e-06,1.8490654e-07,7.68319182e-07,0,2.58963028e-05,3.43390468e-07,0.00873763021
5.31002513e-07,2.02111278e-06,0.00873779226,1.05682386e-06,1.94955533e-07,7.69333269e-07,0,2.59650697e-05,3.45097135e-07,0.00873763021
5.31900298e-07,2.06405275e-06,0.00873778667,1.07643859e-06,2.16650932e-07,7.7096314e-07,0,2.60453617e-05,3.46541015e-07,0.00873763021
5.32804961e-07,2.09937889e-06,0.00873778109,1.09448956e-06,2.31518385e-07,7.73371028e-07,0,2.61329515e-05,3.4819891e-07,0.00873763021
5.33703201e-07,2.13133058e-06,0.00873779226,1.11305246e-06,2.39876385e-07,7.78401727e-07,0,2.62300236e-05,3.50418276e-07,0.00873763021
5.34600986e-07,2.17130787e-06,0.00873779692,1.1369043e-06,2.54074934e-07,7.80328719e-07,0,2.63346574e-05,3.51858091e-07,0.00873763021
5.3550599e-07,2.23247525e-06,0.00873778947,1.16156014e-06,2.78641721e-07,7.92273454e-07,0,2.64483406e-05,3.545548e-07,0.00873763021
5.36402752e-07,2.2904037e-06,0.00873778295,1.18040361e-06,3.16973171e-07,7.9302697e-07,0,2.65751332e-05,3.55949538e-07,0.00873763114
5.37304516e-07,2.28732415e-06,0.00873778202,1.16054309e-06,3.30549852e-07,7.96231291e-07,0,2.66942588e-05,3.61351852e-07,0.00873763114
5.38205825e-07,2.24551377e-06,0.00873780623,1.13591307e-06,3.07782813e-07,8.01817919e-07,0,2.68062813e-05,3.64394822e-07,0.00873763114
5.39106111e-07,2.23493112e-06,0.00873781182,1.13341252e-06,2.90739052e-07,8.10779625e-07,0,2.68801414e-05,3.71593927e-07,0.00873763114
5.40002986e-07,2.2487643e-06,0.00873780064,1.13725923e-06,2.90250853e-07,8.21254332e-07,0,2.69606262e-05,3.77844742e-07,0.00873763114
5.40904466e-07,2.26721522e-06,0.0087378053,1.14965894e-06,2.8346318e-07,8.34093214e-07,0,2.70411147e-05,3.83059415e-07,0.00873763114
5.41800318e-07,2.28576164e-06,0.00873779319,1.17020329e-06,2.67799891e-07,8.47758372e-07,0,2.71177269e-05,3.86322824e-07,0.00873763114
5.42705664e-07,2.3057562e-06,0.00873778667,1.19040487e-06,2.60854932e-07,8.5449625e-07,0,2.7197284e-05,3.88904624e-07,0.00873763114
5.43602539e-07,2.3050261e-06,0.00873779785,1.19632966e-06,2.4924455e-07,8.59451973e-07,0,2.72778871e-05,3.91121574e-07,0.00873763114
5.44502029e-07,2.31307649e-06,0.00873780251,1.19757851e-06,2.52984535e-07,8.62513332e-07,0,2.73589158e-05,3.9314321e-07,0.00873763114
5.45404703e-07,2.33521951e-06,0.00873779319,1.20519667e-06,2.63856265e-07,8.66166545e-07,0,2.74412851e-05,3.94976155e-07,0.00873763114
5.46303454e-07,2.35675975e-06,0.00873778388,1.2169811e-06,2.68176393e-07,8.71602197e-07,0,2.75234179e-05,3.96659203e-07,0.00873763114
5.4720249e-07,2.36979758e-06,0.00873778574,1.22267045e-06,2.70592722e-07,8.76534443e-07,0,2.76042174e-05,3.98280775e-07,0.00873763114
5.48103742e-07,2.3775824e-06,0.0087377876,1.23704001e-06,2.60300368e-07,8.80241942e-07,0,2.76860574e-05,3.99844652e-07,0.00873763114
5.49002834e-07,2.38647067e-06,0.00873778947,1.25340694e-06,2.49769698e-07,8.83294035e-07,0,2.77682793e-05,4.0137374e-07,0.00873763114
5.49900221e-07,2.40138843e-06,0.0087377904,1.26180214e-06,2.53867739e-07,8.85718578e-07,0,2.78521693e-05,4.02774617e-07,0.00873763114
5.50804771e-07,2.41126531e-06,0.00873779133,1.26435748e-06,2.5913593e-07,8.87771989e-07,0,2.79350552e-05,4.04127832e-07,0.00873763114
5.51700396e-07,2.41361363e-06,0.00873778388,1.24937719e-06,2.75681316e-07,8.88555178e-07,0,2.80016156e-05,4.05499577e-07,0.00873763114
5.52601591e-07,2.39940709e-06,0.00873777829,1.23647089e-06,2.72880044e-07,8.90056242e-07,0,2.80387576e-05,4.07136696e-07,0.00873763114
5.53501593e-07,2.36968026e-06,0.0087377876,1.23584277e-06,2.43428133e-07,8.90409353e-07,0,2.80814857e-05,4.08634122e-07,0.00873763114
5.5440205e-07,2.34883328e-06,0.00873779133,1.23284167e-06,2.2554832e-07,8.90443403e-07,0,2.81234461e-05,4.10098465e-07,0.00873763114
5.55303018e-07,2.34029858e-06,0.00873778854,1.22741199e-06,2.22427516e-07,8.90459035e-07,0,2.81633656e-05,4.11463105e-07,0.00873763114
5.56204213e-07,2.34672484e-06,0.00873777922,1.22475228e-06,2.29330638e-07,8.92641822e-07,0,2.82072924e-05,4.12955586e-07,0.00873763114
5.57100236e-07,2.34820664e-06,0.00873778388,1.22115432e-06,2.3049212e-07,8.96560209e-07,0,2.82653455e-05,4.1431062e-07,0.00873763114
5.58002341e-07,2.37123277e-06,0.00873777736,1.22311542e-06,2.46675739e-07,9.01441638e-07,0,2.83431873e-05,4.15603296e-07,0.00873763114
5.58902457e-07,2.32462548e-06,0.00873781554,1.21576795e-06,1.90760758e-07,9.18096816e-07,0,2.83771533e-05,4.20272158e-07,0.00873763114
5.59802288e-07,2.3367204e-06,0.00873782672,1.23704467e-06,1.76942493e-07,9.22733193e-07,0,2.84357957e-05,4.24508414e-07,0.00873763114
5.60705985e-07,2.37343374e-06,0.00873782299,1.25144334e-06,1.97528067e-07,9.24462313e-07,0,2.85086953e-05,4.27721716e-07,0.00873763114
5.61600928e-07,2.42463329e-06,0.00873780716,1.26820089e-06,2.30399891e-07,9.26032556e-07,0,2.85905535e-05,4.30396653e-07,0.00873763114
5.62501668e-07,2.46758805e-06,0.0087378053,1.28846614e-06,2.51395591e-07,9.27726319e-07,0,2.86833747e-05,4.32667832e-07,0.00873763114
5.63401386e-07,2.51006395e-06,0.00873780902,1.31087427e-06,2.6830844e-07,9.30881356e-07,0,2.87855237e-05,4.34744408e-07,0.00873763114
5.64305083e-07,2.55172245e-06,0.00873781554,1.33051356e-06,2.86846983e-07,9.34361935e-07,0,2.88960819e-05,4.36707978e-07,0.00873763114
5.65201333e-07,2.60560751e-06,0.00873780716,1.35625612e-06,3.12605323e-07,9.36746119e-07,0,2.90119497e-05,4.38447643e-07,0.00873763114
5.66100198e-07,2.65229687e-06,0.00873781461,1.37854317e-06,3.35680227e-07,9.38073526e-07,0,2.91442902e-05,4.40117162e-07,0.00873763114
5.67002473e-07,2.62906201e-06,0.00873780809,1.35626897e-06,3.3093113e-07,9.4186197e-07,0,2.92685199e-05,4.44278243e-07,0.00873763207
5.67905715e-07,2.62604317e-06,0.00873781554,1.33656795e-06,3.46335838e-07,9.43139469e-07,0,2.93979065e-05,4.47151308e-07,0.00873763114
5.68804182e-07,2.57904412e-06,0.00873782206,1.31822276e-06,3.06767504e-07,9.54053803e-07,0,2.94677557e-05,4.50524254e-07,0.00873763114
5.69701967e-07,2.57920738e-06,0.00873783045,1.31935735e-06,2.98290985e-07,9.61558953e-07,0,2.95488444e-05,4.5369103e-07,0.00873763207
5.70606687e-07,2.60033835e-06,0.00873781927,1.31688944e-06,3.12583154e-07,9.70865813e-07,0,2.96329417e-05,4.56937528e-07,0.00873763207
5.71505154e-07,2.62167214e-06,0.00873781182,1.32818877e-06,3.1198249e-07,9.81500875e-07,0,2.97193292e-05,4.59839384e-07,0.00873763207
5.72401802e-07,2.63227253e-06,0.00873781554,1.34064715e-06,3.00703533e-07,9.90921876e-07,0,2.98067825e-05,4.62243747e-07,0.00873763207
5.73302884e-07,2.65489916e-06,0.00873780251,1.35355401e-06,3.03769866e-07,9.97575285e-07,0,2.98948034e-05,4.6446749e-07,0.00873763207
5.74204364e-07,2.6567011e-06,0.00873781089,1.37816244e-06,2.67030345e-07,1.01150829e-06,0,2.99758321e-05,4.67330068e-07,0.00873763207
5.75101183e-07,2.66557686e-06,0.00873781648,1.40356917e-06,2.40241974e-07,1.02176568e-06,0,3.00554839e-05,4.69508706e-07,0.00873763207
5.76006244e-07,2.67864471e-06,0.00873781741,1.40614543e-06,2.49045343e-07,1.02345405e-06,0,3.01361761e-05,4.71561407e-07,0.00873763207
5.769013e-07,2.71481531e-06,0.00873779692,1.40670511e-06,2.83316496e-07,1.02479373e-06,0,3.02167846e-05,4.73415355e-07,0.00873763207
5.77805167e-07,2.72858938e-06,0.00873780064,1.41537089e-06,2.84707681e-07,1.02851084e-06,0,3.02993521e-05,4.75202341e-07,0.00873763207
5.78706477e-07,2.72915736e-06,0.00873780716,1.43447289e-06,2.61566271e-07,1.03311822e-06,0,3.03781744e-05,4.76995751e-07,0.00873763207
5.79601249e-07,2.73694741e-06,0.00873780809,1.44810281e-06,2.53254143e-07,1.03559046e-06,0,3.0459154e-05,4.7863557e-07,0.00873763207
5.80503695e-07,2.75460889e-06,0.00873780251,1.45332876e-06,2.6305986e-07,1.03822026e-06,0,3.05417598e-05,4.80184724e-07,0.00873763207
5.81400968e-07,2.76132641e-06,0.00873780902,1.45572403e-06,2.65908426e-07,1.0396941e-06,0,3.06229231e-05,4.81774009e-07,0.00873763207
5.82303244e-07,2.7810047e-06,0.00873780064,1.46249999e-06,2.7741163e-07,1.04109313e-06,0,3.07039954e-05,4.83231702e-07,0.00873763207
5.83204724e-07,2.76754963e-06,0.0087377904,1.43636464e-06,2.88776107e-07,1.04240894e-06,0,3.07452865e-05,4.84819907e-07,0.00873763207
5.84105237e-07,2.74311924e-06,0.0087378053,1.430613e-06,2.69466597e-07,1.04303945e-06,0,3.07883747e-05,4.86373835e-07,0.00873763207
5.85005068e-07,2.73822502e-06,0.00873780716,1.43625653e-06,2.56713463e-07,1.04525498e-06,0,3.08397757e-05,4.87950388e-07,0.00873763207
5.85904729e-07,2.73907358e-06,0.00873780902,1.43745115e-06,2.52696623e-07,1.04892581e-06,0,3.08997187e-05,4.89463389e-07,0.00873763207
5.86805982e-07,2.76379797e-06,0.00873779692,1.43415957e-06,2.75650308e-07,1.05398817e-06,0,3.09756688e-05,4.90893058e-07,0.00873763207
5.87705756e-07,2.70446162e-06,0.00873782393,1.42724605e-06,2.07062627e-07,1.07015285e-06,0,3.10070645e-05,4.95918016e-07,0.00873763207
5.88600528e-07,2.71714225e-06,0.00873782486,1.4361724e-06,2.07257031e-07,1.07371284e-06,0,3.10615287e-05,4.99665646e-07,0.00873763207
5.89502008e-07,2.72424245e-06,0.00873783603,1.4365736e-06,2.09381355e-07,1.07828748e-06,0,3.11229633e-05,5.03712101e-07,0.00873763207
5.90406103e-07,2.75005959e-06,0.00873783976,1.45553975e-06,2.13591321e-07,1.08092843e-06,0,3.11957665e-05,5.075442e-07,0.00873763207
5.91306389e-07,2.78235279e-06,0.00873784162,1.47153321e-06,2.28270508e-07,1.08254903e-06,0,3.12787815e-05,5.10573329e-07,0.00873763207
5.92206391e-07,2.83611121e-06,0.00873782858,1.49092944e-06,2.60990333e-07,1.08419135e-06,0,3.13720229e-05,5.13252985e-07,0.00873763207
5.931023e-07,2.88754063e-06,0.00873781927,1.50946846e-06,2.91863955e-07,1.08620827e-06,0,3.14726458e-05,5.15615341e-07,0.00873763207
5.94004575e-07,2.92729214e-06,0.00873782486,1.53438623e-06,3.03995478e-07,1.08891038e-06,0,3.15823418e-05,5.17801539e-07,0.00873763207
5.94901906e-07,2.97431006e-06,0.00873782951,1.56058013e-06,3.21205874e-07,1.09252403e-06,0,3.17040576e-05,5.19864557e-07,0.00873763207
5.95801907e-07,3.02481476e-06,0.00873783696,1.57878469e-06,3.52185822e-07,1.09384428e-06,0,3.1841766e-05,5.21795187e-07,0.00873763207
5.96702534e-07,3.04483433e-06,0.00873782113,1.56798001e-06,3.81870933e-07,1.0949833e-06,0,3.1979358e-05,5.23697622e-07,0.00873763207
5.97605776e-07,3.0893541e-06,0.00873782672,1.57685872e-06,4.15645729e-07,1.09684959e-06,0,3.21280932e-05,5.25860003e-07,0.00873763207
5.98504755e-07,3.01817158e-06,0.00873783976,1.54571978e-06,3.65635742e-07,1.10681606e-06,0,3.2224365e-05,5.2940004e-07,0.00873763207
5.99400437e-07,3.03326283e-06,0.00873783324,1.54739894e-06,3.69524599e-07,1.11633938e-06,0,3.23150525e-05,5.33121465e-07,0.00873763207
6.00301291e-07,3.03897536e-06,0.00873783603,1.54734903e-06,3.65609793e-07,1.12601651e-06,0,3.24120992e-05,5.36587606e-07,0.00873763207
6.01205215e-07,3.03692241e-06,0.00873785187,1.55275291e-06,3.48793691e-07,1.13537567e-06,0,3.25125438e-05,5.39837345e-07,0.00873763207
6.02103626e-07,3.08125095e-06,0.00873782579,1.56497072e-06,3.70754691e-07,1.1455254e-06,0,3.26140653e-05,5.4312801e-07,0.00873763207
6.03004537e-07,3.1076404e-06,0.00873781648,1.57987085e-06,3.70992012e-07,1.15677756e-06,0,3.27176276e-05,5.46498484e-07,0.00873763207
6.0390488e-07,3.10354108e-06,0.0087378351,1.59113495e-06,3.49235989e-07,1.16317017e-06,0,3.28218375e-05,5.49577521e-07,0.00873763207
6.04805507e-07,3.112797e-06,0.00873783417,1.60695777e-06,3.29723122e-07,1.17611614e-06,0,3.29148279e-05,5.53432471e-07,0.00873763207
6.05705907e-07,3.13357941e-06,0.00873782951,1.63473055e-06,3.08383534e-07,1.19046535e-06,0,3.30046605e-05,5.58502734e-07,0.00873763207
6.066021e-07,3.13881173e-06,0.0087378379,1.64495236e-06,2.97726473e-07,1.19613287e-06,0,3.30965886e-05,5.63166395e-07,0.00873763207
6.07501534e-07,3.16537148e-06,0.00873782672,1.65509323e-06,3.09718899e-07,1.2005595e-06,0,3.31886295e-05,5.66764527e-07,0.008737633
6.08404434e-07,3.19003561e-06,0.00873781741,1.66884888e-06,3.17389492e-07,1.20379707e-06,0,3.32818818e-05,5.70048996e-07,0.008737633
6.09301935e-07,3.20332697e-06,0.00873782113,1.68477663e-06,3.11647284e-07,1.20690299e-06,0,3.33746866e-05,5.73070793e-07,0.008737633
6.10203244e-07,3.2103178e-06,0.00873783045,1.69308782e-06,3.07737878e-07,1.20949221e-06,0,3.34669385e-05,5.75885451e-07,0.008737633
6.11104326e-07,3.20492495e-06,0.00873782858,1.69079033e-06,3.02427253e-07,1.2117074e-06,0,3.35563709e-05,5.7866572e-07,0.008737633
6.12002452e-07,3.22248161e-06,0.0087378202,1.70708779e-06,3.0114316e-07,1.2142508e-06,0,3.36449375e-05,5.8129973e-07,0.008737633
6.1290001e-07,3.17939475e-06,0.00873782393,1.67067162e-06,2.91155914e-07,1.21756727e-06,0,3.368529e-05,5.83818348e-07,0.008737633
6.13803536e-07,3.16899695e-06,0.00873781927,1.66247867e-06,2.87925843e-07,1.21859239e-06,0,3.37299134e-05,5.86248859e-07,0.008737633
6.14702685e-07,3.15919328e-06,0.00873781648,1.6552051e-06,2.85266538e-07,1.21872154e-06,0,3.37756173e-05,5.8850344e-07,0.008737633
6.15602119e-07,3.14115505e-06,0.00873782579,1.64961045e-06,2.69770936e-07,1.22177369e-06,0,3.38286081e-05,5.90966636e-07,0.008737633
6.16502291e-07,3.15344482e-06,0.00873782486,1.64274957e-06,2.83917018e-07,1.22677818e-06,0,3.38991049e-05,5.93166533e-07,0.008737633
6.17401156e-07,3.11279064e-06,0.00873784628,1.64075061e-06,2.34045771e-07,1.23799418e-06,0,3.39510225e-05,5.97153814e-07,0.008737633
6.18302636e-07,3.14860631e-06,0.0087378351,1.65717722e-06,2.40017187e-07,1.25141196e-06,0,3.400692e-05,6.02266255e-07,0.008737633
6.19203433e-07,3.14696467e-06,0.00873785093,1.65333927e-06,2.39533875e-07,1.25409144e-06,0,3.40803053e-05,6.06321407e-07,0.008737633
6.20104117e-07,3.14369527e-06,0.00873786304,1.63509151e-06,2.47648728e-07,1.26095495e-06,0,3.4158722e-05,6.10310963e-07,0.008737633
6.21003778e-07,3.18311186e-06,0.00873786397,1.65733752e-06,2.59207496e-07,1.26656687e-06,0,3.42521853e-05,6.1460571e-07,0.008737633
6.21900597e-07,3.21988819e-06,0.00873786677,1.67231519e-06,2.79420959e-07,1.26815212e-06,0,3.43544125e-05,6.1805855e-07,0.008737633
6.22804521e-07,3.28381248e-06,0.0087378528,1.69692817e-06,3.15695672e-07,1.27118881e-06,0,3.44644541e-05,6.21225865e-07,0.008737633
6.23705205e-07,3.33741832e-06,0.00873784535,1.72190562e-06,3.38828841e-07,1.27668386e-06,0,3.45842273e-05,6.24246638e-07,0.008737633
6.24602308e-07,3.38874929e-06,0.00873785373,1.74473075e-06,3.63561782e-07,1.28045679e-06,0,3.47151836e-05,6.26875647e-07,0.008737633
6.25503844e-07,3.44511295e-06,0.00873785652,1.77219886e-06,3.90647187e-07,1.28226691e-06,0,3.48629546e-05,6.29262388e-07,0.008737633
6.2640629e-07,3.51380959e-06,0.0087378528,1.79473795e-06,4.34729714e-07,1.28434181e-06,0,3.50275841e-05,6.3146399e-07,0.008737633
6.27300381e-07,3.48115077e-06,0.00873785932,1.76041544e-06,4.31508681e-07,1.28922682e-06,0,3.51823437e-05,6.37598589e-07,0.008737633
6.28203964e-07,3.45796207e-06,0.00873787887,1.73438639e-06,4.27911118e-07,1.29566467e-06,0,3.53276992e-05,6.41573536e-07,0.008737633
6.29100953e-07,3.48036247e-06,0.00873786304,1.74790239e-06,4.17392073e-07,1.31506806e-06,0,3.54172662e-05,6.51299956e-07,0.008737633
6.30000557e-07,3.48194681e-06,0.00873787422,1.764177e-06,3.88162846e-07,1.3296069e-06,0,3.55179036e-05,6.61470551e-07,0.008737633
6.30902719e-07,3.49954303e-06,0.00873787887,1.78409493e-06,3.68495876e-07,1.34695222e-06,0,3.56252749e-05,6.70593465e-07,0.00873763394
6.31801583e-07,3.54439794e-06,0.00873786863,1.81149574e-06,3.6642362e-07,1.3664785e-06,0,3.57346908e-05,6.7944228e-07,0.00873763394
6.32703518e-07,3.57686804e-06,0.00873786211,1.83321299e-06,3.68988964e-07,1.37466623e-06,0,3.58446814e-05,6.87047645e-07,0.00873763394
6.33603861e-07,3.5892524e-06,0.00873786118,1.84884505e-06,3.47101206e-07,1.39330621e-06,0,3.59418555e-05,6.9389597e-07,0.00873763394
6.34502726e-07,3.61123693e-06,0.00873785559,1.85981116e-06,3.50326303e-07,1.40109955e-06,0,3.60401646e-05,6.9858703e-07,0.00873763394
6.35400795e-07,3.6239544e-06,0.00873786118,1.86975058e-06,3.49237951e-07,1.40496581e-06,0,3.61394923e-05,7.02346142e-07,0.00873763394
6.36303696e-07,3.63262234e-06,0.0087378649,1.88146089e-06,3.43347011e-07,1.40781447e-06,0,3.62406972e-05,7.05647778e-07,0.00873763394
6.37200628e-07,3.66094901e-06,0.00873785466,1.89166633e-06,3.5824425e-07,1.4110384e-06,0,3.63421022e-05,7.08601931e-07,0.00873763394
6.38104552e-07,3.68214387e-06,0.00873784814,1.91378763e-06,3.52241869e-07,1.4161144e-06,0,3.64455154e-05,7.11306882e-07,0.00873763394
6.39003304e-07,3.69736836e-06,0.00873784907,1.92728157e-06,3.50439194e-07,1.41964767e-06,0,3.65495544e-05,7.13859663e-07,0.00873763394
6.39900975e-07,3.71966098e-06,0.00873784535,1.93936307e-06,3.54285334e-07,1.42601266e-06,0,3.66512213e-05,7.16158695e-07,0.00873763394
6.40802227e-07,3.72887371e-06,0.0087378528,1.93980031e-06,3.62616021e-07,1.42645729e-06,0,3.67507891e-05,7.18339606e-07,0.00873763394
6.41703821e-07,3.74410251e-06,0.00873785559,1.95306302e-06,3.63079295e-07,1.42796011e-06,0,3.68497094e-05,7.20419166e-07,0.00873763394
6.42604618e-07,3.63382424e-06,0.00873803999,1.93083497e-06,2.28734478e-07,1.47425465e-06,0,3.69020127e-05,7.31076511e-07,0.00873763487
6.43503654e-07,3.65460892e-06,0.00873801205,1.93992128e-06,2.09626322e-07,1.50506128e-06,0,3.69075351e-05,7.40067719e-07,0.00873763487
6.44404167e-07,3.69113559e-06,0.00873798039,1.93538926e-06,2.41269504e-07,1.51447671e-06,0,3.69274021e-05,7.45295949e-07,0.00873763487
6.45302805e-07,3.68086921e-06,0.00873799995,1.94012546e-06,2.23233769e-07,1.5175101e-06,0,3.69552363e-05,7.49585183e-07,0.00873763487
6.46206558e-07,3.68205338e-06,0.00873801298,1.94446147e-06,2.19188948e-07,1.51840288e-06,0,3.69928093e-05,7.5341859e-07,0.00873763487
6.47103377e-07,3.72386125e-06,0.00873798691,1.94832523e-06,2.56754021e-07,1.51878203e-06,0,3.70357593e-05,7.56908605e-07,0.00873763487
6.48004402e-07,3.7543291e-06,0.00873798132,1.96534029e-06,2.69246783e-07,1.519742e-06,0,3.7092188e-05,7.60006799e-07,0.00873763487
6.48902301e-07,3.78313325e-06,0.00873798691,1.99312626e-06,2.68226785e-07,1.52178018e-06,0,3.71632013e-05,7.63021603e-07,0.00873763487
6.49804974e-07,3.83534461e-06,0.00873797201,2.01535408e-06,2.96836362e-07,1.52315442e-06,0,3.725024e-05,7.6566937e-07,0.00873763487
6.50702532e-07,3.86955071e-06,0.00873798039,2.03381137e-06,3.10380727e-07,1.52535881e-06,0,3.73489202e-05,7.68161328e-07,0.00873763487
6.51602363e-07,3.90439664e-06,0.00873797573,2.05273545e-06,3.23888116e-07,1.52777284e-06,0,3.74576957e-05,7.73766487e-07,0.00873763487
6.5250174e-07,3.93881828e-06,0.00873797573,2.06286654e-06,3.44744223e-07,1.53120743e-06,0,3.75702803e-05,7.76250147e-07,0.00873763487
6.53406573e-07,4.01951593e-06,0.00873795152,2.09368613e-06,3.91671563e-07,1.53415806e-06,0,3.76878706e-05,7.78937704e-07,0.00873763487
6.54304131e-07,4.0557893e-06,0.00873795897,2.11072233e-06,4.05131345e-07,1.53993574e-06,0,3.78178738e-05,7.81899416e-07,0.00873763487
6.55200836e-07,4.11281235e-06,0.00873796456,2.14231795e-06,4.23239669e-07,1.5472549e-06,0,3.79664743e-05,7.85483337e-07,0.00873763487
6.56103509e-07,4.16610601e-06,0.00873796642,2.15835894e-06,4.57992257e-07,1.54975476e-06,0,3.81276113e-05,7.90157287e-07,0.00873763487
6.57004648e-07,4.12970076e-06,0.00873797107,2.12566101e-06,4.50428871e-07,1.55361056e-06,0,3.82695616e-05,7.9558032e-07,0.00873763487
6.57901694e-07,4.08919914e-06,0.00873798598,2.09228097e-06,4.38053775e-07,1.55886448e-06,0,3.8402377e-05,8.01981514e-07,0.00873763487
6.58802833e-07,4.09181985e-06,0.00873797014,2.10027815e-06,4.1022858e-07,1.58131297e-06,0,3.84874147e-05,8.10293216e-07,0.00873763487
6.59702437e-07,4.12455802e-06,0.00873796083,2.10817984e-06,4.25805666e-07,1.59057277e-06,0,3.85821149e-05,8.16133763e-07,0.00873763487
6.6060295e-07,4.12281543e-06,0.00873797946,2.12040868e-06,4.01371864e-07,1.60103502e-06,0,3.86805841e-05,8.21778599e-07,0.00873763487
6.61501133e-07,4.15627301e-06,0.00873797014,2.14548322e-06,3.97708106e-07,1.61308162e-06,0,3.87774089e-05,8.27418319e-07,0.00873763487
6.62405625e-07,4.17506999e-06,0.00873796549,2.18237551e-06,3.5411756e-07,1.63857692e-06,0,3.88670123e-05,8.36219556e-07,0.0087376358
6.63306025e-07,4.17311594e-06,0.00873796735,2.17480806e-06,3.29804323e-07,1.6685035e-06,0,3.89306624e-05,8.43418434e-07,0.00873763487
6.64202901e-07,4.19417302e-06,0.00873795617,2.18675314e-06,3.17635255e-07,1.68978465e-06,0,3.89936977e-05,8.49087257e-07,0.00873763487
6.65105006e-07,4.20291508e-06,0.00873796362,2.20393076e-06,3.01063437e-07,1.69792088e-06,0,3.90578643e-05,8.54199584e-07,0.0087376358
6.66000119e-07,4.21671439e-06,0.00873795804,2.22482163e-06,2.85827014e-07,1.70606597e-06,0,3.91157773e-05,8.58839371e-07,0.0087376358
6.66904214e-07,4.21626692e-06,0.00873796549,2.22838662e-06,2.78532355e-07,1.70934811e-06,0,3.9173905e-05,8.62696027e-07,0.0087376358
6.67803249e-07,4.16457215e-06,0.00873801857,2.20524998e-06,2.33624775e-07,1.7256973e-06,0,3.91972535e-05,8.682714e-07,0.0087376358
6.68700409e-07,4.17215142e-06,0.0087380046,2.20818424e-06,2.28592697e-07,1.73537455e-06,0,3.91972535e-05,8.74526904e-07,0.0087376358
6.69604333e-07,4.19324488e-06,0.00873797946,2.20842207e-06,2.47236557e-07,1.73758599e-06,0,3.91972535e-05,8.79166464e-07,0.0087376358
6.70502743e-07,4.16476132e-06,0.00873800367,2.20692687e-06,2.19807589e-07,1.73802675e-06,0,3.91972535e-05,8.83234463e-07,0.0087376358
6.71406042e-07,4.18021773e-06,0.00873798504,2.20972925e-06,2.32252546e-07,1.73823594e-06,0,3.91972535e-05,8.86927182e-07,0.0087376358
6.72303599e-07,4.16467901e-06,0.00873799715,2.21082996e-06,2.15487177e-07,1.73836168e-06,0,3.91972535e-05,8.90202045e-07,0.0087376358
6.73202067e-07,4.1692665e-06,0.0087379897,2.21120354e-06,2.19589296e-07,1.73847354e-06,0,3.91978247e-05,8.93413471e-07,0.0087376358
6.74100306e-07,4.19109801e-06,0.00873797014,2.21271989e-06,2.39611609e-07,1.7387664e-06,0,3.92100301e-05,8.96286906e-07,0.0087376358
6.75003776e-07,4.18731861e-06,0.00873798318,2.22000153e-06,2.27886559e-07,1.73943045e-06,0,3.92358015e-05,8.99066322e-07,0.0087376358
6.75902356e-07,4.19874505e-06,0.00873798598,2.2251761e-06,2.33671884e-07,1.73989702e-06,0,3.92749571e-05,9.01672593e-07,0.0087376358
6.76800767e-07,4.23847905e-06,0.00873796642,2.23494203e-06,2.63079357e-07,1.74045772e-06,0,3.93249538e-05,9.04130559e-07,0.0087376358
6.77705373e-07,4.23709025e-06,0.00873799808,2.25117583e-06,2.4437972e-07,1.7415349e-06,0,3.93890623e-05,9.06527475e-07,0.0087376358
6.78605204e-07,4.30212322e-06,0.00873796362,2.27383975e-06,2.84143624e-07,1.74413981e-06,0,3.94636954e-05,9.09720029e-07,0.00873763673
6.79502648e-07,4.3481391e-06,0.00873795431,2.28680142e-06,3.16664e-07,1.74467357e-06,0,3.95466996e-05,9.11991947e-07,0.00873763673
6.80400262e-07,4.37131757e-06,0.00873797107,2.30647061e-06,3.17180877e-07,1.74766603e-06,0,3.96394789e-05,9.14146597e-07,0.00873763673
6.81306517e-07,4.41638349e-06,0.00873797014,2.33026935e-06,3.36177351e-07,1.7499367e-06,0,3.97441181e-05,9.16312615e-07,0.00873763673
6.82203108e-07,4.47669618e-06,0.00873795897,2.35886387e-06,3.63967615e-07,1.75386458e-06,0,3.98578668e-05,9.18345734e-07,0.00873763673
6.83101973e-07,4.51963024e-06,0.00873797107,2.3878456e-06,3.72471249e-07,1.75931336e-06,0,3.99839337e-05,9.20302796e-07,0.00873763673
6.84001066e-07,4.58550039e-06,0.00873796456,2.4071071e-06,4.15981646e-07,1.76241167e-06,0,4.01282487e-05,9.22197671e-07,0.00873763673
6.84901806e-07,4.65729181e-06,0.00873795897,2.42298074e-06,4.70257817e-07,1.76405354e-06,0,4.02843652e-05,9.240037e-07,0.00873763673
6.85804594e-07,4.73833779e-06,0.00873795152,2.44184707e-06,5.31150022e-07,1.76534081e-06,0,4.04502352e-05,9.25887832e-07,0.00873763673
6.86702265e-07,4.69374845e-06,0.00873797294,2.4173462e-06,5.08133951e-07,1.76826848e-06,0,4.06134059e-05,9.29234204e-07,0.00873763673
6.87600902e-07,4.72519241e-06,0.00873797294,2.43474619e-06,5.19852847e-07,1.77059326e-06,0,4.07802981e-05,9.33533727e-07,0.00873763673
6.88505963e-07,4.63988317e-06,0.00873798132,2.3973821e-06,4.44491604e-07,1.79800941e-06,0,4.08818596e-05,9.3867078e-07,0.00873763673
6.89402725e-07,4.67076597e-06,0.00873796269,2.40334566e-06,4.54252131e-07,1.81316818e-06,0,4.09822132e-05,9.43900659e-07,0.00873763673
6.9030267e-07,4.68260487e-06,0.00873797946,2.40042846e-06,4.5899867e-07,1.82317763e-06,0,4.10855864e-05,9.50197261e-07,0.00873763673
6.91201933e-07,4.7148792e-06,0.00873796828,2.42315173e-06,4.49870697e-07,1.84185672e-06,0,4.11901274e-05,9.57206566e-07,0.00873763673
6.92100059e-07,4.71511612e-06,0.00873798039,2.44454782e-06,4.12919178e-07,1.85764895e-06,0,4.12868067e-05,9.63720481e-07,0.00873763673
6.93004552e-07,4.69677661e-06,0.00873801857,2.43806971e-06,3.75089968e-07,1.88361707e-06,0,4.13704547e-05,9.6905444e-07,0.00873763673
6.93902393e-07,4.6924074e-06,0.00873799529,2.43577892e-06,3.3141572e-07,1.9252127e-06,0,4.14108981e-05,9.80461436e-07,0.00873763673
6.94800462e-07,4.62984735e-06,0.00873808004,2.41942166e-06,2.63838274e-07,1.94658742e-06,0,4.14330061e-05,9.91016577e-07,0.00873763673
6.95706603e-07,4.64515551e-06,0.00873805583,2.42376154e-06,2.56899824e-07,1.96449423e-06,0,4.14330061e-05,9.99722715e-07,0.00873763673
6.96601376e-07,4.63836841e-06,0.00873805396,2.42212127e-06,2.4770776e-07,1.96853944e-06,0,4.14330061e-05,1.0073137e-06,0.00873763673
6.97503879e-07,4.62996104e-06,0.00873805676,2.42052351e-06,2.40106004e-07,1.96933138e-06,0,4.14331043e-05,1.01283933e-06,0.00873763673
6.98401493e-07,4.63906099e-06,0.00873804372,2.42497867e-06,2.44362951e-07,1.96971951e-06,0,4.14331043e-05,1.01752835e-06,0.00873763673
6.99306213e-07,4.63505512e-06,0.00873804279,2.42480905e-06,2.40364898e-07,1.96988117e-06,0,4.14332644e-05,1.02188653e-06,0.00873763673
7.00204112e-07,4.65213816e-06,0.0087380223,2.42368333e-06,2.58493003e-07,1.96996211e-06,0,4.14332644e-05,1.02580452e-06,0.00873763673
7.01102636e-07,4.64183677e-06,0.00873802882,2.42475153e-06,2.47013588e-07,1.97007171e-06,0,4.14332644e-05,1.0292739e-06,0.00873763673
7.02006275e-07,4.61581612e-06,0.0087380521,2.42635565e-06,2.19290868e-07,1.97016971e-06,0,4.14332644e-05,1.03243212e-06,0.00873763766
7.02904458e-07,4.63982497e-06,0.00873802695,2.42872102e-06,2.40827291e-07,1.97027703e-06,0,4.14382703e-05,1.03539139e-06,0.00873763766
7.03802243e-07,4.64142977e-06,0.00873803161,2.42930423e-06,2.4139095e-07,1.9707345e-06,0,4.14577917e-05,1.03821924e-06,0.00873763766
7.04700767e-07,4.65079711e-06,0.00873803347,2.43526347e-06,2.4436531e-07,1.97116833e-06,0,4.14876849e-05,1.0409492e-06,0.00873763766
7.05606169e-07,4.68075723e-06,0.00873801857,2.44011903e-06,2.69109989e-07,1.97152781e-06,0,4.15253307e-05,1.04357082e-06,0.00873763766
7.06499975e-07,4.7028816e-06,0.00873801671,2.45007755e-06,2.80500473e-07,1.97230361e-06,0,4.15753602e-05,1.04603794e-06,0.00873763766
7.07404411e-07,4.71510339e-06,0.00873803254,2.46677087e-06,2.75141019e-07,1.97319127e-06,0,4.16375697e-05,1.04844014e-06,0.00873763766
7.08302196e-07,4.75293473e-06,0.00873802695,2.49652544e-06,2.80992992e-07,1.97541635e-06,0,4.17128977e-05,1.05086485e-06,0.00873763766
7.09206631e-07,4.81563166e-06,0.00873800647,2.51947904e-06,3.17272139e-07,1.97888039e-06,0,4.18076415e-05,1.05314257e-06,0.00873763766
7.10102654e-07,4.84219618e-06,0.00873802602,2.52531208e-06,3.37201328e-07,1.97968279e-06,0,4.19081553e-05,1.05530125e-06,0.00873763766
7.11000837e-07,4.90049524e-06,0.00873801112,2.53793291e-06,3.82115587e-07,1.98044677e-06,0,4.20122742e-05,1.05741026e-06,0.00873763766
7.11901009e-07,4.94672804e-06,0.00873801392,2.56571843e-06,3.96799919e-07,1.98420958e-06,0,4.21246477e-05,1.05937772e-06,0.00873763766
7.12800443e-07,4.99656244e-06,0.00873801485,2.59990247e-06,4.05408912e-07,1.99125088e-06,0,4.22492303e-05,1.06130949e-06,0.00873763766
7.13704367e-07,5.04905938e-06,0.00873802137,2.62428307e-06,4.28808079e-07,1.9959682e-06,0,4.23962556e-05,1.06323478e-06,0.00873763766
7.14604994e-07,5.12628549e-06,0.00873800926,2.64528512e-06,4.83722772e-07,1.99727765e-06,0,4.25569269e-05,1.06517075e-06,0.00873763766
7.15500278e-07,5.21365655e-06,0.00873799901,2.66648863e-06,5.48308776e-07,1.99885926e-06,0,4.2731881e-05,1.0669545e-06,0.00873763766
7.16406134e-07,5.27505335e-06,0.00873801392,2.68664803e-06,5.86830595e-07,2.00157456e-06,0,4.29244537e-05,1.06871914e-06,0.00873763766
7.17300907e-07,5.22010214e-06,0.0087380223,2.64474147e-06,5.67187612e-07,2.00817294e-06,0,4.30867331e-05,1.07469054e-06,0.00873763766
7.18200511e-07,5.17377021e-06,0.00873803254,2.62065282e-06,5.24289817e-07,2.02882757e-06,0,4.32090819e-05,1.07891299e-06,0.00873763766
7.19104207e-07,5.16456021e-06,0.00873803534,2.6291616e-06,4.85270277e-07,2.05012839e-06,0,4.33127279e-05,1.08366692e-06,0.00873763766
7.20002561e-07,5.2045234e-06,0.00873801857,2.64292271e-06,4.94317646e-07,2.06728305e-06,0,4.34233589e-05,1.09104383e-06,0.00873763859
7.20900118e-07,5.21665606e-06,0.00873802137,2.65463268e-06,4.86937324e-07,2.07508606e-06,0,4.35379588e-05,1.09797736e-06,0.00873763859
7.21801257e-07,5.24263669e-06,0.00873802509,2.68082067e-06,4.68169503e-07,2.09364634e-06,0,4.3654898e-05,1.10576832e-06,0.00873763859
7.22701145e-07,5.2503201e-06,0.0087380372,2.69315183e-06,4.54076996e-07,2.10309122e-06,0,4.37655872e-05,1.11419229e-06,0.00873763859
7.2360541e-07,5.24793904e-06,0.00873804465,2.7180472e-06,3.96977356e-07,2.13291469e-06,0,4.38421957e-05,1.12296436e-06,0.00873763859
7.24504332e-07,5.25066207e-06,0.0087380344,2.71652493e-06,3.84309345e-07,2.14982765e-06,0,4.38902862e-05,1.13052511e-06,0.00873763859
7.25401094e-07,5.22734763e-06,0.00873804372,2.72440775e-06,3.43637311e-07,2.15930254e-06,0,4.39326795e-05,1.13650879e-06,0.00873763859
7.26301039e-07,5.20780077e-06,0.00873804465,2.7429337e-06,2.95179149e-07,2.16968806e-06,0,4.39593896e-05,1.14211605e-06,0.00873763859
7.27200984e-07,5.18334173e-06,0.00873808656,2.72732655e-06,2.64570332e-07,2.19144476e-06,0,4.3967284e-05,1.15202283e-06,0.00873763952
7.28100815e-07,5.17815715e-06,0.00873808563,2.72698139e-06,2.52804483e-07,2.19837148e-06,0,4.3967284e-05,1.1577838e-06,0.00873763952
7.29000476e-07,5.17609715e-06,0.00873808283,2.72903117e-06,2.47213279e-07,2.19985259e-06,0,4.3967284e-05,1.16266881e-06,0.00873763952
7.2990548e-07,5.18773186e-06,0.008738067,2.72739067e-06,2.60054264e-07,2.20028664e-06,0,4.3967284e-05,1.16696526e-06,0.00873763952
7.30803322e-07,5.19314199e-06,0.00873805769,2.72622401e-06,2.66426866e-07,2.20049128e-06,0,4.3967284e-05,1.17076968e-06,0.00873763952
7.31702016e-07,5.16445652e-06,0.00873808283,2.7296353e-06,2.34198183e-07,2.20062293e-06,0,4.39670621e-05,1.17430602e-06,0.00873763952
7.32606679e-07,5.18562683e-06,0.00873806141,2.73176897e-06,2.53117605e-07,2.20074003e-06,0,4.3973072e-05,1.17766103e-06,0.00873763952
7.33502645e-07,5.18428669e-06,0.00873806886,2.73325759e-06,2.49736161e-07,2.20129323e-06,0,4.39931973e-05,1.18075786e-06,0.00873763952
7.34403557e-07,5.19925197e-06,0.00873806886,2.73996034e-06,2.57361421e-07,2.20193033e-06,0,4.40279364e-05,1.18362686e-06,0.00873763952
7.35301739e-07,5.23594736e-06,0.00873805024,2.7487049e-06,2.84805282e-07,2.20243714e-06,0,4.40744407e-05,1.18630112e-06,0.00873763952
7.36200604e-07,5.25582209e-06,0.00873805583,2.76077412e-06,2.91820697e-07,2.20322704e-06,0,4.41315715e-05,1.18890625e-06,0.00873763952
7.37102994e-07,5.29261797e-06,0.00873805583,2.78134098e-06,3.05886232e-07,2.20539073e-06,0,4.42029523e-05,1.19144204e-06,0.00873764046
7.38001006e-07,5.32287504e-06,0.00873806048,2.79620849e-06,3.20298199e-07,2.20636821e-06,0,4.42860037e-05,1.1939037e-06,0.00873764046
7.38902202e-07,5.36243624e-06,0.00873805862,2.81875032e-06,3.33595523e-07,2.21009054e-06,0,4.43803438e-05,1.19635331e-06,0.00873764046
7.39805898e-07,5.41814234e-06,0.00873804651,2.83621785e-06,3.68898071e-07,2.21302662e-06,0,4.44849902e-05,1.1986474e-06,0.00873764046
7.40704309e-07,5.47608352e-06,0.00873804465,2.86557679e-06,3.90953772e-07,2.21955315e-06,0,4.45994483e-05,1.20098525e-06,0.00873764046
7.41601127e-07,5.52810388e-06,0.00873804558,2.89589843e-06,4.07148207e-07,2.22505741e-06,0,4.47269813e-05,1.20331265e-06,0.00873764046
7.42505279e-07,5.58563033e-06,0.00873805117,2.91740344e-06,4.39332808e-07,2.22889435e-06,0,4.48665742e-05,1.20554569e-06,0.00873764046
7.43405053e-07,5.639562e-06,0.00873805024,2.92802065e-06,4.7875767e-07,2.2327838e-06,0,4.50197076e-05,1.20848881e-06,0.00873764046
7.44300792e-07,5.69602253e-06,0.00873806328,2.94684219e-06,5.12627366e-07,2.2365532e-06,0,4.51828018e-05,1.21167216e-06,0.00873764046
7.45206592e-07,5.7947027e-06,0.00873803161,2.9717387e-06,5.84388431e-07,2.23857569e-06,0,4.53590292e-05,1.21486005e-06,0.00873764046
7.46104661e-07,5.8474111e-06,0.00873803627,2.99643989e-06,6.0936685e-07,2.24160431e-06,0,4.55525987e-05,1.2176331e-06,0.00873764046
7.47001764e-07,5.78775598e-06,0.00873805396,2.96192866e-06,5.72792374e-07,2.25303484e-06,0,4.57392598e-05,1.22846848e-06,0.00873764046
7.47901083e-07,5.84825557e-06,0.00873805303,2.96758799e-06,6.26168799e-07,2.2544989e-06,0,4.59432304e-05,1.23351549e-06,0.00873764046
7.48803984e-07,5.77445644e-06,0.00873807725,2.94647657e-06,5.28880889e-07,2.29909892e-06,0,4.60398005e-05,1.24758071e-06,0.00873764046
7.49700575e-07,5.79935295e-06,0.00873806886,2.9683049e-06,5.10013194e-07,2.32103503e-06,0,4.61357922e-05,1.25758356e-06,0.00873764046
7.50605523e-07,5.80664573e-06,0.00873806234,2.98240525e-06,4.85513795e-07,2.33872652e-06,0,4.62338357e-05,1.26359373e-06,0.00873764046
7.51502512e-07,5.81554377e-06,0.00873806048,3.0142885e-06,4.46233287e-07,2.35502193e-06,0,4.63362157e-05,1.26867928e-06,0.00873764046
7.52403196e-07,5.84349527e-06,0.00873805489,3.03582192e-06,4.31884899e-07,2.3757882e-06,0,4.64422919e-05,1.27301246e-06,0.00873764046
7.53304903e-07,5.80736787e-06,0.00873820204,3.05007461e-06,3.24536416e-07,2.4327569e-06,0,4.65098674e-05,1.28655154e-06,0.00873764232
7.54205018e-07,5.80078358e-06,0.00873819552,3.04578884e-06,2.86885381e-07,2.46810941e-06,0,4.65098674e-05,1.29958823e-06,0.00873764232
7.55102747e-07,5.81203085e-06,0.0087381769,3.04048422e-06,2.94694701e-07,2.47685193e-06,0,4.65098674e-05,1.30721662e-06,0.00873764232
7.56006102e-07,5.81020049e-06,0.00873817317,3.04232753e-06,2.88611602e-07,2.47926118e-06,0,4.65098674e-05,1.31325214e-06,0.00873764232
7.5690383e-07,5.8238079e-06,0.00873815455,3.04228138e-06,3.01303203e-07,2.4802232e-06,0,4.65098674e-05,1.3183718e-06,0.00873764232
7.57806504e-07,5.78947356e-06,0.00873818342,3.03951379e-06,2.69304621e-07,2.48065521e-06,0,4.65098674e-05,1.3231288e-06,0.00873764232
7.58704061e-07,5.80321921e-06,0.00873816572,3.04312221e-06,2.78910051e-07,2.48118681e-06,0,4.65098674e-05,1.32735136e-06,0.00873764232
7.59602131e-07,5.80696678e-06,0.00873815827,3.04370701e-06,2.81731957e-07,2.48152787e-06,0,4.65099001e-05,1.33115293e-06,0.00873764232
7.60500825e-07,5.8012547e-06,0.00873816106,3.04195669e-06,2.77394633e-07,2.48190327e-06,0,4.65099183e-05,1.33454773e-06,0.00873764325
7.61404181e-07,5.8096748e-06,0.00873814989,3.04297828e-06,2.84594989e-07,2.48210154e-06,0,4.6510806e-05,1.3377495e-06,0.00873764325
7.62300374e-07,5.81247014e-06,0.00873814989,3.0493743e-06,2.80445903e-07,2.48265019e-06,0,4.65231169e-05,1.34076367e-06,0.00873764325
7.63205378e-07,5.81036966e-06,0.00873816013,3.0507249e-06,2.76350676e-07,2.48329411e-06,0,4.65475605e-05,1.34368418e-06,0.00873764325
7.64103902e-07,5.82152825e-06,0.00873816386,3.05409503e-06,2.83525594e-07,2.48390756e-06,0,4.65832454e-05,1.34634365e-06,0.00873764325
7.65003051e-07,5.86159013e-06,0.00873814523,3.06500488e-06,3.11944461e-07,2.48464085e-06,0,4.6632762e-05,1.34890183e-06,0.00873764325
7.65903451e-07,5.89225237e-06,0.00873814058,3.08020981e-06,3.26445871e-07,2.48559695e-06,0,4.66943711e-05,1.351425e-06,0.00873764325
7.66802543e-07,5.92510105e-06,0.00873814523,3.10311407e-06,3.33007733e-07,2.48897936e-06,0,4.67675563e-05,1.35399864e-06,0.00873764325
7.67705274e-07,5.96783275e-06,0.00873813871,3.11768395e-06,3.60472313e-07,2.48967672e-06,0,4.68535873e-05,1.35664823e-06,0.00873764325
7.68603286e-07,5.98915085e-06,0.00873815548,3.13922192e-06,3.59088716e-07,2.49084042e-06,0,4.69495899e-05,1.35891571e-06,0.00873764325
7.69506755e-07,6.04887782e-06,0.00873813592,3.16735418e-06,3.87299082e-07,2.49422465e-06,0,4.70581617e-05,1.36113385e-06,0.00873764325
7.70403346e-07,6.09543758e-06,0.00873814151,3.18382286e-06,4.11717565e-07,2.49989694e-06,0,4.71754283e-05,1.36372887e-06,0.00873764325
7.71300563e-07,6.15179624e-06,0.00873813499,3.20276354e-06,4.46369427e-07,2.50266316e-06,0,4.72983484e-05,1.36634742e-06,0.00873764325
7.72200281e-07,6.20846413e-06,0.00873813033,3.225093e-06,4.78175082e-07,2.50519611e-06,0,4.74330445e-05,1.36906067e-06,0.00873764325
7.73101533e-07,6.26480141e-06,0.00873813871,3.24653456e-06,5.07186712e-07,2.51107986e-06,0,4.7584479e-05,1.37277721e-06,0.00873764325
7.74005173e-07,6.31227022e-06,0.00873814523,3.25889505e-06,5.34215985e-07,2.5191589e-06,0,4.77520298e-05,1.37716279e-06,0.00873764418
7.74903981e-07,6.39118207e-06,0.00873813406,3.28243232e-06,5.86896704e-07,2.52185305e-06,0,4.79302907e-05,1.38138898e-06,0.00873764418
7.75800061e-07,6.46428543e-06,0.00873813313,3.30974694e-06,6.28036844e-07,2.52650148e-06,0,4.8122798e-05,1.3844267e-06,0.00873764418
7.76700801e-07,6.4824394e-06,0.00873812195,3.29830209e-06,6.48109449e-07,2.53602775e-06,0,4.8314927e-05,1.38836526e-06,0.00873764418
7.77605976e-07,6.49133608e-06,0.00873814896,3.29480167e-06,6.56718328e-07,2.53981648e-06,0,4.85116143e-05,1.39306644e-06,0.00873764418
7.78506603e-07,6.526172e-06,0.00873814709,3.32297282e-06,6.33725335e-07,2.56947374e-06,0,4.86557074e-05,1.40872794e-06,0.00873764418
7.79403422e-07,6.51290111e-06,0.00873816665,3.3343922e-06,5.75940646e-07,2.60256843e-06,0,4.87949001e-05,1.41957673e-06,0.00873764418
7.80302912e-07,6.50375159e-06,0.00873818155,3.32733543e-06,5.1165182e-07,2.66476445e-06,0,4.89013983e-05,1.43060197e-06,0.00873764511
7.81206381e-07,6.592506e-06,0.00873816106,3.36649009e-06,5.44155284e-07,2.68186045e-06,0,4.90297571e-05,1.43939496e-06,0.00873764511
7.82102688e-07,6.59100488e-06,0.00873815548,3.36418793e-06,5.23100709e-07,2.70371629e-06,0,4.91617429e-05,1.44710782e-06,0.00873764511
7.83002463e-07,6.55950544e-06,0.00873817224,3.35807999e-06,4.77344656e-07,2.72408056e-06,0,4.92740801e-05,1.45335355e-06,0.00873764511
7.83904682e-07,6.51010168e-06,0.00873818621,3.3777867e-06,3.85869384e-07,2.74644572e-06,0,4.93531952e-05,1.46423577e-06,0.00873764604
7.8480349e-07,6.47888191e-06,0.00873826258,3.37304255e-06,3.10594544e-07,2.79524488e-06,0,4.93721127e-05,1.47667174e-06,0.00873764511
7.85705595e-07,6.49313233e-06,0.00873824116,3.36768767e-06,3.16966407e-07,2.80847826e-06,0,4.93721127e-05,1.48422316e-06,0.00873764511
7.86606279e-07,6.48873311e-06,0.0087382393,3.36769494e-06,3.09438974e-07,2.81159896e-06,0,4.93721127e-05,1.49064476e-06,0.00873764511
7.87503836e-07,6.48994001e-06,0.00873823091,3.3683109e-06,3.08953361e-07,2.8126758e-06,0,4.93715888e-05,1.49660025e-06,0.00873764511
7.88402076e-07,6.49881986e-06,0.00873821694,3.36871085e-06,3.16809206e-07,2.81329994e-06,0,4.93715888e-05,1.50151607e-06,0.00873764511
7.89303556e-07,6.46437684e-06,0.00873824675,3.3684662e-06,2.81986104e-07,2.81392454e-06,0,4.93715888e-05,1.50599112e-06,0.00873764511
7.90201511e-07,6.4768933e-06,0.00873822998,3.36897006e-06,2.93605979e-07,2.81431721e-06,0,4.93715888e-05,1.51020572e-06,0.00873764511
7.91101854e-07,6.50128732e-06,0.00873820297,3.37090728e-06,3.15821552e-07,2.81455846e-06,0,4.93732769e-05,1.51404026e-06,0.00873764511
7.92004869e-07,6.49724416e-06,0.00873821042,3.37609117e-06,3.05958793e-07,2.81519397e-06,0,4.93880761e-05,1.51756171e-06,0.00873764511
7.92903052e-07,6.48394825e-06,0.00873823464,3.38070981e-06,2.8717335e-07,2.81606503e-06,0,4.94178166e-05,1.52100188e-06,0.00873764511
7.93801746e-07,6.52714652e-06,0.0087382067,3.38698078e-06,3.23481061e-07,2.81668463e-06,0,4.94583001e-05,1.52435143e-06,0.00873764511
7.94701123e-07,6.55724489e-06,0.00873820484,3.40324868e-06,3.36089641e-07,2.81790676e-06,0,4.95145541e-05,1.52731423e-06,0.00873764511
7.95606184e-07,6.56427937e-06,0.00873822998,3.41719988e-06,3.27859937e-07,2.81921962e-06,0,4.95833046e-05,1.53046324e-06,0.00873764511
7.96500331e-07,6.64021172e-06,0.0087381918,3.43401712e-06,3.85693284e-07,2.82050109e-06,0,4.96639186e-05,1.53333929e-06,0.00873764604
7.97403061e-07,6.67869745e-06,0.00873819273,3.45244393e-06,4.04182828e-07,2.82207066e-06,0,4.97575311e-05,1.53601025e-06,0.00873764604
7.98306417e-07,6.7066635e-06,0.00873821136,3.47330274e-06,4.08431788e-07,2.8249292e-06,0,4.98640111e-05,1.53856479e-06,0.00873764604
7.99200393e-07,6.75670617e-06,0.00873821322,3.4955151e-06,4.32668458e-07,2.82852238e-06,0,4.99789676e-05,1.54104509e-06,0.00873764604
8.00099997e-07,6.8235563e-06,0.00873819925,3.52711163e-06,4.6033685e-07,2.8361078e-06,0,5.01050527e-05,1.54349107e-06,0.00873764604
8.01003353e-07,6.89208264e-06,0.00873818342,3.55807447e-06,4.90053935e-07,2.84395423e-06,0,5.02444236e-05,1.54586792e-06,0.00873764604
8.01904264e-07,6.92117146e-06,0.00873820763,3.57352224e-06,4.97925669e-07,2.84972361e-06,0,5.03985211e-05,1.54881263e-06,0.00873764604
8.02804891e-07,6.99665952e-06,0.00873819832,3.58931948e-06,5.54816665e-07,2.85252327e-06,0,5.05648823e-05,1.55192959e-06,0.00873764604
8.03702335e-07,7.07125355e-06,0.008738189,3.59831847e-06,6.14963596e-07,2.85797159e-06,0,5.07367731e-05,1.55601913e-06,0.00873764604
8.04604497e-07,7.10986433e-06,0.00873820763,3.61207663e-06,6.37244625e-07,2.86054296e-06,0,5.09160782e-05,1.56052829e-06,0.00873764604
8.05501145e-07,7.17799412e-06,0.00873820577,3.64804987e-06,6.62378511e-07,2.86756608e-06,0,5.11131584e-05,1.56405872e-06,0.00873764697
8.06405637e-07,7.28837495e-06,0.00873817597,3.68543283e-06,7.14920816e-07,2.8880213e-06,0,5.13336854e-05,1.56795215e-06,0.00873764697
8.07306378e-07,7.27776887e-06,0.00873819273,3.67277039e-06,7.05255104e-07,2.89974332e-06,0,5.15362881e-05,1.57276531e-06,0.00873764697
8.08201605e-07,7.29319163e-06,0.00873821881,3.66249037e-06,7.16594229e-07,2.91410697e-06,0,5.17229018e-05,1.5797176e-06,0.00873764697
8.09102062e-07,7.33462412e-06,0.00873821229,3.6905567e-06,7.03058618e-07,2.94100869e-06,0,5.18776469e-05,1.58967953e-06,0.00873764697
8.10004508e-07,7.36846368e-06,0.00873820111,3.70828911e-06,7.09827418e-07,2.95034715e-06,0,5.20442809e-05,1.5950186e-06,0.00873764697
8.10905249e-07,7.36562652e-06,0.00873821601,3.73309172e-06,6.5754466e-07,2.97499014e-06,0,5.22007904e-05,1.60243769e-06,0.00873764697
8.11800817e-07,7.37492701e-06,0.00873821601,3.72013483e-06,6.59435784e-07,2.99535668e-06,0,5.23461858e-05,1.60957359e-06,0.00873764697
8.12701273e-07,7.36327365e-06,0.00873821322,3.7453899e-06,5.74365117e-07,3.04351852e-06,0,5.24547504e-05,1.61717242e-06,0.00873764697
8.13604686e-07,7.24112988e-06,0.00873823278,3.73975922e-06,4.25527901e-07,3.07584287e-06,0,5.25286014e-05,1.62694414e-06,0.00873764697
8.14500936e-07,7.13924737e-06,0.00873835385,3.69435975e-06,3.18437998e-07,3.12644966e-06,0,5.25742435e-05,1.63821289e-06,0.00873764791
8.154027e-07,7.20458411e-06,0.00873827934,3.70032444e-06,3.4540048e-07,3.15885904e-06,0,5.25742435e-05,1.64734502e-06,0.00873764791
8.16301053e-07,7.19483387e-06,0.00873828307,3.69572899e-06,3.31809957e-07,3.16729506e-06,0,5.25742435e-05,1.65395113e-06,0.00873764791
8.17200714e-07,7.18897491e-06,0.00873828307,3.69554027e-06,3.2276958e-07,3.1706652e-06,0,5.25742435e-05,1.65954441e-06,0.00873764791
8.18101626e-07,7.20434309e-06,0.00873826258,3.69711597e-06,3.35411073e-07,3.17181616e-06,0,5.25742435e-05,1.66448001e-06,0.00873764791
8.19004356e-07,7.18770116e-06,0.00873827469,3.69707277e-06,3.17943176e-07,3.17268496e-06,0,5.25742435e-05,1.66889629e-06,0.00873764791
8.19902084e-07,7.17776311e-06,0.00873828121,3.69688269e-06,3.07653323e-07,3.17322701e-06,0,5.25742435e-05,1.67306382e-06,0.00873764791
8.20806008e-07,7.20028947e-06,0.00873825606,3.69993541e-06,3.26430609e-07,3.17392346e-06,0,5.25785108e-05,1.6769078e-06,0.00873764884
8.21702429e-07,7.1962545e-06,0.00873826351,3.70267571e-06,3.18913806e-07,3.17466493e-06,0,5.25951509e-05,1.68044357e-06,0.00873764884
8.22600157e-07,7.22084951e-06,0.00873825047,3.70617931e-06,3.39178996e-07,3.17549143e-06,0,5.26253934e-05,1.68371685e-06,0.00873764884
8.2350482e-07,7.22714594e-06,0.00873825978,3.71239798e-06,3.38528224e-07,3.17621948e-06,0,5.26653384e-05,1.6867557e-06,0.00873764884
8.24401752e-07,7.24741358e-06,0.00873826165,3.72479576e-06,3.45285258e-07,3.17733247e-06,0,5.27190641e-05,1.68970746e-06,0.00873764884
8.25303175e-07,7.28338637e-06,0.00873825792,3.7464024e-06,3.58237628e-07,3.17874628e-06,0,5.2787309e-05,1.69254463e-06,0.00873764884
8.26203461e-07,7.32568242e-06,0.00873825233,3.761691e-06,3.82980033e-07,3.18101115e-06,0,5.28680866e-05,1.6954815e-06,0.00873764884
8.27103577e-07,7.36619631e-06,0.00873825047,3.77818924e-06,4.05357952e-07,3.18264915e-06,0,5.29600075e-05,1.6981229e-06,0.00873764884
8.28004431e-07,7.43483088e-06,0.00873822439,3.79858989e-06,4.51532088e-07,3.18470893e-06,0,5.30627585e-05,1.70067062e-06,0.00873764884
8.28904035e-07,7.43838609e-06,0.00873826817,3.82127519e-06,4.28626521e-07,3.18848424e-06,0,5.31743863e-05,1.70313274e-06,0.00873764884
8.29801195e-07,7.50770687e-06,0.0087382514,3.84955956e-06,4.63017017e-07,3.1951306e-06,0,5.32965933e-05,1.70551186e-06,0.00873764884
8.30702049e-07,7.59089289e-06,0.00873822346,3.87896853e-06,5.11895848e-07,3.20002823e-06,0,5.34299979e-05,1.70765929e-06,0.00873764884
8.316037e-07,7.61189222e-06,0.00873825978,3.89241086e-06,5.17046885e-07,3.2024343e-06,0,5.35776271e-05,1.70982355e-06,0.00873764884
8.32502053e-07,7.70770293e-06,0.00873822812,3.91579124e-06,5.867347e-07,3.20517688e-06,0,5.37394408e-05,1.71200509e-06,0.00873764884
8.33404897e-07,7.7877412e-06,0.00873822346,3.94338895e-06,6.34085268e-07,3.2102671e-06,0,5.3920623e-05,1.71397676e-06,0.00873764977
8.34304785e-07,7.84056101e-06,0.00873825885,3.96326323e-06,6.61028594e-07,3.21626885e-06,0,5.41178997e-05,1.71599811e-06,0.00873764977
8.35201774e-07,7.95425149e-06,0.00873823557,3.98567545e-06,7.45176237e-07,3.22339952e-06,0,5.43279129e-05,1.71787724e-06,0.00873764977
8.36102117e-07,8.02676732e-06,0.00873823371,4.01343868e-06,7.77449088e-07,3.23587983e-06,0,5.45465518e-05,1.72055627e-06,0.00873764977
8.37003313e-07,7.97143548e-06,0.00873824954,3.9907618e-06,7.33335924e-07,3.2473381e-06,0,5.47395539e-05,1.72768569e-06,0.00873764977
8.37900586e-07,7.97843768e-06,0.00873825047,3.97378835e-06,7.51884841e-07,3.25276483e-06,0,5.49296165e-05,1.73157048e-06,0.00873764977
8.38800077e-07,7.94224252e-06,0.00873826444,3.97454733e-06,6.57751343e-07,3.30994408e-06,0,5.50290715e-05,1.73782109e-06,0.00873764977
8.39701897e-07,7.91728326e-06,0.00873827934,3.96997302e-06,5.93720301e-07,3.35358959e-06,0,5.51052617e-05,1.75139598e-06,0.00873764977
8.40605367e-07,7.89757269e-06,0.008738284,3.97997792e-06,5.32331057e-07,3.38526388e-06,0,5.51751727e-05,1.76809328e-06,0.0087376507
8.41503947e-07,7.88164925e-06,0.00873828586,3.98144084e-06,5.00808198e-07,3.39939993e-06,0,5.52298952e-05,1.77732852e-06,0.0087376507
8.42401903e-07,7.88057878e-06,0.00873826724,3.99522833e-06,4.7443649e-07,3.41091391e-06,0,5.52781676e-05,1.78481525e-06,0.0087376507
8.4330253e-07,7.87271802e-06,0.00873826537,4.02366959e-06,4.28761325e-07,3.42028693e-06,0,5.53150385e-05,1.79344374e-06,0.0087376507
8.44203271e-07,7.85373868e-06,0.00873827469,4.05199671e-06,3.73965349e-07,3.42777639e-06,0,5.5339151e-05,1.79988047e-06,0.00873765163
8.45105319e-07,7.83284031e-06,0.00873831846,4.05006085e-06,3.484069e-07,3.43437296e-06,0,5.53727259e-05,1.80662914e-06,0.0087376507
8.46004127e-07,7.84350505e-06,0.00873829983,4.03767399e-06,3.44269182e-07,3.46156116e-06,0,5.53727259e-05,1.81522819e-06,0.00873765163
8.46903049e-07,7.82965162e-06,0.00873830728,4.03668719e-06,3.26179958e-07,3.46678439e-06,0,5.53727259e-05,1.82129668e-06,0.00873765163
8.47800493e-07,7.84586882e-06,0.00873828586,4.03817012e-06,3.39549501e-07,3.46814909e-06,0,5.53727259e-05,1.8264966e-06,0.00873765163
8.48704985e-07,7.83938594e-06,0.00873828772,4.03704371e-06,3.33487264e-07,3.46885508e-06,0,5.53727259e-05,1.83121949e-06,0.00873765163
8.49603339e-07,7.83083487e-06,0.00873829238,4.03664217e-06,3.24913287e-07,3.46927936e-06,0,5.53727259e-05,1.83553675e-06,0.00873765163
8.50501635e-07,7.82969528e-06,0.00873829145,4.03969398e-06,3.20308772e-07,3.46969227e-06,0,5.53773862e-05,1.83945247e-06,0.00873765163
8.51404366e-07,7.82907864e-06,0.00873829611,4.04077537e-06,3.17878801e-07,3.47042442e-06,0,5.53940808e-05,1.84317219e-06,0.00873765163
8.52302605e-07,7.86761666e-06,0.0087382663,4.04565253e-06,3.50829879e-07,3.47113451e-06,0,5.5420649e-05,1.8465372e-06,0.00873765163
8.53200845e-07,7.87973022e-06,0.00873827189,4.05576202e-06,3.51686026e-07,3.47228229e-06,0,5.54631151e-05,1.84969599e-06,0.00873765163
8.54100676e-07,7.88922989e-06,0.00873828679,4.06968729e-06,3.46187306e-07,3.47335549e-06,0,5.55212719e-05,1.85286672e-06,0.00873765163
8.55006363e-07,7.93765594e-06,0.00873827096,4.08936421e-06,3.71996009e-07,3.47629521e-06,0,5.55924598e-05,1.85592353e-06,0.00873765256
8.55903465e-07,7.96083532e-06,0.00873828307,4.09855056e-06,3.85291912e-07,3.47699324e-06,0,5.56735285e-05,1.85872955e-06,0.00873765256
8.56801933e-07,7.99881582e-06,0.00873828307,4.11254541e-06,4.08405668e-07,3.47786499e-06,0,5.57633903e-05,1.86142233e-06,0.00873765256
8.57701366e-07,8.06955813e-06,0.00873825327,4.13405314e-06,4.56136121e-07,3.47936884e-06,0,5.58635184e-05,1.86392697e-06,0.00873765256
8.58601425e-07,8.10627716e-06,0.00873826165,4.15966724e-06,4.61939464e-07,3.48467051e-06,0,5.59766631e-05,1.86630314e-06,0.00873765256
8.59505349e-07,8.15111071e-06,0.0087382691,4.19193611e-06,4.68284185e-07,3.49089055e-06,0,5.61029046e-05,1.86858472e-06,0.00873765256
8.60406431e-07,8.20819241e-06,0.00873828121,4.21410277e-06,4.93504615e-07,3.50058508e-06,0,5.62385685e-05,1.87096828e-06,0.00873765256
8.6130575e-07,8.29215332e-06,0.00873825792,4.23094843e-06,5.59332307e-07,3.50187247e-06,0,5.63864778e-05,1.8732427e-06,0.00873765256
8.62206548e-07,8.34365255e-06,0.00873826351,4.24698101e-06,5.93723996e-07,3.50294749e-06,0,5.65491937e-05,1.87540888e-06,0.00873765256
8.63100638e-07,8.42377722e-06,0.0087382542,4.27576697e-06,6.42010434e-07,3.50600021e-06,0,5.67291572e-05,1.87751857e-06,0.00873765256
8.64000299e-07,8.49827939e-06,0.00873826537,4.29482407e-06,6.92388539e-07,3.5110661e-06,0,5.6930774e-05,1.8795638e-06,0.00873765349
8.64905928e-07,8.57878513e-06,0.00873825606,4.31170838e-06,7.46555031e-07,3.52052189e-06,0,5.7139343e-05,1.88236208e-06,0.00873765349
8.658007e-07,8.63392688e-06,0.00873827375,4.33508376e-06,7.71801751e-07,3.52704137e-06,0,5.73512225e-05,1.88495483e-06,0.00873765349
8.66703829e-07,8.65885158e-06,0.00873828959,4.34864069e-06,7.67557651e-07,3.5426533e-06,0,5.75473423e-05,1.89400396e-06,0.00873765349
8.67605479e-07,8.66983373e-06,0.00873828679,4.34651611e-06,7.2827163e-07,3.59504588e-06,0,5.77109313e-05,1.89928642e-06,0.00873765443
8.68501729e-07,8.63695732e-06,0.008738284,4.37107747e-06,6.32097795e-07,3.63378217e-06,0,5.7788533e-05,1.90552407e-06,0.00873765443
8.69403834e-07,8.65300535e-06,0.00873830169,4.39493033e-06,6.0520415e-07,3.65287065e-06,0,5.78965046e-05,1.91150366e-06,0.00873765443
8.70302983e-07,8.72182591e-06,0.00873828493,4.40597296e-06,6.17938156e-07,3.69791496e-06,0,5.80290907e-05,1.91728896e-06,0.00873765443
8.71202303e-07,8.48207765e-06,0.00873845909,4.31816807e-06,4.12898828e-07,3.75101081e-06,0,5.80810702e-05,1.94497329e-06,0.00873765443
8.72102191e-07,8.50506513e-06,0.00873842277,4.32550587e-06,3.83007432e-07,3.79655194e-06,0,5.80810702e-05,1.95850703e-06,0.00873765536
8.73003614e-07,8.51433288e-06,0.00873839948,4.32000888e-06,3.85228759e-07,3.80909478e-06,0,5.80797496e-05,1.9681047e-06,0.00873765536
8.73902991e-07,8.54978862e-06,0.00873835757,4.32016168e-06,4.14775059e-07,3.81485188e-06,0,5.80795859e-05,1.97473946e-06,0.00873765536
8.74803504e-07,8.50069227e-06,0.00873840135,4.31959279e-06,3.64325757e-07,3.8167741e-06,0,5.80795859e-05,1.98019984e-06,0.00873765536
8.75704643e-07,8.49714434e-06,0.00873840041,4.31951776e-06,3.59657776e-07,3.81796872e-06,0,5.80795859e-05,1.98521457e-06,0.00873765536
8.76602769e-07,8.53519032e-06,0.00873835757,4.3208247e-06,3.95635567e-07,3.81873042e-06,0,5.80795859e-05,1.98979137e-06,0.00873765536
8.77500725e-07,8.51141522e-06,0.00873837713,4.31872922e-06,3.73424484e-07,3.81926202e-06,0,5.80795204e-05,1.99399369e-06,0.00873765536
8.78403455e-07,8.50160723e-06,0.00873838272,4.3196178e-06,3.62222806e-07,3.81976724e-06,0,5.80795204e-05,1.99787496e-06,0.00873765629
8.79301638e-07,8.52990797e-06,0.00873835292,4.32349043e-06,3.86301423e-07,3.82011604e-06,0,5.80841588e-05,2.00147247e-06,0.00873765629
8.80199991e-07,8.51626464e-06,0.00873837061,4.32445995e-06,3.70775012e-07,3.82102962e-06,0,5.8098638e-05,2.00488444e-06,0.00873765629
8.8110437e-07,8.51254026e-06,0.00873838179,4.32738352e-06,3.63452727e-07,3.82170401e-06,0,5.8122183e-05,2.00810746e-06,0.00873765629
8.82002951e-07,8.54223617e-06,0.00873836502,4.33163632e-06,3.87657082e-07,3.82294229e-06,0,5.81572822e-05,2.01125022e-06,0.00873765629
8.82901475e-07,8.5672018e-06,0.00873835757,4.34317144e-06,4.00130773e-07,3.82389908e-06,0,5.82043067e-05,2.01434295e-06,0.00873765629
8.83801533e-07,8.61514309e-06,0.00873833708,4.36029404e-06,4.29797268e-07,3.82505141e-06,0,5.8266407e-05,2.01720036e-06,0.00873765629
8.84700057e-07,8.61425451e-06,0.00873837527,4.37613426e-06,4.09929271e-07,3.82819098e-06,0,5.83418696e-05,2.01998023e-06,0.00873765629
8.85602844e-07,8.67782455e-06,0.00873835292,4.39892256e-06,4.4864845e-07,3.83025372e-06,0,5.84323607e-05,2.02267802e-06,0.00873765629
8.86505461e-07,8.71799239e-06,0.00873835571,4.41376142e-06,4.70887159e-07,3.83334373e-06,0,5.85340458e-05,2.02522187e-06,0.00873765722
8.87406031e-07,8.76797912e-06,0.00873834919,4.43430827e-06,4.96792211e-07,3.83687893e-06,0,5.86441747e-05,2.02770775e-06,0.00873765722
8.88301201e-07,8.80491007e-06,0.00873836596,4.45634168e-06,5.0631246e-07,3.84225632e-06,0,5.87636132e-05,2.03017203e-06,0.00873765722
8.89203932e-07,8.9069872e-06,0.00873831846,4.48640367e-06,5.73240584e-07,3.84734312e-06,0,5.88925868e-05,2.03242007e-06,0.00873765722
8.90104616e-07,8.93150991e-06,0.00873835478,4.5028587e-06,5.76179104e-07,3.85247176e-06,0,5.9034759e-05,2.03454874e-06,0.00873765722
8.91004845e-07,8.98743929e-06,0.00873836596,4.52624954e-06,6.03082242e-07,3.85810745e-06,0,5.91954267e-05,2.03679156e-06,0.00873765722
8.91904392e-07,9.09734081e-06,0.00873832591,4.55224836e-06,6.81231882e-07,3.86386091e-06,0,5.93747645e-05,2.03889067e-06,0.00873765722
8.92805986e-07,9.14816337e-06,0.00873835292,4.57163469e-06,7.06360709e-07,3.87016826e-06,0,5.95694291e-05,2.04092407e-06,0.00873765722
8.93701952e-07,9.25235418e-06,0.00873833336,4.59607645e-06,7.79487607e-07,3.87679029e-06,0,5.97769649e-05,2.04335015e-06,0.00873765815
8.94600134e-07,9.34445416e-06,0.00873833522,4.62250546e-06,8.28319969e-07,3.89362867e-06,0,6.00027815e-05,2.04550656e-06,0.00873765815
8.95505934e-07,9.42379211e-06,0.00873835664,4.65026324e-06,8.65347204e-07,3.9081815e-06,0,6.02412802e-05,2.04764365e-06,0.00873765815
8.96401389e-07,9.47979061e-06,0.00873834919,4.65619996e-06,9.0575935e-07,3.91783078e-06,0,6.04828856e-05,2.05056062e-06,0.00873765815
8.9730122e-07,9.49045898e-06,0.00873834454,4.6592254e-06,9.02840952e-07,3.92839229e-06,0,6.06939138e-05,2.05673859e-06,0.00873765815
8.98200824e-07,9.3998915e-06,0.00873838551,4.63536753e-06,7.84051508e-07,3.98047268e-06,0,6.08658775e-05,2.06178129e-06,0.00873765815
8.99100939e-07,9.42928818e-06,0.00873834454,4.6630812e-06,7.47554168e-07,4.01865236e-06,0,6.09770905e-05,2.06703521e-06,0.00873765815
9.00001112e-07,9.41418148e-06,0.00873836223,4.66134543e-06,7.11112136e-07,4.04172442e-06,0,6.10932984e-05,2.07145581e-06,0.00873765815
9.0090407e-07,9.39186702e-06,0.00873843767,4.65140602e-06,6.67981908e-07,4.07247944e-06,0,6.12100412e-05,2.07714697e-06,0.00873765908
9.01801911e-07,9.38272933e-06,0.00873839483,4.67398559e-06,5.91497496e-07,4.11724659e-06,0,6.12614167e-05,2.08715278e-06,0.00873765908
9.02703562e-07,9.37964523e-06,0.00873838458,4.7039116e-06,5.48286664e-07,4.12744748e-06,0,6.12988879e-05,2.0941834e-06,0.00873765908
9.03602484e-07,9.32567673e-06,0.00873839576,4.70134592e-06,4.84193833e-07,4.14013721e-06,0,6.1321145e-05,2.10260305e-06,0.00873765908
9.04501746e-07,9.25639142e-06,0.00873847678,4.68311055e-06,3.98729355e-07,4.17455112e-06,0,6.13301963e-05,2.11488077e-06,0.00873765908
9.05403965e-07,9.28358349e-06,0.00873844232,4.68357803e-06,4.10506914e-07,4.18949867e-06,0,6.13301963e-05,2.12278951e-06,0.00873765908
9.06301523e-07,9.26809207e-06,0.00873845164,4.6840737e-06,3.89861782e-07,4.19415665e-06,0,6.13300872e-05,2.12896998e-06,0.00873765908
9.07206811e-07,9.2749151e-06,0.00873843953,4.6832165e-06,3.95745218e-07,4.19595381e-06,0,6.13300872e-05,2.13420776e-06,0.00873765908
9.08104312e-07,9.27668862e-06,0.00873843301,4.6821483e-06,3.97426618e-07,4.19711387e-06,0,6.13300872e-05,2.13881071e-06,0.00873766001
9.09001471e-07,9.28236386e-06,0.0087384237,4.68371354e-06,4.00839497e-07,4.19781145e-06,0,6.13304292e-05,2.14307852e-06,0.00873766001
9.09901416e-07,9.27908513e-06,0.00873842742,4.68573171e-06,3.94613494e-07,4.1987405e-06,0,6.13405573e-05,2.14710644e-06,0.00873766001
9.10805966e-07,9.27649035e-06,0.00873843674,4.68941562e-06,3.87159105e-07,4.19991511e-06,0,6.13624943e-05,2.15084742e-06,0.00873766001
9.11703069e-07,9.30808255e-06,0.00873841904,4.69672023e-06,4.09589035e-07,4.20177366e-06,0,6.13998782e-05,2.15436899e-06,0.00873766001
9.12601138e-07,9.32833882e-06,0.00873842184,4.70763598e-06,4.17738875e-07,4.20296374e-06,0,6.14529927e-05,2.1576941e-06,0.00873766001
9.13505119e-07,9.36515153e-06,0.00873840973,4.72185229e-06,4.3919556e-07,4.20410333e-06,0,6.15179015e-05,2.16099488e-06,0.00873766001
9.14400914e-07,9.39985512e-06,0.00873841345,4.73950831e-06,4.52300611e-07,4.20804554e-06,0,6.159451e-05,2.1641315e-06,0.00873766001
9.15300745e-07,9.44415024e-06,0.008738406,4.75786101e-06,4.7612852e-07,4.21016102e-06,0,6.16847028e-05,2.16699186e-06,0.00873766094
9.16203476e-07,9.47012722e-06,0.00873842835,4.7726644e-06,4.84200314e-07,4.2132624e-06,0,6.17867845e-05,2.1698545e-06,0.00873766094
9.17106263e-07,9.53457402e-06,0.00873841252,4.7946437e-06,5.22258688e-07,4.21767209e-06,0,6.18975173e-05,2.17266211e-06,0.00873766094
9.18005242e-07,9.6100066e-06,0.0087383939,4.82734367e-06,5.55595875e-07,4.22706762e-06,0,6.20207429e-05,2.1758101e-06,0.00873766094
9.18900696e-07,9.6376225e-06,0.00873841718,4.85981354e-06,5.40597227e-07,4.23721121e-06,0,6.21544241e-05,2.1793503e-06,0.00873766094
9.19801892e-07,9.71717782e-06,0.00873839483,4.87462194e-06,6.04037837e-07,4.23851816e-06,0,6.23056621e-05,2.18234118e-06,0.00873766094
9.2070087e-07,9.78757453e-06,0.00873840321,4.88924024e-06,6.58499005e-07,4.23983465e-06,0,6.24693639e-05,2.18486821e-06,0.00873766188
9.21601043e-07,9.84850249e-06,0.00873841997,4.90894899e-06,6.97329995e-07,4.24222389e-06,0,6.264681e-05,2.18755463e-06,0.00873766188
9.22504512e-07,9.94366656e-06,0.00873839762,4.9266564e-06,7.72063856e-07,4.24494601e-06,0,6.28394337e-05,2.19030653e-06,0.00873766188
9.23403945e-07,9.98315863e-06,0.00873838924,4.94013648e-06,7.89656156e-07,4.25336611e-06,0,6.30415961e-05,2.19438721e-06,0.00873766188
9.24301503e-07,1.00267644e-05,0.00873839762,4.96591474e-06,7.94546906e-07,4.26630322e-06,0,6.32551964e-05,2.19924914e-06,0.00873766188
9.2520304e-07,1.0120646e-05,0.008738406,4.98497093e-06,8.5200179e-07,4.28367275e-06,0,6.34849712e-05,2.20993411e-06,0.00873766281
9.26103382e-07,1.0164119e-05,0.00873842184,4.99697489e-06,8.70640463e-07,4.2965039e-06,0,6.36962213e-05,2.22794529e-06,0.00873766374
9.27000372e-07,1.02328004e-05,0.0087384386,5.03161527e-06,8.40921018e-07,4.36026357e-06,0,6.38878628e-05,2.24112614e-06,0.00873766374
9.27901851e-07,1.01526857e-05,0.00873845071,4.98947838e-06,7.53469124e-07,4.40973872e-06,0,6.40031503e-05,2.25964868e-06,0.00873766374
9.28803502e-07,9.99559688e-06,0.00873863604,4.97519432e-06,4.89759145e-07,4.53064376e-06,0,6.40242797e-05,2.30270621e-06,0.00873766374
9.2970123e-07,1.00327215e-05,0.00873858295,4.97937981e-06,4.74344176e-07,4.5789975e-06,0,6.40242797e-05,2.31808121e-06,0.00873766374
9.30604415e-07,1.00681546e-05,0.00873853732,4.97154815e-06,4.99266321e-07,4.59734019e-06,0,6.40242797e-05,2.32816387e-06,0.00873766374
9.31501461e-07,1.00678353e-05,0.00873852987,4.96865505e-06,4.92885079e-07,4.60629508e-06,0,6.40242797e-05,2.33594778e-06,0.00873766374
9.3240368e-07,1.00159823e-05,0.0087385755,4.96842949e-06,4.37469993e-07,4.61008221e-06,0,6.40242797e-05,2.34262916e-06,0.00873766374
9.33306126e-07,1.00692159e-05,0.0087385159,4.97061637e-06,4.86598992e-07,4.61200034e-06,0,6.40242797e-05,2.34874324e-06,0.00873766374
9.34200671e-07,1.00786992e-05,0.00873850193,4.9688083e-06,4.96576092e-07,4.61331501e-06,0,6.40242797e-05,2.35387847e-06,0.00873766467
9.35105845e-07,1.00345615e-05,0.00873854104,4.96697157e-06,4.53202915e-07,4.61438685e-06,0,6.40242797e-05,2.35878952e-06,0.00873766467
9.36001868e-07,1.00452226e-05,0.00873852614,4.97024894e-06,4.59703728e-07,4.61526952e-06,0,6.40242288e-05,2.36318033e-06,0.00873766467
9.36905394e-07,1.00479865e-05,0.00873851962,4.97155315e-06,4.60329801e-07,4.61610352e-06,0,6.40242288e-05,2.36719461e-06,0.00873766467
9.37803236e-07,1.00562984e-05,0.00873850752,4.96935081e-06,4.7038705e-07,4.61656055e-06,0,6.40248327e-05,2.37101926e-06,0.00873766467
9.38701817e-07,1.00380339e-05,0.00873852428,4.96901794e-06,4.51953099e-07,4.61706304e-06,0,6.4029482e-05,2.37443396e-06,0.00873766467
9.39606309e-07,1.0063638e-05,0.00873850193,4.97410474e-06,4.71638799e-07,4.61789432e-06,0,6.40423968e-05,2.37771519e-06,0.00873766467
9.40502218e-07,1.00791358e-05,0.00873849541,4.97630481e-06,4.83628014e-07,4.61920308e-06,0,6.40677972e-05,2.38087864e-06,0.0087376656
9.4140421e-07,1.00752231e-05,0.00873851404,4.98435156e-06,4.70152401e-07,4.62071966e-06,0,6.41069928e-05,2.38395455e-06,0.0087376656
9.42306599e-07,1.00946027e-05,0.00873852056,5.00237957e-06,4.69532893e-07,4.62269054e-06,0,6.41647421e-05,2.38694452e-06,0.0087376656
9.43201997e-07,1.01675869e-05,0.00873847865,5.01994873e-06,5.22765845e-07,4.62487287e-06,0,6.4236192e-05,2.38988014e-06,0.0087376656
9.44102396e-07,1.01897876e-05,0.00873848889,5.03798856e-06,5.2219383e-07,4.62960497e-06,0,6.43190069e-05,2.39276733e-06,0.0087376656
9.45000011e-07,1.020526e-05,0.00873851962,5.04925947e-06,5.22170012e-07,4.63383003e-06,0,6.44130851e-05,2.39545102e-06,0.0087376656
9.45903594e-07,1.02979275e-05,0.00873847399,5.06352035e-06,5.97902442e-07,4.63650531e-06,0,6.45155087e-05,2.39801329e-06,0.0087376656
9.46806097e-07,1.03145121e-05,0.0087384982,5.08283301e-06,5.92655454e-07,4.63902416e-06,0,6.46239569e-05,2.40041709e-06,0.00873766653
9.47704393e-07,1.03412794e-05,0.00873852242,5.11870394e-06,5.70615668e-07,4.65195944e-06,0,6.47455745e-05,2.40302006e-06,0.00873766653
9.48605134e-07,1.04763558e-05,0.00873844884,5.14880503e-06,6.64036691e-07,4.66351412e-06,0,6.4882981e-05,2.40558734e-06,0.00873766653
9.4950542e-07,1.04993742e-05,0.00873848982,5.16445107e-06,6.68268399e-07,4.6666546e-06,0,6.50370348e-05,2.40789564e-06,0.00873766653
9.5040491e-07,1.05444515e-05,0.00873850472,5.17617036e-06,6.99540692e-07,4.66874008e-06,0,6.52017407e-05,2.41039356e-06,0.00873766653
9.51302241e-07,1.06485395e-05,0.00873847492,5.1980237e-06,7.77016794e-07,4.67349946e-06,0,6.53793613e-05,2.41271096e-06,0.00873766653
9.52203891e-07,1.07223914e-05,0.00873848237,5.22209848e-06,8.13478891e-07,4.68681355e-06,0,6.55745025e-05,2.41487714e-06,0.00873766653
9.53100141e-07,1.0788156e-05,0.00873850472,5.24625057e-06,8.42923953e-07,4.69898123e-06,0,6.57828496e-05,2.41753355e-06,0.00873766653
9.54001166e-07,1.09251323e-05,0.00873846561,5.27149541e-06,9.47926878e-07,4.70570967e-06,0,6.60083751e-05,2.41985072e-06,0.00873766746
9.54902589e-07,1.10337687e-05,0.00873845816,5.30793159e-06,1.00934403e-06,4.71649309e-06,0,6.62524762e-05,2.42199303e-06,0.00873766746
9.55800033e-07,1.10958117e-05,0.0087384982,5.35334721e-06,9.84281996e-07,4.75818251e-06,0,6.65109328e-05,2.42422789e-06,0.00873766746
9.5670498e-07,1.10446053e-05,0.00873848796,5.30666102e-06,9.39475058e-07,4.79846949e-06,0,6.67485729e-05,2.43284421e-06,0.00873766746
9.57606062e-07,1.11212094e-05,0.00873849075,5.32748118e-06,9.8798364e-07,4.80574454e-06,0,6.69825458e-05,2.43961949e-06,0.00873766746
9.58503733e-07,1.10758911e-05,0.00873850845,5.30799298e-06,9.15409544e-07,4.85248847e-06,0,6.7129411e-05,2.4460744e-06,0.00873766746
9.59402314e-07,1.10179526e-05,0.00873854477,5.30945044e-06,8.05146954e-07,4.90335515e-06,0,6.72104143e-05,2.45553474e-06,0.00873766746
9.60300895e-07,1.10090805e-05,0.00873851962,5.32791819e-06,7.45289015e-07,4.93587368e-06,0,6.72753667e-05,2.46362697e-06,0.0087376684
9.61203568e-07,1.09754692e-05,0.00873851217,5.33444336e-06,6.86588521e-07,4.95443737e-06,0,6.73394825e-05,2.46984951e-06,0.0087376684
9.62104536e-07,1.09167331e-05,0.00873853825,5.31787919e-06,6.29014835e-07,4.96983921e-06,0,6.73958493e-05,2.47528965e-06,0.0087376684
9.63002663e-07,1.07922942e-05,0.00873871613,5.24492452e-06,5.11811265e-07,5.03555793e-06,0,6.7415298e-05,2.50532139e-06,0.00873767026
9.63902266e-07,1.08732311e-05,0.00873862393,5.24668076e-06,5.56237865e-07,5.07031291e-06,0,6.7415298e-05,2.51668826e-06,0.00873767119
9.64805508e-07,1.08191134e-05,0.0087386705,5.2383557e-06,4.99193845e-07,5.08156336e-06,0,6.7415298e-05,2.52451787e-06,0.00873767119
9.65702952e-07,1.08366339e-05,0.00873864722,5.2349169e-06,5.15880913e-07,5.08583616e-06,0,6.74152689e-05,2.53081907e-06,0.00873767119
9.66601419e-07,1.08463819e-05,0.00873863231,5.24396546e-06,5.13560053e-07,5.0888566e-06,0,6.74152689e-05,2.53632447e-06,0.00873767119
9.67501364e-07,1.08155646e-05,0.00873865839,5.24150255e-06,4.83072995e-07,5.09098891e-06,0,6.74152689e-05,2.54124461e-06,0.00873767119
9.68405971e-07,1.08323557e-05,0.00873863697,5.24006828e-06,4.99680311e-07,5.09260735e-06,0,6.74156836e-05,2.54600877e-06,0.00873767212
9.69302732e-07,1.0871282e-05,0.00873859413,5.24238612e-06,5.3474588e-07,5.0941494e-06,0,6.74216863e-05,2.55067675e-06,0.00873767212
9.70205633e-07,1.08525301e-05,0.00873862114,5.25120413e-06,5.05003186e-07,5.09632264e-06,0,6.74466719e-05,2.55449572e-06,0.00873767212
9.71103645e-07,1.08625482e-05,0.00873862952,5.25934229e-06,5.04094317e-07,5.09911115e-06,0,6.74907715e-05,2.5582915e-06,0.00873767212
9.72003591e-07,1.0906133e-05,0.00873860717,5.26916301e-06,5.357482e-07,5.10122163e-06,0,6.75487026e-05,2.56199587e-06,0.00873767212
9.72900125e-07,1.09098783e-05,0.00873862859,5.28482406e-06,5.21972538e-07,5.10308155e-06,0,6.7617184e-05,2.56517706e-06,0.00873767212
9.73803935e-07,1.09604016e-05,0.00873861089,5.29668978e-06,5.55914028e-07,5.10779728e-06,0,6.7691195e-05,2.56852468e-06,0.00873767305
9.74700242e-07,1.10313904e-05,0.00873857737,5.31072601e-06,6.10723077e-07,5.10994141e-06,0,6.77751159e-05,2.57155148e-06,0.00873767305
9.75604962e-07,1.10239125e-05,0.00873862766,5.32181684e-06,5.89828517e-07,5.11226744e-06,0,6.78707584e-05,2.57439501e-06,0.00873767305
9.76505703e-07,1.1089498e-05,0.00873860251,5.35782101e-06,6.16408215e-07,5.11526878e-06,0,6.79776203e-05,2.57717215e-06,0.00873767305
9.77400077e-07,1.11524514e-05,0.00873859227,5.39123812e-06,6.37380822e-07,5.12383212e-06,0,6.80992598e-05,2.57981083e-06,0.00873767305
9.78300704e-07,1.1183578e-05,0.00873861555,5.40919291e-06,6.4342845e-07,5.1309562e-06,0,6.82359896e-05,2.5823781e-06,0.00873767305
9.79204174e-07,1.12606358e-05,0.00873860065,5.41895815e-06,7.06888272e-07,5.13478972e-06,0,6.83863836e-05,2.58492628e-06,0.00873767398
9.80104801e-07,1.13359747e-05,0.00873858482,5.42954194e-06,7.70539771e-07,5.13589339e-06,0,6.85413906e-05,2.58752175e-06,0.00873767398
9.81006451e-07,1.14050035e-05,0.00873858109,5.45051353e-06,8.15749615e-07,5.13874056e-06,0,6.87089487e-05,2.5899501e-06,0.00873767398
9.81904691e-07,1.14644126e-05,0.00873860903,5.47387617e-06,8.43412806e-07,5.14712383e-06,0,6.89010631e-05,2.59225408e-06,0.00873767398
9.82805091e-07,1.15613557e-05,0.00873860251,5.50771983e-06,9.01150315e-07,5.1524853e-06,0,6.91180176e-05,2.59447211e-06,0.00873767398
9.83701057e-07,1.16889287e-05,0.00873856992,5.54254348e-06,9.80810228e-07,5.1655752e-06,0,6.93552938e-05,2.59654757e-06,0.00873767398
9.84603616e-07,1.17600366e-05,0.00873859506,5.56296254e-06,1.01224646e-06,5.18482739e-06,0,6.96038187e-05,2.59932358e-06,0.00873767491
9.8550197e-07,1.18549815e-05,0.00873859785,5.58470992e-06,1.08088875e-06,5.18938259e-06,0,6.98498043e-05,2.60211982e-06,0.00873767491
9.86401915e-07,1.18377884e-05,0.00873859413,5.56507348e-06,1.06678215e-06,5.20593312e-06,0,7.0093367e-05,2.60773231e-06,0.00873767491
9.87301291e-07,1.19047227e-05,0.00873858854,5.58809961e-06,1.10006715e-06,5.21655602e-06,0,7.03317637e-05,2.61604464e-06,0.00873767491
9.88205443e-07,1.18159596e-05,0.00873865187,5.5706173e-06,9.70247243e-07,5.27509565e-06,0,7.05195271e-05,2.6220896e-06,0.00873767491
9.89104706e-07,1.18043054e-05,0.00873863697,5.58394458e-06,8.76872605e-07,5.34348828e-06,0,7.06026549e-05,2.63341167e-06,0.00873767585
9.9000556e-07,1.18094031e-05,0.0087385904,5.57641488e-06,8.44958265e-07,5.38802942e-06,0,7.0669339e-05,2.64363871e-06,0.00873767585
9.90901981e-07,1.17267682e-05,0.00873865373,5.57496924e-06,7.40326357e-07,5.41147256e-06,0,7.07319195e-05,2.65428844e-06,0.00873767678
9.91803063e-07,1.17226318e-05,0.00873862952,5.57988415e-06,7.12316819e-07,5.43043097e-06,0,7.07881336e-05,2.66686015e-06,0.00873767585
9.92701189e-07,1.1712109e-05,0.00873863511,5.58147121e-06,6.694749e-07,5.4611628e-06,0,7.0833441e-05,2.6799712e-06,0.00873767771
9.93604999e-07,1.1572316e-05,0.00873879716,5.51867333e-06,5.27835823e-07,5.5258065e-06,0,7.08375883e-05,2.7087915e-06,0.00873767771
9.94503125e-07,1.16170731e-05,0.00873874221,5.51821586e-06,5.55850988e-07,5.54300641e-06,0,7.08376174e-05,2.7183537e-06,0.00873767771
9.95402388e-07,1.16277961e-05,0.00873872451,5.50908271e-06,5.69867836e-07,5.54884582e-06,0,7.08376174e-05,2.72568354e-06,0.00873767864
9.96305175e-07,1.16075698e-05,0.00873873942,5.51519315e-06,5.39994574e-07,5.55238194e-06,0,7.0837581e-05,2.73191608e-06,0.00873767864
9.9720171e-07,1.15865778e-05,0.00873875432,5.51512949e-06,5.16989473e-07,5.55445831e-06,0,7.08375956e-05,2.73765204e-06,0.00873767864
9.98101314e-07,1.16168058e-05,0.00873871986,5.51670792e-06,5.44182569e-07,5.55591578e-06,0,7.08392108e-05,2.74268655e-06,0.00873767864
9.99004556e-07,1.16013352e-05,0.00873873569,5.51059065e-06,5.3328273e-07,5.55746237e-06,0,7.08514781e-05,2.74765443e-06,0.00873767864
9.9990325e-07,1.16538367e-05,0.00873869285,5.52595338e-06,5.68196015e-07,5.559687e-06,0,7.08793086e-05,2.75201228e-06,0.00873767957
1.00080467e-06,1.16605315e-05,0.00873870496,5.53996415e-06,5.57242629e-07,5.56332407e-06,0,7.09261658e-05,2.75601474e-06,0.00873767957
1.00170155e-06,1.165084e-05,0.00873873848,5.54571579e-06,5.39729626e-07,5.56539453e-06,0,7.09880478e-05,2.75982939e-06,0.00873767957
1.00260218e-06,1.17146283e-05,0.00873870309,5.56064515e-06,5.84699819e-07,5.56928308e-06,0,7.1056209e-05,2.76360834e-06,0.00873767957
1.00350348e-06,1.17306345e-05,0.008738718,5.5799901e-06,5.79244272e-07,5.57140038e-06,0,7.11354805e-05,2.76695141e-06,0.00873767957
1.00440661e-06,1.17930404e-05,0.00873869658,5.5977689e-06,6.19157674e-07,5.57611384e-06,0,7.122651e-05,2.77044956e-06,0.0087376805
1.0053044e-06,1.18553962e-05,0.00873868167,5.6162944e-06,6.56993109e-07,5.58210832e-06,0,7.13290792e-05,2.77369895e-06,0.0087376805
1.00620241e-06,1.18674197e-05,0.00873871241,5.63682852e-06,6.45032515e-07,5.58555894e-06,0,7.14419948e-05,2.77681011e-06,0.0087376805
1.00710656e-06,1.19398155e-05,0.00873869378,5.66649032e-06,6.81956408e-07,5.59136879e-06,0,7.15653296e-05,2.77978734e-06,0.0087376805
1.00800571e-06,1.19963152e-05,0.00873870403,5.69797976e-06,6.95679091e-07,5.60265607e-06,0,7.17022631e-05,2.7827009e-06,0.00873768143
1.00890531e-06,1.20539007e-05,0.00873870961,5.70916291e-06,7.36157233e-07,5.60858007e-06,0,7.18587326e-05,2.78550328e-06,0.00873768143
1.00980412e-06,1.21783078e-05,0.0087386528,5.73241186e-06,8.3549071e-07,5.61040497e-06,0,7.20296812e-05,2.78820312e-06,0.00873768143
1.01070543e-06,1.22003985e-05,0.00873870496,5.74283877e-06,8.45367538e-07,5.61219213e-06,0,7.22109035e-05,2.79097071e-06,0.00873768143
1.01160026e-06,1.22961501e-05,0.00873868633,5.76581897e-06,9.11814539e-07,5.61851721e-06,0,7.24071288e-05,2.79376718e-06,0.00873768143
1.01250191e-06,1.2398079e-05,0.00873867702,5.79130347e-06,9.77388254e-07,5.62938703e-06,0,7.26265062e-05,2.7964154e-06,0.00873768143
1.01340618e-06,1.24688777e-05,0.00873869844,5.8354558e-06,9.92993478e-07,5.6404283e-06,0,7.28645755e-05,2.79950223e-06,0.00873768236
1.01430282e-06,1.25789293e-05,0.00873868912,5.86233909e-06,1.05836216e-06,5.65822802e-06,0,7.31146501e-05,2.80270137e-06,0.00873768236
1.01520254e-06,1.270963e-05,0.00873865746,5.89056981e-06,1.15542866e-06,5.66363178e-06,0,7.33756387e-05,2.8065117e-06,0.00873768236
1.01610431e-06,1.27771054e-05,0.00873868261,5.92486049e-06,1.17563002e-06,5.67661482e-06,0,7.36392758e-05,2.81024177e-06,0.0087376833
1.0170013e-06,1.27285593e-05,0.00873871893,5.92507649e-06,1.08467441e-06,5.7188081e-06,0,7.38790259e-05,2.81753842e-06,0.0087376833
1.01790192e-06,1.27928079e-05,0.00873869099,5.93161576e-06,1.12383907e-06,5.7373536e-06,0,7.41087861e-05,2.82300152e-06,0.0087376833
1.01880448e-06,1.26494933e-05,0.00873877387,5.88352259e-06,9.48555055e-07,5.81741506e-06,0,7.4200856e-05,2.83553641e-06,0.00873768516
1.01970079e-06,1.26678769e-05,0.00873877387,5.89093861e-06,8.23395055e-07,5.95354322e-06,0,7.42619741e-05,2.86552267e-06,0.00873768702
1.02060471e-06,1.27399244e-05,0.0087388074,5.95255642e-06,7.6641436e-07,6.02095406e-06,0,7.43461424e-05,2.88063097e-06,0.00873768702
1.02150432e-06,1.26326004e-05,0.00873922836,5.93171899e-06,5.78131335e-07,6.12275016e-06,0,7.43677883e-05,2.90055937e-06,0.00873768702
1.0224004e-06,1.26469959e-05,0.00873920228,5.91358548e-06,5.75404044e-07,6.15800673e-06,0,7.43677883e-05,2.91249398e-06,0.00873768702
1.02330023e-06,1.26767964e-05,0.00873916317,5.91600474e-06,5.8886377e-07,6.17192791e-06,0,7.43677883e-05,2.92204254e-06,0.00873768795
1.02420631e-06,1.26883751e-05,0.00873914454,5.92090328e-06,5.89931062e-07,6.17754131e-06,0,7.43677883e-05,2.92978439e-06,0.00873768795
1.02510012e-06,1.2667967e-05,0.00873915851,5.91333264e-06,5.73588466e-07,6.18104559e-06,0,7.43677883e-05,2.936398e-06,0.00873768795
1.02600166e-06,1.26713594e-05,0.0087391492,5.90819536e-06,5.79743585e-07,6.18342028e-06,0,7.43677883e-05,2.94246911e-06,0.00873768888
1.02690262e-06,1.26942732e-05,0.00873912126,5.91213302e-06,5.97242945e-07,6.1848973e-06,0,7.43677883e-05,2.94780284e-06,0.00873768888
1.02780041e-06,1.2634383e-05,0.00873917807,5.91973185e-06,5.2819928e-07,6.18645208e-06,0,7.43711425e-05,2.95296104e-06,0.00873768888
1.02870285e-06,1.26652803e-05,0.00873915106,5.91097842e-06,5.65791311e-07,6.18851072e-06,0,7.4386815e-05,2.95761265e-06,0.00873768982
1.029602e-06,1.27428657e-05,0.00873908401,5.92657852e-06,6.24608333e-07,6.19167849e-06,0,7.44177451e-05,2.96183862e-06,0.00873768982
1.03050093e-06,1.26849e-05,0.00873915944,5.93370305e-06,5.56900659e-07,6.19429693e-06,0,7.44620338e-05,2.96598387e-06,0.00873768982
1.03140189e-06,1.27485782e-05,0.00873911567,5.95043457e-06,6.01343231e-07,6.19680031e-06,0,7.45131474e-05,2.97004522e-06,0.00873768982
1.03230639e-06,1.27458279e-05,0.00873913895,5.93719233e-06,6.10339612e-07,6.19829598e-06,0,7.45679936e-05,2.97386646e-06,0.00873768982
1.0332061e-06,1.28023221e-05,0.00873910822,5.96485097e-06,6.35352819e-07,6.20211813e-06,0,7.46316437e-05,2.97745032e-06,0.00873769075
1.03410548e-06,1.28022084e-05,0.00873914361,6.00263456e-06,5.89761669e-07,6.209812e-06,0,7.47065351e-05,2.9810426e-06,0.00873769075
1.03500452e-06,1.28723477e-05,0.00873910543,6.03409308e-06,6.24064228e-07,6.21419076e-06,0,7.47955346e-05,2.98451278e-06,0.00873769168
1.03590367e-06,1.29487489e-05,0.0087390719,6.05076275e-06,6.79528739e-07,6.2184572e-06,0,7.48961247e-05,2.98752593e-06,0.00873769168
1.03680145e-06,1.29108957e-05,0.00873915292,6.05553805e-06,6.3535964e-07,6.21999789e-06,0,7.50012623e-05,2.99066801e-06,0.00873769168
1.03770321e-06,1.28736892e-05,0.0087392414,6.04410616e-06,5.76604521e-07,6.25297798e-06,0,7.50572144e-05,3.00001193e-06,0.00873769261
1.03860407e-06,1.29451191e-05,0.00873916317,6.03803801e-06,6.43528722e-07,6.26355313e-06,0,7.50572144e-05,3.0072672e-06,0.00873769261
1.03950276e-06,1.28706597e-05,0.00873923209,6.03860553e-06,5.64263132e-07,6.26779092e-06,0,7.50572144e-05,3.01303066e-06,0.00873769354
1.04040669e-06,1.28789461e-05,0.00873921812,6.03825993e-06,5.70761529e-07,6.2699246e-06,0,7.50572144e-05,3.01823752e-06,0.00873769354
1.04130459e-06,1.29567497e-05,0.00873913616,6.04608658e-06,6.38953168e-07,6.27170994e-06,0,7.50572144e-05,3.02284343e-06,0.00873769447
1.04220123e-06,1.28867814e-05,0.00873920228,6.03592207e-06,5.77598883e-07,6.27326017e-06,0,7.50572144e-05,3.02706803e-06,0.00873769447
1.04310425e-06,1.28377669e-05,0.00873924792,6.0368875e-06,5.26142742e-07,6.27473673e-06,0,7.50572144e-05,3.03110119e-06,0.00873769447
1.04400601e-06,1.292448e-05,0.00873915851,6.04199795e-06,6.06651724e-07,6.27582995e-06,0,7.50572144e-05,3.03509091e-06,0.0087376954
1.04490209e-06,1.29396294e-05,0.00873913988,6.04168645e-06,6.21079209e-07,6.27686359e-06,0,7.50572144e-05,3.0383892e-06,0.0087376954
1.0458059e-06,1.28450802e-05,0.00873923115,6.03673016e-06,5.30548675e-07,6.27780082e-06,0,7.50572144e-05,3.04184232e-06,0.00873769633
1.04670539e-06,1.29250157e-05,0.0087391492,6.0397565e-06,6.0667395e-07,6.27858526e-06,0,7.50573599e-05,3.04526247e-06,0.00873769727
1.04760113e-06,1.28998354e-05,0.00873917714,6.04663455e-06,5.73748025e-07,6.27945292e-06,0,7.50697582e-05,3.04853143e-06,0.00873769727
1.04850346e-06,1.28874135e-05,0.00873919763,6.04310299e-06,5.63740002e-07,6.28057069e-06,0,7.50931576e-05,3.05164303e-06,0.00873769727
1.04940148e-06,1.2921716e-05,0.00873917807,6.04845127e-06,5.91559967e-07,6.28170483e-06,0,7.51266853e-05,3.05469598e-06,0.0087376982
1.05030438e-06,1.29561431e-05,0.00873916037,6.05117521e-06,6.22341418e-07,6.28262706e-06,0,7.51682164e-05,3.05743856e-06,0.0087376982
1.05120159e-06,1.30018097e-05,0.00873914175,6.07370339e-06,6.43098872e-07,6.28500766e-06,0,7.52193009e-05,3.06007905e-06,0.0087376982
1.05210393e-06,1.29847158e-05,0.00873918552,6.08173013e-06,6.16560328e-07,6.28642465e-06,0,7.52839696e-05,3.06268271e-06,0.00873769913
1.05300614e-06,1.3026759e-05,0.00873917434,6.10898314e-06,6.27071927e-07,6.29070428e-06,0,7.53670611e-05,3.0655749e-06,0.00873769913
1.05390006e-06,1.30844664e-05,0.00873915572,6.13348584e-06,6.55912572e-07,6.29506758e-06,0,7.54661087e-05,3.06836569e-06,0.00873770006
1.05480228e-06,1.31243069e-05,0.00873915944,6.15334238e-06,6.705028e-07,6.30046179e-06,0,7.5574244e-05,3.07114306e-06,0.00873770006
1.05570621e-06,1.31817487e-05,0.00873915013,6.15716999e-06,7.23490643e-07,6.30108843e-06,0,7.56845111e-05,3.07416394e-06,0.00873770099
1.05660206e-06,1.3215601e-05,0.00873916689,6.17622118e-06,7.36321851e-07,6.30305794e-06,0,7.58008246e-05,3.07702408e-06,0.00873770099
1.05750303e-06,1.33030162e-05,0.00873913802,6.20254559e-06,7.94126663e-07,6.3063444e-06,0,7.59382383e-05,3.07964842e-06,0.00873770099
1.05840388e-06,1.33304193e-05,0.00873917062,6.22428888e-06,7.95211463e-07,6.31091916e-06,0,7.61002811e-05,3.08210133e-06,0.00873770099
1.05930599e-06,1.34146276e-05,0.00873916131,6.24244103e-06,8.58109672e-07,6.31407738e-06,0,7.62836426e-05,3.08464382e-06,0.00873770192
1.06020013e-06,1.35127084e-05,0.00873915106,6.25587336e-06,9.37989398e-07,6.31884586e-06,0,7.64805809e-05,3.0869594e-06,0.00873770192
1.06110258e-06,1.3614721e-05,0.00873913709,6.27236977e-06,1.02177466e-06,6.32057709e-06,0,7.66879675e-05,3.08942708e-06,0.00873770285
1.06200036e-06,1.37003772e-05,0.00873913243,6.29239503e-06,1.08440656e-06,6.32357614e-06,0,7.69083563e-05,3.09188317e-06,0.00873770285
1.06290668e-06,1.37534607e-05,0.00873918179,6.3298221e-06,1.0857708e-06,6.33786794e-06,0,7.71534178e-05,3.09468192e-06,0.00873770285
1.06380639e-06,1.39097529e-05,0.0087391343,6.35993047e-06,1.20216998e-06,6.34765229e-06,0,7.74143773e-05,3.09790107e-06,0.00873770379
1.06470497e-06,1.40315715e-05,0.00873912033,6.40239887e-06,1.27260546e-06,6.35656716e-06,0,7.76875386e-05,3.10108589e-06,0.00873770379
1.06560424e-06,1.4084485e-05,0.00873917807,6.43568364e-06,1.27666146e-06,6.37213952e-06,0,7.79741385e-05,3.10376595e-06,0.00873770472
1.06650396e-06,1.41006276e-05,0.00873913709,6.42535497e-06,1.2848966e-06,6.3903758e-06,0,7.82530769e-05,3.10848668e-06,0.00873770472
1.06740276e-06,1.41613355e-05,0.00873912498,6.44917736e-06,1.27752719e-06,6.4346309e-06,0,7.85063312e-05,3.11849158e-06,0.00873770565
1.06830373e-06,1.40095608e-05,0.00873925071,6.44625334e-06,1.04661319e-06,6.51669461e-06,0,7.8654848e-05,3.13343139e-06,0.00873770565
1.06920049e-06,1.40275752e-05,0.00873920973,6.4818687e-06,9.60592729e-07,6.58511317e-06,0,7.87378958e-05,3.14610156e-06,0.00873770565
1.0701018e-06,1.41970277e-05,0.00873916037,6.52981498e-06,1.05481081e-06,6.61240165e-06,0,7.88760663e-05,3.15464922e-06,0.00873770658
1.07100004e-06,1.42982426e-05,0.00873915665,6.57455848e-06,1.09013172e-06,6.63355195e-06,0,7.90530976e-05,3.16148316e-06,0.00873770658
1.0719026e-06,1.41518394e-05,0.00873925444,6.49353478e-06,9.77517743e-07,6.68078701e-06,0,7.92242208e-05,3.16844444e-06,0.00873770658
1.07280573e-06,1.39908489e-05,0.00873947516,6.46854642e-06,7.08618245e-07,6.81368374e-06,0,7.92395731e-05,3.18923048e-06,0.00873770658
1.07370647e-06,1.40305719e-05,0.00873942487,6.46823446e-06,6.90968818e-07,6.8713689e-06,0,7.9239755e-05,3.20051481e-06,0.00873770751
1.07460573e-06,1.40540296e-05,0.00873939414,6.46836497e-06,6.91984383e-07,6.89368062e-06,0,7.92419742e-05,3.20975437e-06,0.00873770844
1.0755009e-06,1.40767934e-05,0.0087393634,6.4621463e-06,7.12261624e-07,6.90238539e-06,0,7.92463834e-05,3.21799371e-06,0.00873770844
1.07640358e-06,1.40485963e-05,0.00873938855,6.46014905e-06,6.81527183e-07,6.90691968e-06,0,7.92526989e-05,3.22508185e-06,0.00873770844
1.07730023e-06,1.40763723e-05,0.00873935688,6.46680473e-06,6.99553709e-07,6.91001424e-06,0,7.92586798e-05,3.23174072e-06,0.00873770844
1.07820028e-06,1.40544089e-05,0.00873938389,6.47288107e-06,6.68000496e-07,6.9135267e-06,0,7.92792562e-05,3.23763106e-06,0.00873770937
1.07910375e-06,1.41110431e-05,0.00873934198,6.47922479e-06,7.14169005e-07,6.91764944e-06,0,7.93177824e-05,3.24295502e-06,0.0087377103
1.08000029e-06,1.41148612e-05,0.0087393662,6.49578305e-06,6.95267886e-07,6.92381036e-06,0,7.93754225e-05,3.24767507e-06,0.0087377103
1.08090433e-06,1.41571845e-05,0.0087393634,6.5227573e-06,7.02710338e-07,6.93171705e-06,0,7.94483203e-05,3.25283645e-06,0.0087377103
1.08180382e-06,1.42441968e-05,0.00873931032,6.52086237e-06,7.8867231e-07,6.93466245e-06,0,7.95271117e-05,3.25736028e-06,0.0087377103
1.08270183e-06,1.42244917e-05,0.0087393634,6.53026609e-06,7.5800574e-07,6.93621996e-06,0,7.96096356e-05,3.26143004e-06,0.00873771124
1.08360575e-06,1.42543358e-05,0.0087393811,6.55607982e-06,7.5272402e-07,6.94553182e-06,0,7.97063039e-05,3.26536247e-06,0.00873771124
1.08450172e-06,1.44087671e-05,0.00873927958,6.59845955e-06,8.50226058e-07,6.96008146e-06,0,7.98184119e-05,3.26988902e-06,0.00873771217
1.0854061e-06,1.43679154e-05,0.00873937178,6.61545437e-06,7.85204918e-07,6.96725647e-06,0,7.99442423e-05,3.27468615e-06,0.00873771217
1.08630638e-06,1.44715277e-05,0.00873933826,6.63510355e-06,8.57669534e-07,6.97875385e-06,0,8.00832931e-05,3.27951921e-06,0.0087377131
1.0872044e-06,1.45813274e-05,0.00873929728,6.66034566e-06,9.37340417e-07,6.98364147e-06,0,8.02388531e-05,3.28345004e-06,0.0087377131
1.0881065e-06,1.46256025e-05,0.00873932429,6.68225312e-06,9.45174804e-07,6.99817474e-06,0,8.04162482e-05,3.28809688e-06,0.00873771403
1.08900144e-06,1.46436605e-05,0.00873938389,6.69210112e-06,9.39623817e-07,7.01193539e-06,0,8.06121898e-05,3.29208433e-06,0.00873771403
1.08990332e-06,1.47958781e-05,0.00873932056,6.6939624e-06,1.0794962e-06,7.0224196e-06,0,8.08140394e-05,3.29635668e-06,0.00873771496
1.09080634e-06,1.49453399e-05,0.00873926468,6.7156966e-06,1.20403502e-06,7.02560828e-06,0,8.10204801e-05,3.29954173e-06,0.00873771496
1.09170594e-06,1.49063817e-05,0.00873938482,6.74647617e-06,1.11752718e-06,7.04237846e-06,0,8.12476792e-05,3.30341436e-06,0.00873771589
1.09260236e-06,1.50640335e-05,0.00873928238,6.7943879e-06,1.16445835e-06,7.1051868e-06,0,8.14892846e-05,3.30944658e-06,0.00873771589
1.09350356e-06,1.5146883e-05,0.00873929821,6.80984976e-06,1.18499088e-06,7.1520426e-06,0,8.17431865e-05,3.31609044e-06,0.00873771589
1.09440043e-06,1.51236973e-05,0.00873937923,6.80110406e-06,1.13221904e-06,7.19037462e-06,0,8.19832931e-05,3.33037451e-06,0.00873771682
1.09530311e-06,1.52751818e-05,0.00873933733,6.84103588e-06,1.18109779e-06,7.2530479e-06,0,8.22066286e-05,3.34176889e-06,0.00873771776
1.09620316e-06,1.54133559e-05,0.00873928983,6.86688327e-06,1.2319515e-06,7.31452155e-06,0,8.2416067e-05,3.35106142e-06,0.00873771776
1.09710197e-06,1.53092751e-05,0.0087393811,6.87369356e-06,1.0913725e-06,7.34420928e-06,0,8.25493844e-05,3.35778759e-06,0.00873771869
1.09800226e-06,1.49277657e-05,0.008739735,6.74043258e-06,6.79066716e-07,7.50826666e-06,0,8.25569441e-05,3.38243854e-06,0.00873772055
1.0989055e-06,1.51366739e-05,0.00873954222,6.76218588e-06,7.80175412e-07,7.59431259e-06,0,8.25799798e-05,3.39472376e-06,0.00873772241
1.09980476e-06,1.51880031e-05,0.00873948168,6.73475324e-06,8.24444101e-07,7.62880563e-06,0,8.25799871e-05,3.40407905e-06,0.00873772334
1.10070289e-06,1.5053557e-05,0.00873960927,6.73375916e-06,6.76745799e-07,7.64305241e-06,0,8.25799871e-05,3.41184614e-06,0.00873772334
1.1016067e-06,1.51345639e-05,0.00873952173,6.72981014e-06,7.54844564e-07,7.64990909e-06,0,8.25799871e-05,3.41876921e-06,0.00873772427
1.10250312e-06,1.51809809e-05,0.0087394705,6.732781e-06,7.93856088e-07,7.65434379e-06,0,8.25799871e-05,3.42467752e-06,0.00873772521
1.1034042e-06,1.50826645e-05,0.00873956271,6.72719216e-06,6.98077486e-07,7.65739514e-06,0,8.25800671e-05,3.43076044e-06,0.00873772521
1.10430381e-06,1.51119384e-05,0.00873952918,6.73208842e-06,7.19478408e-07,7.66037192e-06,0,8.25800671e-05,3.436008e-06,0.00873772614
1.10520659e-06,1.51539261e-05,0.00873948261,6.73045906e-06,7.59441832e-07,7.66402536e-06,0,8.25800671e-05,3.44098589e-06,0.00873772707
1.10610199e-06,1.51245777e-05,0.00873950869,6.72942815e-06,7.29272244e-07,7.66587709e-06,0,8.25800671e-05,3.44562045e-06,0.008737728
1.10700125e-06,1.50988762e-05,0.00873953011,6.72565693e-06,7.05478953e-07,7.66774065e-06,0,8.25800671e-05,3.44988393e-06,0.008737728
1.1079054e-06,1.51721943e-05,0.00873945281,6.73491968e-06,7.68167581e-07,7.66910762e-06,0,8.25800307e-05,3.45403873e-06,0.00873772893
1.10880239e-06,1.50936849e-05,0.00873952918,6.73272552e-06,6.90500826e-07,7.67045822e-06,0,8.25800307e-05,3.45767103e-06,0.00873773079
1.10970416e-06,1.51228933e-05,0.00873949658,6.72918804e-06,7.22169887e-07,7.67153506e-06,0,8.25802199e-05,3.46135948e-06,0.00873773079
1.11060058e-06,1.51314653e-05,0.00873948541,6.73233262e-06,7.26283929e-07,7.67284928e-06,0,8.25802199e-05,3.46479806e-06,0.00873773172
1.11150268e-06,1.51508266e-05,0.00873946305,6.73245313e-06,7.44348938e-07,7.67402435e-06,0,8.25802199e-05,3.46814477e-06,0.00873773266
1.11240001e-06,1.51033237e-05,0.00873950683,6.73554996e-06,6.92924743e-07,7.67484926e-06,0,8.25802199e-05,3.47163427e-06,0.00873773172
1.11330291e-06,1.51192007e-05,0.0087394882,6.72488022e-06,7.18509853e-07,7.67580968e-06,0,8.25802199e-05,3.47492528e-06,0.00873773266
1.11420479e-06,1.5153626e-05,0.00873945188,6.73623208e-06,7.40186465e-07,7.67720758e-06,0,8.25802199e-05,3.47803984e-06,0.00873773359
1.11510246e-06,1.50916239e-05,0.00873951148,6.73314207e-06,6.79721722e-07,7.67876008e-06,0,8.25802199e-05,3.48141566e-06,0.00873773452
1.11600173e-06,1.51258164e-05,0.00873947516,6.73366367e-06,7.12172096e-07,7.67998063e-06,0,8.25828029e-05,3.48449771e-06,0.00873773452
1.11690474e-06,1.51956983e-05,0.00873941183,6.7340834e-06,7.80421544e-07,7.68119298e-06,0,8.2598759e-05,3.48717754e-06,0.00873773545
1.1178048e-06,1.51002987e-05,0.008739518,6.74174862e-06,6.75316187e-07,7.68323389e-06,0,8.26307587e-05,3.48995945e-06,0.00873773638
1.11870577e-06,1.51520799e-05,0.00873948354,6.7526903e-06,7.14290024e-07,7.68509926e-06,0,8.26802934e-05,3.49281868e-06,0.00873773638
1.11960162e-06,1.52530929e-05,0.00873940811,6.75805632e-06,8.08575692e-07,7.68646078e-06,0,8.27425829e-05,3.49557763e-06,0.00873773731
1.12050395e-06,1.51939939e-05,0.00873949938,6.7682995e-06,7.37555524e-07,7.68813879e-06,0,8.28166449e-05,3.4985926e-06,0.00873773824
1.12140094e-06,1.52281309e-05,0.0087395031,6.77744583e-06,7.60739169e-07,7.68994596e-06,0,8.29003548e-05,3.5019757e-06,0.00873773824
1.12230407e-06,1.53948422e-05,0.00873939041,6.80987068e-06,8.8716132e-07,7.69781127e-06,0,8.29937853e-05,3.50493633e-06,0.00873773918
1.12320208e-06,1.53595447e-05,0.00873946398,6.82512564e-06,8.29757653e-07,7.70466158e-06,0,8.31004363e-05,3.50790515e-06,0.00873774011
1.12410441e-06,1.5363159e-05,0.00873951335,6.85903251e-06,7.87442673e-07,7.71668329e-06,0,8.32232981e-05,3.51219728e-06,0.00873774104
1.12500288e-06,1.55179896e-05,0.00873943046,6.8877689e-06,8.95159474e-07,7.73506054e-06,0,8.33531158e-05,3.51688368e-06,0.00873774104
1.12590544e-06,1.55733524e-05,0.00873943046,6.89686931e-06,9.39959421e-07,7.73652391e-06,0,8.3494444e-05,3.52018878e-06,0.00873774197
1.12680402e-06,1.55831094e-05,0.00873948354,6.9076932e-06,9.37444952e-07,7.73797092e-06,0,8.36498002e-05,3.52304914e-06,0.0087377429
1.12770556e-06,1.56836686e-05,0.00873945095,6.92822687e-06,1.01560124e-06,7.73984084e-06,0,8.38223277e-05,3.52591701e-06,0.0087377429
1.12860619e-06,1.58013918e-05,0.00873941556,6.9626044e-06,1.08857876e-06,7.75020908e-06,0,8.40160137e-05,3.5287319e-06,0.00873774383
1.1295017e-06,1.58674247e-05,0.00873945281,6.9902103e-06,1.0966105e-06,7.78060348e-06,0,8.42329828e-05,3.53151859e-06,0.00873774476
1.13040232e-06,1.59088886e-05,0.0087395031,7.00022792e-06,1.12219038e-06,7.78647063e-06,0,8.44629394e-05,3.53465725e-06,0.00873774476
1.13130477e-06,1.61040698e-05,0.00873940811,7.02125772e-06,1.29453986e-06,7.78827143e-06,0,8.4701569e-05,3.53728046e-06,0.00873774569
1.1322004e-06,1.62155138e-05,0.00873940159,7.05192451e-06,1.37274071e-06,7.79084803e-06,0,8.49501303e-05,3.5393839e-06,0.00873774569
1.13310057e-06,1.62342003e-05,0.00873949844,7.09328378e-06,1.32746345e-06,7.81345261e-06,0,8.52207813e-05,3.54196914e-06,0.00873774663
1.13400256e-06,1.63809382e-05,0.00873946771,7.15191527e-06,1.2593174e-06,7.96970653e-06,0,8.54301252e-05,3.55977386e-06,0.00873774756
1.13490159e-06,1.62292654e-05,0.00873966794,7.15059377e-06,1.03108073e-06,8.04759111e-06,0,8.55180333e-05,3.5964531e-06,0.00873774663
1.13580188e-06,1.60615546e-05,0.00873981602,7.11784878e-06,7.61904573e-07,8.1818016e-06,0,8.55180406e-05,3.61840262e-06,0.00873774663
1.13670558e-06,1.61397329e-05,0.00873972941,7.10245331e-06,8.12597989e-07,8.22468155e-06,0,8.55180406e-05,3.62847936e-06,0.00873774756
1.13760154e-06,1.61810622e-05,0.00873968005,7.0900528e-06,8.45071611e-07,8.24593826e-06,0,8.55179678e-05,3.63650429e-06,0.00873774849
1.13850456e-06,1.61727658e-05,0.00873968191,7.09288497e-06,8.13102019e-07,8.26677842e-06,0,8.55179678e-05,3.6431627e-06,0.00873774942
1.13940428e-06,1.61483258e-05,0.00873970054,7.09812093e-06,7.78008825e-07,8.27219719e-06,0,8.55179678e-05,3.6494007e-06,0.00873775035
1.14030104e-06,1.6152826e-05,0.00873969123,7.09141841e-06,7.8714595e-07,8.27426265e-06,0,8.55179678e-05,3.6548563e-06,0.00873775035
1.14120542e-06,1.61808948e-05,0.00873965956,7.090709e-06,8.13940119e-07,8.27624535e-06,0,8.55179678e-05,3.65982714e-06,0.00873775221
1.14210332e-06,1.61858206e-05,0.00873965025,7.0966812e-06,8.11449638e-07,8.27768963e-06,0,8.55180406e-05,3.6643803e-06,0.00873775221
1.14300087e-06,1.61422358e-05,0.0087396903,7.09562482e-06,7.6766662e-07,8.27894382e-06,0,8.55180551e-05,3.66851827e-06,0.00873775221
1.14390434e-06,1.61530443e-05,0.00873967633,7.09138112e-06,7.81925166e-07,8.27973781e-06,0,8.5518368e-05,3.67250391e-06,0.00873775315
1.14480531e-06,1.62058204e-05,0.00873962604,7.09467167e-06,8.28991972e-07,8.28215707e-06,0,8.55290564e-05,3.675887e-06,0.00873775408
1.14570378e-06,1.61487351e-05,0.0087396903,7.10247332e-06,7.62486877e-07,8.28377506e-06,0,8.55499311e-05,3.67937901e-06,0.00873775501
1.14660202e-06,1.6161468e-05,0.00873968657,7.09802589e-06,7.78693334e-07,8.28474913e-06,0,8.5574924e-05,3.68304745e-06,0.00873775594
1.14750014e-06,1.62301749e-05,0.0087396279,7.09684946e-06,8.47207446e-07,8.28611701e-06,0,8.56038241e-05,3.68650353e-06,0.00873775594
1.14840543e-06,1.62573106e-05,0.00873961858,7.11170742e-06,8.57018392e-07,8.28858447e-06,0,8.56444894e-05,3.68952806e-06,0.00873775687
1.14930299e-06,1.61881053e-05,0.00873971265,7.1341824e-06,7.6133756e-07,8.29258533e-06,0,8.57065024e-05,3.69282634e-06,0.0087377578
1.15020123e-06,1.63249424e-05,0.00873961858,7.16196018e-06,8.60113573e-07,8.30286808e-06,0,8.57881896e-05,3.69599206e-06,0.00873775873
1.15110333e-06,1.63547138e-05,0.00873964094,7.17802368e-06,8.68613029e-07,8.30807676e-06,0,8.58882413e-05,3.69872419e-06,0.00873775966
1.15200237e-06,1.63947097e-05,0.00873965025,7.1960003e-06,8.85369843e-07,8.31334091e-06,0,8.59987485e-05,3.70175462e-06,0.0087377606
1.15290061e-06,1.6416303e-05,0.00873967446,7.19540776e-06,9.02310376e-07,8.31858506e-06,0,8.61083827e-05,3.70475004e-06,0.0087377606
1.1538059e-06,1.65427773e-05,0.00873959903,7.21060997e-06,1.01009846e-06,8.32206933e-06,0,8.62234956e-05,3.70750081e-06,0.00873776153
1.154703e-06,1.6543243e-05,0.00873965304,7.2364096e-06,9.75252647e-07,8.33158083e-06,0,8.6350643e-05,3.71000056e-06,0.00873776153
1.1556009e-06,1.65838865e-05,0.00873966049,7.28279201e-06,9.52055871e-07,8.34903767e-06,0,8.64903923e-05,3.71268402e-06,0.00873776339
1.15650403e-06,1.66765731e-05,0.00873962976,7.3156657e-06,9.82236429e-07,8.37867083e-06,0,8.66518021e-05,3.71539181e-06,0.00873776432
1.15740272e-06,1.67982198e-05,0.00873957947,7.32495664e-06,1.08434847e-06,8.38891447e-06,0,8.68282004e-05,3.71775945e-06,0.00873776525
1.15830323e-06,1.67744947e-05,0.00873968657,7.33574643e-06,1.0446322e-06,8.39411587e-06,0,8.70113072e-05,3.72017826e-06,0.00873776525
1.15920591e-06,1.69021878e-05,0.00873964187,7.35339017e-06,1.13972385e-06,8.40907433e-06,0,8.72044038e-05,3.72286263e-06,0.00873776712
1.1601004e-06,1.70310577e-05,0.00873958785,7.3616261e-06,1.24864084e-06,8.42079044e-06,0,8.74065881e-05,3.72529553e-06,0.00873776805
1.16100284e-06,1.70510848e-05,0.00873965118,7.38254903e-06,1.24102951e-06,8.42750615e-06,0,8.76272097e-05,3.7278287e-06,0.00873776805
1.1619054e-06,1.7162185e-05,0.00873964187,7.41898475e-06,1.29086936e-06,8.45233171e-06,0,8.78699793e-05,3.73035527e-06,0.00873776898
1.16280341e-06,1.72939017e-05,0.00873958413,7.45948455e-06,1.32613434e-06,8.50828292e-06,0,8.81193773e-05,3.7346806e-06,0.00873776991
1.16370597e-06,1.73603548e-05,0.00873962697,7.49964374e-06,1.30291994e-06,8.55779035e-06,0,8.83841858e-05,3.73910348e-06,0.00873776991
1.16460296e-06,1.74412471e-05,0.00873964559,7.5091707e-06,1.3561471e-06,8.57593022e-06,0,8.86521593e-05,3.74333808e-06,0.00873777084
1.16550279e-06,1.75550904e-05,0.00873961207,7.51091784e-06,1.46002128e-06,8.58415115e-06,0,8.89076182e-05,3.74915385e-06,0.00873777177
1.1664016e-06,1.75336609e-05,0.00873962883,7.48433831e-06,1.44304033e-06,8.60628188e-06,0,8.91433447e-05,3.76560547e-06,0.00873777363
1.16730439e-06,1.75857185e-05,0.00873964932,7.55477231e-06,1.39927283e-06,8.63167224e-06,0,8.93795514e-05,3.78050072e-06,0.00873777363
1.16820081e-06,1.75160749e-05,0.00873966236,7.54693292e-06,1.2599686e-06,8.70917393e-06,0,8.95091507e-05,3.78861091e-06,0.00873777457
1.16910314e-06,1.74457819e-05,0.00873969682,7.54917801e-06,1.07083463e-06,8.82576933e-06,0,8.95905614e-05,3.83547194e-06,0.00873777457
1.17000025e-06,1.74905672e-05,0.00873968471,7.57253429e-06,1.06025186e-06,8.85778172e-06,0,8.96876518e-05,3.84969371e-06,0.0087377755
1.17090383e-06,1.75821715e-05,0.00873963628,7.58415626e-06,1.11765758e-06,8.88035811e-06,0,8.98081489e-05,3.85816975e-06,0.0087377755
1.17180184e-06,1.75724927e-05,0.00873966981,7.59168915e-06,1.08191887e-06,8.89888543e-06,0,8.99371007e-05,3.8660628e-06,0.00873777736
1.17270258e-06,1.76189806e-05,0.00873964373,7.60317607e-06,1.10576184e-06,8.91004129e-06,0,9.00705127e-05,3.87276714e-06,0.00873777736
1.17360503e-06,1.76308858e-05,0.0087396251,7.61588717e-06,1.09364407e-06,8.9213554e-06,0,9.02024694e-05,3.87795853e-06,0.00873777829
1.17450259e-06,1.74722445e-05,0.00873966888,7.60054672e-06,9.3177016e-07,8.93992728e-06,0,9.03056571e-05,3.88257922e-06,0.00873778109
1.17540321e-06,1.73399585e-05,0.00873984117,7.5216617e-06,7.81186088e-07,9.03711043e-06,0,9.03133914e-05,3.89928255e-06,0.00873778109
1.176306e-06,1.74420584e-05,0.00873975083,7.52528967e-06,8.47968352e-07,9.06880086e-06,0,9.03455002e-05,3.90615787e-06,0.00873778202
1.17720333e-06,1.74752713e-05,0.00873972662,7.5144776e-06,8.795501e-07,9.08124366e-06,0,9.03770851e-05,3.91173808e-06,0.00873778295
1.17810646e-06,1.74182242e-05,0.00873979554,7.51729021e-06,8.14851376e-07,9.08608217e-06,0,9.04165572e-05,3.91690492e-06,0.00873778295
1.17900538e-06,1.74760062e-05,0.00873975269,7.53301629e-06,8.54046959e-07,9.08894253e-06,0,9.04645785e-05,3.92184938e-06,0.00873778388
1.17990101e-06,1.75425193e-05,0.00873971637,7.54306757e-06,9.06419189e-07,9.09303253e-06,0,9.05236666e-05,3.92583161e-06,0.00873778574
1.18080447e-06,1.75357945e-05,0.00873975735,7.56156896e-06,8.75424689e-07,9.09880146e-06,0,9.06006535e-05,3.92955235e-06,0.00873778667
1.18170601e-06,1.75505193e-05,0.00873978529,7.58990245e-06,8.56051088e-07,9.10456583e-06,0,9.06963687e-05,3.93317214e-06,0.0087377876
1.18260584e-06,1.76682024e-05,0.0087397201,7.60978128e-06,9.48276977e-07,9.11014376e-06,0,9.08046277e-05,3.93663549e-06,0.00873778854
1.18350215e-06,1.77481415e-05,0.00873968937,7.6189599e-06,1.01672242e-06,9.11246025e-06,0,9.09196024e-05,3.93970004e-06,0.00873778854
1.18440289e-06,1.77054226e-05,0.00873978436,7.64273864e-06,9.4417112e-07,9.11851293e-06,0,9.1044647e-05,3.94280869e-06,0.0087377904
1.18530545e-06,1.77875081e-05,0.00873975269,7.66149697e-06,9.94921152e-07,9.13109125e-06,0,9.1177586e-05,3.94675271e-06,0.00873779133
1.18620301e-06,1.78959326e-05,0.00873970613,7.68357859e-06,1.07850155e-06,9.13385247e-06,0,9.13239492e-05,3.9499696e-06,0.00873779226
1.18710523e-06,1.79333183e-05,0.00873973873,7.69123562e-06,1.10460167e-06,9.13748045e-06,0,9.14889388e-05,3.95289999e-06,0.00873779319
1.18800017e-06,1.80052193e-05,0.00873974245,7.71100349e-06,1.15399564e-06,9.14021984e-06,0,9.16666977e-05,3.95597408e-06,0.00873779412
1.18890534e-06,1.81428877e-05,0.00873968843,7.73780266e-06,1.26048315e-06,9.14460179e-06,0,9.1868671e-05,3.95883808e-06,0.00873779505
1.18980438e-06,1.82034564e-05,0.00873971265,7.76362685e-06,1.2833533e-06,9.15647615e-06,0,9.20939565e-05,3.96153609e-06,0.00873779599
1.1907008e-06,1.8255294e-05,0.00873975549,7.78185949e-06,1.30132207e-06,9.1721131e-06,0,9.2336355e-05,3.96418636e-06,0.00873779692
1.19160518e-06,1.83829634e-05,0.00873973407,7.80512892e-06,1.39129816e-06,9.18653677e-06,0,9.25946806e-05,3.96808446e-06,0.00873779878
1.19250114e-06,1.85364497e-05,0.00873969402,7.83127689e-06,1.50853725e-06,9.19663489e-06,0,9.28544468e-05,3.97240001e-06,0.00873779971
1.19340461e-06,1.85347344e-05,0.00873973686,7.82898132e-06,1.48316383e-06,9.22258823e-06,0,9.3110204e-05,3.97891972e-06,0.00873780157
1.19430513e-06,1.86711422e-05,0.0087397173,7.86534838e-06,1.54582654e-06,9.25996846e-06,0,9.3372626e-05,3.98786005e-06,0.00873780251
1.19520143e-06,1.87797032e-05,0.00873973686,7.92707942e-06,1.54720522e-06,9.30541773e-06,0,9.36449287e-05,3.99606597e-06,0.00873780344
1.19610252e-06,1.892215e-05,0.00873970985,7.98400833e-06,1.59165825e-06,9.34648233e-06,0,9.39189558e-05,4.00688668e-06,0.00873780437
1.19700587e-06,1.87842434e-05,0.00873979274,7.98432848e-06,1.38972644e-06,9.41018789e-06,0,9.40941827e-05,4.02062597e-06,0.00873780623
1.19790286e-06,1.86864254e-05,0.0087397825,7.9379879e-06,1.22777101e-06,9.52066785e-06,0,9.41575345e-05,4.03716376e-06,0.00873780623
1.19880008e-06,1.84525597e-05,0.0087400442,7.80920709e-06,9.88909733e-07,9.65444178e-06,0,9.41984254e-05,4.06863455e-06,0.00873781648
1.19970105e-06,1.8491739e-05,0.00873999391,7.82242205e-06,9.3905129e-07,9.73026545e-06,0,9.41994513e-05,4.08364394e-06,0.00873781834
1.20060577e-06,1.84538803e-05,0.00874001719,7.80507617e-06,8.88706552e-07,9.76009778e-06,0,9.41992184e-05,4.09458653e-06,0.0087378202
1.20150401e-06,1.85251538e-05,0.0087399371,7.80308346e-06,9.39285883e-07,9.78278422e-06,0,9.41987382e-05,4.1031808e-06,0.00873782113
1.20240043e-06,1.85698536e-05,0.00873988774,7.80910796e-06,9.62381137e-07,9.79836386e-06,0,9.41987237e-05,4.10994244e-06,0.00873782299
1.2033023e-06,1.85220797e-05,0.00873993058,7.80982191e-06,9.09548646e-07,9.80270943e-06,0,9.41987237e-05,4.11615338e-06,0.00873782393
1.20420634e-06,1.85249846e-05,0.00873992499,7.8020048e-06,9.1792856e-07,9.80505138e-06,0,9.42005136e-05,4.12198506e-06,0.00873782672
1.20510504e-06,1.85638055e-05,0.00873988587,7.80567734e-06,9.51131199e-07,9.80699679e-06,0,9.42105471e-05,4.12703093e-06,0.00873782672
1.20600396e-06,1.85432527e-05,0.0087399194,7.81825929e-06,9.14237205e-07,9.81075755e-06,0,9.4237228e-05,4.13154476e-06,0.00873782858
1.20690459e-06,1.85304962e-05,0.00873995293,7.81959625e-06,8.96247286e-07,9.814652e-06,0,9.42802653e-05,4.13607904e-06,0.00873783045
1.20780658e-06,1.86331727e-05,0.00873987656,7.83023006e-06,9.84427061e-07,9.81851645e-06,0,9.43378036e-05,4.14026999e-06,0.00873783138
1.20870436e-06,1.867641e-05,0.00873986073,7.84211079e-06,1.01359012e-06,9.82070833e-06,0,9.44045314e-05,4.1439589e-06,0.00873783324
1.20960283e-06,1.86831949e-05,0.00873989053,7.86716191e-06,9.86379746e-07,9.82965321e-06,0,9.44814456e-05,4.14767146e-06,0.0087378351
1.21050027e-06,1.87150454e-05,0.00873989612,7.87971294e-06,9.96624976e-07,9.83870814e-06,0,9.45709398e-05,4.1513681e-06,0.00873783603
1.21140545e-06,1.87582373e-05,0.00873989891,7.89404567e-06,1.02052604e-06,9.8436667e-06,0,9.46716827e-05,4.15501927e-06,0.00873783696
1.21230346e-06,1.88307386e-05,0.00873987842,7.92039918e-06,1.06213975e-06,9.84819962e-06,0,9.47817825e-05,4.1582839e-06,0.00873783976
1.21320556e-06,1.88670565e-05,0.00873990171,7.95658252e-06,1.0527707e-06,9.85770293e-06,0,9.4905532e-05,4.16167723e-06,0.00873784162
1.21410267e-06,1.89552757e-05,0.00873986632,7.97877965e-06,1.09820417e-06,9.87829117e-06,0,9.50426765e-05,4.1663302e-06,0.00873784255
1.21500591e-06,1.90779792e-05,0.00873981696,8.00439466e-06,1.18467915e-06,9.88890588e-06,0,9.52045084e-05,4.17012643e-06,0.00873784442
1.21590551e-06,1.90321862e-05,0.00873994641,8.00929865e-06,1.12038572e-06,9.90250282e-06,0,9.53744748e-05,4.17406e-06,0.00873784535
1.21680353e-06,1.91568215e-05,0.00873990636,8.0106729e-06,1.24065832e-06,9.90548961e-06,0,9.55454743e-05,4.17784349e-06,0.00873784628
1.21770643e-06,1.92707939e-05,0.00873987004,8.01937585e-06,1.34279207e-06,9.90862554e-06,0,9.57243756e-05,4.18107811e-06,0.00873785
1.2186041e-06,1.93705346e-05,0.00873985421,8.05230684e-06,1.3875499e-06,9.93067806e-06,0,9.59243698e-05,4.18409445e-06,0.00873785093
1.21950109e-06,1.9479543e-05,0.00873984396,8.090341e-06,1.41007604e-06,9.97912502e-06,0,9.61499463e-05,4.18711033e-06,0.0087378528
1.22040467e-06,1.95799948e-05,0.00873984862,8.11765403e-06,1.44373905e-06,1.00186016e-05,0,9.63961938e-05,4.19018579e-06,0.00873785466
1.22130018e-06,1.96395322e-05,0.00873987935,8.12153121e-06,1.47951278e-06,1.00384887e-05,0,9.66486987e-05,4.19358685e-06,0.00873785652
1.22220251e-06,1.97108056e-05,0.00873989332,8.13359566e-06,1.5242058e-06,1.00530042e-05,0,9.68998938e-05,4.19961816e-06,0.00873785745
1.22310541e-06,1.98246616e-05,0.0087398719,8.15803014e-06,1.57772683e-06,1.00889038e-05,0,9.71478657e-05,4.20617835e-06,0.00873785838
1.22400274e-06,1.99484402e-05,0.00873986632,8.19403795e-06,1.55672683e-06,1.01976748e-05,0,9.73817587e-05,4.21877439e-06,0.00873786118
1.22490394e-06,1.99678889e-05,0.00873987935,8.26768519e-06,1.41470184e-06,1.02855029e-05,0,9.75513976e-05,4.22790572e-06,0.00873786304
1.22580457e-06,1.95484554e-05,0.00874029286,8.03850162e-06,1.14746956e-06,1.03624834e-05,0,9.7634198e-05,4.24552354e-06,0.00873785932
1.22670235e-06,1.95089269e-05,0.00874030031,8.04248612e-06,9.72757334e-07,1.04936844e-05,0,9.76317897e-05,4.26831502e-06,0.00873786118
1.22760014e-06,1.96038563e-05,0.00874019787,8.03138937e-06,1.04010928e-06,1.0532357e-05,0,9.76317897e-05,4.27794566e-06,0.00873786304
1.22850099e-06,1.96801338e-05,0.00874011591,8.03044713e-06,1.0826509e-06,1.0567036e-05,0,9.76317897e-05,4.28502199e-06,0.0087378649
1.22940446e-06,1.96039928e-05,0.00874018762,8.03794774e-06,9.88229772e-07,1.05778154e-05,0,9.76317897e-05,4.29135662e-06,0.00873786677
1.23030031e-06,1.96508772e-05,0.00874013733,8.03513831e-06,1.02837907e-06,1.05873596e-05,0,9.76317897e-05,4.29720058e-06,0.00873786956
1.23120412e-06,1.96785222e-05,0.00874010567,8.02653176e-06,1.06150424e-06,1.05904855e-05,0,9.76317897e-05,4.30235741e-06,0.00873786956
1.23210202e-06,1.96184938e-05,0.00874016341,8.02713203e-06,9.97186703e-07,1.05941754e-05,0,9.76318915e-05,4.30680211e-06,0.00873787235
1.23300504e-06,1.95936045e-05,0.00874018483,8.03569492e-06,9.5947189e-07,1.05984373e-05,0,9.7632168e-05,4.31160061e-06,0.00873787422
1.23390305e-06,1.96861638e-05,0.00874009542,8.03347029e-06,1.04940375e-06,1.06032903e-05,0,9.76450901e-05,4.3158725e-06,0.00873787608
1.2348022e-06,1.96759993e-05,0.00874011498,8.03406783e-06,1.03433672e-06,1.0607594e-05,0,9.76738156e-05,4.31971193e-06,0.00873787794
1.23570044e-06,1.96696892e-05,0.0087401364,8.03928833e-06,1.02022375e-06,1.06101761e-05,0,9.77075688e-05,4.32370734e-06,0.00873787981
1.23660402e-06,1.96845376e-05,0.00874013733,8.04246429e-06,1.02991578e-06,1.0612157e-05,0,9.77427626e-05,4.32749266e-06,0.00873788167
1.23750249e-06,1.9728368e-05,0.00874011405,8.04858701e-06,1.06468474e-06,1.06150965e-05,0,9.77891978e-05,4.33098785e-06,0.00873788353
1.23840346e-06,1.97516201e-05,0.00874012057,8.06172011e-06,1.07010419e-06,1.06197958e-05,0,9.78501121e-05,4.33430068e-06,0.00873788539
1.23930567e-06,1.97648042e-05,0.00874014664,8.08796722e-06,1.04788705e-06,1.06289499e-05,0,9.79277538e-05,4.33781406e-06,0.00873788912
1.24020039e-06,1.9876019e-05,0.0087400768,8.10575511e-06,1.13449562e-06,1.06357693e-05,0,9.80173863e-05,4.34144113e-06,0.00873789098
1.24110556e-06,1.99355654e-05,0.00874006096,8.1079379e-06,1.18694163e-06,1.0640686e-05,0,9.81159901e-05,4.34452977e-06,0.00873789284
1.24200017e-06,1.98853304e-05,0.00874015223,8.12410599e-06,1.11700035e-06,1.06442249e-05,0,9.82210186e-05,4.34755839e-06,0.00873789471
1.24290057e-06,1.99474507e-05,0.00874014013,8.15625208e-06,1.13137639e-06,1.06598227e-05,0,9.83358841e-05,4.3507589e-06,0.0087378975
1.24380472e-06,2.0093039e-05,0.00874005351,8.17483124e-06,1.24055157e-06,1.06776552e-05,0,9.84611979e-05,4.35352194e-06,0.00873790029
1.24470444e-06,2.00668364e-05,0.00874012709,8.18913213e-06,1.19583183e-06,1.06818725e-05,0,9.85945589e-05,4.35625043e-06,0.00873790123
1.24560597e-06,2.01743915e-05,0.00874009542,8.21446974e-06,1.26797386e-06,1.06919488e-05,0,9.87403546e-05,4.3592654e-06,0.00873790309
1.24650262e-06,2.02909978e-05,0.00874006096,8.24483686e-06,1.33941751e-06,1.07067435e-05,0,9.89007676e-05,4.36211849e-06,0.00873790495
1.24740382e-06,2.03049294e-05,0.00874012616,8.25344796e-06,1.30641172e-06,1.07450705e-05,0,9.90735425e-05,4.36485288e-06,0.00873790681
1.24830456e-06,2.04129356e-05,0.00874010567,8.25906227e-06,1.37942072e-06,1.07744527e-05,0,9.92552523e-05,4.36757318e-06,0.00873791054
1.24920382e-06,2.04776043e-05,0.0087401215,8.27344593e-06,1.41216378e-06,1.07919941e-05,0,9.94439979e-05,4.37045264e-06,0.0087379124
1.25010354e-06,2.06140176e-05,0.00874006469,8.28691827e-06,1.53063809e-06,1.07964624e-05,0,9.96409726e-05,4.37317158e-06,0.00873791426
1.25100155e-06,2.07160065e-05,0.00874004047,8.30413501e-06,1.61073808e-06,1.08011327e-05,0,9.98502728e-05,4.37551489e-06,0.00873791613
1.25190286e-06,2.07403227e-05,0.00874010473,8.34280672e-06,1.56561725e-06,1.08318982e-05,0,0.000100080601,4.37819835e-06,0.00873791799
1.25280394e-06,2.0849553e-05,0.00874011777,8.38749656e-06,1.55193982e-06,1.09101175e-05,0,0.000100326761,4.38110965e-06,0.00873792078
1.25370082e-06,2.10403959e-05,0.0087400591,8.40518351e-06,1.62133301e-06,1.10138799e-05,0,0.000100566773,4.38415464e-06,0.00873792265
1.25460338e-06,2.10612106e-05,0.00874012988,8.37912467e-06,1.62222511e-06,1.10598603e-05,0,0.000100792837,4.38822826e-06,0.00873792544
1.2555065e-06,2.12051455e-05,0.00874007586,8.39927361e-06,1.6908449e-06,1.11150257e-05,0,0.000100989775,4.39561836e-06,0.0087379273
1.25640418e-06,2.12833656e-05,0.00874005072,8.45897557e-06,1.65744427e-06,1.11669469e-05,0,0.000101177211,4.40002486e-06,0.0087379301
1.25730094e-06,2.11047081e-05,0.00874024909,8.43922317e-06,1.3926857e-06,1.12728003e-05,0,0.000101296508,4.41782822e-06,0.00873793568
1.25820316e-06,2.07792727e-05,0.00874058437,8.31320904e-06,1.05776917e-06,1.1408295e-05,0,0.000101296791,4.44184525e-06,0.00873793755
1.25910492e-06,2.09205973e-05,0.0087404307,8.31211855e-06,1.13610565e-06,1.14723725e-05,0,0.000101296129,4.45185742e-06,0.00873793848
1.2600002e-06,2.10776579e-05,0.00874027237,8.32760725e-06,1.22810434e-06,1.15219473e-05,0,0.000101304475,4.4579906e-06,0.00873794127
1.2609047e-06,2.10173075e-05,0.00874033105,8.31444959e-06,1.16892159e-06,1.15339371e-05,0,0.000101308106,4.46328158e-06,0.00873794407
1.26180214e-06,2.09989703e-05,0.00874034781,8.3056575e-06,1.14342299e-06,1.15498897e-05,0,0.000101309117,4.4682738e-06,0.00873794686
1.26270447e-06,2.10137914e-05,0.00874033011,8.31231591e-06,1.14639749e-06,1.15550774e-05,0,0.000101309444,4.47255297e-06,0.00873794779
1.2636051e-06,2.10217368e-05,0.00874032453,8.31638954e-06,1.14634224e-06,1.15590046e-05,0,0.0001013129,4.47629418e-06,0.00873795152
1.26450004e-06,2.09903628e-05,0.00874036085,8.30963927e-06,1.1176146e-06,1.15631083e-05,0,0.000101326375,4.48006995e-06,0.00873795338
1.26540237e-06,2.10334038e-05,0.00874032546,8.31036596e-06,1.15462603e-06,1.15684115e-05,0,0.000101346566,4.48384844e-06,0.00873795617
1.26630641e-06,2.10929411e-05,0.00874027796,8.31818488e-06,1.20254845e-06,1.15722078e-05,0,0.000101370875,4.48708579e-06,0.00873795897
1.26720374e-06,2.1101092e-05,0.00874028355,8.32741716e-06,1.1973251e-06,1.15763496e-05,0,0.000101402664,4.49037134e-06,0.00873796176
1.26810482e-06,2.10470844e-05,0.00874035154,8.32408386e-06,1.14092893e-06,1.15820712e-05,0,0.000101438345,4.49390427e-06,0.00873796549
1.26900545e-06,2.10838734e-05,0.00874033011,8.33035392e-06,1.16714318e-06,1.15863768e-05,0,0.000101479854,4.49730305e-06,0.00873796828
1.2699046e-06,2.11389488e-05,0.00874029379,8.34956245e-06,1.19629033e-06,1.1593097e-05,0,0.000101527403,4.50022162e-06,0.00873797107
1.27080489e-06,2.11580045e-05,0.00874030311,8.35947958e-06,1.19473998e-06,1.16037845e-05,0,0.000101578509,4.50313291e-06,0.00873797573
1.27170404e-06,2.11942715e-05,0.00874029938,8.35968422e-06,1.21430776e-06,1.16202791e-05,0,0.000101629339,4.50619655e-06,0.00873798039
1.27260626e-06,2.12630002e-05,0.00874025468,8.38280539e-06,1.24450946e-06,1.1635686e-05,0,0.000101679638,4.50896368e-06,0.00873798504
1.27350108e-06,2.1203412e-05,0.00874033291,8.39914901e-06,1.15828379e-06,1.16459787e-05,0,0.000101731799,4.5117763e-06,0.00873798877
1.27440251e-06,2.12084469e-05,0.00874034688,8.40309258e-06,1.14895852e-06,1.16563951e-05,0,0.000101783,4.51461665e-06,0.00873799343
1.27530143e-06,2.13076019e-05,0.0087402733,8.40457687e-06,1.24350356e-06,1.16595211e-05,0,0.000101838719,4.51739061e-06,0.00873799715
1.27620115e-06,2.13430121e-05,0.00874026958,8.40970733e-06,1.27112514e-06,1.16621804e-05,0,0.000101900012,4.52003496e-06,0.00873800088
1.27710109e-06,2.13748644e-05,0.00874027703,8.42505051e-06,1.28449881e-06,1.16653146e-05,0,0.000101971658,4.52261975e-06,0.0087380046
1.27800661e-06,2.13656895e-05,0.00874033757,8.43153066e-06,1.25206884e-06,1.16820911e-05,0,0.000102049977,4.52561335e-06,0.00873801019
1.27890223e-06,2.14312931e-05,0.00874031242,8.4315443e-06,1.28676277e-06,1.17129848e-05,0,0.000102116115,4.52842414e-06,0.00873801392
1.27980013e-06,2.15268628e-05,0.00874025468,8.44887927e-06,1.34553807e-06,1.17324462e-05,0,0.000102191523,4.5308675e-06,0.00873801857
1.28070315e-06,2.15043292e-05,0.0087403059,8.46529656e-06,1.29612238e-06,1.17429099e-05,0,0.000102273458,4.53355051e-06,0.00873802137
1.28160627e-06,2.15562759e-05,0.00874028727,8.47117371e-06,1.32578668e-06,1.17593154e-05,0,0.00010236416,4.53650591e-06,0.00873802695
1.28250201e-06,2.16748558e-05,0.00874020997,8.48963737e-06,1.40852399e-06,1.1776694e-05,0,0.000102457489,4.53933444e-06,0.00873803068
1.2834048e-06,2.16529916e-05,0.00874028821,8.5206002e-06,1.32913954e-06,1.18032513e-05,0,0.000102555459,4.54252677e-06,0.00873803534
1.28430167e-06,2.16140525e-05,0.00874037389,8.53691472e-06,1.24283815e-06,1.18342996e-05,0,0.000102642203,4.54668771e-06,0.00873803999
1.28520287e-06,2.17816341e-05,0.0087402612,8.54833161e-06,1.37420136e-06,1.18591015e-05,0,0.000102735408,4.55038617e-06,0.00873804465
1.28610327e-06,2.18377809e-05,0.00874021556,8.54098198e-06,1.40881832e-06,1.18879816e-05,0,0.000102783764,4.55353529e-06,0.00873805024
1.28700606e-06,2.16142471e-05,0.00874046609,8.44098577e-06,1.24604549e-06,1.19272154e-05,0,0.000102795784,4.56055022e-06,0.00873805955
1.28790339e-06,2.16481203e-05,0.00874043163,8.44638907e-06,1.25584631e-06,1.19458855e-05,0,0.000102795784,4.56593534e-06,0.00873806421
1.28880197e-06,2.1611846e-05,0.00874046795,8.43348334e-06,1.22256495e-06,1.19557981e-05,0,0.000102795784,4.56974794e-06,0.00873806886
1.28970294e-06,2.16309527e-05,0.00874045212,8.43695125e-06,1.23242285e-06,1.19615797e-05,0,0.000102795784,4.57321084e-06,0.00873807445
1.29060265e-06,2.16806293e-05,0.00874040741,8.44043552e-06,1.27496833e-06,1.1965225e-05,0,0.000102795784,4.57636133e-06,0.00873808376
1.29150294e-06,2.16958342e-05,0.00874039344,8.43557154e-06,1.29260422e-06,1.19676579e-05,0,0.000102795784,4.57947226e-06,0.00873808749
1.29240436e-06,2.1736696e-05,0.00874035526,8.4345611e-06,1.33184187e-06,1.19702936e-05,0,0.000102795784,4.58224349e-06,0.00873809308
1.29330385e-06,2.16314384e-05,0.00874046423,8.43501311e-06,1.22448557e-06,1.19719398e-05,0,0.000102795784,4.5849979e-06,0.0087380996
1.29420562e-06,2.16347053e-05,0.00874046329,8.4385747e-06,1.22285803e-06,1.19732731e-05,0,0.000102795784,4.58789282e-06,0.00873810519
1.29510636e-06,2.17145862e-05,0.00874038879,8.43344242e-06,1.30680212e-06,1.19743418e-05,0,0.000102795784,4.59024204e-06,0.00873811264
1.29600107e-06,2.17188917e-05,0.00874038786,8.43101225e-06,1.31275135e-06,1.19751285e-05,0,0.000102795784,4.59263674e-06,0.00873811822
1.29690181e-06,2.16955523e-05,0.00874041207,8.43452563e-06,1.28516206e-06,1.19758643e-05,0,0.000102795784,4.59516286e-06,0.00873812195
1.29780312e-06,2.1760703e-05,0.00874035247,8.43768157e-06,1.34626885e-06,1.19767528e-05,0,0.000102795784,4.59741932e-06,0.00873812847
1.29870398e-06,2.16986846e-05,0.00874041859,8.43153612e-06,1.28919214e-06,1.1977957e-05,0,0.000102795762,4.59945886e-06,0.00873813592
1.29960506e-06,2.1645279e-05,0.0087404754,8.43002908e-06,1.23612585e-06,1.1979123e-05,0,0.000102795762,4.60165802e-06,0.00873814151
1.3005058e-06,2.17160705e-05,0.00874040928,8.43509224e-06,1.30073101e-06,1.19802471e-05,0,0.000102795762,4.6043815e-06,0.00873814896
1.30140586e-06,2.18128971e-05,0.00874031521,8.43509406e-06,1.3964293e-06,1.1981374e-05,0,0.000102795762,4.60660112e-06,0.00873815361
1.30230558e-06,2.17491743e-05,0.00874038506,8.43194903e-06,1.33472076e-06,1.19825045e-05,0,0.000102795762,4.60882211e-06,0.00873816106
1.30320268e-06,2.17087781e-05,0.00874042884,8.42882764e-06,1.29586772e-06,1.19840834e-05,0,0.000102795762,4.61137461e-06,0.00873816758
1.30410206e-06,2.17438392e-05,0.00874039717,8.43464932e-06,1.3238847e-06,1.19853057e-05,0,0.000102795762,4.61379932e-06,0.0087381741
1.30500155e-06,2.17477354e-05,0.0087403981,8.43168073e-06,1.3295911e-06,1.19864635e-05,0,0.000102795762,4.61576929e-06,0.00873817969
1.30590047e-06,2.17387551e-05,0.00874041114,8.42705049e-06,1.32422895e-06,1.19874758e-05,0,0.000102795762,4.61796208e-06,0.00873818714
1.30680519e-06,2.17864854e-05,0.00874036644,8.43305315e-06,1.36476751e-06,1.19886654e-05,0,0.000102795762,4.62025537e-06,0.0087381918
1.30770366e-06,2.18276928e-05,0.00874033198,8.43436828e-06,1.40368343e-06,1.19896404e-05,0,0.000102795806,4.62213802e-06,0.00873820111
1.3086011e-06,2.17991055e-05,0.00874036551,8.42955524e-06,1.37941174e-06,1.19901379e-05,0,0.000102795879,4.62396565e-06,0.0087382067
1.30950446e-06,2.16922399e-05,0.00874047447,8.42580903e-06,1.2751525e-06,1.19912775e-05,0,0.00010279601,4.62613662e-06,0.00873821136
1.31040645e-06,2.17690922e-05,0.00874040462,8.43111229e-06,1.34544541e-06,1.19925353e-05,0,0.000102797159,4.62829166e-06,0.00873821974
1.31130162e-06,2.18557379e-05,0.00874032453,8.43580074e-06,1.42602755e-06,1.19939086e-05,0,0.000102798462,4.63004699e-06,0.00873822719
1.3122002e-06,2.18412169e-05,0.00874034315,8.43134876e-06,1.41513874e-06,1.1994729e-05,0,0.000102799044,4.63209199e-06,0.00873823371
1.31310458e-06,2.18183995e-05,0.00874037202,8.42725603e-06,1.39582107e-06,1.1995322e-05,0,0.000102799044,4.63435617e-06,0.00873824116
1.31400384e-06,2.17873148e-05,0.00874040555,8.4303274e-06,1.36111225e-06,1.19958759e-05,0,0.000102799087,4.63621245e-06,0.00873824582
1.31490162e-06,2.17768174e-05,0.00874042232,8.43047292e-06,1.34946276e-06,1.19968818e-05,0,0.000102799087,4.63816468e-06,0.0087382542
1.31580089e-06,2.18222576e-05,0.00874038413,8.42818827e-06,1.39621068e-06,1.19978577e-05,0,0.000102799087,4.64031928e-06,0.00873826351
1.31670663e-06,2.18896766e-05,0.00874031987,8.42977624e-06,1.46122443e-06,1.19986762e-05,0,0.000102799087,4.64236746e-06,0.0087382691
1.31760112e-06,2.18882815e-05,0.00874032825,8.43208363e-06,1.45677063e-06,1.19994265e-05,0,0.000102799087,4.64424238e-06,0.00873827748
1.31850516e-06,2.18238583e-05,0.0087404009,8.4312951e-06,1.39226529e-06,1.20002987e-05,0,0.000102799087,4.6469163e-06,0.00873828586
1.31940317e-06,2.18092609e-05,0.00874042045,8.4272624e-06,1.38080645e-06,1.20011928e-05,0,0.000102799087,4.64895584e-06,0.00873829331
1.32030141e-06,2.18608002e-05,0.00874037575,8.42853387e-06,1.43024783e-06,1.20020195e-05,0,0.000102799087,4.65103221e-06,0.00873830169
1.32120624e-06,2.19174581e-05,0.00874032173,8.43540329e-06,1.47937885e-06,1.20026762e-05,0,0.000102799189,4.65296534e-06,0.00873830728
1.32210278e-06,2.18732748e-05,0.00874037202,8.42828649e-06,1.44157582e-06,1.20034128e-05,0,0.000102799189,4.65463472e-06,0.00873831473
1.32300386e-06,2.18907189e-05,0.00874036271,8.42520421e-06,1.46164666e-06,1.20038685e-05,0,0.000102799189,4.65665471e-06,0.00873832498
1.32390164e-06,2.19378107e-05,0.00874032266,8.42961981e-06,1.50384915e-06,1.20043424e-05,0,0.000102799189,4.65842459e-06,0.00873833336
1.32480625e-06,2.18827936e-05,0.0087403832,8.43099588e-06,1.44688772e-06,1.2004909e-05,0,0.000102799189,4.65999528e-06,0.00873834081
1.32570369e-06,2.18286805e-05,0.0087404428,8.42889767e-06,1.39437157e-06,1.2005411e-05,0,0.000102799189,4.66172651e-06,0.00873834826
1.32660125e-06,2.19314861e-05,0.00874034688,8.42885493e-06,1.49675941e-06,1.20058721e-05,0,0.000102799189,4.66342453e-06,0.00873835664
1.32750517e-06,2.20312377e-05,0.00874025468,8.43127145e-06,1.59357273e-06,1.20063942e-05,0,0.000102799189,4.66497931e-06,0.00873836502
1.32840159e-06,2.19442609e-05,0.00874034595,8.43042289e-06,1.50698406e-06,1.20068526e-05,0,0.000102799189,4.66653046e-06,0.00873837154
1.32930552e-06,2.18744353e-05,0.00874042418,8.42844747e-06,1.43880595e-06,1.20071827e-05,0,0.000102799189,4.66821939e-06,0.00873838179
1.33020069e-06,2.18966743e-05,0.00874040835,8.42664576e-06,1.46222862e-06,1.20077993e-05,0,0.000102799189,4.66988104e-06,0.00873838924
1.33110439e-06,2.19856229e-05,0.00874032453,8.43180987e-06,1.54561576e-06,1.20081977e-05,0,0.000102799189,4.67149948e-06,0.00873839669
1.33200558e-06,2.2018954e-05,0.00874029845,8.4337662e-06,1.57607917e-06,1.20091081e-05,0,0.000102799189,4.67314931e-06,0.00873840507
1.33290143e-06,2.1980677e-05,0.00874034222,8.42656209e-06,1.54407098e-06,1.20100431e-05,0,0.000102799189,4.67507971e-06,0.00873841252
1.33380513e-06,2.19717604e-05,0.00874035712,8.42757163e-06,1.53330564e-06,1.20108834e-05,0,0.000102799386,4.67668315e-06,0.00873842184
1.33470496e-06,2.19561371e-05,0.00874037854,8.43334783e-06,1.51108634e-06,1.20117038e-05,0,0.000102799386,4.67825384e-06,0.00873842835
1.33560104e-06,2.19427511e-05,0.00874039717,8.43159069e-06,1.49859318e-06,1.2012566e-05,0,0.000102799386,4.68021562e-06,0.0087384358
1.33650383e-06,2.20415477e-05,0.00874030776,8.43353155e-06,1.59358569e-06,1.20144305e-05,0,0.000102799386,4.68205099e-06,0.00873844698
1.33740627e-06,2.20599322e-05,0.00874029286,8.43179168e-06,1.61209425e-06,1.20160466e-05,0,0.000102799386,4.68341341e-06,0.00873845257
1.33830156e-06,2.20101883e-05,0.0087403506,8.43333601e-06,1.55990256e-06,1.20169498e-05,0,0.000102799386,4.68511598e-06,0.00873846188
1.339204e-06,2.20183792e-05,0.00874034967,8.42991449e-06,1.57081899e-06,1.20176455e-05,0,0.000102799386,4.68696499e-06,0.0087384712
1.34010577e-06,2.2020653e-05,0.00874035433,8.42732425e-06,1.57489785e-06,1.20184304e-05,0,0.000102799386,4.68854159e-06,0.00873847958
1.34100151e-06,2.19986159e-05,0.00874038413,8.43135695e-06,1.54842724e-06,1.20188324e-05,0,0.000102799386,4.68992857e-06,0.00873848796
1.34190316e-06,2.20714392e-05,0.00874031801,8.43604266e-06,1.61584012e-06,1.20195573e-05,0,0.000102799386,4.69155293e-06,0.00873849634
1.34280492e-06,2.21359787e-05,0.0087402612,8.43198541e-06,1.68358429e-06,1.20204095e-05,0,0.000102799386,4.69307361e-06,0.00873850659
1.34370032e-06,2.20697748e-05,0.00874033384,8.42923873e-06,1.61950425e-06,1.20210325e-05,0,0.000102799386,4.69431188e-06,0.00873851404
1.34460265e-06,2.20185975e-05,0.00874039344,8.43518501e-06,1.56109388e-06,1.20223185e-05,0,0.0001027994,4.69571205e-06,0.00873852335
1.34550442e-06,2.20618003e-05,0.00874035712,8.43382077e-06,1.60508716e-06,1.20228924e-05,0,0.0001027994,4.69722545e-06,0.00873853266
1.3464047e-06,2.21140253e-05,0.00874031149,8.43066573e-06,1.65982863e-06,1.20235309e-05,0,0.0001027994,4.69864153e-06,0.00873854011
1.34730567e-06,2.21391947e-05,0.00874029566,8.43273847e-06,1.68202996e-06,1.20244249e-05,0,0.0001027994,4.69997622e-06,0.00873855036
1.34820561e-06,2.21261744e-05,0.00874031521,8.43640828e-06,1.66485063e-06,1.20249151e-05,0,0.0001027994,4.70137138e-06,0.00873855874
1.3491059e-06,2.21224018e-05,0.00874032825,8.43161524e-06,1.66522398e-06,1.20255627e-05,0,0.0001027994,4.70282112e-06,0.00873856898
1.35000641e-06,2.21271785e-05,0.00874032918,8.4325211e-06,1.66834229e-06,1.20263148e-05,0,0.0001027994,4.70418945e-06,0.00873857643
1.35089999e-06,2.20698021e-05,0.00874039344,8.43416456e-06,1.60859292e-06,1.20270442e-05,0,0.0001027994,4.70563009e-06,0.00873858575
1.35180005e-06,2.21491337e-05,0.00874032266,8.43702765e-06,1.68442102e-06,1.20276845e-05,0,0.0001027994,4.70726491e-06,0.00873859506
1.35270068e-06,2.22375857e-05,0.00874024071,8.4341209e-06,1.77541665e-06,1.20280483e-05,0,0.0001027994,4.70843588e-06,0.00873860344
1.35360051e-06,2.21803602e-05,0.00874030776,8.43047474e-06,1.7214652e-06,1.20284212e-05,0,0.000102799473,4.7096546e-06,0.00873861369
1.35450614e-06,2.21323844e-05,0.00874036271,8.43644648e-06,1.66689131e-06,1.2029047e-05,0,0.000102799473,4.71109843e-06,0.00873862207
1.35540608e-06,2.2153843e-05,0.00874034967,8.43465932e-06,1.68967176e-06,1.20295117e-05,0,0.000102799473,4.71254225e-06,0.00873863231
1.35630603e-06,2.21829796e-05,0.00874032732,8.43265479e-06,1.72032765e-06,1.20299974e-05,0,0.000102799473,4.71373642e-06,0.00873863976
1.35720393e-06,2.22153449e-05,0.00874030497,8.43245107e-06,1.75248147e-06,1.20304139e-05,0,0.000102799473,4.71496742e-06,0.00873865187
1.35810353e-06,2.22556391e-05,0.00874027144,8.43683483e-06,1.78808807e-06,1.2030715e-05,0,0.000102799473,4.71650173e-06,0.00873865932
1.35900268e-06,2.2251008e-05,0.00874028448,8.43512044e-06,1.7838795e-06,1.20320074e-05,0,0.000102799473,4.71777594e-06,0.00873866957
1.35990183e-06,2.21705268e-05,0.00874037482,8.42959071e-06,1.70776798e-06,1.20331688e-05,0,0.000102799517,4.71896419e-06,0.00873868074
1.36080087e-06,2.21848022e-05,0.00874036737,8.43350881e-06,1.71784779e-06,1.20334462e-05,0,0.000102799517,4.72035163e-06,0.00873868819
1.36170536e-06,2.22704311e-05,0.00874029007,8.43760063e-06,1.79900201e-06,1.203383e-05,0,0.000102799517,4.72158081e-06,0.00873869751
1.36260417e-06,2.23056195e-05,0.00874026306,8.43631824e-06,1.83497264e-06,1.20343284e-05,0,0.000102799517,4.72261627e-06,0.00873870775
1.36350275e-06,2.22713206e-05,0.00874030776,8.43180806e-06,1.80485733e-06,1.20346549e-05,0,0.000102799517,4.72371585e-06,0.00873871893
1.36440133e-06,2.22725703e-05,0.00874031335,8.4330386e-06,1.8043861e-06,1.20351451e-05,0,0.000102799517,4.7250046e-06,0.00873872731
1.36530616e-06,2.22684212e-05,0.00874032732,8.43532689e-06,1.79739516e-06,1.2035699e-05,0,0.000102799517,4.72605461e-06,0.00873873848
1.3662044e-06,2.22607505e-05,0.00874034315,8.43496582e-06,1.78971618e-06,1.20360683e-05,0,0.000102799517,4.72715783e-06,0.0087387478
1.36710264e-06,2.22877497e-05,0.00874032546,8.43091402e-06,1.82020869e-06,1.20366267e-05,0,0.000102799517,4.72853662e-06,0.00873875804
1.36800043e-06,2.23751867e-05,0.00874024723,8.43454836e-06,1.90367859e-06,1.20369587e-05,0,0.000102799517,4.72983675e-06,0.00873876829
1.36890469e-06,2.23714287e-05,0.0087402584,8.43772523e-06,1.89581965e-06,1.20378836e-05,0,0.000102799517,4.73096088e-06,0.0087387776
1.369801e-06,2.23017942e-05,0.00874033663,8.43462385e-06,1.82887607e-06,1.20382947e-05,0,0.000102799524,4.73215505e-06,0.00873878691
1.37070401e-06,2.22683975e-05,0.00874037948,8.43272574e-06,1.79693711e-06,1.20387349e-05,0,0.000102799524,4.73353748e-06,0.00873879716
1.37160123e-06,2.2341741e-05,0.00874031428,8.43657836e-06,1.86604575e-06,1.20391178e-05,0,0.000102799524,4.73488808e-06,0.0087388074
1.37250458e-06,2.24318956e-05,0.00874023233,8.43577163e-06,1.95657753e-06,1.20395453e-05,0,0.000102799524,4.7359199e-06,0.00873881672
1.37340123e-06,2.24050455e-05,0.00874027051,8.43269663e-06,1.93239816e-06,1.20399509e-05,0,0.000102799524,4.73695991e-06,0.00873882882
1.37430459e-06,2.23456736e-05,0.00874033663,8.432713e-06,1.87217881e-06,1.20407822e-05,0,0.000102799524,4.73823638e-06,0.0087388372
1.37520124e-06,2.23857533e-05,0.00874030869,8.43715679e-06,1.90735841e-06,1.20412387e-05,0,0.000102799524,4.73930459e-06,0.00873884931
1.37610448e-06,2.23765728e-05,0.00874032639,8.43521229e-06,1.89995444e-06,1.20414052e-05,0,0.000102799524,4.74024637e-06,0.00873885956
1.37700113e-06,2.23847437e-05,0.00874032732,8.43391354e-06,1.90915148e-06,1.20416789e-05,0,0.000102799524,4.74138687e-06,0.0087388698
1.37790403e-06,2.24714549e-05,0.00874025002,8.43378348e-06,1.99578722e-06,1.20418836e-05,0,0.000102799524,4.74245417e-06,0.00873888005
1.37880011e-06,2.24851319e-05,0.00874024723,8.43601811e-06,2.00700356e-06,1.20421091e-05,0,0.000102799524,4.74337094e-06,0.00873889215
1.37970267e-06,2.2399232e-05,0.00874034036,8.4348394e-06,1.92208745e-06,1.20423056e-05,0,0.000102799524,4.74453554e-06,0.00873890053
1.380605e-06,2.24346022e-05,0.00874031708,8.43688304e-06,1.95469465e-06,1.20430241e-05,0,0.000102799524,4.74563694e-06,0.00873891357
1.38150097e-06,2.24612104e-05,0.00874030031,8.4366302e-06,1.98112889e-06,1.20434524e-05,0,0.000102799524,4.7466142e-06,0.00873892382
1.38240307e-06,2.24518062e-05,0.00874031801,8.43500584e-06,1.97314762e-06,1.20436516e-05,0,0.000102799524,4.7477256e-06,0.00873893406
1.38330518e-06,2.25306412e-05,0.00874025002,8.43317048e-06,2.05350989e-06,1.20439609e-05,0,0.000102799524,4.74892431e-06,0.00873894524
1.38420035e-06,2.25619824e-05,0.0087402286,8.43344878e-06,2.08416623e-06,1.20443665e-05,0,0.000102799524,4.74990838e-06,0.00873895641
1.3851004e-06,2.24566629e-05,0.00874034408,8.4363146e-06,1.97569284e-06,1.20446548e-05,0,0.000102799524,4.75086972e-06,0.00873896759
1.38600114e-06,2.24427749e-05,0.00874036737,8.43821999e-06,1.95953294e-06,1.20450231e-05,0,0.000102799524,4.75210982e-06,0.00873897783
1.38690245e-06,2.2538421e-05,0.00874028169,8.4355388e-06,2.05711308e-06,1.20457698e-05,0,0.000102799524,4.75331171e-06,0.00873898994
1.38780354e-06,2.25946751e-05,0.00874023512,8.43558792e-06,2.11297152e-06,1.20461164e-05,0,0.00010279956,4.75424486e-06,0.00873900019
1.38870416e-06,2.25798431e-05,0.00874025933,8.43812177e-06,2.09540281e-06,1.20463183e-05,0,0.00010279956,4.75520392e-06,0.00873901043
1.3896049e-06,2.25201256e-05,0.00874032918,8.43505677e-06,2.03848435e-06,1.20465838e-05,0,0.00010279956,4.75629213e-06,0.00873902254
1.3905053e-06,2.25538224e-05,0.00874030683,8.4330095e-06,2.07398011e-06,1.20468321e-05,0,0.000102799597,4.75737806e-06,0.00873903465
1.3914057e-06,2.25942022e-05,0.0087402761,8.43507769e-06,2.1118949e-06,1.20472296e-05,0,0.000102799597,4.75816296e-06,0.00873904489
1.39230576e-06,2.25608037e-05,0.00874031987,8.43669841e-06,2.07666017e-06,1.20474451e-05,0,0.000102799597,4.75908155e-06,0.00873905513
1.39320548e-06,2.26022858e-05,0.00874029007,8.43719954e-06,2.11747533e-06,1.20476116e-05,0,0.000102799597,4.76021887e-06,0.0087390691
1.39410531e-06,2.26883294e-05,0.00874021277,8.4362855e-06,2.20404991e-06,1.20479945e-05,0,0.000102799597,4.76105652e-06,0.00873907842
1.39500469e-06,2.26247648e-05,0.00874028821,8.43808994e-06,2.13847989e-06,1.20481955e-05,0,0.000102799619,4.76185414e-06,0.00873909052
1.39590179e-06,2.2576116e-05,0.00874034781,8.44229453e-06,2.08546544e-06,1.20483555e-05,0,0.000102799633,4.76291962e-06,0.00873910356
1.39680071e-06,2.26177981e-05,0.00874031428,8.43560611e-06,2.13370299e-06,1.20484892e-05,0,0.000102799633,4.7640533e-06,0.00873911195
1.39770623e-06,2.26894517e-05,0.00874025468,8.43284852e-06,2.20790116e-06,1.2048702e-05,0,0.000102799633,4.76496507e-06,0.00873912498
1.39860481e-06,2.27059008e-05,0.00874024816,8.43785347e-06,2.21914001e-06,1.20489076e-05,0,0.000102799633,4.76596415e-06,0.00873913616
1.39950293e-06,2.26959291e-05,0.00874026865,8.44055194e-06,2.20612628e-06,1.20492514e-05,0,0.000102799633,4.76716286e-06,0.00873914734
1.40040027e-06,2.26859229e-05,0.00874028914,8.43528687e-06,2.2010347e-06,1.20496006e-05,0,0.000102799633,4.7681774e-06,0.00873915944
1.40130476e-06,2.26475204e-05,0.0087403385,8.43597172e-06,2.16168814e-06,1.20498607e-05,0,0.000102799633,4.76905552e-06,0.00873917062
1.40220254e-06,2.26765405e-05,0.00874031894,8.44152146e-06,2.18453192e-06,1.20504874e-05,0,0.000102799648,4.77025696e-06,0.00873918273
1.40310578e-06,2.27839955e-05,0.00874022208,8.44041188e-06,2.29286161e-06,1.2050722e-05,0,0.000102799684,4.7713238e-06,0.0087391939
1.40400095e-06,2.27996443e-05,0.00874021742,8.43679391e-06,2.31172316e-06,1.20511277e-05,0,0.000102799684,4.7720896e-06,0.00873920508
1.40490476e-06,2.27123801e-05,0.00874031615,8.43616272e-06,2.22489621e-06,1.20513223e-05,0,0.000102799684,4.77305957e-06,0.00873921718
1.40580164e-06,2.27040091e-05,0.00874033477,8.43969519e-06,2.21287564e-06,1.20514387e-05,0,0.000102799684,4.77422327e-06,0.00873922929
1.40670454e-06,2.27773508e-05,0.00874027237,8.4411131e-06,2.28446629e-06,1.20517716e-05,0,0.000102799684,4.77517324e-06,0.00873924047
1.40760073e-06,2.27993369e-05,0.00874026213,8.43698399e-06,2.30959358e-06,1.20527593e-05,0,0.000102799691,4.77598178e-06,0.00873925351
1.40850364e-06,2.27934252e-05,0.00874027703,8.43511953e-06,2.30527007e-06,1.20530358e-05,0,0.000102799728,4.77699814e-06,0.00873926468
1.40940358e-06,2.28394019e-05,0.00874024443,8.44122678e-06,2.34484651e-06,1.20533296e-05,0,0.000102799728,4.77807725e-06,0.00873927772
1.41030569e-06,2.28309018e-05,0.0087402612,8.44096303e-06,2.33640844e-06,1.20535296e-05,0,0.000102799728,4.77889216e-06,0.00873928703
1.41120177e-06,2.27665732e-05,0.00874033757,8.43800626e-06,2.27487089e-06,1.20536961e-05,0,0.000102799728,4.7798676e-06,0.008739301
1.41210342e-06,2.28141507e-05,0.00874030311,8.43928956e-06,2.32104389e-06,1.2053817e-05,0,0.000102799728,4.78082893e-06,0.00873931404
1.41300461e-06,2.2887476e-05,0.00874024071,8.44250098e-06,2.39095448e-06,1.20540208e-05,0,0.000102799728,4.78173433e-06,0.00873932615
1.41390558e-06,2.29154211e-05,0.00874022394,8.44147144e-06,2.4197152e-06,1.20542336e-05,0,0.000102799728,4.78259653e-06,0.00873933826
1.41480632e-06,2.28734807e-05,0.00874027796,8.43955877e-06,2.37863105e-06,1.20552913e-05,0,0.000102799728,4.78344646e-06,0.00873935129
1.4157049e-06,2.28635072e-05,0.00874029752,8.43863654e-06,2.36909159e-06,1.20557788e-05,0,0.000102799728,4.78447237e-06,0.00873936247
1.41660462e-06,2.28797708e-05,0.00874029472,8.44154329e-06,2.38210168e-06,1.20561253e-05,0,0.000102799728,4.78537822e-06,0.00873937551
1.41750434e-06,2.2898641e-05,0.00874028541,8.4409121e-06,2.40135569e-06,1.20563727e-05,0,0.000102799728,4.7863432e-06,0.00873938669
1.4184061e-06,2.29545076e-05,0.00874023978,8.44276565e-06,2.45492424e-06,1.20568175e-05,0,0.000102799728,4.78751372e-06,0.00873939879
1.41930457e-06,2.29742309e-05,0.00874023233,8.44046099e-06,2.47622052e-06,1.20575487e-05,0,0.000102799728,4.78845368e-06,0.00873941183
1.42020281e-06,2.2950393e-05,0.00874026679,8.44406895e-06,2.44836906e-06,1.20579543e-05,0,0.000102799728,4.78924221e-06,0.00873942208
1.42110036e-06,2.29208727e-05,0.00874030683,8.44248189e-06,2.42018132e-06,1.2058209e-05,0,0.000102799728,4.79034179e-06,0.00873943418
1.4220044e-06,2.29399775e-05,0.00874030031,8.43900034e-06,2.44249395e-06,1.20584828e-05,0,0.000102799757,4.79143546e-06,0.00873944722
1.42290162e-06,2.2992439e-05,0.0087402584,8.44155329e-06,2.4920962e-06,1.20587893e-05,0,0.000102799757,4.79234177e-06,0.00873946026
1.42380497e-06,2.30417209e-05,0.00874022208,8.44379065e-06,2.53884946e-06,1.20590812e-05,0,0.000102799757,4.79315986e-06,0.0087394733
1.42470151e-06,2.30329024e-05,0.00874024164,8.44204351e-06,2.53156713e-06,1.20592913e-05,0,0.000102799757,4.79412438e-06,0.00873948541
1.42560452e-06,2.30091046e-05,0.0087402761,8.44212718e-06,2.50744006e-06,1.20595359e-05,0,0.000102799757,4.79512846e-06,0.00873949658
1.42650038e-06,2.29899942e-05,0.00874030683,8.44412625e-06,2.48615061e-06,1.20597178e-05,0,0.000102799757,4.79585651e-06,0.00873950962
1.42740271e-06,2.3007633e-05,0.00874030124,8.44237184e-06,2.50534799e-06,1.20599125e-05,0,0.000102799757,4.79662049e-06,0.00873952173
1.4283039e-06,2.31034355e-05,0.00874021649,8.44062833e-06,2.60272645e-06,1.20600816e-05,0,0.000102799757,4.79746404e-06,0.00873953383
1.42920578e-06,2.31122012e-05,0.00874021929,8.44168426e-06,2.61027822e-06,1.20602381e-05,0,0.000102799757,4.79816708e-06,0.00873954594
1.43010072e-06,2.30815604e-05,0.0087402612,8.44368515e-06,2.57736247e-06,1.20605118e-05,0,0.000102799757,4.79881828e-06,0.00873955805
1.43100226e-06,2.30330115e-05,0.00874032266,8.44287842e-06,2.52939776e-06,1.20607347e-05,0,0.000102799757,4.7996341e-06,0.00873957109
1.43190334e-06,2.3088709e-05,0.00874027796,8.44326132e-06,2.58456294e-06,1.20608847e-05,0,0.000102799757,4.80044264e-06,0.00873958413
1.43280454e-06,2.31604445e-05,0.00874021742,8.44527312e-06,2.6540763e-06,1.20610957e-05,0,0.000102799757,4.8011525e-06,0.0087395953
1.43370494e-06,2.31200902e-05,0.00874026958,8.44577062e-06,2.61293235e-06,1.20613868e-05,0,0.000102799757,4.80205017e-06,0.00873960834
1.43460568e-06,2.31392733e-05,0.00874026213,8.44391889e-06,2.63377297e-06,1.20615814e-05,0,0.000102799757,4.80300969e-06,0.00873962045
1.43550642e-06,2.31980121e-05,0.0087402137,8.44503211e-06,2.69093971e-06,1.20620407e-05,0,0.000102799757,4.80378685e-06,0.00873963162
1.43640329e-06,2.31383947e-05,0.00874028634,8.44512488e-06,2.63084371e-06,1.20624263e-05,0,0.000102799757,4.80461813e-06,0.00873964559
1.43730369e-06,2.31174581e-05,0.00874031801,8.44494207e-06,2.60978527e-06,1.2062731e-05,0,0.000102799757,4.80569588e-06,0.00873965677
1.43820387e-06,2.3196777e-05,0.00874025002,8.44300575e-06,2.69063389e-06,1.20631366e-05,0,0.000102799757,4.80660856e-06,0.00873966981
1.43910393e-06,2.32527873e-05,0.00874020532,8.4465064e-06,2.74278614e-06,1.20634932e-05,0,0.000102799757,4.80736617e-06,0.00873968191
1.44000364e-06,2.32518523e-05,0.00874021742,8.4467265e-06,2.74136073e-06,1.20637651e-05,0,0.000102799757,4.80818926e-06,0.00873969402
1.44090359e-06,2.31914328e-05,0.00874028914,8.44496662e-06,2.68237318e-06,1.20640925e-05,0,0.000102799757,4.80917197e-06,0.00873970613
1.44180342e-06,2.31904014e-05,0.00874030124,8.44397164e-06,2.68200415e-06,1.20644263e-05,0,0.000102799757,4.81004963e-06,0.00873971824
1.44270291e-06,2.32407128e-05,0.00874026306,8.44623992e-06,2.72967441e-06,1.20647992e-05,0,0.000102799757,4.81069765e-06,0.00873973127
1.44360638e-06,2.32898092e-05,0.00874022674,8.44654096e-06,2.7781598e-06,1.20651075e-05,0,0.000102799757,4.81151847e-06,0.00873974431
1.44450564e-06,2.33155915e-05,0.00874021277,8.44585338e-06,2.80428048e-06,1.20654577e-05,0,0.000102799757,4.81237657e-06,0.00873975642
1.44540479e-06,2.33025439e-05,0.00874023698,8.44828355e-06,2.78843504e-06,1.20658251e-05,0,0.000102799757,4.81299594e-06,0.00873976853
1.44630349e-06,2.32530183e-05,0.00874029845,8.44932038e-06,2.73771025e-06,1.20659879e-05,0,0.000102799815,4.81374354e-06,0.00873978157
1.4472015e-06,2.32656603e-05,0.00874029752,8.44670012e-06,2.7526612e-06,1.2066299e-05,0,0.000102799815,4.81465759e-06,0.00873979367
1.44810031e-06,2.33567735e-05,0.00874021649,8.44249644e-06,2.84744192e-06,1.20668365e-05,0,0.000102799815,4.8153488e-06,0.00873980485
1.44900525e-06,2.33652008e-05,0.00874022208,8.44530587e-06,2.8527686e-06,1.20671257e-05,0,0.000102799815,4.81601455e-06,0.00873981975
1.44990315e-06,2.33406045e-05,0.00874025654,8.44927763e-06,2.82389897e-06,1.20674276e-05,0,0.000102799815,4.81688903e-06,0.00873983093
1.45080094e-06,2.33737119e-05,0.00874023512,8.44933857e-06,2.85642886e-06,1.20679451e-05,0,0.000102799815,4.81762436e-06,0.0087398421
1.45170532e-06,2.33564278e-05,0.00874026492,8.44792248e-06,2.84002704e-06,1.20684781e-05,0,0.000102799815,4.81821189e-06,0.00873985607
1.45260287e-06,2.33279479e-05,0.00874030497,8.44782699e-06,2.81126563e-06,1.20688555e-05,0,0.000102799815,4.8189786e-06,0.00873986818
1.4535002e-06,2.34022282e-05,0.00874024257,8.44814167e-06,2.88486376e-06,1.2069223e-05,0,0.000102799815,4.81987718e-06,0.00873988122
1.45440379e-06,2.34727413e-05,0.00874018297,8.4498588e-06,2.953288e-06,1.20695959e-05,0,0.000102799815,4.82055884e-06,0.00873989239
1.45530078e-06,2.34456293e-05,0.00874022301,8.44816896e-06,2.9274297e-06,1.20700315e-05,0,0.000102799815,4.82120413e-06,0.00873990636
1.45620413e-06,2.33915616e-05,0.00874028821,8.45167506e-06,2.86938325e-06,1.20705026e-05,0,0.000102799815,4.82208725e-06,0.00873991847
1.45710044e-06,2.34004183e-05,0.008740291,8.45313389e-06,2.87644093e-06,1.20708437e-05,0,0.000102799815,4.82300266e-06,0.00873993058
1.45800584e-06,2.34654945e-05,0.00874023885,8.44734041e-06,2.94682854e-06,1.20713266e-05,0,0.000102799815,4.82380983e-06,0.00873994455
1.45890215e-06,2.34966246e-05,0.00874021836,8.44765964e-06,2.97728729e-06,1.20716768e-05,0,0.000102799815,4.82458108e-06,0.00873995572
1.45980414e-06,2.35160405e-05,0.00874021091,8.45102022e-06,2.99295993e-06,1.20720615e-05,0,0.000102799815,4.82539781e-06,0.00873996876
1.46070022e-06,2.35030639e-05,0.00874023605,8.45196973e-06,2.97846259e-06,1.20726327e-05,0,0.000102799815,4.82609812e-06,0.00873998087
1.46160244e-06,2.34682157e-05,0.00874028262,8.45057457e-06,2.94465417e-06,1.20729874e-05,0,0.000102799815,4.8267525e-06,0.00873999391
1.46250466e-06,2.34814688e-05,0.00874028169,8.45054001e-06,2.95771224e-06,1.20732175e-05,0,0.000102799815,4.82749556e-06,0.00874000695
1.46340028e-06,2.35535917e-05,0.00874022208,8.45329487e-06,3.02661988e-06,1.20736777e-05,0,0.000102799815,4.82818223e-06,0.00874001998
1.46430239e-06,2.35802272e-05,0.00874020718,8.45318391e-06,3.05297681e-06,1.20740679e-05,0,0.000102799801,4.82882888e-06,0.00874003209
1.46520404e-06,2.35728658e-05,0.00874022767,8.45064369e-06,3.04781406e-06,1.20744089e-05,0,0.000102799815,4.82955147e-06,0.00874004606
1.4661058e-06,2.35621519e-05,0.00874025002,8.45161685e-06,3.03556885e-06,1.20749655e-05,0,0.000102799815,4.83041958e-06,0.0087400591
1.46700097e-06,2.35665248e-05,0.00874025747,8.45140858e-06,3.03975025e-06,1.20753666e-05,0,0.000102799815,4.83123131e-06,0.00874007121
1.46790194e-06,2.35761672e-05,0.00874026306,8.45408704e-06,3.04616424e-06,1.2075915e-05,0,0.000102799815,4.83199483e-06,0.00874008704
1.46880325e-06,2.35969983e-05,0.00874025188,8.44973965e-06,3.07103983e-06,1.20762197e-05,0,0.000102799815,4.8329016e-06,0.00874009822
1.46970444e-06,2.36810884e-05,0.0087401811,8.45409522e-06,3.15023135e-06,1.20767618e-05,0,0.000102799815,4.83372105e-06,0.00874011219
1.47060382e-06,2.36720298e-05,0.00874020252,8.45470095e-06,3.13932674e-06,1.20780023e-05,0,0.000102799837,4.8343868e-06,0.00874012522
1.47150467e-06,2.36111846e-05,0.00874027517,8.4526082e-06,3.07988239e-06,1.20786945e-05,0,0.000102799837,4.83506938e-06,0.00874013733
1.47240553e-06,2.36023625e-05,0.00874029566,8.4483072e-06,3.07485152e-06,1.20792038e-05,0,0.000102799837,4.83586928e-06,0.00874015037
1.47330604e-06,2.36785145e-05,0.00874023419,8.4509511e-06,3.14789531e-06,1.20796685e-05,0,0.000102799837,4.8366478e-06,0.00874016527
1.4742061e-06,2.37439253e-05,0.00874018017,8.45522936e-06,3.20866138e-06,1.20800341e-05,0,0.000102799837,4.83719396e-06,0.00874017738
1.47510616e-06,2.37173426e-05,0.00874021929,8.45628801e-06,3.1807831e-06,1.20802715e-05,0,0.000102799859,4.83782514e-06,0.00874019135
1.47600599e-06,2.36925462e-05,0.00874025654,8.45238083e-06,3.15960006e-06,1.20805662e-05,0,0.000102799859,4.83865324e-06,0.00874020439
1.47690548e-06,2.37244749e-05,0.00874023698,8.45328395e-06,3.19020887e-06,1.20809827e-05,0,0.000102799859,4.83929534e-06,0.00874021649
1.47780463e-06,2.37184577e-05,0.00874025654,8.45499108e-06,3.18208845e-06,1.20813784e-05,0,0.000102799859,4.83982558e-06,0.00874023046
1.47870367e-06,2.3729066e-05,0.00874025654,8.45550949e-06,3.19179458e-06,1.20817631e-05,0,0.000102799859,4.84050406e-06,0.00874024257
1.47960213e-06,2.38034772e-05,0.008740196,8.4534604e-06,3.26749614e-06,1.20825207e-05,0,0.000102799859,4.84119346e-06,0.00874025654
1.4805006e-06,2.3825356e-05,0.00874018669,8.45451632e-06,3.28751594e-06,1.20833247e-05,0,0.000102799851,4.84181601e-06,0.00874027051
1.48139998e-06,2.37860113e-05,0.00874023698,8.45551313e-06,3.24667371e-06,1.20838249e-05,0,0.000102799851,4.84246902e-06,0.00874028262
1.48230413e-06,2.37430922e-05,0.00874029379,8.45327577e-06,3.20585445e-06,1.20839613e-05,0,0.000102799851,4.84322209e-06,0.00874029659
1.48320078e-06,2.37916483e-05,0.00874025747,8.45284376e-06,3.25449037e-06,1.20843151e-05,0,0.000102799851,4.84397515e-06,0.00874030963
1.48410174e-06,2.38760367e-05,0.00874018669,8.45764225e-06,3.33387561e-06,1.20845189e-05,0,0.000102799881,4.84466e-06,0.0087403236
1.48500544e-06,2.38737903e-05,0.00874020066,8.46002513e-06,3.32906757e-06,1.20846971e-05,0,0.000102799881,4.84544034e-06,0.00874033663
1.48590254e-06,2.38644225e-05,0.00874022394,8.4573021e-06,3.32219065e-06,1.2084929e-05,0,0.000102799902,4.84620205e-06,0.0087403506
1.48680351e-06,2.38582961e-05,0.00874024071,8.45481736e-06,3.31792239e-06,1.20855575e-05,0,0.000102799902,4.84685916e-06,0.00874036271
1.48770027e-06,2.38420889e-05,0.00874027051,8.45371414e-06,3.30205012e-06,1.20863242e-05,0,0.000102799902,4.84760403e-06,0.00874037575
1.48860317e-06,2.38739303e-05,0.00874025188,8.45757859e-06,3.32962486e-06,1.20867262e-05,0,0.000102799902,4.84845577e-06,0.00874039065
1.48950505e-06,2.39516648e-05,0.00874018576,8.45912746e-06,3.405489e-06,1.20870491e-05,0,0.000102799902,4.84909515e-06,0.00874040276
1.49040068e-06,2.39690944e-05,0.0087401811,8.45869999e-06,3.42305884e-06,1.20873365e-05,0,0.000102799902,4.84960492e-06,0.00874041673
1.49130278e-06,2.39153542e-05,0.0087402463,8.45663726e-06,3.37102165e-06,1.20876948e-05,0,0.000102799931,4.85035434e-06,0.00874042884
1.49220489e-06,2.39268502e-05,0.00874024723,8.45672366e-06,3.38205086e-06,1.2088075e-05,0,0.000102799931,4.85110786e-06,0.00874044187
1.49310017e-06,2.39345118e-05,0.00874025188,8.45819341e-06,3.38788277e-06,1.20884351e-05,0,0.000102799961,4.85169676e-06,0.00874045398
1.49400137e-06,2.39533056e-05,0.00874024536,8.45776322e-06,3.4067657e-06,1.20887771e-05,0,0.000102799961,4.85227838e-06,0.00874046795
1.49490234e-06,2.40370682e-05,0.00874017272,8.4598887e-06,3.48793219e-06,1.20892482e-05,0,0.000102799961,4.85301871e-06,0.00874047913
1.49580319e-06,2.40452246e-05,0.00874017831,8.45928298e-06,3.49583911e-06,1.20901032e-05,0,0.000102799961,4.85362716e-06,0.0087404931
1.49670359e-06,2.39871952e-05,0.00874024816,8.457484e-06,3.43918077e-06,1.20905306e-05,0,0.000102799961,4.8541674e-06,0.00874050613
1.49760388e-06,2.39589954e-05,0.00874028821,8.46001331e-06,3.40815745e-06,1.20908253e-05,0,0.000102799961,4.85478995e-06,0.00874051824
1.49850393e-06,2.40204099e-05,0.00874023885,8.45802424e-06,3.47122318e-06,1.20911627e-05,0,0.000102799961,4.85547389e-06,0.00874053128
1.49940354e-06,2.41033176e-05,0.00874016713,8.45865907e-06,3.55314887e-06,1.20915092e-05,0,0.000102799961,4.85604323e-06,0.00874054339
1.50030303e-06,2.40942463e-05,0.00874018762,8.46209878e-06,3.54003669e-06,1.20921113e-05,0,0.000102799961,4.85661758e-06,0.0087405555
1.50120241e-06,2.40554218e-05,0.00874023885,8.459323e-06,3.50367804e-06,1.20924196e-05,0,0.000102799961,4.85734199e-06,0.00874056853
1.50210133e-06,2.40606969e-05,0.00874024536,8.45735758e-06,3.51034714e-06,1.20929917e-05,0,0.000102799961,4.85804048e-06,0.00874058064
1.50300616e-06,2.40810259e-05,0.00874023698,8.46103012e-06,3.5259086e-06,1.20940867e-05,0,0.000102799961,4.85864348e-06,0.00874059275
1.50390417e-06,2.41096332e-05,0.00874022115,8.4625517e-06,3.55240581e-06,1.20946761e-05,0,0.000102799961,4.85937881e-06,0.00874060672
1.50480219e-06,2.41367452e-05,0.00874020439,8.46138755e-06,3.58036255e-06,1.20949944e-05,0,0.00010279999,4.86016552e-06,0.00874061789
1.50570645e-06,2.41659272e-05,0.00874018855,8.4582307e-06,3.61231764e-06,1.20953782e-05,0,0.00010279999,4.86073668e-06,0.00874063186
1.50660401e-06,2.41522848e-05,0.00874021463,8.46003877e-06,3.596635e-06,1.20956111e-05,0,0.00010279999,4.86138697e-06,0.0087406449
1.50750134e-06,2.41270172e-05,0.00874025095,8.46323928e-06,3.56794908e-06,1.20958293e-05,0,0.00010279999,4.86215822e-06,0.00874065608
1.50840458e-06,2.41536436e-05,0.00874023698,8.46525018e-06,3.59200976e-06,1.20963832e-05,0,0.00010279999,4.86289491e-06,0.00874067005
1.509301e-06,2.4175235e-05,0.00874022674,8.46054445e-06,3.61778416e-06,1.20969062e-05,0,0.00010279999,4.86344743e-06,0.00874068215
1.51020367e-06,2.42167898e-05,0.00874019694,8.46184503e-06,3.65722804e-06,1.20977174e-05,0,0.00010279999,4.86401814e-06,0.00874069426
1.51110601e-06,2.42628939e-05,0.00874016434,8.46275634e-06,3.70167413e-06,1.20984632e-05,0,0.00010279999,4.86471936e-06,0.00874070823
1.51200186e-06,2.42244314e-05,0.0087402137,8.45993054e-06,3.66553604e-06,1.20989653e-05,0,0.000102800012,4.86531007e-06,0.00874072034
1.51290396e-06,2.41644921e-05,0.00874028634,8.46003695e-06,3.60515332e-06,1.20993018e-05,0,0.000102800012,4.86580757e-06,0.00874073338
1.51380561e-06,2.42144943e-05,0.00874024909,8.46344392e-06,3.6513411e-06,1.20997092e-05,0,0.000102800012,4.86636691e-06,0.00874074642
1.51470044e-06,2.43053219e-05,0.008740169,8.46748753e-06,3.73790385e-06,1.20999302e-05,0,0.000102800012,4.8668835e-06,0.00874075759
1.5156013e-06,2.4327037e-05,0.00874016061,8.46558669e-06,3.76092476e-06,1.21005251e-05,0,0.000102800012,4.86733552e-06,0.00874077156
1.51650158e-06,2.42765964e-05,0.00874022301,8.45906743e-06,3.71667556e-06,1.21008525e-05,0,0.000102800012,4.86783119e-06,0.00874078367
1.51740187e-06,2.42543829e-05,0.00874025747,8.46094827e-06,3.69219219e-06,1.21012436e-05,0,0.000102800012,4.86836052e-06,0.00874079671
1.5183017e-06,2.42809492e-05,0.0087402435,8.46477724e-06,3.71413944e-06,1.2102033e-05,0,0.000102800012,4.86890258e-06,0.00874080975
1.51920176e-06,2.43414852e-05,0.00874019507,8.46594321e-06,3.77277729e-06,1.21027651e-05,0,0.000102800012,4.86942645e-06,0.00874082185
1.52010159e-06,2.43572922e-05,0.00874019135,8.46326384e-06,3.79065045e-06,1.21033772e-05,0,0.000102800026,4.87000943e-06,0.00874083489
1.52100097e-06,2.43612467e-05,0.00874019973,8.46439889e-06,3.79309995e-06,1.21037483e-05,0,0.000102800026,4.87061106e-06,0.00874084793
1.5219e-06,2.43629111e-05,0.00874020997,8.46535477e-06,3.79366202e-06,1.21038947e-05,0,0.000102800026,4.87116722e-06,0.00874086004
1.52280506e-06,2.4355104e-05,0.00874022953,8.46309104e-06,3.78797608e-06,1.21040366e-05,0,0.000102800026,4.87177795e-06,0.00874087308
1.52370387e-06,2.43471823e-05,0.00874025095,8.46355761e-06,3.77927267e-06,1.21043522e-05,0,0.000102800026,4.87249645e-06,0.00874088705
1.52460223e-06,2.43920804e-05,0.00874021742,8.46649164e-06,3.82084636e-06,1.21047424e-05,0,0.000102800026,4.87321449e-06,0.00874089915
1.52550047e-06,2.44671337e-05,0.00874015503,8.47004139e-06,3.89182605e-06,1.21052653e-05,0,0.000102800048,4.87373245e-06,0.00874091219
1.52640484e-06,2.44489984e-05,0.00874018576,8.46466173e-06,3.87839145e-06,1.21059456e-05,0,0.000102800048,4.87434818e-06,0.00874092523
1.5273024e-06,2.44050862e-05,0.00874024164,8.46283001e-06,3.8353146e-06,1.21069415e-05,0,0.000102800048,4.87506804e-06,0.00874093827
1.52820598e-06,2.44128751e-05,0.0087402463,8.46652074e-06,3.83859106e-06,1.21077628e-05,0,0.000102800048,4.8756965e-06,0.00874095131
1.52910275e-06,2.44511612e-05,0.00874022022,8.46891089e-06,3.8743301e-06,1.21079202e-05,0,0.00010280007,4.87627494e-06,0.00874096435
1.53000565e-06,2.44866969e-05,0.00874019694,8.46692092e-06,3.91167714e-06,1.21080993e-05,0,0.00010280007,4.87692932e-06,0.00874097645
1.53090241e-06,2.45311858e-05,0.00874016434,8.4665844e-06,3.95613415e-06,1.21084668e-05,0,0.00010280007,4.87751231e-06,0.00874098949
1.5318052e-06,2.45144656e-05,0.00874019321,8.46684816e-06,3.93881373e-06,1.21088042e-05,0,0.00010280007,4.8780239e-06,0.00874100253
1.5327015e-06,2.44654075e-05,0.00874025468,8.46571129e-06,3.89034039e-06,1.21093553e-05,0,0.00010280007,4.87864645e-06,0.00874101464
1.53360361e-06,2.45013107e-05,0.00874023139,8.46686453e-06,3.92454012e-06,1.21099065e-05,0,0.00010280007,4.87928719e-06,0.00874102861
1.5345056e-06,2.45387419e-05,0.00874020439,8.46913554e-06,3.95886082e-06,1.2110746e-05,0,0.00010280007,4.87981197e-06,0.00874103978
1.5354002e-06,2.45648625e-05,0.00874019135,8.46975036e-06,3.98371731e-06,1.21113953e-05,0,0.00010280007,4.88040541e-06,0.00874105282
1.53630117e-06,2.45986466e-05,0.008740169,8.47031424e-06,4.01662828e-06,1.21117055e-05,0,0.00010280007,4.88099477e-06,0.00874106586
1.53720214e-06,2.45819319e-05,0.00874019694,8.46717194e-06,4.00245654e-06,1.21123039e-05,0,0.00010280007,4.88145497e-06,0.00874107704
1.53810311e-06,2.45358515e-05,0.00874025654,8.46713556e-06,3.95561074e-06,1.21131061e-05,0,0.00010280007,4.88198475e-06,0.00874109101
1.53900373e-06,2.45618685e-05,0.00874024164,8.46904095e-06,3.97890562e-06,1.21139219e-05,0,0.00010280007,4.88270325e-06,0.00874110218
1.53990413e-06,2.46268937e-05,0.00874018762,8.46970033e-06,4.04233606e-06,1.21148569e-05,0,0.00010280007,4.88337218e-06,0.00874111522
1.54080442e-06,2.46792679e-05,0.00874014758,8.46851162e-06,4.09489348e-06,1.21158628e-05,0,0.00010280007,4.8839097e-06,0.00874112733
1.54170414e-06,2.46522795e-05,0.00874018669,8.46662715e-06,4.06807476e-06,1.21175781e-05,0,0.00010280007,4.88447358e-06,0.00874114037
1.54260374e-06,2.45954197e-05,0.00874025468,8.46796866e-06,4.00921499e-06,1.21182366e-05,0,0.00010280007,4.88520118e-06,0.00874115154
1.54350312e-06,2.46374984e-05,0.00874022488,8.47325919e-06,4.04581988e-06,1.21184194e-05,0,0.00010280007,4.88583601e-06,0.00874116458
1.54440215e-06,2.46796408e-05,0.00874019507,8.47188767e-06,4.08892492e-06,1.21188286e-05,0,0.00010280007,4.88630303e-06,0.00874117762
1.54530107e-06,2.46925574e-05,0.00874019321,8.47003139e-06,4.10342273e-06,1.21191033e-05,0,0.00010280007,4.88683509e-06,0.00874118973
1.54620579e-06,2.47192911e-05,0.00874017924,8.46893636e-06,4.13048883e-06,1.21198664e-05,0,0.00010280007,4.88744718e-06,0.00874120183
1.54710278e-06,2.47241569e-05,0.00874018576,8.46946841e-06,4.1340295e-06,1.21206594e-05,0,0.00010280007,4.88790556e-06,0.00874121487
1.54800102e-06,2.46987529e-05,0.00874022301,8.47131196e-06,4.10626217e-06,1.21211797e-05,0,0.00010280007,4.88835985e-06,0.00874122698
1.54890517e-06,2.46908439e-05,0.0087402435,8.47198044e-06,4.09638687e-06,1.21224766e-05,0,0.00010280007,4.88889191e-06,0.00874124002
1.54980296e-06,2.47424141e-05,0.00874020346,8.47202591e-06,4.1474018e-06,1.21229859e-05,0,0.00010280007,4.88942442e-06,0.00874125119
1.55070029e-06,2.47877433e-05,0.008740169,8.46979765e-06,4.19460775e-06,1.21233379e-05,0,0.00010280007,4.88988962e-06,0.0087412633
1.55160387e-06,2.47981243e-05,0.00874017086,8.46919556e-06,4.20521246e-06,1.21237163e-05,0,0.00010280007,4.89039076e-06,0.00874127634
1.55250086e-06,2.47785774e-05,0.00874020252,8.47077899e-06,4.18359787e-06,1.2124201e-05,0,0.00010280007,4.89096192e-06,0.00874128845
1.55340388e-06,2.47531843e-05,0.00874023885,8.47422598e-06,4.15368186e-06,1.2125276e-05,0,0.000102800113,4.89147988e-06,0.00874130055
1.5543003e-06,2.47772332e-05,0.00874022674,8.4770154e-06,4.17414321e-06,1.21260755e-05,0,0.000102800113,4.89200966e-06,0.00874131266
1.55520308e-06,2.48300948e-05,0.00874018483,8.47385854e-06,4.22970379e-06,1.2126533e-05,0,0.000102800113,4.89257036e-06,0.00874132384
1.55610246e-06,2.48706001e-05,0.00874015596,8.46817329e-06,4.27469695e-06,1.21277299e-05,0,0.000102800113,4.8931488e-06,0.00874133594
1.55700468e-06,2.48607666e-05,0.00874017831,8.46883904e-06,4.26374709e-06,1.21281792e-05,0,0.000102800113,4.89359627e-06,0.00874134898
1.55790053e-06,2.48160377e-05,0.00874023419,8.47201864e-06,4.21567574e-06,1.21283447e-05,0,0.000102800113,4.8940833e-06,0.00874136109
1.5588023e-06,2.48177639e-05,0.0087402435,8.47699448e-06,4.21218465e-06,1.21285848e-05,0,0.000102800113,4.8947295e-06,0.00874137226
1.55970361e-06,2.48919951e-05,0.0087401811,8.47735009e-06,4.28546537e-06,1.21291787e-05,0,0.000102800113,4.89524109e-06,0.0087413853
1.5606048e-06,2.49108634e-05,0.00874017458,8.47286356e-06,4.30778846e-06,1.21302119e-05,0,0.000102800142,4.89560762e-06,0.00874139741
1.56150577e-06,2.49091117e-05,0.00874018762,8.47224601e-06,4.30576483e-06,1.21311014e-05,0,0.000102800142,4.89609965e-06,0.00874140859
1.56240037e-06,2.49188106e-05,0.00874018949,8.47255069e-06,4.31425224e-06,1.21320072e-05,0,0.000102800142,4.89661943e-06,0.00874142163
1.56330123e-06,2.4912757e-05,0.00874020625,8.47283354e-06,4.30715272e-06,1.21327703e-05,0,0.000102800142,4.89706235e-06,0.0087414328
1.56420163e-06,2.49037366e-05,0.00874022767,8.47594401e-06,4.29412739e-06,1.21336652e-05,0,0.000102800142,4.89744934e-06,0.00874144491
1.56510191e-06,2.49257628e-05,0.00874021742,8.47702813e-06,4.31479111e-06,1.21339435e-05,0,0.000102800142,4.8980155e-06,0.00874145702
1.56600197e-06,2.49971163e-05,0.00874015689,8.47481442e-06,4.38795905e-06,1.21343428e-05,0,0.000102800142,4.89859804e-06,0.00874146912
1.56690169e-06,2.50077792e-05,0.00874015875,8.4744197e-06,4.39827591e-06,1.21350831e-05,0,0.000102800142,4.89899639e-06,0.00874148216
1.56780129e-06,2.49784607e-05,0.0087401988,8.47637239e-06,4.36648543e-06,1.21356034e-05,0,0.000102800142,4.89947161e-06,0.00874149334
1.56870067e-06,2.49460118e-05,0.0087402435,8.47763022e-06,4.33244577e-06,1.21359344e-05,0,0.000102800142,4.89994454e-06,0.00874150544
1.56960618e-06,2.497272e-05,0.00874022674,8.47690717e-06,4.35877928e-06,1.2137034e-05,0,0.000102800142,4.90043976e-06,0.00874151662
1.57050522e-06,2.50511857e-05,0.00874016061,8.47444426e-06,4.43704903e-06,1.21396915e-05,0,0.000102800142,4.90090497e-06,0.00874152873
1.57140414e-06,2.50723024e-05,0.00874014944,8.47289175e-06,4.45798469e-06,1.21414269e-05,0,0.000102800142,4.90129469e-06,0.0087415399
1.57230272e-06,2.50361554e-05,0.00874019787,8.47830506e-06,4.41606198e-06,1.21417888e-05,0,0.000102800142,4.90176262e-06,0.00874155201
1.57320119e-06,2.50293706e-05,0.00874021556,8.48007403e-06,4.40733857e-06,1.21419589e-05,0,0.000102800142,4.902206e-06,0.00874156412
1.57410568e-06,2.50309859e-05,0.00874022394,8.47587944e-06,4.41292059e-06,1.21421854e-05,0,0.000102800142,4.90266257e-06,0.00874157436
1.57500369e-06,2.5071151e-05,0.00874019694,8.47505453e-06,4.45313663e-06,1.21429603e-05,0,0.000102800142,4.90317188e-06,0.0087415874
1.57590159e-06,2.51152633e-05,0.00874016248,8.47692445e-06,4.49451682e-06,1.21438206e-05,0,0.000102800142,4.90364619e-06,0.00874159764
1.57680552e-06,2.51174297e-05,0.00874017272,8.47993488e-06,4.49311756e-06,1.21443773e-05,0,0.000102800142,4.90405819e-06,0.00874161068
1.57770285e-06,2.5108553e-05,0.00874019321,8.48092714e-06,4.48131004e-06,1.21463154e-05,0,0.000102800142,4.9045243e-06,0.00874162279
1.57860006e-06,2.50990306e-05,0.0087402137,8.47939009e-06,4.47206094e-06,1.21475796e-05,0,0.000102800142,4.90502225e-06,0.00874163397
1.57950353e-06,2.51075271e-05,0.00874021649,8.47907086e-06,4.47968114e-06,1.21487747e-05,0,0.000102800142,4.90544699e-06,0.00874164607
1.58040052e-06,2.51337351e-05,0.00874020159,8.47659066e-06,4.50783409e-06,1.21493113e-05,0,0.000102800157,4.90581488e-06,0.00874165725
1.58130354e-06,2.5180816e-05,0.0087401662,8.47450156e-06,4.55622376e-06,1.21500907e-05,0,0.000102800157,4.90624734e-06,0.00874166936
1.58220007e-06,2.52199025e-05,0.00874013826,8.47888623e-06,4.58967679e-06,1.21513385e-05,0,0.000102800179,4.90662887e-06,0.00874168146
1.58310149e-06,2.5166235e-05,0.00874020346,8.48285526e-06,4.53179427e-06,1.21515859e-05,0,0.000102800179,4.90696857e-06,0.00874169264
1.58400303e-06,2.51211659e-05,0.00874026027,8.48160744e-06,4.4874796e-06,1.21520779e-05,0,0.000102800179,4.90738648e-06,0.00874170475
1.58490514e-06,2.5191086e-05,0.00874020159,8.4778294e-06,4.5592983e-06,1.21539588e-05,0,0.000102800179,4.9078435e-06,0.00874171685
1.58580099e-06,2.52616246e-05,0.00874014106,8.47705451e-06,4.62934668e-06,1.21552239e-05,0,0.000102800179,4.9081782e-06,0.0087417271
1.58670287e-06,2.52536829e-05,0.00874016155,8.47948832e-06,4.61780883e-06,1.21563853e-05,0,0.000102800179,4.90858247e-06,0.00874174014
1.58760474e-06,2.52227801e-05,0.00874020252,8.48299987e-06,4.58308796e-06,1.21566918e-05,0,0.000102800179,4.90908178e-06,0.00874175038
1.58850014e-06,2.52267564e-05,0.00874020904,8.48311538e-06,4.58673139e-06,1.21569092e-05,0,0.000102800179,4.90948332e-06,0.00874176156
1.58940145e-06,2.52402569e-05,0.00874020811,8.48072796e-06,4.60173533e-06,1.21577941e-05,0,0.000102800179,4.90986668e-06,0.0087417746
1.59030265e-06,2.52638329e-05,0.00874019507,8.47913452e-06,4.62618891e-06,1.2158509e-05,0,0.000102800179,4.91043329e-06,0.00874178577
1.5912035e-06,2.53057187e-05,0.00874016434,8.47994761e-06,4.66665597e-06,1.21591138e-05,0,0.000102800179,4.91100036e-06,0.00874179695
1.59210401e-06,2.53210492e-05,0.00874015968,8.47935644e-06,4.68038434e-06,1.21613084e-05,0,0.000102800179,4.91138553e-06,0.00874180906
1.59300464e-06,2.53065846e-05,0.00874018576,8.48242416e-06,4.65990115e-06,1.21642588e-05,0,0.000102800179,4.9118089e-06,0.00874182023
1.59390538e-06,2.52806058e-05,0.00874022208,8.48397758e-06,4.63147762e-06,1.2165151e-05,0,0.000102800179,4.91239916e-06,0.00874183141
1.59480567e-06,2.5302701e-05,0.00874021091,8.48238324e-06,4.65496305e-06,1.21653547e-05,0,0.000102800179,4.91290348e-06,0.00874184258
1.59570584e-06,2.53525268e-05,0.00874017179,8.48234231e-06,4.70466193e-06,1.21655221e-05,0,0.000102800179,4.91328137e-06,0.00874185469
1.59660556e-06,2.53741364e-05,0.00874016155,8.48123727e-06,4.72686315e-06,1.2166036e-05,0,0.000102800179,4.91365472e-06,0.00874186587
1.59750516e-06,2.53774942e-05,0.008740169,8.48286527e-06,4.72810598e-06,1.21665234e-05,0,0.000102800179,4.91412811e-06,0.00874187704
1.59840476e-06,2.53713806e-05,0.00874018669,8.48390482e-06,4.72061174e-06,1.21668627e-05,0,0.000102800179,4.91455148e-06,0.00874188822
1.59930426e-06,2.53443141e-05,0.00874022488,8.48318632e-06,4.69307179e-06,1.21680559e-05,0,0.000102800179,4.91491255e-06,0.00874190032
1.6002034e-06,2.53658418e-05,0.0087402137,8.48308264e-06,4.71308294e-06,1.21696758e-05,0,0.000102800179,4.91533456e-06,0.0087419115
1.60110233e-06,2.54349925e-05,0.00874015503,8.48159198e-06,4.78203128e-06,1.21713683e-05,0,0.000102800179,4.91574019e-06,0.00874192268
1.60200091e-06,2.54567422e-05,0.00874014478,8.48251602e-06,4.80213839e-06,1.21720877e-05,0,0.000102800179,4.91614537e-06,0.00874193385
1.60290563e-06,2.5426245e-05,0.00874018576,8.48344916e-06,4.7702224e-06,1.21725725e-05,0,0.000102800179,4.91652872e-06,0.00874194503
1.60380409e-06,2.54167699e-05,0.00874020625,8.48789477e-06,4.75601064e-06,1.21728644e-05,0,0.000102800179,4.91693936e-06,0.0087419562
1.60470211e-06,2.54207007e-05,0.00874021277,8.48511718e-06,4.7621279e-06,1.21734556e-05,0,0.000102800179,4.91736864e-06,0.00874196738
1.60560012e-06,2.54481492e-05,0.008740196,8.48246691e-06,4.79157416e-06,1.21741086e-05,0,0.000102800179,4.91784249e-06,0.00874197856
1.60650427e-06,2.54955066e-05,0.00874015875,8.48433319e-06,4.83638405e-06,1.21747889e-05,0,0.000102800179,4.91835317e-06,0.00874198973
1.60740206e-06,2.55322702e-05,0.00874013361,8.48371928e-06,4.87067837e-06,1.2177873e-05,0,0.000102800179,4.91879473e-06,0.00874200091
1.60830587e-06,2.54894803e-05,0.00874018669,8.48428044e-06,4.82580663e-06,1.21793937e-05,0,0.000102800179,4.91919127e-06,0.00874201115
1.6092032e-06,2.54497809e-05,0.00874023698,8.4860294e-06,4.78395805e-06,1.2179793e-05,0,0.000102800179,4.91974743e-06,0.00874202233
1.6101003e-06,2.54853003e-05,0.00874021184,8.48576838e-06,4.8192278e-06,1.21803041e-05,0,0.000102800179,4.92026948e-06,0.0087420335
1.61100354e-06,2.55500581e-05,0.00874015689,8.48702166e-06,4.88229125e-06,1.21807443e-05,0,0.000102800179,4.92065283e-06,0.00874204375
1.61190064e-06,2.55838986e-05,0.00874013454,8.48604759e-06,4.91600213e-06,1.21818484e-05,0,0.000102800179,4.9210098e-06,0.00874205586
1.61280354e-06,2.55571322e-05,0.00874017086,8.48605941e-06,4.88860314e-06,1.21824696e-05,0,0.000102800179,4.92146592e-06,0.0087420661
1.61370008e-06,2.55164232e-05,0.00874022208,8.48706259e-06,4.84598741e-06,1.21833727e-05,0,0.000102800193,4.92190475e-06,0.00874207634
1.61460264e-06,2.55422619e-05,0.00874020718,8.48416676e-06,4.87270063e-06,1.21853955e-05,0,0.000102800193,4.92228583e-06,0.00874208845
1.6155052e-06,2.55825616e-05,0.00874017738,8.48302625e-06,4.91220317e-06,1.21873327e-05,0,0.000102800193,4.92268964e-06,0.0087420987
1.61640128e-06,2.56060903e-05,0.00874016434,8.48593209e-06,4.9313262e-06,1.21888324e-05,0,0.000102800208,4.92311847e-06,0.00874210987
1.6173035e-06,2.56330059e-05,0.00874014758,8.48870332e-06,4.95496306e-06,1.2189339e-05,0,0.000102800208,4.92345407e-06,0.00874212012
1.61820549e-06,2.56026615e-05,0.00874018762,8.48919262e-06,4.92337404e-06,1.21900957e-05,0,0.000102800208,4.92379604e-06,0.00874213036
1.619101e-06,2.56025633e-05,0.00874019787,8.489018e-06,4.92337949e-06,1.21901658e-05,0,0.000102800208,4.92427034e-06,0.00874214061
1.62000265e-06,2.56150452e-05,0.00874019507,8.48718992e-06,4.93752532e-06,1.21903304e-05,0,0.000102800208,4.92465551e-06,0.00874215178
1.62090407e-06,2.56220064e-05,0.0087401988,8.48606123e-06,4.94515552e-06,1.21907897e-05,0,0.000102800208,4.92498248e-06,0.00874216203
1.62180527e-06,2.56773692e-05,0.00874015409,8.48849231e-06,4.99732869e-06,1.21915473e-05,0,0.000102800208,4.92536356e-06,0.0087421732
1.62270021e-06,2.56981857e-05,0.00874014292,8.48826858e-06,5.01700197e-06,1.21929152e-05,0,0.000102800208,4.92577828e-06,0.00874218345
1.62360118e-06,2.56812782e-05,0.00874016993,8.48835953e-06,4.99817179e-06,1.2194746e-05,0,0.000102800208,4.92611616e-06,0.00874219369
1.62450181e-06,2.56397234e-05,0.00874022115,8.48740183e-06,4.9564278e-06,1.21958929e-05,0,0.000102800208,4.92645268e-06,0.00874220394
1.62540255e-06,2.56439962e-05,0.0087402286,8.48526815e-06,4.96154644e-06,1.21971816e-05,0,0.000102800208,4.92689196e-06,0.00874221511
1.62630295e-06,2.57253014e-05,0.00874015596,8.48744639e-06,5.04021546e-06,1.21976391e-05,0,0.000102800208,4.92733307e-06,0.00874222536
1.62720323e-06,2.57816973e-05,0.00874011032,8.49159096e-06,5.09220536e-06,1.2197901e-05,0,0.000102800208,4.92768368e-06,0.00874223653
1.62810329e-06,2.57331267e-05,0.008740169,8.49503704e-06,5.03999263e-06,1.21980966e-05,0,0.000102800208,4.92801837e-06,0.00874224678
1.62900312e-06,2.56822732e-05,0.00874022953,8.49101252e-06,4.99235875e-06,1.21989024e-05,0,0.000102800208,4.92847539e-06,0.00874225702
1.62990273e-06,2.57183274e-05,0.00874020439,8.4859721e-06,5.03083356e-06,1.22015217e-05,0,0.000102800208,4.9289456e-06,0.0087422682
1.63080233e-06,2.57712654e-05,0.00874016155,8.48758464e-06,5.07965069e-06,1.22040301e-05,0,0.000102800208,4.92929939e-06,0.00874227844
1.63170171e-06,2.57824267e-05,0.00874015968,8.48968466e-06,5.08733001e-06,1.22054134e-05,0,0.000102800208,4.92963454e-06,0.00874228869
1.63260086e-06,2.57910287e-05,0.00874016155,8.48993386e-06,5.09517349e-06,1.22059209e-05,0,0.000102800208,4.93007201e-06,0.00874229893
1.63350603e-06,2.57995925e-05,0.00874016341,8.49109347e-06,5.10233076e-06,1.22061692e-05,0,0.000102800208,4.93045354e-06,0.00874231011
1.63440507e-06,2.57740394e-05,0.00874019787,8.49089793e-06,5.07674076e-06,1.22064012e-05,0,0.000102800208,4.93075959e-06,0.00874231942
1.63530376e-06,2.57721567e-05,0.00874020997,8.48973286e-06,5.07546019e-06,1.22069641e-05,0,0.000102800208,4.93115112e-06,0.0087423306
1.63620246e-06,2.58115651e-05,0.00874018017,8.49049502e-06,5.11299868e-06,1.22080701e-05,0,0.000102800208,4.93158086e-06,0.00874233991
1.63710092e-06,2.58651035e-05,0.00874013733,8.49292883e-06,5.16243517e-06,1.22097399e-05,0,0.000102800193,4.93192556e-06,0.00874235015
1.63800541e-06,2.58687323e-05,0.00874014385,8.49451044e-06,5.16286036e-06,1.22113615e-05,0,0.000102800193,4.9322698e-06,0.00874236133
1.63890365e-06,2.5828791e-05,0.00874019321,8.4909625e-06,5.12594625e-06,1.22118827e-05,0,0.000102800193,4.93269954e-06,0.00874237064
1.63980167e-06,2.5835172e-05,0.00874019694,8.48932996e-06,5.13280884e-06,1.22130323e-05,0,0.000102800193,4.93305106e-06,0.00874238182
1.64070582e-06,2.58317195e-05,0.00874020997,8.4884623e-06,5.12955921e-06,1.22136989e-05,0,0.000102800193,4.93342395e-06,0.00874239206
1.64160383e-06,2.58882501e-05,0.00874016341,8.49205207e-06,5.18173238e-06,1.22144675e-05,0,0.000102800193,4.93388688e-06,0.00874240231
1.64250139e-06,2.59444914e-05,0.00874011777,8.49557e-06,5.23313474e-06,1.22157871e-05,0,0.000102800193,4.93426978e-06,0.00874241255
1.64340486e-06,2.59108383e-05,0.00874016061,8.49424941e-06,5.20008916e-06,1.22164993e-05,0,0.000102800193,4.93461812e-06,0.0087424228
1.64430219e-06,2.58664259e-05,0.00874021463,8.49012395e-06,5.1573461e-06,1.22189558e-05,0,0.000102800193,4.93505286e-06,0.00874243304
1.64520554e-06,2.58904802e-05,0.00874020066,8.49018761e-06,5.17999342e-06,1.22203001e-05,0,0.000102800193,4.93551761e-06,0.00874244329
1.64610253e-06,2.59298868e-05,0.00874017086,8.49454045e-06,5.21405855e-06,1.22212887e-05,0,0.000102800193,4.93582502e-06,0.0087424526
1.64700543e-06,2.59567205e-05,0.00874015316,8.49537628e-06,5.23980816e-06,1.22215361e-05,0,0.000102800193,4.93609332e-06,0.00874246284
1.6479022e-06,2.5973839e-05,0.00874014664,8.49340904e-06,5.25832911e-06,1.22220999e-05,0,0.000102800193,4.9364603e-06,0.00874247309
1.64880498e-06,2.59689332e-05,0.00874016061,8.4930125e-06,5.25292853e-06,1.22229912e-05,0,0.000102800193,4.93682637e-06,0.00874248333
1.64970152e-06,2.5939873e-05,0.00874019973,8.49268963e-06,5.22332721e-06,1.22238571e-05,0,0.000102800193,4.9370974e-06,0.00874249265
1.65060396e-06,2.59376357e-05,0.00874021184,8.49204298e-06,5.21964148e-06,1.22259507e-05,0,0.000102800193,4.93743391e-06,0.00874250289
1.65150016e-06,2.59852659e-05,0.00874017272,8.49419757e-06,5.26255235e-06,1.22285146e-05,0,0.000102800193,4.93787456e-06,0.0087425122
1.65240237e-06,2.60386678e-05,0.00874012895,8.49728804e-06,5.31064188e-06,1.22307383e-05,0,0.000102800193,4.93824245e-06,0.00874252245
1.65330437e-06,2.60391607e-05,0.00874013826,8.49371281e-06,5.31157048e-06,1.22338779e-05,0,0.000102800193,4.93856169e-06,0.00874253269
1.65420022e-06,2.59982899e-05,0.00874018855,8.49342086e-06,5.26990016e-06,1.22349693e-05,0,0.000102800193,4.93895186e-06,0.00874254201
1.6551021e-06,2.59808803e-05,0.00874021463,8.49299613e-06,5.25245378e-06,1.22354322e-05,0,0.000102800193,4.93937432e-06,0.00874255132
1.65600386e-06,2.602518e-05,0.00874018017,8.49621847e-06,5.29274757e-06,1.22362144e-05,0,0.000102800193,4.93976086e-06,0.00874256156
1.65690562e-06,2.60620873e-05,0.0087401513,8.49792286e-06,5.32762942e-06,1.22365345e-05,0,0.000102800193,4.94015103e-06,0.00874257088
1.65780102e-06,2.60866309e-05,0.0087401364,8.4961257e-06,5.35325489e-06,1.22372494e-05,0,0.000102800193,4.94059395e-06,0.00874258019
1.65870244e-06,2.6083193e-05,0.00874014851,8.49274329e-06,5.35201525e-06,1.22384336e-05,0,0.000102800215,4.94093865e-06,0.00874258857
1.65960375e-06,2.60415454e-05,0.00874019973,8.4921594e-06,5.30829402e-06,1.22410911e-05,0,0.000102800215,4.94129563e-06,0.00874259882
1.66050518e-06,2.60416073e-05,0.00874020811,8.49672506e-06,5.30232228e-06,1.2242559e-05,0,0.000102800215,4.94180767e-06,0.0087426072
1.66140615e-06,2.60943016e-05,0.00874016434,8.49924891e-06,5.35130039e-06,1.22437532e-05,0,0.000102800215,4.94223923e-06,0.00874261744
1.66230086e-06,2.61220066e-05,0.00874014478,8.49733351e-06,5.37977985e-06,1.22448937e-05,0,0.000102800244,4.94254937e-06,0.00874262583
1.6632016e-06,2.61343757e-05,0.00874014199,8.4946696e-06,5.39397161e-06,1.2245735e-05,0,0.000102800244,4.9428927e-06,0.00874263514
1.66410223e-06,2.61279656e-05,0.00874015782,8.49597564e-06,5.38531867e-06,1.22466718e-05,0,0.000102800244,4.94332517e-06,0.00874264538
1.66500286e-06,2.60972993e-05,0.00874019694,8.49585285e-06,5.35402978e-06,1.22474166e-05,0,0.000102800244,4.94370124e-06,0.0087426547
1.66590348e-06,2.60995621e-05,0.00874020439,8.49645494e-06,5.35474464e-06,1.22483634e-05,0,0.000102800244,4.94402548e-06,0.00874266494
1.666804e-06,2.61497025e-05,0.00874016341,8.49755997e-06,5.40226938e-06,1.22498732e-05,0,0.000102800244,4.94442338e-06,0.00874267332
1.6677044e-06,2.61988316e-05,0.00874012243,8.49806747e-06,5.44831937e-06,1.22524452e-05,0,0.000102800244,4.94480992e-06,0.00874268264
1.66860457e-06,2.61944224e-05,0.0087401364,8.49869775e-06,5.44162958e-06,1.22540941e-05,0,0.000102800244,4.94513097e-06,0.00874269195
1.66950451e-06,2.61474506e-05,0.00874019228,8.49516982e-06,5.39732991e-06,1.22549509e-05,0,0.000102800244,4.94548749e-06,0.00874270126
1.67040469e-06,2.61375008e-05,0.00874021091,8.49788285e-06,5.38424683e-06,1.22553711e-05,0,0.000102800244,4.94586766e-06,0.00874271058
1.6713044e-06,2.61834721e-05,0.00874017365,8.50050674e-06,5.42732414e-06,1.22556421e-05,0,0.000102800244,4.94623555e-06,0.00874271989
1.67220401e-06,2.62355861e-05,0.00874013081,8.49935532e-06,5.48028129e-06,1.22559486e-05,0,0.000102800244,4.94653796e-06,0.0087427292
1.67310395e-06,2.62294016e-05,0.00874014571,8.49566186e-06,5.47630816e-06,1.22574311e-05,0,0.000102800244,4.94685492e-06,0.00874273852
1.67400378e-06,2.62183567e-05,0.00874016527,8.49541084e-06,5.46470619e-06,1.22582405e-05,0,0.000102800244,4.94723372e-06,0.00874274783
1.67490316e-06,2.62202593e-05,0.00874017179,8.50002289e-06,5.46069396e-06,1.2259542e-05,0,0.000102800244,4.94755432e-06,0.00874275621
1.67580254e-06,2.62148878e-05,0.00874018669,8.50051038e-06,5.45223929e-06,1.22621386e-05,0,0.000102800266,4.94788264e-06,0.00874276552
1.67670191e-06,2.62235626e-05,0.00874018669,8.49801745e-06,5.46161436e-06,1.22639303e-05,0,0.000102800266,4.94829374e-06,0.00874277484
1.67760118e-06,2.62731301e-05,0.00874014571,8.49777553e-06,5.5109067e-06,1.22644469e-05,0,0.000102800266,4.94867982e-06,0.00874278415
1.67850033e-06,2.63138991e-05,0.00874011405,8.50234755e-06,5.54605549e-06,1.22654965e-05,0,0.000102800266,4.9490186e-06,0.00874279346
1.67940539e-06,2.62768044e-05,0.00874015968,8.50136894e-06,5.50944287e-06,1.22659931e-05,0,0.000102800266,4.94936921e-06,0.00874280278
1.68030431e-06,2.62320191e-05,0.00874021277,8.49987373e-06,5.46570027e-06,1.22664451e-05,0,0.000102800266,4.94989126e-06,0.00874281116
1.68120334e-06,2.62632839e-05,0.00874019042,8.4991907e-06,5.49702645e-06,1.22670663e-05,0,0.000102800266,4.95031145e-06,0.00874282047
1.68210215e-06,2.63187394e-05,0.00874014292,8.49964817e-06,5.55113093e-06,1.22679603e-05,0,0.000102800266,4.95058475e-06,0.00874282885
1.68300096e-06,2.63382753e-05,0.00874013174,8.49870412e-06,5.56916848e-06,1.22704032e-05,0,0.000102800266,4.95093536e-06,0.00874283817
1.68390557e-06,2.63411421e-05,0.00874013733,8.49802382e-06,5.56974965e-06,1.22733682e-05,0,0.000102800266,4.95127279e-06,0.00874284655
1.68480403e-06,2.63032016e-05,0.0087401839,8.50063861e-06,5.52753272e-06,1.22750298e-05,0,0.000102800266,4.95155336e-06,0.00874285493
1.68570239e-06,2.62926969e-05,0.00874020252,8.50307879e-06,5.51405492e-06,1.22755628e-05,0,0.000102800266,4.95184668e-06,0.00874286424
1.68660063e-06,2.63375077e-05,0.0087401662,8.50327342e-06,5.55814586e-06,1.22760885e-05,0,0.000102800266,4.95218546e-06,0.00874287263
1.68750489e-06,2.63774018e-05,0.00874013454,8.50105516e-06,5.59995715e-06,1.22763904e-05,0,0.000102800266,4.95250197e-06,0.00874288101
1.68840302e-06,2.63788133e-05,0.00874014199,8.49984917e-06,5.602084e-06,1.22768806e-05,0,0.000102800266,4.95277391e-06,0.00874288939
1.68930092e-06,2.63665461e-05,0.00874016248,8.50020751e-06,5.58780994e-06,1.22785277e-05,0,0.000102800266,4.95305085e-06,0.0087428987
1.69020495e-06,2.63706152e-05,0.00874016713,8.50200558e-06,5.58878219e-06,1.22798283e-05,0,0.000102800266,4.95338236e-06,0.00874290708
1.69110285e-06,2.6366477e-05,0.00874017924,8.50061224e-06,5.58321108e-06,1.22826541e-05,0,0.000102800266,4.95365293e-06,0.0087429164
1.69200064e-06,2.63639868e-05,0.00874019042,8.50004017e-06,5.58064039e-06,1.22833062e-05,0,0.000102800266,4.9539367e-06,0.00874292478
1.69290433e-06,2.64207774e-05,0.00874014199,8.50182187e-06,5.63293497e-06,1.2286021e-05,0,0.000102800266,4.95425593e-06,0.00874293409
1.69380166e-06,2.6468193e-05,0.0087401038,8.50213382e-06,5.67929965e-06,1.22867605e-05,0,0.000102800266,4.95450877e-06,0.00874294247
1.69470502e-06,2.64233931e-05,0.00874015596,8.50190372e-06,5.63440926e-06,1.22870797e-05,0,0.000102800266,4.95475342e-06,0.00874295086
1.69560224e-06,2.63770253e-05,0.00874021091,8.50398192e-06,5.58567945e-06,1.22873644e-05,0,0.000102800266,4.95508084e-06,0.00874295924
1.69650548e-06,2.63985239e-05,0.00874019787,8.50374454e-06,5.60668786e-06,1.22880911e-05,0,0.000102800281,4.95540644e-06,0.00874296762
1.69740258e-06,2.64710543e-05,0.00874013361,8.50193646e-06,5.67985762e-06,1.22892616e-05,0,0.000102800281,4.95570612e-06,0.00874297693
1.69830582e-06,2.64954178e-05,0.00874011684,8.50142442e-06,5.70400925e-06,1.22899828e-05,0,0.000102800281,4.95597033e-06,0.00874298532
1.69920281e-06,2.64759983e-05,0.00874014478,8.50166361e-06,5.68251335e-06,1.22918227e-05,0,0.000102800281,4.95632867e-06,0.0087429937
1.70010571e-06,2.64458868e-05,0.00874018297,8.50224114e-06,5.65027676e-06,1.22933679e-05,0,0.000102800281,4.95664699e-06,0.00874300208
1.70100247e-06,2.64342452e-05,0.00874020252,8.50303968e-06,5.63728418e-06,1.22939218e-05,0,0.000102800281,4.95693575e-06,0.00874301046
1.70190526e-06,2.64828777e-05,0.00874016248,8.50560627e-06,5.68261066e-06,1.22946603e-05,0,0.000102800281,4.95731365e-06,0.00874301884
1.70280168e-06,2.65290455e-05,0.00874012429,8.50549623e-06,5.72843874e-06,1.22951096e-05,0,0.000102800281,4.95762242e-06,0.00874302723
1.70370413e-06,2.65259787e-05,0.00874013547,8.50291963e-06,5.72695171e-06,1.22961073e-05,0,0.000102800281,4.95785935e-06,0.00874303561
1.70460055e-06,2.6503767e-05,0.00874016527,8.50104789e-06,5.70370275e-06,1.22990168e-05,0,0.000102800281,4.95814174e-06,0.00874304399
1.705503e-06,2.64975406e-05,0.00874017924,8.50173637e-06,5.69338181e-06,1.23024238e-05,0,0.000102800281,4.95847462e-06,0.00874305237
1.70640544e-06,2.65090675e-05,0.00874017645,8.50446122e-06,5.70169504e-06,1.23029122e-05,0,0.000102800281,4.95875202e-06,0.00874306075
1.70730164e-06,2.65378876e-05,0.00874015503,8.50650395e-06,5.72835506e-06,1.23030295e-05,0,0.000102800281,4.95902032e-06,0.0087430682
1.70820385e-06,2.65577546e-05,0.00874014292,8.50398283e-06,5.75041486e-06,1.23033569e-05,0,0.000102800281,4.95935774e-06,0.00874307659
1.70910607e-06,2.65770614e-05,0.00874013174,8.50434935e-06,5.76803177e-06,1.23046811e-05,0,0.000102800281,4.9596988e-06,0.00874308497
1.71000556e-06,2.65670606e-05,0.00874014944,8.50536253e-06,5.75655304e-06,1.23051459e-05,0,0.000102800281,4.9599771e-06,0.00874309242
1.7109013e-06,2.65314866e-05,0.00874019228,8.50456763e-06,5.72151612e-06,1.23054033e-05,0,0.000102800281,4.96029224e-06,0.0087431008
1.71180318e-06,2.65407198e-05,0.00874019135,8.50421202e-06,5.72954241e-06,1.23069649e-05,0,0.000102800295,4.96063876e-06,0.00874310918
1.71270483e-06,2.66000752e-05,0.00874013919,8.50473953e-06,5.78674235e-06,1.23085938e-05,0,0.000102800295,4.96099256e-06,0.00874311663
1.71360057e-06,2.66333209e-05,0.00874011312,8.504785e-06,5.81822223e-06,1.23103127e-05,0,0.000102800295,4.9612654e-06,0.00874312501
1.71450233e-06,2.66031129e-05,0.0087401513,8.50403376e-06,5.78773552e-06,1.23113441e-05,0,0.000102800295,4.96155462e-06,0.00874313246
1.71540387e-06,2.65862764e-05,0.00874017552,8.50398828e-06,5.77061746e-06,1.23116715e-05,0,0.000102800295,4.96190114e-06,0.00874313992
1.71630541e-06,2.65900708e-05,0.00874017924,8.50442393e-06,5.77345008e-06,1.23121972e-05,0,0.000102800295,4.9622231e-06,0.0087431483
1.71720058e-06,2.6605594e-05,0.00874017086,8.50648667e-06,5.78679874e-06,1.23123091e-05,0,0.000102800295,4.96254415e-06,0.00874315575
1.718102e-06,2.66472325e-05,0.0087401364,8.50734705e-06,5.82731809e-06,1.23125665e-05,0,0.000102800295,4.96290204e-06,0.0087431632
1.71900319e-06,2.66683528e-05,0.00874012336,8.50608467e-06,5.84783629e-06,1.23144318e-05,0,0.000102800295,4.96318171e-06,0.00874317065
1.71990428e-06,2.66534989e-05,0.00874014571,8.50479319e-06,5.82934445e-06,1.23193604e-05,0,0.000102800295,4.963425e-06,0.00874317903
1.72080524e-06,2.66268617e-05,0.00874017924,8.50640299e-06,5.8001433e-06,1.23203163e-05,0,0.000102800295,4.96374105e-06,0.00874318648
1.72170019e-06,2.66135685e-05,0.00874019973,8.5065567e-06,5.78635718e-06,1.23206564e-05,0,0.000102800295,4.96407119e-06,0.00874319393
1.72260116e-06,2.66665702e-05,0.00874015409,8.5046031e-06,5.84115514e-06,1.23208119e-05,0,0.000102800295,4.96434541e-06,0.00874320138
1.72350212e-06,2.67214837e-05,0.00874010567,8.50445667e-06,5.89605543e-06,1.2320972e-05,0,0.000102800295,4.96460325e-06,0.00874320883
1.72440298e-06,2.67022879e-05,0.00874013267,8.5052734e-06,5.87585737e-06,1.23211576e-05,0,0.000102800295,4.96488701e-06,0.00874321628
1.72530372e-06,2.66651878e-05,0.00874017645,8.50721244e-06,5.83619885e-06,1.23217769e-05,0,0.000102800295,4.96520988e-06,0.0087432228
1.72620435e-06,2.66604311e-05,0.00874018855,8.5079937e-06,5.82753682e-06,1.23249001e-05,0,0.000102800295,4.96553002e-06,0.00874323118
1.72710486e-06,2.66914412e-05,0.00874016434,8.50599736e-06,5.85749012e-06,1.23279533e-05,0,0.000102800295,4.96585199e-06,0.00874323864
1.72800537e-06,2.67307732e-05,0.00874013267,8.50722245e-06,5.89429419e-06,1.23292575e-05,0,0.000102800295,4.96623306e-06,0.00874324609
1.728906e-06,2.67458036e-05,0.00874012522,8.50798097e-06,5.90837044e-06,1.23294512e-05,0,0.000102800295,4.96654729e-06,0.00874325354
1.72980026e-06,2.67307441e-05,0.00874014758,8.50897777e-06,5.89221645e-06,1.23295504e-05,0,0.000102800295,4.96681741e-06,0.00874326099
1.73070055e-06,2.67094529e-05,0.00874017552,8.50650213e-06,5.87318436e-06,1.23297659e-05,0,0.000102800295,4.9672044e-06,0.00874326844
1.73160106e-06,2.67218984e-05,0.00874017086,8.50717333e-06,5.88469584e-06,1.23300297e-05,0,0.000102800295,4.96757275e-06,0.00874327682
1.73250135e-06,2.67420583e-05,0.00874015782,8.50824745e-06,5.90350419e-06,1.23303062e-05,0,0.000102800295,4.96783468e-06,0.00874328427
1.7334014e-06,2.67586493e-05,0.00874014851,8.50638844e-06,5.92119795e-06,1.23310629e-05,0,0.000102800295,4.9681239e-06,0.00874329172
1.73430169e-06,2.67908545e-05,0.00874012336,8.50667948e-06,5.94969379e-06,1.23344817e-05,0,0.000102800295,4.96844586e-06,0.00874329917
1.73520186e-06,2.67964751e-05,0.00874012522,8.50811193e-06,5.95058691e-06,1.23377758e-05,0,0.000102800295,4.96868688e-06,0.00874330662
1.73610169e-06,2.67410069e-05,0.00874018762,8.50922243e-06,5.89304364e-06,1.23387399e-05,0,0.000102800295,4.96897019e-06,0.00874331407
1.73700175e-06,2.67308133e-05,0.00874020532,8.50910692e-06,5.88213788e-06,1.23395685e-05,0,0.000102800303,4.96933308e-06,0.00874332152
1.73790158e-06,2.68063068e-05,0.0087401364,8.50500237e-06,5.96129985e-06,1.2340005e-05,0,0.000102800303,4.96960911e-06,0.00874332897
1.73880164e-06,2.68484491e-05,0.00874010101,8.50870401e-06,5.99952e-06,1.23402242e-05,0,0.000102800303,4.9698433e-06,0.00874333549
1.73970136e-06,2.68212425e-05,0.00874013547,8.51166078e-06,5.96928066e-06,1.23403006e-05,0,0.000102800303,4.97013025e-06,0.00874334294
1.74060119e-06,2.67878513e-05,0.00874017552,8.51026925e-06,5.93668346e-06,1.2340899e-05,0,0.000102800303,4.97041174e-06,0.00874335039
1.74150091e-06,2.67851137e-05,0.00874018483,8.50721517e-06,5.93539471e-06,1.23425034e-05,0,0.000102800303,4.97066867e-06,0.00874335691
1.74240063e-06,2.6814103e-05,0.00874016341,8.50765173e-06,5.9613717e-06,1.23450791e-05,0,0.000102800303,4.97092424e-06,0.00874336436
1.74330012e-06,2.68579752e-05,0.00874012616,8.50809192e-06,6.00297562e-06,1.23469063e-05,0,0.000102800303,4.97122755e-06,0.00874337181
1.74420575e-06,2.68693493e-05,0.0087401215,8.50976721e-06,6.01219926e-06,1.23473828e-05,0,0.000102800303,4.97150268e-06,0.00874337927
1.74510512e-06,2.68497261e-05,0.00874014758,8.51061031e-06,5.99137138e-06,1.23477439e-05,0,0.000102800303,4.97173914e-06,0.00874338578
1.74600461e-06,2.68301756e-05,0.00874017365,8.51018285e-06,5.97206463e-06,1.23479276e-05,0,0.000102800303,4.972032e-06,0.0087433923
1.7469041e-06,2.68378553e-05,0.00874017272,8.51105324e-06,5.97874032e-06,1.23480613e-05,0,0.000102800303,4.97237215e-06,0.00874339975
1.74780348e-06,2.68634321e-05,0.00874015409,8.50978813e-06,6.00523572e-06,1.23484078e-05,0,0.000102800303,4.9726732e-06,0.0087434072
1.7487024e-06,2.68953099e-05,0.00874012895,8.50749439e-06,6.0380894e-06,1.23497248e-05,0,0.000102800303,4.97294195e-06,0.00874341372
1.74960167e-06,2.69067823e-05,0.00874012429,8.50910874e-06,6.04655224e-06,1.23511209e-05,0,0.000102800303,4.97324527e-06,0.00874342117
1.75050081e-06,2.68973872e-05,0.00874014106,8.51178265e-06,6.03294575e-06,1.23526588e-05,0,0.000102800303,4.97352676e-06,0.00874342769
1.75140599e-06,2.68682943e-05,0.00874017645,8.51218465e-06,6.00209614e-06,1.23540131e-05,0,0.000102800303,4.97384144e-06,0.00874343514
1.75230514e-06,2.68615931e-05,0.00874018949,8.51118693e-06,5.99540954e-06,1.23549962e-05,0,0.000102800303,4.97418296e-06,0.00874344166
1.75320417e-06,2.69177162e-05,0.00874014013,8.51158984e-06,6.05093419e-06,1.23551918e-05,0,0.000102800303,4.97447081e-06,0.00874344911
1.7541031e-06,2.69624361e-05,0.00874010194,8.5120364e-06,6.09510062e-06,1.23552982e-05,0,0.000102800303,4.97471819e-06,0.00874345563
1.75500213e-06,2.69469128e-05,0.00874012429,8.5098518e-06,6.08128448e-06,1.23557775e-05,0,0.000102800303,4.97495239e-06,0.00874346215
1.75590117e-06,2.68964086e-05,0.0087401811,8.50817651e-06,6.03169883e-06,1.23565333e-05,0,0.000102800303,4.97522706e-06,0.0087434696
1.75680009e-06,2.68982967e-05,0.00874018576,8.51074583e-06,6.02922228e-06,1.23583286e-05,0,0.000102800303,4.97550809e-06,0.00874347612
1.75770504e-06,2.69454904e-05,0.00874014478,8.51264303e-06,6.0734269e-06,1.235942e-05,0,0.000102800303,4.97571637e-06,0.00874348264
1.75860373e-06,2.69671255e-05,0.00874012988,8.51138884e-06,6.09514245e-06,1.23605951e-05,0,0.000102800303,4.97593646e-06,0.00874348916
1.75950254e-06,2.69818847e-05,0.0087401215,8.51181085e-06,6.10853886e-06,1.23615355e-05,0,0.000102800303,4.97620658e-06,0.00874349661
1.76040123e-06,2.69639095e-05,0.00874014571,8.51123332e-06,6.09066001e-06,1.23620157e-05,0,0.000102800303,4.97644987e-06,0.0087435022
1.76130595e-06,2.69505999e-05,0.00874016527,8.51428103e-06,6.07421543e-06,1.2362103e-05,0,0.000102800303,4.97665405e-06,0.00874350872
1.76220465e-06,2.69501179e-05,0.00874017179,8.51436562e-06,6.07309585e-06,1.23626569e-05,0,0.000102800303,4.97692918e-06,0.00874351524
1.76310311e-06,2.69729262e-05,0.00874015503,8.51175173e-06,6.09732888e-06,1.23638447e-05,0,0.000102800303,4.97727433e-06,0.00874352176
1.76400181e-06,2.70080436e-05,0.00874012616,8.51005279e-06,6.13166276e-06,1.23663285e-05,0,0.000102800303,4.977559e-06,0.00874352828
1.76490028e-06,2.70295095e-05,0.00874011125,8.51115146e-06,6.150025e-06,1.2368333e-05,0,0.000102800303,4.97779001e-06,0.0087435348
1.76580488e-06,2.69992615e-05,0.00874014664,8.51046934e-06,6.11982659e-06,1.23689642e-05,0,0.000102800303,4.9780856e-06,0.00874354038
1.76670335e-06,2.69715001e-05,0.0087401811,8.51221921e-06,6.08921664e-06,1.23700638e-05,0,0.000102800303,4.97842257e-06,0.0087435469
1.76760159e-06,2.69787452e-05,0.00874017924,8.51364803e-06,6.09437029e-06,1.23707268e-05,0,0.000102800303,4.9787127e-06,0.00874355342
1.76850597e-06,2.7029444e-05,0.00874013547,8.51439745e-06,6.14410055e-06,1.23709451e-05,0,0.000102800303,4.97899464e-06,0.00874355994
1.76940421e-06,2.70749133e-05,0.00874009542,8.51543973e-06,6.18766126e-06,1.23718128e-05,0,0.000102800303,4.97922201e-06,0.00874356646
1.77030233e-06,2.70445234e-05,0.00874013267,8.51319055e-06,6.15887575e-06,1.23724576e-05,0,0.000102800303,4.9794744e-06,0.00874357298
1.77120057e-06,2.70132587e-05,0.008740169,8.51263212e-06,6.12703752e-06,1.2373589e-05,0,0.00010280031,4.97977544e-06,0.00874357857
1.77210484e-06,2.70082546e-05,0.0087401811,8.51317782e-06,6.12009717e-06,1.23749796e-05,0,0.00010280031,4.98001191e-06,0.00874358602
1.77300296e-06,2.70450346e-05,0.00874015037,8.51303503e-06,6.1554997e-06,1.23765003e-05,0,0.00010280031,4.98023883e-06,0.00874359254
1.77390109e-06,2.708186e-05,0.00874011964,8.51164532e-06,6.19158391e-06,1.23786313e-05,0,0.00010280031,4.98045938e-06,0.00874359813
1.77480513e-06,2.70871715e-05,0.00874012057,8.51217374e-06,6.19556931e-06,1.2379428e-05,0,0.00010280031,4.98067357e-06,0.00874360465
1.77570303e-06,2.70711898e-05,0.00874014199,8.51488767e-06,6.17630849e-06,1.23799946e-05,0,0.000102800324,4.98087502e-06,0.00874361116
1.77660081e-06,2.70596756e-05,0.00874015968,8.5164429e-06,6.16274065e-06,1.2380493e-05,0,0.000102800324,4.9810742e-06,0.00874361768
1.77750474e-06,2.70528071e-05,0.00874017272,8.5143638e-06,6.15779209e-06,1.23806522e-05,0,0.000102800324,4.98129111e-06,0.00874362327
1.77840252e-06,2.70720429e-05,0.00874015875,8.51396089e-06,6.17713977e-06,1.23809423e-05,0,0.000102800324,4.9815676e-06,0.00874362886
1.77930031e-06,2.71239933e-05,0.00874011312,8.51480581e-06,6.2261779e-06,1.23830096e-05,0,0.000102800324,4.98184454e-06,0.00874363538
1.78020423e-06,2.71421995e-05,0.00874010101,8.51503682e-06,6.24219319e-06,1.23849686e-05,0,0.000102800324,4.98204599e-06,0.00874364097
1.78110201e-06,2.70956698e-05,0.00874015316,8.51263485e-06,6.19743469e-06,1.23855998e-05,0,0.000102800324,4.98227882e-06,0.00874364749
1.78200571e-06,2.70636519e-05,0.00874019042,8.51412915e-06,6.16294528e-06,1.23865775e-05,0,0.000102800324,4.98261261e-06,0.00874365307
1.78290327e-06,2.70990549e-05,0.00874016061,8.51462391e-06,6.19690036e-06,1.23875307e-05,0,0.000102800324,4.98293502e-06,0.00874365959
1.78380071e-06,2.71450135e-05,0.00874012057,8.51541517e-06,6.24111999e-06,1.23884774e-05,0,0.000102800324,4.98318468e-06,0.00874366518
1.7847043e-06,2.71589779e-05,0.00874011312,8.51589539e-06,6.2544309e-06,1.23886521e-05,0,0.000102800324,4.98343343e-06,0.0087436717
1.78560185e-06,2.7145521e-05,0.00874013174,8.51594359e-06,6.24001814e-06,1.23895588e-05,0,0.000102800324,4.98370764e-06,0.00874367729
1.78650532e-06,2.71269892e-05,0.00874015596,8.51713958e-06,6.21856134e-06,1.23912887e-05,0,0.000102800324,4.98396139e-06,0.00874368381
1.78740265e-06,2.7120961e-05,0.00874016806,8.51535879e-06,6.21261597e-06,1.23929867e-05,0,0.000102800324,4.98422878e-06,0.0087436894
1.7883001e-06,2.71272256e-05,0.00874016713,8.51195e-06,6.22103653e-06,1.23942382e-05,0,0.000102800324,4.98452027e-06,0.00874369498
1.78920357e-06,2.7182994e-05,0.00874011684,8.51231562e-06,6.27514146e-06,1.23955369e-05,0,0.000102800324,4.98476265e-06,0.0087437015
1.7901009e-06,2.72062862e-05,0.00874009915,8.51696586e-06,6.29332317e-06,1.23959971e-05,0,0.000102800324,4.98497138e-06,0.00874370709
1.79100414e-06,2.71741847e-05,0.00874013733,8.51954701e-06,6.25847406e-06,1.23961645e-05,0,0.000102800324,4.98521058e-06,0.00874371268
1.79190124e-06,2.714125e-05,0.00874017552,8.51597179e-06,6.22885318e-06,1.23964255e-05,0,0.000102800324,4.98552026e-06,0.00874371827
1.7928046e-06,2.71488334e-05,0.00874017365,8.51559616e-06,6.236422e-06,1.23968157e-05,0,0.000102800324,4.9858063e-06,0.00874372479
1.7937017e-06,2.71874433e-05,0.00874014013,8.51569894e-06,6.27441113e-06,1.23973332e-05,0,0.000102800324,4.98607596e-06,0.00874373037
1.79460483e-06,2.72335128e-05,0.00874010008,8.51645382e-06,6.31867761e-06,1.23983818e-05,0,0.000102800324,4.98635745e-06,0.00874373596
1.79550204e-06,2.72251309e-05,0.00874011312,8.51441746e-06,6.3107309e-06,1.23999826e-05,0,0.000102800324,4.98661575e-06,0.00874374155
1.79640517e-06,2.7186079e-05,0.00874015875,8.51629648e-06,6.26780638e-06,1.24019762e-05,0,0.000102800324,4.98684221e-06,0.00874374807
1.79730205e-06,2.71727604e-05,0.00874017738,8.51735967e-06,6.25198618e-06,1.24034141e-05,0,0.000102800324,4.98708732e-06,0.00874375366
1.79820506e-06,2.72030611e-05,0.00874015223,8.51722962e-06,6.28181897e-06,1.24040134e-05,0,0.000102800346,4.98733425e-06,0.00874375924
1.79910182e-06,2.72461948e-05,0.00874011498,8.51475306e-06,6.32708316e-06,1.24043581e-05,0,0.000102800346,4.98754525e-06,0.00874376483
1.79999995e-06,2.7247901e-05,0.0087401187,8.51570621e-06,6.3276143e-06,1.240458e-05,0,0.000102800346,4.98771169e-06,0.00874377042
