placement_id,shape_index,source_image,grain_id,x_mm,y_mm,z_mm,rot_axis_x,rot_axis_y,rot_axis_z,rot_angle_deg,theta_deg,axial_mm,radius_mm,protrusion_mm,bounding_radius_mm,grain_height_um,grain_volume_um3,equivalent_diameter_um,feret_max_um,feret_min_um
1,37,DIAMOND_11.tif,50,99.999940,0.188109,-9.523798,-0.170929,0.968391,-0.181668,71.534887,0.1078,-9.523798,100.000117,0.001718,0.002543,2.7966,14.0539,3.6655,5.3763,2.9527
2,42,DIAMOND_11.tif,55,99.991742,1.271892,-9.721919,-0.148898,0.923491,0.353544,102.613523,0.7288,-9.721919,99.999831,0.000790,0.002566,1.5202,7.5887,3.5473,5.7553,2.4714
3,36,DIAMOND_11.tif,49,99.976510,2.157359,-9.968732,-0.616345,0.375972,-0.691928,115.271186,1.2362,-9.968732,99.999784,0.001318,0.002514,2.6690,14.7684,3.7620,5.7388,3.0158
4,17,DIAMOND_11.tif,24,99.960658,2.789841,-9.625603,0.068742,0.993436,0.091425,88.468711,1.5987,-9.625603,99.999582,0.001535,0.003714,3.2720,34.6917,5.0674,7.1263,4.3787
5,47,DIAMOND_11.tif,61,99.938506,3.497762,-9.529444,-0.341924,0.930137,-0.133913,123.019384,2.0045,-9.529444,99.999697,0.000678,0.001989,1.5957,6.0222,3.4562,5.2254,2.4746
6,77,DIAMOND_11.tif,104,99.906383,4.330398,-9.937053,-0.731342,0.341484,-0.590362,139.940297,2.4819,-9.937053,100.000188,0.001047,0.001103,1.4701,2.4381,2.1917,2.8805,2.0602
7,51,DIAMOND_11.tif,66,99.898264,4.505876,-9.310289,0.503476,0.612007,0.609885,110.252420,2.5826,-9.310289,99.999830,0.001120,0.001784,2.1914,9.0469,3.3613,4.8757,3.1654
8,60,DIAMOND_11.tif,80,99.867390,5.147114,-9.643729,0.124149,0.917017,0.379035,88.592666,2.9504,-9.643729,99.999942,0.000909,0.002137,1.4643,4.1488,2.9714,4.2915,2.4134
9,7,DIAMOND_11.tif,11,99.825077,5.909930,-9.866128,0.092559,0.940811,0.326047,111.357577,3.3881,-9.866128,99.999866,0.002415,0.003862,4.3101,56.5908,6.0473,7.9302,5.8421
10,54,DIAMOND_11.tif,69,99.763742,6.872541,-9.816061,-0.730739,0.037093,-0.681649,168.798069,3.9408,-9.816061,100.000180,0.001726,0.001772,2.6298,11.4450,3.2266,4.1702,3.0906
11,8,DIAMOND_11.tif,12,99.701159,7.728431,-9.944429,0.467102,0.621496,0.628934,134.769885,4.4325,-9.944429,100.000248,0.002573,0.004457,3.9078,33.8063,5.7696,7.9445,6.2466
12,30,DIAMOND_11.tif,42,99.638828,8.487715,-9.788351,-0.508705,0.681775,-0.525739,98.028879,4.8690,-9.788351,99.999687,0.000960,0.002952,2.1106,13.7130,4.0306,5.7484,3.2738
13,15,DIAMOND_11.tif,21,99.610750,8.813713,-9.391688,-0.035025,0.968482,-0.246609,109.851012,5.0565,-9.391688,99.999916,0.001134,0.003965,1.8995,20.6013,5.1918,8.8082,3.5099
14,43,DIAMOND_11.tif,56,99.492316,10.062716,-9.634128,-0.590757,0.412794,-0.693258,128.090107,5.7753,-9.634128,99.999896,0.000997,0.002704,1.9246,9.2034,3.5430,6.1170,2.4588
15,67,DIAMOND_11.tif,92,99.463719,10.341416,-9.482772,-0.621563,0.020398,-0.783099,160.127743,5.9358,-9.482772,99.999882,0.001126,0.001376,2.0946,4.5898,2.6204,4.5504,2.8789
16,60,DIAMOND_11.tif,80,99.366594,11.234263,-9.941178,0.689243,0.118257,0.714814,171.733237,6.4504,-9.941178,99.999644,0.000519,0.002137,1.4643,4.1488,2.9714,4.2915,2.4134
17,24,DIAMOND_11.tif,33,99.272542,12.038543,-9.495491,-0.765462,0.340330,-0.546116,105.788439,6.9144,-9.495491,99.999820,0.001262,0.002841,2.3388,18.9749,4.5889,6.0620,4.5251
18,77,DIAMOND_11.tif,104,99.153207,12.987950,-9.892297,-0.255257,0.933799,-0.250726,86.525619,7.4626,-9.892297,100.000227,0.001090,0.001103,1.4701,2.4381,2.1917,2.8805,2.0602
19,61,DIAMOND_11.tif,81,99.104460,13.352344,-9.400564,0.702663,0.370876,0.607219,169.306922,7.6733,-9.400564,99.999895,0.000754,0.002323,1.0526,2.9133,2.9314,5.2877,1.7818
20,91,DIAMOND_11.tif,123,99.017055,13.986449,-9.486574,-0.336447,0.931046,-0.141267,66.220397,8.0400,-9.486574,99.999990,0.000509,0.000853,0.8947,0.6195,1.7441,3.8088,1.3476
21,8,DIAMOND_11.tif,12,98.892883,14.831188,-9.588717,0.712583,0.355223,0.605014,158.786652,8.5292,-9.588717,99.998832,0.001274,0.004457,3.9078,33.8063,5.7696,7.9445,6.2466
22,2,DIAMOND_11.tif,5,98.735027,15.858075,-9.412910,0.647596,0.607548,0.459896,148.327143,9.1245,-9.412910,100.000421,0.004316,0.004939,6.1317,172.9320,7.2822,10.2853,7.7068
23,44,DIAMOND_11.tif,57,98.615905,16.578129,-9.438276,-0.723006,-0.047378,-0.689215,168.217113,9.5427,-9.438276,99.999655,0.001054,0.002282,2.3842,12.0878,3.5350,4.8545,3.2090
24,83,DIAMOND_11.tif,113,98.592006,16.721184,-9.919173,0.300028,0.540585,0.785971,110.478655,9.6258,-9.919173,99.999908,0.000746,0.000941,1.4266,1.4270,1.8641,2.4419,1.5819
25,90,DIAMOND_11.tif,122,98.471125,17.420176,-9.554872,-0.447372,0.759083,-0.472918,115.413577,10.0322,-9.554872,100.000125,0.001024,0.000910,1.5618,1.4736,1.7516,2.1607,1.7785
26,41,DIAMOND_11.tif,54,98.313819,18.285017,-9.756774,0.428978,0.703732,0.566339,114.915937,10.5358,-9.756774,99.999744,0.001198,0.002319,2.5103,9.7759,3.5999,5.6881,3.3332
27,7,DIAMOND_11.tif,11,98.082189,19.492579,-9.499842,0.365451,0.773807,0.517367,111.715527,11.2403,-9.499842,100.000382,0.002911,0.003862,4.3101,56.5908,6.0473,7.9302,5.8421
28,1,DIAMOND_11.tif,2,97.988041,19.958298,-9.868383,-0.670878,0.011740,-0.741475,149.309200,11.5126,-9.868383,99.999949,0.003385,0.006119,5.6562,164.9708,8.6371,12.0537,8.6791
29,16,DIAMOND_11.tif,23,97.852260,20.609760,-9.965589,-0.824279,0.263692,-0.501030,128.592011,11.8939,-9.965589,99.999135,0.001092,0.003237,2.7689,29.7209,5.0816,6.9039,4.0796
30,29,DIAMOND_11.tif,41,97.705641,21.296988,-9.301666,0.480219,0.578672,0.659188,127.600820,12.2965,-9.301666,99.999770,0.001282,0.004448,2.6907,13.0309,4.0409,8.2103,2.9520
31,22,DIAMOND_11.tif,31,97.558423,21.962692,-9.914809,-0.872035,0.004610,-0.489421,158.633245,12.6871,-9.914809,100.000028,0.001582,0.002945,2.5253,24.2589,4.7564,6.2282,3.9129
32,92,DIAMOND_11.tif,126,97.381064,22.735701,-9.769257,-0.671969,0.338604,-0.658639,121.672128,13.1415,-9.769257,99.999919,0.000337,0.000751,0.7223,0.3678,1.4664,2.4982,1.0312
33,31,DIAMOND_11.tif,43,97.152186,23.691961,-9.708179,-0.673066,-0.057461,-0.737347,166.290403,13.7049,-9.708179,99.999281,0.000679,0.002595,2.2881,14.1526,3.9969,5.4815,3.1181
34,34,DIAMOND_11.tif,47,97.048536,24.117835,-9.980251,-0.410123,0.883859,-0.224927,119.353012,13.9560,-9.980251,100.000441,0.002074,0.002302,2.9789,15.7966,3.8776,5.9808,3.6253
35,31,DIAMOND_11.tif,43,96.788297,25.141015,-9.636145,0.051088,0.965259,0.256252,95.386277,14.5609,-9.636145,100.000225,0.001572,0.002595,2.2881,14.1526,3.9969,5.4815,3.1181
36,19,DIAMOND_11.tif,26,96.622257,25.769756,-9.433441,-0.129433,0.964813,-0.228873,103.020944,14.9335,-9.433441,99.999704,0.001468,0.002910,2.8154,28.5622,4.9632,6.3715,4.5700
37,34,DIAMOND_11.tif,47,96.568985,25.971206,-9.919850,-0.185977,0.851516,0.490238,89.000814,15.0529,-9.919850,100.000362,0.002111,0.002302,2.9789,15.7966,3.8776,5.9808,3.6253
38,25,DIAMOND_11.tif,34,96.258689,27.097550,-9.880767,0.694854,0.297513,0.654724,158.894247,15.7223,-9.880767,100.000062,0.001491,0.002554,2.2688,18.2938,4.4457,5.4925,3.9077
39,92,DIAMOND_11.tif,126,96.095468,27.670406,-9.873533,0.633609,0.339357,0.695253,162.359987,16.0636,-9.873533,99.999951,0.000361,0.000751,0.7223,0.3678,1.4664,2.4982,1.0312
40,28,DIAMOND_11.tif,39,95.910978,28.302198,-9.485544,0.130643,0.980851,-0.144440,88.611798,16.4407,-9.485544,99.999650,0.001243,0.002843,1.8815,12.9345,4.1524,6.2724,2.7754
41,87,DIAMOND_11.tif,118,95.629558,29.239514,-9.652686,-0.657790,0.306904,-0.687839,131.749244,17.0014,-9.652686,99.999807,0.000446,0.001420,1.0508,1.0922,1.7911,2.9189,1.6823
42,41,DIAMOND_11.tif,54,95.478122,29.729574,-9.409619,-0.711334,0.206872,-0.671720,171.242229,17.2953,-9.409619,99.999597,0.000929,0.002319,2.5103,9.7759,3.5999,5.6881,3.3332
43,68,DIAMOND_11.tif,93,95.352626,30.130602,-9.517084,0.311576,0.924640,0.219001,111.044544,17.5361,-9.517084,99.999883,0.000677,0.001412,1.3482,2.1485,2.6095,5.4768,1.9975
44,55,DIAMOND_11.tif,70,94.969609,31.316900,-9.467667,-0.826927,0.191683,-0.528630,128.758809,18.2503,-9.467667,99.999874,0.000648,0.002163,1.0843,3.8378,3.2022,5.5103,1.9921
45,47,DIAMOND_11.tif,61,94.703272,32.111979,-9.859812,0.091956,0.988805,0.117507,112.762361,18.7308,-9.859812,99.999445,0.000411,0.001989,1.5957,6.0222,3.4562,5.2254,2.4746
46,16,DIAMOND_11.tif,23,94.544790,32.578149,-9.371341,0.194923,0.898630,0.393025,124.505590,19.0129,-9.371341,100.000265,0.001833,0.003237,2.7689,29.7209,5.0816,6.9039,4.0796
47,19,DIAMOND_11.tif,26,94.417465,32.944166,-9.313049,-0.642676,0.202987,-0.738758,138.522541,19.2349,-9.313049,99.999879,0.001599,0.002910,2.8154,28.5622,4.9632,6.3715,4.5700
48,56,DIAMOND_11.tif,71,94.197131,33.569506,-9.405437,-0.563041,0.655065,-0.503860,134.701924,19.6148,-9.405437,100.000056,0.001336,0.001714,2.3265,8.6456,3.1857,4.7472,2.8980
49,12,DIAMOND_11.tif,18,93.900536,34.388735,-9.557637,-0.577990,0.793712,-0.189601,119.551918,20.1140,-9.557637,99.999478,0.002151,0.003286,4.4296,55.1674,5.4697,6.8900,5.8682
50,12,DIAMOND_11.tif,18,93.491287,35.485511,-9.735833,0.568618,0.607361,0.554785,142.066801,20.7847,-9.735833,99.999212,0.001772,0.003286,4.4296,55.1674,5.4697,6.8900,5.8682
51,39,DIAMOND_11.tif,52,93.279057,36.041855,-9.832024,-0.058871,0.975274,0.213015,97.260054,21.1259,-9.832024,99.999989,0.001143,0.002257,1.9179,10.0615,3.6523,5.0876,2.8607
52,93,DIAMOND_11.tif,127,92.948501,36.885810,-9.686529,-0.780114,0.502025,-0.373355,111.711821,21.6452,-9.686529,99.999935,0.000269,0.001315,0.5114,0.3031,1.4226,3.4884,0.7241
53,15,DIAMOND_11.tif,21,92.830900,37.180530,-9.986800,-0.286025,0.926525,0.244421,99.638309,21.8270,-9.986800,99.999839,0.001144,0.003965,1.8995,20.6013,5.1918,8.8082,3.5099
54,53,DIAMOND_11.tif,68,92.628018,37.684127,-9.481580,-0.789379,-0.387236,-0.476371,179.540494,22.1381,-9.481580,100.000215,0.001748,0.002864,2.8584,12.9675,3.2293,5.8149,3.6615
55,66,DIAMOND_11.tif,91,92.212954,38.687480,-9.751873,-0.552154,0.830236,0.076375,103.006607,22.7602,-9.751873,99.999750,0.000664,0.001655,1.6486,3.4815,2.6461,4.8219,1.9912
56,74,DIAMOND_11.tif,100,91.919550,39.380315,-9.416778,-0.120512,0.925036,0.360256,90.625535,23.1913,-9.416778,100.000064,0.000837,0.001702,1.2176,2.6595,2.4300,3.7079,1.8246
57,95,DIAMOND_11.tif,130,91.769472,39.728673,-9.305090,-0.848589,0.178259,-0.498116,110.855385,23.4087,-9.305090,100.000017,0.000457,0.000520,0.7720,0.3081,1.2082,1.4787,1.0867
58,22,DIAMOND_11.tif,31,91.478362,40.393680,-9.688524,-0.319606,0.941409,-0.107707,92.033111,23.8246,-9.688524,99.999701,0.001303,0.002945,2.5253,24.2589,4.7564,6.2282,3.9129
59,71,DIAMOND_11.tif,97,90.957078,41.555582,-9.488181,0.121414,0.815443,0.565961,98.565767,24.5543,-9.488181,100.000282,0.001457,0.001354,2.0459,4.2073,2.5244,4.2107,2.6742
60,63,DIAMOND_11.tif,86,90.780694,41.938946,-9.502889,-0.064342,0.952984,0.296110,79.908460,24.7960,-9.502889,100.000048,0.001153,0.001898,1.6842,4.7862,2.7402,4.4393,2.0872
61,61,DIAMOND_11.tif,81,90.472041,42.600050,-9.746168,-0.746634,0.462793,-0.477871,93.620184,25.2141,-9.746168,99.999772,0.000549,0.002323,1.0526,2.9133,2.9314,5.2877,1.7818
62,30,DIAMOND_11.tif,42,90.275961,43.013800,-9.820995,-0.826928,-0.128595,-0.547405,156.413298,25.4764,-9.820995,99.999680,0.001142,0.002952,2.1106,13.7130,4.0306,5.7484,3.2738
63,13,DIAMOND_11.tif,19,89.788918,44.021549,-9.558733,-0.566198,0.632372,-0.528701,66.605818,26.1177,-9.558733,99.999732,0.001622,0.003320,2.9475,35.7805,5.3648,6.4651,5.1690
64,88,DIAMOND_11.tif,119,89.636845,44.331164,-9.560409,-0.756167,0.427759,-0.495211,81.040500,26.3153,-9.560409,100.000081,0.000701,0.000959,1.1525,1.0033,1.7887,2.4278,1.4411
65,80,DIAMOND_11.tif,109,89.257366,45.090075,-9.429437,-0.853315,0.200515,-0.481298,118.915426,26.8015,-9.429437,99.999962,0.000585,0.001111,1.0789,1.4050,2.0580,3.3662,1.6671
66,37,DIAMOND_11.tif,50,88.986016,45.622942,-9.782705,-0.655022,0.098560,-0.749154,157.773596,27.1441,-9.782705,99.999820,0.001664,0.002543,2.7966,14.0539,3.6655,5.3763,2.9527
67,22,DIAMOND_11.tif,31,88.595476,46.376340,-9.822740,-0.687938,-0.507783,-0.518554,179.171560,27.6303,-9.822740,99.999616,0.001263,0.002945,2.5253,24.2589,4.7564,6.2282,3.9129
68,64,DIAMOND_11.tif,88,88.275488,46.982780,-9.536268,-0.671069,0.005564,-0.741374,107.622617,28.0232,-9.536268,99.999717,0.001051,0.002124,1.8567,5.0007,2.7202,4.2654,2.6024
69,89,DIAMOND_11.tif,121,87.722323,48.007960,-9.320509,-0.310127,0.936343,0.164567,95.586112,28.6906,-9.320509,99.999851,0.000473,0.001102,1.0614,0.9986,1.7715,3.3185,1.3554
70,58,DIAMOND_11.tif,75,87.474499,48.458109,-9.682387,-0.686421,-0.175059,-0.705819,123.568168,28.9851,-9.682387,99.999882,0.001146,0.001974,1.9681,7.3225,3.0932,4.1138,3.0493
71,73,DIAMOND_11.tif,99,87.195836,48.957389,-9.631043,-0.907183,0.078205,-0.413404,138.945113,29.3127,-9.631043,99.999699,0.000540,0.001677,1.2256,2.7484,2.4781,4.1438,1.6880
72,15,DIAMOND_11.tif,21,86.882168,49.511996,-9.493240,-0.623911,0.140165,-0.768823,140.560013,29.6777,-9.493240,99.999745,0.001108,0.003965,1.8995,20.6013,5.1918,8.8082,3.5099
73,39,DIAMOND_11.tif,52,99.997730,0.693866,-8.966179,0.249668,0.964406,0.087110,80.017475,0.3976,-8.966179,100.000137,0.001289,0.002257,1.9179,10.0615,3.6523,5.0876,2.8607
74,24,DIAMOND_11.tif,33,99.989661,1.430582,-8.681020,-0.633602,0.064603,-0.770957,160.409646,0.8197,-8.681020,99.999895,0.001396,0.002841,2.3388,18.9749,4.5889,6.0620,4.5251
75,41,DIAMOND_11.tif,54,99.980409,1.962435,-8.621634,0.177510,0.984031,0.013150,105.760201,1.1245,-8.621634,99.999666,0.001069,0.002319,2.5103,9.7759,3.5999,5.6881,3.3332
76,73,DIAMOND_11.tif,99,99.974263,2.271448,-8.862504,-0.378471,0.901184,-0.211252,86.740128,1.3016,-8.862504,100.000064,0.000761,0.001677,1.2256,2.7484,2.4781,4.1438,1.6880
77,11,DIAMOND_11.tif,17,99.955645,2.968392,-9.129003,0.605283,0.260452,0.752195,136.952693,1.7010,-9.129003,99.999711,0.002015,0.004078,3.6234,46.9468,5.4948,8.7637,5.3801
78,61,DIAMOND_11.tif,81,99.927706,3.801525,-9.144436,-0.616728,0.584928,-0.526787,123.375342,2.1786,-9.144436,99.999990,0.000584,0.002323,1.0526,2.9133,2.9314,5.2877,1.7818
79,60,DIAMOND_11.tif,80,99.875618,4.986010,-9.170626,-0.682369,0.610280,-0.402406,91.679325,2.8580,-9.170626,99.999997,0.000782,0.002137,1.4643,4.1488,2.9714,4.2915,2.4134
80,55,DIAMOND_11.tif,70,99.852328,5.430887,-8.906866,0.679965,0.451037,0.578112,138.106517,3.1132,-8.906866,99.999909,0.000660,0.002163,1.0843,3.8378,3.2022,5.5103,1.9921
81,14,DIAMOND_11.tif,20,99.818734,6.015061,-9.216156,-0.035550,0.960035,-0.277613,95.861580,3.4485,-9.216156,99.999803,0.002506,0.004076,4.4334,52.3335,5.3030,7.7099,5.7494
82,52,DIAMOND_11.tif,67,99.758686,6.936423,-8.762319,0.700280,0.506597,0.502959,154.994618,3.9775,-8.762319,99.999547,0.000354,0.002097,1.1861,4.6602,3.3404,4.9386,2.4029
83,24,DIAMOND_11.tif,33,99.722068,7.450551,-8.853127,-0.705484,0.576308,-0.412506,105.357495,4.2728,-8.853127,100.000008,0.001437,0.002841,2.3388,18.9749,4.5889,6.0620,4.5251
84,35,DIAMOND_11.tif,48,99.643575,8.428456,-8.862918,-0.682631,0.207566,-0.700665,164.543309,4.8349,-8.862918,99.999405,0.000975,0.002437,2.6217,15.6426,3.8436,5.3474,3.4707
85,28,DIAMOND_11.tif,39,99.574330,9.215920,-8.802657,0.639141,0.333202,0.693163,155.376604,5.2878,-8.802657,99.999902,0.001009,0.002843,1.8815,12.9345,4.1524,6.2724,2.7754
86,4,DIAMOND_11.tif,8,99.507925,9.905193,-8.628702,0.203564,0.855603,0.475926,122.213863,5.6846,-8.628702,99.999700,0.002503,0.004101,4.6158,73.3776,6.3488,8.7276,5.7689
87,55,DIAMOND_11.tif,70,99.419125,10.762698,-9.178115,0.445150,0.512918,0.734000,143.206728,6.1785,-9.178115,99.999990,0.000803,0.002163,1.0843,3.8378,3.2022,5.5103,1.9921
88,75,DIAMOND_11.tif,101,99.396951,10.964648,-8.651535,0.236361,0.951957,0.194708,91.676128,6.2949,-8.651535,99.999887,0.000713,0.001537,1.3371,2.8298,2.4174,3.5397,1.9346
89,54,DIAMOND_11.tif,69,99.280601,11.971746,-8.988614,-0.663926,-0.270544,-0.697143,174.917979,6.8758,-8.988614,99.999802,0.001337,0.001772,2.6298,11.4450,3.2266,4.1702,3.0906
90,6,DIAMOND_11.tif,10,99.163577,12.905986,-8.691480,-0.393181,0.673308,-0.626151,122.769898,7.4153,-8.691480,99.999898,0.001940,0.004622,3.4530,60.7001,6.0513,9.2148,6.4010
91,1,DIAMOND_11.tif,2,99.072545,13.587525,-9.043052,-0.450244,0.552171,-0.701703,126.696146,7.8092,-9.043052,99.999950,0.003235,0.006119,5.6562,164.9708,8.6371,12.0537,8.6791
92,82,DIAMOND_11.tif,112,99.022456,13.947274,-8.645510,-0.705570,0.147913,-0.693031,156.694755,8.0173,-8.645510,99.999866,0.000398,0.001063,0.9030,0.7351,1.8746,3.8780,1.5251
93,39,DIAMOND_11.tif,52,98.939816,14.521820,-9.205792,-0.811732,0.130781,-0.569199,170.412589,8.3499,-9.205792,99.999852,0.001032,0.002257,1.9179,10.0615,3.6523,5.0876,2.8607
94,35,DIAMOND_11.tif,48,98.751125,15.755976,-9.041788,-0.316119,0.894343,-0.316575,96.999047,9.0653,-9.041788,100.000177,0.001760,0.002437,2.6217,15.6426,3.8436,5.3474,3.4707
95,89,DIAMOND_11.tif,121,98.623093,16.538344,-9.124210,0.087059,0.961938,0.259029,100.757626,9.5195,-9.124210,100.000156,0.000790,0.001102,1.0614,0.9986,1.7715,3.3185,1.3554
96,9,DIAMOND_11.tif,15,98.500002,17.257317,-8.584754,-0.805726,0.561291,-0.189097,100.734083,9.9374,-8.584754,100.000327,0.002782,0.003979,3.9470,49.2002,5.7090,7.4169,5.1537
97,3,DIAMOND_11.tif,7,98.451842,17.525408,-8.706196,-0.779291,-0.085520,-0.620799,175.626310,10.0935,-8.706196,99.999525,0.001402,0.004314,2.8709,58.8178,6.8335,8.9491,6.3495
98,62,DIAMOND_11.tif,85,98.232461,18.717703,-8.705297,0.586750,0.356559,0.727041,163.682891,10.7881,-8.705297,99.999844,0.000590,0.001843,1.2814,3.6631,2.7672,4.3609,2.4094
99,22,DIAMOND_11.tif,31,98.214383,18.812497,-8.875870,0.507938,-0.016827,0.861229,169.352573,10.8434,-8.875870,99.999875,0.001430,0.002945,2.5253,24.2589,4.7564,6.2282,3.9129
100,60,DIAMOND_11.tif,80,98.001744,19.891034,-8.976719,0.552142,0.364960,0.749629,160.006592,11.4732,-8.976719,99.999976,0.000870,0.002137,1.4643,4.1488,2.9714,4.2915,2.4134
101,69,DIAMOND_11.tif,94,97.825568,20.739099,-9.248268,0.060375,0.956049,0.286922,100.494852,11.9695,-9.248268,99.999760,0.000708,0.001419,1.6246,3.9163,2.5596,3.7240,2.5617
102,35,DIAMOND_11.tif,48,97.690666,21.365462,-9.157808,-0.489557,0.482847,-0.726080,107.496738,12.3366,-9.157808,99.999746,0.001388,0.002437,2.6217,15.6426,3.8436,5.3474,3.4707
103,27,DIAMOND_11.tif,37,97.590991,21.815407,-8.939247,-0.470339,0.852268,0.228954,89.171198,12.6007,-8.939247,99.999567,0.001007,0.003142,1.8285,13.4607,4.3256,6.4516,2.9485
104,63,DIAMOND_11.tif,86,97.355741,22.843790,-9.268428,0.672415,0.346508,0.654057,133.290551,13.2051,-9.268428,99.999895,0.000965,0.001898,1.6842,4.7862,2.7402,4.4393,2.0872
105,31,DIAMOND_11.tif,43,97.147841,23.712023,-8.907859,-0.902280,0.074272,-0.424705,145.915307,13.7167,-8.907859,99.999815,0.001347,0.002595,2.2881,14.1526,3.9969,5.4815,3.1181
106,66,DIAMOND_11.tif,91,97.122857,23.814956,-9.089605,-0.362805,0.834202,-0.415308,99.151010,13.7774,-9.089605,100.000008,0.000961,0.001655,1.6486,3.4815,2.6461,4.8219,1.9912
107,85,DIAMOND_11.tif,116,96.831639,24.973278,-8.879913,-0.741535,0.075956,-0.666601,165.411962,14.4617,-8.879913,100.000155,0.001163,0.001015,1.7382,1.7991,1.8262,2.8805,2.4057
108,46,DIAMOND_11.tif,60,96.739178,25.327450,-9.104871,0.056999,0.853604,0.517795,101.181851,14.6714,-9.104871,99.999741,0.000821,0.002096,1.8506,8.4267,3.4726,5.0876,2.7590
109,39,DIAMOND_11.tif,52,96.453693,26.395994,-9.214443,-0.640104,0.522179,-0.563557,113.062783,15.3051,-9.214443,100.000317,0.001478,0.002257,1.9179,10.0615,3.6523,5.0876,2.8607
110,81,DIAMOND_11.tif,111,96.334659,26.825462,-9.254689,0.502173,0.518509,0.692077,110.586751,15.5605,-9.254689,99.999859,0.000431,0.001027,1.0254,1.0043,1.8804,3.7282,1.4915
111,85,DIAMOND_11.tif,116,96.063445,27.781096,-8.819920,-0.116471,0.938343,0.325495,92.767815,16.1296,-8.819920,99.999874,0.000882,0.001015,1.7382,1.7991,1.8262,2.8805,2.4057
112,73,DIAMOND_11.tif,99,95.882147,28.401083,-8.788321,-0.726971,-0.173399,-0.664415,178.961476,16.4997,-8.788321,100.000038,0.000732,0.001677,1.2256,2.7484,2.4781,4.1438,1.6880
113,58,DIAMOND_11.tif,75,95.776131,28.756372,-8.774276,0.238956,0.870169,0.430935,140.921534,16.7122,-8.774276,99.999981,0.001278,0.001974,1.9681,7.3225,3.0932,4.1138,3.0493
114,0,DIAMOND_11.tif,1,95.430109,29.881026,-8.924367,0.212597,0.700329,0.681426,129.337081,17.3864,-8.924367,99.998907,0.002936,0.006616,6.5389,193.8738,8.8984,12.5805,9.1749
115,72,DIAMOND_11.tif,98,95.299777,30.297320,-9.108179,-0.816018,0.118781,-0.565691,123.214387,17.6363,-9.108179,99.999875,0.000625,0.001574,1.2045,2.3662,2.4860,3.5061,1.6844
116,69,DIAMOND_11.tif,94,94.999828,31.225001,-8.734725,-0.290528,0.838161,-0.461605,80.690414,18.1949,-8.734725,99.999840,0.000804,0.001419,1.6246,3.9163,2.5596,3.7240,2.5617
117,45,DIAMOND_11.tif,59,94.752058,31.968838,-8.906822,0.113934,0.869423,0.480752,92.824641,18.6441,-8.906822,99.999795,0.000971,0.002488,1.8303,8.5307,3.4820,5.4290,2.7115
118,12,DIAMOND_11.tif,18,94.479365,32.767989,-8.580323,0.335153,0.721339,0.606087,120.282698,19.1279,-8.580323,100.000458,0.003091,0.003286,4.4296,55.1674,5.4697,6.8900,5.8682
119,7,DIAMOND_11.tif,11,94.280768,33.334093,-8.875383,0.602287,0.224325,0.766113,164.180638,19.4717,-8.875383,100.000125,0.002649,0.003862,4.3101,56.5908,6.0473,7.9302,5.8421
120,29,DIAMOND_11.tif,41,94.110173,33.810761,-8.929437,0.513839,0.553266,0.655642,142.577425,19.7617,-8.929437,99.999462,0.001043,0.004448,2.6907,13.0309,4.0409,8.2103,2.9520
121,22,DIAMOND_11.tif,31,93.730751,34.850564,-9.155731,0.167851,0.953217,0.251402,132.163368,20.3959,-9.155731,100.000077,0.001844,0.002945,2.5253,24.2589,4.7564,6.2282,3.9129
122,64,DIAMOND_11.tif,88,93.568871,35.283402,-9.124226,-0.892676,0.121316,-0.434065,108.528150,20.6607,-9.124226,100.000260,0.001221,0.002124,1.8567,5.0007,2.7202,4.2654,2.6024
123,19,DIAMOND_11.tif,26,93.253507,36.106637,-8.975225,-0.022921,0.999610,-0.015977,86.562988,21.1658,-8.975225,99.999529,0.001310,0.002910,2.8154,28.5622,4.9632,6.3715,4.5700
124,58,DIAMOND_11.tif,75,93.189774,36.270995,-9.176714,0.269304,0.959843,0.078596,96.362203,21.2668,-9.176714,99.999595,0.000856,0.001974,1.9681,7.3225,3.0932,4.1138,3.0493
125,51,DIAMOND_11.tif,66,92.807247,37.239955,-8.948809,0.472470,0.595648,0.649596,142.969696,21.8637,-8.948809,99.999997,0.001289,0.001784,2.1914,9.0469,3.3613,4.8757,3.1654
126,56,DIAMOND_11.tif,71,92.576225,37.811487,-9.203128,-0.642277,0.215721,-0.735489,123.073687,22.2169,-9.203128,100.000330,0.001698,0.001714,2.3265,8.6456,3.1857,4.7472,2.8980
127,12,DIAMOND_11.tif,18,92.254953,38.588019,-9.187247,-0.178583,0.945454,0.272442,114.726704,22.6984,-9.187247,100.000058,0.002728,0.003286,4.4296,55.1674,5.4697,6.8900,5.8682
128,8,DIAMOND_11.tif,12,91.876460,39.479996,-8.586376,-0.595639,0.736061,-0.321603,87.176048,23.2536,-8.586376,99.999770,0.002144,0.004457,3.9078,33.8063,5.7696,7.9445,6.2466
129,63,DIAMOND_11.tif,86,91.601234,40.114835,-8.982376,-0.810561,0.285454,-0.511378,128.529073,23.6500,-8.982376,99.999930,0.000937,0.001898,1.6842,4.7862,2.7402,4.4393,2.0872
130,45,DIAMOND_11.tif,59,91.438948,40.482769,-8.608452,-0.688748,0.694487,-0.208119,129.704766,23.8804,-8.608452,99.999679,0.000827,0.002488,1.8303,8.5307,3.4820,5.4290,2.7115
131,50,DIAMOND_11.tif,65,91.139412,41.153817,-8.714159,-0.610393,0.190536,-0.768841,114.372826,24.3015,-8.714159,100.000145,0.001642,0.002633,2.7839,13.2921,3.4104,5.3330,3.1854
132,46,DIAMOND_11.tif,60,90.777621,41.945168,-8.879246,-0.315190,0.883709,0.345997,107.019142,24.8000,-8.879246,99.999868,0.000928,0.002096,1.8506,8.4267,3.4726,5.0876,2.7590
133,2,DIAMOND_11.tif,5,90.550099,42.436520,-8.904080,-0.677230,0.650732,-0.343376,99.597002,25.1102,-8.904080,100.000893,0.004517,0.004939,6.1317,172.9320,7.2822,10.2853,7.7068
134,89,DIAMOND_11.tif,121,90.272297,43.021855,-8.744257,-0.349533,0.910873,0.219399,112.219791,25.4815,-8.744257,99.999838,0.000469,0.001102,1.0614,0.9986,1.7715,3.3185,1.3554
135,36,DIAMOND_11.tif,49,89.955758,43.680759,-9.247125,0.271267,0.779975,0.563963,116.448098,25.9003,-9.247125,100.000235,0.001813,0.002514,2.6690,14.7684,3.7620,5.7388,3.0158
136,65,DIAMOND_11.tif,89,89.414209,44.778036,-8.744324,-0.692517,-0.246402,-0.678016,126.402164,26.6014,-8.744324,99.999866,0.000786,0.001873,1.5214,4.2247,2.6691,4.0917,2.1900
137,63,DIAMOND_11.tif,86,89.165548,45.272192,-8.939581,0.290385,0.631402,0.719033,157.247949,26.9184,-8.939581,100.000332,0.001322,0.001898,1.6842,4.7862,2.7402,4.4393,2.0872
138,78,DIAMOND_11.tif,107,89.009957,45.576544,-8.878952,-0.057538,0.863695,0.500720,78.147486,27.1142,-8.878952,99.999969,0.000700,0.001257,1.0492,1.5797,2.1114,3.1644,1.6405
139,11,DIAMOND_11.tif,17,88.484002,46.588716,-9.122423,0.287890,0.765802,0.575036,120.134007,27.7678,-9.122423,99.999635,0.001776,0.004078,3.6234,46.9468,5.4948,8.7637,5.3801
140,50,DIAMOND_11.tif,65,88.234310,47.059896,-8.935858,-0.813173,0.131152,-0.567052,160.326417,28.0733,-8.935858,99.999636,0.001370,0.002633,2.7839,13.2921,3.4104,5.3330,3.1854
141,85,DIAMOND_11.tif,116,87.960580,47.569835,-8.641470,0.708424,0.465785,0.530263,149.543776,28.4049,-8.641470,99.999764,0.000723,0.001015,1.7382,1.7991,1.8262,2.8805,2.4057
142,63,DIAMOND_11.tif,86,87.594174,48.241582,-8.964770,-0.780500,0.501980,-0.372606,129.048138,28.8433,-8.964770,99.999948,0.000881,0.001898,1.6842,4.7862,2.7402,4.4393,2.0872
143,4,DIAMOND_11.tif,8,86.970442,49.354887,-8.961276,0.121995,0.793924,0.595653,115.066342,29.5745,-8.961276,99.998813,0.001552,0.004101,4.6158,73.3776,6.3488,8.7276,5.7689
144,87,DIAMOND_11.tif,118,86.632751,49.946773,-8.875527,0.513410,0.424369,0.745869,118.905538,29.9649,-8.875527,99.999568,0.000342,0.001420,1.0508,1.0922,1.7911,2.9189,1.6823
145,5,DIAMOND_11.tif,9,99.999477,0.193715,-8.325340,-0.252171,0.860687,-0.442299,83.794465,0.1110,-8.325340,99.999664,0.001866,0.006009,3.1391,40.8061,6.1473,13.2068,5.9658
146,5,DIAMOND_11.tif,9,99.994393,1.004750,-8.312272,-0.322024,0.923357,0.209076,94.212771,0.5757,-8.312272,99.999441,0.001575,0.006009,3.1391,40.8061,6.1473,13.2068,5.9658
147,20,DIAMOND_11.tif,28,99.976909,2.133106,-8.516701,-0.688683,0.498188,-0.526806,107.148589,1.2223,-8.516701,99.999662,0.001421,0.003341,2.7864,27.0696,4.8153,7.2531,3.5379
148,26,DIAMOND_11.tif,36,99.958869,2.862935,-8.104324,0.663405,0.689100,0.291607,129.936347,1.6406,-8.104324,99.999859,0.001241,0.003876,2.3312,18.8512,4.3784,7.3800,3.1732
149,67,DIAMOND_11.tif,92,99.935277,3.588630,-8.314706,-0.225643,0.811535,-0.538977,111.533981,2.0566,-8.314706,99.999689,0.000909,0.001376,2.0946,4.5898,2.6204,4.5504,2.8789
150,58,DIAMOND_11.tif,75,99.929229,3.756166,-8.385913,-0.642135,0.022790,-0.766252,157.357809,2.1526,-8.385913,99.999798,0.001031,0.001974,1.9681,7.3225,3.0932,4.1138,3.0493
151,28,DIAMOND_11.tif,39,99.890703,4.655649,-8.101665,0.093707,0.890030,-0.446167,81.892622,2.6685,-8.101665,99.999138,0.000789,0.002843,1.8815,12.9345,4.1524,6.2724,2.7754
152,6,DIAMOND_11.tif,10,99.861345,5.258506,-8.361960,-0.011501,0.995141,-0.097785,107.437773,3.0143,-8.361960,99.999700,0.001728,0.004622,3.4530,60.7001,6.0513,9.2148,6.4010
153,42,DIAMOND_11.tif,55,99.805353,6.233638,-8.441447,0.726639,0.071581,0.683280,174.727488,3.5739,-8.441447,99.999833,0.000777,0.002566,1.5202,7.5887,3.5473,5.7553,2.4714
154,20,DIAMOND_11.tif,28,99.774199,6.716924,-8.414617,0.107863,0.823933,0.556327,76.963432,3.8514,-8.414617,100.000040,0.001683,0.003341,2.7864,27.0696,4.8153,7.2531,3.5379
155,36,DIAMOND_11.tif,49,99.714859,7.542730,-8.107076,0.635294,0.485024,0.600960,151.517015,4.3258,-8.107076,99.999730,0.001269,0.002514,2.6690,14.7684,3.7620,5.7388,3.0158
156,70,DIAMOND_11.tif,95,99.652451,8.331546,-8.014405,-0.753173,0.026703,-0.657281,176.504408,4.7792,-8.014405,100.000128,0.001267,0.001499,1.9947,5.1174,2.5304,3.2779,2.1007
157,93,DIAMOND_11.tif,127,99.616839,8.745205,-8.479490,-0.659398,0.428905,-0.617442,127.736370,5.0170,-8.479490,99.999966,0.000256,0.001315,0.5114,0.3031,1.4226,3.4884,0.7241
158,39,DIAMOND_11.tif,52,99.514888,9.836175,-7.915879,0.601030,0.356748,0.715188,162.238319,5.6449,-7.915879,99.999816,0.001012,0.002257,1.9179,10.0615,3.6523,5.0876,2.8607
159,75,DIAMOND_11.tif,101,99.443565,10.531258,-7.933586,-0.610277,0.448924,-0.652710,120.483390,6.0452,-7.933586,99.999650,0.000450,0.001537,1.3371,2.8298,2.4174,3.5397,1.9346
160,53,DIAMOND_11.tif,68,99.339106,11.477728,-8.541199,-0.759612,0.251532,-0.599768,160.964951,6.5908,-8.541199,99.999981,0.001648,0.002864,2.8584,12.9675,3.2293,5.8149,3.6615
161,70,DIAMOND_11.tif,95,99.241748,12.291077,-8.272820,0.635553,0.390276,0.666151,143.969001,7.0601,-8.272820,99.999976,0.001125,0.001499,1.9947,5.1174,2.5304,3.2779,2.1007
162,46,DIAMOND_11.tif,60,99.199608,12.626759,-8.043496,0.580418,0.606212,0.543711,135.461866,7.2540,-8.043496,99.999986,0.001115,0.002096,1.8506,8.4267,3.4726,5.0876,2.7590
163,92,DIAMOND_11.tif,126,99.062533,13.660375,-8.123197,-0.808620,0.120983,-0.575758,119.676832,7.8514,-8.123197,99.999956,0.000370,0.000751,0.7223,0.3678,1.4664,2.4982,1.0312
164,33,DIAMOND_11.tif,46,98.994983,14.141576,-8.172493,-0.294223,0.906342,-0.303277,116.124369,8.1298,-8.172493,99.999954,0.001133,0.002346,1.7205,10.9902,3.9084,5.2783,3.6731
165,33,DIAMOND_11.tif,46,98.883396,14.899914,-8.300602,0.657213,0.400271,0.638635,147.853714,8.5690,-8.300602,99.999667,0.000715,0.002346,1.7205,10.9902,3.9084,5.2783,3.6731
166,92,DIAMOND_11.tif,126,98.779627,15.574750,-8.528426,0.536367,0.642701,0.547034,104.803734,8.9602,-8.528426,99.999938,0.000370,0.000751,0.7223,0.3678,1.4664,2.4982,1.0312
167,15,DIAMOND_11.tif,21,98.654679,16.343896,-8.389929,-0.576572,0.387595,-0.719260,152.679319,9.4066,-8.389929,99.999344,0.000813,0.003965,1.8995,20.6013,5.1918,8.8082,3.5099
168,87,DIAMOND_11.tif,118,98.566892,16.869248,-8.481813,-0.213832,0.928744,0.302836,100.817708,9.7118,-8.481813,100.000018,0.000604,0.001420,1.0508,1.0922,1.7911,2.9189,1.6823
169,64,DIAMOND_11.tif,88,98.435916,17.616843,-8.531485,0.632621,0.007011,0.774430,149.086005,10.1467,-8.531485,99.999914,0.000920,0.002124,1.8567,5.0007,2.7202,4.2654,2.6024
170,12,DIAMOND_11.tif,18,98.317362,18.265964,-8.340700,0.623459,0.579898,0.524422,126.611608,10.5247,-8.340700,99.999745,0.002330,0.003286,4.4296,55.1674,5.4697,6.8900,5.8682
171,50,DIAMOND_11.tif,65,98.197985,18.895924,-8.129478,-0.844279,0.326471,-0.424981,102.399314,10.8921,-8.129478,99.999501,0.001097,0.002633,2.7839,13.2921,3.4104,5.3330,3.1854
172,48,DIAMOND_11.tif,63,97.987947,19.957233,-7.901899,-0.498081,0.468368,-0.729758,132.230625,11.5120,-7.901899,99.999645,0.000964,0.002507,1.9949,8.9620,3.4174,5.5326,3.2778
173,37,DIAMOND_11.tif,50,97.849818,20.628832,-8.224071,0.420089,0.804157,0.420543,143.648755,11.9048,-8.224071,100.000678,0.002154,0.002543,2.7966,14.0539,3.6655,5.3763,2.9527
174,34,DIAMOND_11.tif,47,97.721136,21.226073,-8.354058,-0.837365,0.489244,-0.243843,113.244488,12.2549,-8.354058,99.999833,0.001544,0.002302,2.9789,15.7966,3.8776,5.9808,3.6253
175,63,DIAMOND_11.tif,86,97.602973,21.763710,-7.981703,-0.192598,0.980450,-0.040299,83.767798,12.5703,-7.981703,99.999996,0.001034,0.001898,1.6842,4.7862,2.7402,4.4393,2.0872
176,90,DIAMOND_11.tif,122,97.333018,22.940071,-7.878250,-0.174759,0.937863,-0.299785,65.201587,13.2618,-7.878250,99.999816,0.000663,0.000910,1.5618,1.4736,1.7516,2.1607,1.7785
177,21,DIAMOND_11.tif,30,97.222097,23.406909,-7.864856,-0.760535,-0.232361,-0.606297,155.101958,13.5367,-7.864856,100.000098,0.001921,0.003125,2.9763,28.1827,4.7784,6.6225,4.2739
178,41,DIAMOND_11.tif,54,97.088368,23.954572,-8.524778,-0.440836,0.510324,-0.738399,111.522166,13.8597,-8.524778,99.999864,0.001234,0.002319,2.5103,9.7759,3.5999,5.6881,3.3332
179,14,DIAMOND_11.tif,20,96.787767,25.139750,-8.213811,-0.300555,0.950978,-0.072851,77.607111,14.5603,-8.213811,99.999395,0.002136,0.004076,4.4334,52.3335,5.3030,7.7099,5.7494
180,9,DIAMOND_11.tif,15,96.632575,25.732213,-8.456328,0.108159,0.933219,0.342642,97.930108,14.9112,-8.456328,100.000006,0.002320,0.003979,3.9470,49.2002,5.7090,7.4169,5.1537
181,84,DIAMOND_11.tif,114,96.587879,25.899172,-8.170626,-0.035482,0.976812,0.211137,106.335440,15.0103,-8.170626,99.999928,0.000565,0.000972,1.0243,1.0199,1.8594,4.2266,1.6501
182,37,DIAMOND_11.tif,50,96.359367,26.733654,-8.374435,0.651461,0.116126,0.749742,162.919454,15.5060,-8.374435,99.999079,0.000869,0.002543,2.7966,14.0539,3.6655,5.3763,2.9527
183,40,DIAMOND_11.tif,53,96.173005,27.399265,-8.278554,-0.858722,0.275810,-0.431886,137.634869,15.9020,-8.278554,99.999833,0.001219,0.001744,2.4428,10.0562,3.6011,4.7617,3.8130
184,66,DIAMOND_11.tif,91,95.945740,28.183828,-8.045652,0.163282,0.875944,0.453939,125.010946,16.3700,-8.045652,99.999566,0.000558,0.001655,1.6486,3.4815,2.6461,4.8219,1.9912
185,79,DIAMOND_11.tif,108,95.761829,28.803756,-8.477498,0.386027,0.603847,0.697389,152.607133,16.7405,-8.477498,99.999922,0.000644,0.001161,1.2667,1.9946,2.1052,2.6837,1.8637
186,85,DIAMOND_11.tif,116,95.504504,29.645882,-8.465966,-0.582481,0.407168,-0.703512,134.732933,17.2450,-8.465966,99.999943,0.000905,0.001015,1.7382,1.7991,1.8262,2.8805,2.4057
187,22,DIAMOND_11.tif,31,95.255240,30.436521,-7.938025,-0.462226,0.868251,0.180240,110.757945,17.7200,-7.938025,99.999713,0.001301,0.002945,2.5253,24.2589,4.7564,6.2282,3.9129
188,50,DIAMOND_11.tif,65,95.082849,30.971628,-8.438921,-0.071534,0.987927,-0.137419,66.479597,18.0421,-8.438921,99.999950,0.001602,0.002633,2.7839,13.2921,3.4104,5.3330,3.1854
189,19,DIAMOND_11.tif,26,94.899789,31.527730,-8.530807,0.310218,0.735132,0.602782,120.385844,18.3776,-8.530807,99.999838,0.001539,0.002910,2.8154,28.5622,4.9632,6.3715,4.5700
190,72,DIAMOND_11.tif,98,94.663346,32.231198,-7.968579,0.633164,0.370882,0.679374,144.436115,18.8028,-7.968579,99.999996,0.000708,0.001574,1.2045,2.3662,2.4860,3.5061,1.6844
191,12,DIAMOND_11.tif,18,94.372097,33.072987,-7.951358,-0.770574,-0.222821,-0.597132,170.245137,19.3132,-7.951358,99.999576,0.002157,0.003286,4.4296,55.1674,5.4697,6.8900,5.8682
192,12,DIAMOND_11.tif,18,94.124373,33.772235,-8.162737,-0.578638,0.620869,-0.528866,67.372432,19.7382,-8.162737,99.999807,0.002290,0.003286,4.4296,55.1674,5.4697,6.8900,5.8682
193,45,DIAMOND_11.tif,59,93.784732,34.705157,-8.383317,0.374838,0.672888,0.637745,139.855659,20.3071,-8.383317,100.000119,0.001187,0.002488,1.8303,8.5307,3.4820,5.4290,2.7115
194,69,DIAMOND_11.tif,94,93.634470,35.108028,-8.019326,-0.001814,0.748695,0.662912,87.663184,20.5534,-8.019326,99.999938,0.000939,0.001419,1.6246,3.9163,2.5596,3.7240,2.5617
195,88,DIAMOND_11.tif,119,93.371271,35.802096,-8.486371,0.496951,0.236323,0.834980,163.191873,20.9787,-8.486371,99.999922,0.000596,0.000959,1.1525,1.0033,1.7887,2.4278,1.4411
196,14,DIAMOND_11.tif,20,93.122017,36.445353,-8.477934,0.544493,0.721498,0.427748,119.033909,21.3740,-8.477934,99.999869,0.002602,0.004076,4.4334,52.3335,5.3030,7.7099,5.7494
197,9,DIAMOND_11.tif,15,92.710270,37.477607,-8.019569,0.083530,0.931793,0.353248,103.908546,22.0107,-8.019569,99.998826,0.001177,0.003979,3.9470,49.2002,5.7090,7.4169,5.1537
198,64,DIAMOND_11.tif,88,92.468667,38.072032,-8.326456,0.232258,0.851478,0.470151,99.928884,22.3784,-8.326456,99.999670,0.000714,0.002124,1.8567,5.0007,2.7202,4.2654,2.6024
199,9,DIAMOND_11.tif,15,92.224266,38.659153,-8.177294,-0.085241,0.974644,0.206889,97.914025,22.7428,-8.177294,99.999227,0.001580,0.003979,3.9470,49.2002,5.7090,7.4169,5.1537
200,59,DIAMOND_11.tif,79,92.045122,39.084868,-8.301907,-0.256293,0.869591,-0.422049,92.582405,23.0074,-8.301907,99.999657,0.000621,0.001565,1.6120,4.0482,2.9984,6.3629,2.3502
201,5,DIAMOND_11.tif,9,91.577263,40.170858,-7.910319,0.730573,0.034433,0.681965,170.370472,23.6849,-7.910319,100.000464,0.002396,0.006009,3.1391,40.8061,6.1473,13.2068,5.9658
202,75,DIAMOND_11.tif,101,91.351859,40.680219,-8.140060,0.417674,0.743122,0.522798,140.495668,24.0041,-8.140060,100.000211,0.001042,0.001537,1.3371,2.8298,2.4174,3.5397,1.9346
203,89,DIAMOND_11.tif,121,91.213798,40.988386,-8.334241,-0.876893,0.298178,-0.377027,111.113400,24.1975,-8.334241,100.000024,0.000638,0.001102,1.0614,0.9986,1.7715,3.3185,1.3554
204,87,DIAMOND_11.tif,118,90.906526,41.665445,-7.882622,-0.641574,0.162933,-0.749557,147.099512,24.6235,-7.882622,100.000029,0.000602,0.001420,1.0508,1.0922,1.7911,2.9189,1.6823
205,60,DIAMOND_11.tif,80,90.561791,42.408991,-8.267287,0.654233,0.520771,0.548432,147.855388,25.0931,-8.267287,99.999802,0.000651,0.002137,1.4643,4.1488,2.9714,4.2915,2.4134
206,24,DIAMOND_11.tif,33,90.069513,43.445035,-8.462818,0.035650,0.962933,0.267373,99.943186,25.7503,-8.462818,99.999941,0.001430,0.002841,2.3388,18.9749,4.5889,6.0620,4.5251
207,83,DIAMOND_11.tif,113,89.744683,44.112172,-8.469728,-0.629465,-0.270734,-0.728339,141.181938,26.1755,-8.469728,99.999959,0.000750,0.000941,1.4266,1.4270,1.8641,2.4419,1.5819
208,62,DIAMOND_11.tif,85,89.374047,44.858369,-7.928535,0.225982,0.863755,0.450399,147.930382,26.6529,-7.928535,99.999967,0.000750,0.001843,1.2814,3.6631,2.7672,4.3609,2.4094
209,9,DIAMOND_11.tif,15,89.118429,45.363790,-8.299354,0.508662,0.338143,0.791784,136.760849,26.9774,-8.299354,99.999839,0.002049,0.003979,3.9470,49.2002,5.7090,7.4169,5.1537
210,23,DIAMOND_11.tif,32,88.890048,45.807852,-8.150945,-0.709345,0.131272,-0.692530,167.837292,27.2635,-8.150945,99.999000,0.000885,0.003253,2.5047,21.3131,4.6565,8.4243,3.7626
211,11,DIAMOND_11.tif,17,88.462929,46.628825,-8.498074,-0.352851,0.896211,-0.268890,111.596399,27.7937,-8.498074,99.999685,0.001973,0.004078,3.6234,46.9468,5.4948,8.7637,5.3801
212,14,DIAMOND_11.tif,20,88.173833,47.172312,-8.277410,-0.337495,0.941027,0.023774,88.497764,28.1464,-8.277410,99.999259,0.001926,0.004076,4.4334,52.3335,5.3030,7.7099,5.7494
213,21,DIAMOND_11.tif,30,87.687869,48.070516,-8.342373,-0.801771,0.597045,0.026459,94.221351,28.7316,-8.342373,99.999684,0.001561,0.003125,2.9763,28.1827,4.7784,6.6225,4.2739
214,86,DIAMOND_11.tif,117,87.604387,48.223520,-7.874665,-0.481149,0.876617,-0.006151,90.429079,28.8314,-7.874665,100.000182,0.000676,0.000977,0.8689,0.7673,1.7960,3.2118,1.3557
215,39,DIAMOND_11.tif,52,87.093158,49.140479,-8.008397,-0.746662,0.547263,-0.378152,99.616556,29.4329,-8.008397,100.000024,0.001143,0.002257,1.9179,10.0615,3.6523,5.0876,2.8607
216,24,DIAMOND_11.tif,33,86.847688,49.572624,-8.050391,0.471022,0.634241,0.613088,135.407071,29.7177,-8.050391,99.999830,0.001234,0.002841,2.3388,18.9749,4.5889,6.0620,4.5251
217,26,DIAMOND_11.tif,36,99.999693,0.282524,-7.440130,0.313826,0.941004,0.126588,89.960771,0.1619,-7.440130,100.000092,0.001467,0.003876,2.3312,18.8512,4.3784,7.3800,3.1732
218,28,DIAMOND_11.tif,39,99.989644,1.418615,-7.777198,-0.029095,0.973711,-0.225920,104.626590,0.8128,-7.777198,99.999707,0.000848,0.002843,1.8815,12.9345,4.1524,6.2724,2.7754
219,80,DIAMOND_11.tif,109,99.984297,1.762308,-7.748394,0.689961,0.222125,0.688923,156.269330,1.0098,-7.748394,99.999827,0.000438,0.001111,1.0789,1.4050,2.0580,3.3662,1.6671
220,55,DIAMOND_11.tif,70,99.963411,2.699588,-7.393900,-0.557946,0.743778,-0.368090,114.997089,1.5469,-7.393900,99.999856,0.000504,0.002163,1.0843,3.8378,3.2022,5.5103,1.9921
221,17,DIAMOND_11.tif,24,99.952980,3.050144,-7.539037,0.729448,0.307648,0.610948,140.396160,1.7479,-7.539037,99.999508,0.001592,0.003714,3.2720,34.6917,5.0674,7.1263,4.3787
222,33,DIAMOND_11.tif,46,99.906407,4.315265,-7.732686,0.205204,0.949854,-0.235944,103.998895,2.4732,-7.732686,99.999558,0.000738,0.002346,1.7205,10.9902,3.9084,5.2783,3.6731
223,11,DIAMOND_11.tif,17,99.900682,4.449028,-7.820377,0.477862,0.843341,0.245811,105.903607,2.5500,-7.820377,99.999700,0.001878,0.004078,3.6234,46.9468,5.4948,8.7637,5.3801
224,63,DIAMOND_11.tif,86,99.837546,5.702359,-7.210549,-0.447731,0.816765,-0.363913,119.100681,3.2690,-7.210549,100.000262,0.001217,0.001898,1.6842,4.7862,2.7402,4.4393,2.0872
225,6,DIAMOND_11.tif,10,99.819778,5.996267,-7.811136,0.628225,0.331619,0.703820,101.488212,3.4377,-7.811136,99.999717,0.002063,0.004622,3.4530,60.7001,6.0513,9.2148,6.4010
226,68,DIAMOND_11.tif,93,99.776357,6.681426,-7.240541,-0.877017,0.155000,-0.454771,133.833692,3.8310,-7.240541,99.999814,0.000634,0.001412,1.3482,2.1485,2.6095,5.4768,1.9975
227,10,DIAMOND_11.tif,16,99.701505,7.718774,-7.611719,-0.139184,0.980636,-0.137770,82.974214,4.4269,-7.611719,99.999848,0.001993,0.003521,3.4750,44.9521,5.5565,6.9330,4.8288
228,24,DIAMOND_11.tif,33,99.667087,8.152762,-7.770179,-0.615823,0.653340,-0.440350,123.944549,4.6764,-7.770179,99.999979,0.001379,0.002841,2.3388,18.9749,4.5889,6.0620,4.5251
229,15,DIAMOND_11.tif,21,99.577709,9.176592,-7.825728,0.772031,0.485339,0.410383,110.033561,5.2652,-7.825728,99.999650,0.001451,0.003965,1.8995,20.6013,5.1918,8.8082,3.5099
230,31,DIAMOND_11.tif,43,99.512323,9.863441,-7.461845,0.659889,0.164185,0.733205,175.027503,5.6605,-7.461845,99.999949,0.001348,0.002595,2.2881,14.1526,3.9969,5.4815,3.1181
231,77,DIAMOND_11.tif,104,99.462761,10.352622,-7.354200,0.482367,0.827919,0.286133,115.826138,5.9423,-7.354200,100.000088,0.000947,0.001103,1.4701,2.4381,2.1917,2.8805,2.0602
232,91,DIAMOND_11.tif,123,99.393221,10.999326,-7.671944,0.018837,0.953643,0.300349,124.309786,6.3149,-7.671944,99.999987,0.000462,0.000853,0.8947,0.6195,1.7441,3.8088,1.3476
233,52,DIAMOND_11.tif,67,99.277375,11.997070,-7.660780,-0.821813,0.111298,-0.558781,138.255918,6.8904,-7.660780,99.999635,0.000471,0.002097,1.1861,4.6602,3.3404,4.9386,2.4029
234,22,DIAMOND_11.tif,31,99.177681,12.795330,-7.256570,0.146627,0.912308,0.382355,117.044387,7.3514,-7.256570,99.999664,0.001242,0.002945,2.5253,24.2589,4.7564,6.2282,3.9129
235,17,DIAMOND_11.tif,24,99.141121,13.077720,-7.737260,0.725023,-0.015963,0.688540,177.504017,7.5145,-7.737260,99.999943,0.001910,0.003714,3.2720,34.6917,5.0674,7.1263,4.3787
236,6,DIAMOND_11.tif,10,99.015265,13.998006,-7.800510,0.525958,0.504013,0.685083,140.158316,8.0467,-7.800510,99.999834,0.001919,0.004622,3.4530,60.7001,6.0513,9.2148,6.4010
237,44,DIAMOND_11.tif,57,98.905889,14.749887,-7.554496,-0.619018,-0.251486,-0.744024,156.345723,8.4820,-7.554496,99.999670,0.001072,0.002282,2.3842,12.0878,3.5350,4.8545,3.2090
238,74,DIAMOND_11.tif,100,98.833873,15.226996,-7.785093,-0.460219,0.817199,-0.346964,98.843954,8.7585,-7.785093,99.999979,0.000672,0.001702,1.2176,2.6595,2.4300,3.7079,1.8246
239,32,DIAMOND_11.tif,45,98.712229,15.997089,-7.153957,0.267974,0.894451,0.357976,94.021568,9.2052,-7.153957,100.000055,0.001397,0.002670,2.1119,12.6641,3.9129,5.6350,2.7141
240,32,DIAMOND_11.tif,45,98.561966,16.899665,-7.374357,-0.469596,0.632836,-0.615628,108.627310,9.7295,-7.374357,100.000299,0.001480,0.002670,2.1119,12.6641,3.9129,5.6350,2.7141
241,7,DIAMOND_11.tif,11,98.434386,17.620144,-7.492849,0.325373,0.855332,0.403162,97.364315,10.1487,-7.492849,99.998989,0.001636,0.003862,4.3101,56.5908,6.0473,7.9302,5.8421
242,91,DIAMOND_11.tif,123,98.255691,18.595507,-7.497117,0.487765,0.768603,0.413927,83.937245,10.7168,-7.497117,99.999868,0.000385,0.000853,0.8947,0.6195,1.7441,3.8088,1.3476
243,61,DIAMOND_11.tif,81,98.141247,19.190938,-7.538044,0.291678,0.890542,0.349083,107.560427,11.0642,-7.538044,99.999982,0.000683,0.002323,1.0526,2.9133,2.9314,5.2877,1.7818
244,41,DIAMOND_11.tif,54,98.062445,19.587747,-7.311077,-0.859938,0.185960,-0.475317,114.742010,11.2960,-7.311077,99.999615,0.001338,0.002319,2.5103,9.7759,3.5999,5.6881,3.3332
245,90,DIAMOND_11.tif,122,97.787726,20.917939,-7.696656,0.295785,0.923763,0.243254,85.737033,12.0743,-7.696656,99.999998,0.000883,0.000910,1.5618,1.4736,1.7516,2.1607,1.7785
246,57,DIAMOND_11.tif,72,97.652277,21.541103,-7.733048,0.110097,0.941943,0.317208,82.385526,12.4397,-7.733048,99.999932,0.000729,0.002106,1.3363,5.3831,3.1630,4.8559,2.6014
247,42,DIAMOND_11.tif,55,97.624658,21.666513,-7.250042,-0.715758,0.391478,-0.578304,120.441258,12.5132,-7.250042,100.000058,0.000982,0.002566,1.5202,7.5887,3.5473,5.7553,2.4714
248,2,DIAMOND_11.tif,5,97.452245,22.433616,-7.516794,0.231884,0.581176,0.780042,114.400724,12.9637,-7.516794,100.001036,0.004572,0.004939,6.1317,172.9320,7.2822,10.2853,7.7068
249,28,DIAMOND_11.tif,39,97.192015,23.528919,-7.740256,-0.667843,-0.215329,-0.712473,158.787971,13.6087,-7.740256,99.999489,0.000699,0.002843,1.8815,12.9345,4.1524,6.2724,2.7754
250,59,DIAMOND_11.tif,79,96.980088,24.387682,-7.808265,0.588523,0.471540,0.656727,104.041034,14.1155,-7.808265,99.999483,0.000542,0.001565,1.6120,4.0482,2.9984,6.3629,2.3502
251,84,DIAMOND_11.tif,114,96.918234,24.633588,-7.750485,0.134569,0.933818,0.331474,94.208790,14.2608,-7.750485,99.999788,0.000368,0.000972,1.0243,1.0199,1.8594,4.2266,1.6501
252,51,DIAMOND_11.tif,66,96.709124,25.443138,-7.759190,0.467633,0.646878,0.602386,129.718598,14.7399,-7.759190,100.000039,0.001330,0.001784,2.1914,9.0469,3.3613,4.8757,3.1654
253,38,DIAMOND_11.tif,51,96.455901,26.386556,-7.294326,-0.218398,0.974499,0.051510,89.410908,15.2996,-7.294326,99.999956,0.001496,0.002018,2.6315,13.7149,3.6601,4.6655,3.7508
254,1,DIAMOND_11.tif,2,96.213266,27.257676,-7.327781,-0.739750,-0.348071,-0.575861,178.872991,15.8177,-7.327781,99.999867,0.003483,0.006119,5.6562,164.9708,8.6371,12.0537,8.6791
255,64,DIAMOND_11.tif,88,96.084394,27.708671,-7.538126,0.432958,0.638738,0.636051,121.446391,16.0864,-7.538126,99.999906,0.000941,0.002124,1.8567,5.0007,2.7202,4.2654,2.6024
256,30,DIAMOND_11.tif,42,95.998936,28.001976,-7.418401,-0.046682,0.978607,0.200375,92.884613,16.2615,-7.418401,99.999532,0.000766,0.002952,2.1106,13.7130,4.0306,5.7484,3.2738
257,94,DIAMOND_11.tif,129,95.648908,29.176993,-7.431228,-0.785965,0.066789,-0.614653,177.491866,16.9639,-7.431228,100.000053,0.000363,0.000449,0.5504,0.1192,1.2118,1.9652,0.9777
258,49,DIAMOND_11.tif,64,95.529348,29.564469,-7.628235,-0.791406,0.258371,-0.554004,161.597072,17.1963,-7.628235,99.999571,0.000659,0.002085,1.4926,6.3090,3.4142,5.1443,2.8047
259,34,DIAMOND_11.tif,47,95.180053,30.671369,-7.570623,0.485150,0.595610,0.640217,136.189249,17.8613,-7.570623,99.999877,0.001624,0.002302,2.9789,15.7966,3.8776,5.9808,3.6253
260,83,DIAMOND_11.tif,113,95.127178,30.835120,-7.286576,0.283255,0.906300,0.313666,118.201664,17.9599,-7.286576,99.999923,0.000716,0.000941,1.4266,1.4270,1.8641,2.4419,1.5819
261,75,DIAMOND_11.tif,101,94.750356,31.973688,-7.173903,-0.187918,0.881660,-0.432854,81.039107,18.6471,-7.173903,99.999733,0.000606,0.001537,1.3371,2.8298,2.4174,3.5397,1.9346
262,50,DIAMOND_11.tif,65,94.572720,32.495846,-7.784747,-0.828355,0.110582,-0.549181,146.137537,18.9631,-7.784747,99.999897,0.001575,0.002633,2.7839,13.2921,3.4104,5.3330,3.1854
263,72,DIAMOND_11.tif,98,94.370478,33.078258,-7.725813,0.620112,0.553075,0.556390,118.198154,19.3163,-7.725813,99.999791,0.000598,0.001574,1.2045,2.3662,2.4860,3.5061,1.6844
264,4,DIAMOND_11.tif,8,94.106117,33.822359,-7.809984,-0.641467,0.141622,-0.753965,130.225568,19.7688,-7.809984,99.999566,0.002288,0.004101,4.6158,73.3776,6.3488,8.7276,5.7689
265,39,DIAMOND_11.tif,52,93.797057,34.671535,-7.198903,0.381698,0.455959,0.803995,146.712533,20.2865,-7.198903,100.000016,0.001216,0.002257,1.9179,10.0615,3.6523,5.0876,2.8607
266,1,DIAMOND_11.tif,2,93.632183,35.113931,-7.270295,-0.670767,-0.205476,-0.712637,137.240531,20.5570,-7.270295,99.999869,0.003363,0.006119,5.6562,164.9708,8.6371,12.0537,8.6791
267,45,DIAMOND_11.tif,59,93.209246,36.221461,-7.280624,0.329757,0.798876,0.503049,84.299095,21.2363,-7.280624,99.999789,0.001009,0.002488,1.8303,8.5307,3.4820,5.4290,2.7115
268,65,DIAMOND_11.tif,89,93.158493,36.352390,-7.162779,0.441734,0.520017,0.731063,177.745706,21.3168,-7.162779,100.000005,0.000883,0.001873,1.5214,4.2247,2.6691,4.0917,2.1900
269,67,DIAMOND_11.tif,92,92.760164,37.356295,-7.847293,-0.718764,0.638640,-0.274804,93.788553,21.9356,-7.847293,99.999704,0.000914,0.001376,2.0946,4.5898,2.6204,4.5504,2.8789
270,10,DIAMOND_11.tif,16,92.566016,37.833870,-7.306645,0.248950,0.808873,0.532680,113.543055,22.2310,-7.306645,99.999345,0.001385,0.003521,3.4750,44.9521,5.5565,6.9330,4.8288
271,11,DIAMOND_11.tif,17,92.283861,38.518513,-7.508749,-0.015403,0.762617,0.646667,115.967983,22.6552,-7.508749,99.999935,0.002273,0.004078,3.6234,46.9468,5.4948,8.7637,5.3801
272,10,DIAMOND_11.tif,16,92.080108,39.002872,-7.449382,0.326478,0.762265,0.558895,82.167052,22.9563,-7.449382,99.999851,0.002107,0.003521,3.4750,44.9521,5.5565,6.9330,4.8288
273,55,DIAMOND_11.tif,70,91.540070,40.254603,-7.490895,-0.763293,0.377008,-0.524641,136.284750,23.7374,-7.490895,100.000087,0.000786,0.002163,1.0843,3.8378,3.2022,5.5103,1.9921
274,87,DIAMOND_11.tif,118,91.364696,40.650727,-7.706700,-0.635782,0.016481,-0.771693,157.032594,23.9856,-7.706700,99.999947,0.000527,0.001420,1.0508,1.0922,1.7911,2.9189,1.6823
275,3,DIAMOND_11.tif,7,91.058253,41.332750,-7.416181,-0.139986,0.977027,0.160694,124.000735,24.4140,-7.416181,100.000008,0.001866,0.004314,2.8709,58.8178,6.8335,8.9491,6.3495
276,67,DIAMOND_11.tif,92,90.829836,41.832485,-7.741795,0.405983,0.826656,0.389637,105.388242,24.7289,-7.741795,100.000080,0.001255,0.001376,2.0946,4.5898,2.6204,4.5504,2.8789
277,76,DIAMOND_11.tif,102,90.594971,42.337848,-7.163462,-0.700476,0.677392,-0.224664,88.583131,25.0481,-7.163462,99.999711,0.000554,0.001500,1.4710,2.5364,2.3662,4.0879,1.6961
278,29,DIAMOND_11.tif,41,90.262217,43.043304,-7.805664,-0.274049,0.961213,0.031094,104.035424,25.4951,-7.805664,99.999969,0.001466,0.004448,2.6907,13.0309,4.0409,8.2103,2.9520
279,49,DIAMOND_11.tif,64,89.975859,43.638682,-7.496302,-0.152055,0.860731,0.485821,113.211536,25.8736,-7.496302,99.999949,0.001011,0.002085,1.4926,6.3090,3.4142,5.1443,2.8047
280,60,DIAMOND_11.tif,80,89.461877,44.682533,-7.472125,0.564310,0.301602,0.768499,151.688516,26.5402,-7.472125,99.999781,0.000805,0.002137,1.4643,4.1488,2.9714,4.2915,2.4134
281,9,DIAMOND_11.tif,15,89.265189,45.072077,-7.835477,-0.051328,0.895086,0.442930,109.714545,26.7903,-7.835477,99.998831,0.001194,0.003979,3.9470,49.2002,5.7090,7.4169,5.1537
282,56,DIAMOND_11.tif,71,88.802121,45.979449,-7.658203,0.520524,0.636073,0.569619,121.357838,27.3740,-7.658203,99.999632,0.001002,0.001714,2.3265,8.6456,3.1857,4.7472,2.8980
283,63,DIAMOND_11.tif,86,88.452516,46.649412,-7.397355,-0.228309,0.973578,-0.004575,103.250883,27.8069,-7.397355,100.000076,0.001049,0.001898,1.6842,4.7862,2.7402,4.4393,2.0872
284,2,DIAMOND_11.tif,5,88.188404,47.147481,-7.267226,-0.033286,0.976612,0.212418,128.708482,28.1300,-7.267226,100.000397,0.004150,0.004939,6.1317,172.9320,7.2822,10.2853,7.7068
285,9,DIAMOND_11.tif,15,87.907243,47.668165,-7.168445,0.183697,0.779916,0.598320,126.661768,28.4690,-7.168445,99.999687,0.002045,0.003979,3.9470,49.2002,5.7090,7.4169,5.1537
286,29,DIAMOND_11.tif,41,87.360210,48.663936,-7.316568,0.493192,0.638618,0.590702,133.175238,29.1200,-7.316568,99.999925,0.001886,0.004448,2.6907,13.0309,4.0409,8.2103,2.9520
287,22,DIAMOND_11.tif,31,87.232277,48.893028,-7.830351,0.531099,0.494152,0.688293,160.384455,29.2703,-7.830351,99.999992,0.001477,0.002945,2.5253,24.2589,4.7564,6.2282,3.9129
288,54,DIAMOND_11.tif,69,86.845520,49.576448,-7.431530,-0.742457,0.668250,0.046903,101.589464,29.7202,-7.431530,99.999842,0.001346,0.001772,2.6298,11.4450,3.2266,4.1702,3.0906
289,47,DIAMOND_11.tif,61,99.999094,0.454695,-6.468273,0.722867,0.247828,0.645016,157.580187,0.2605,-6.468273,100.000128,0.001085,0.001989,1.5957,6.0222,3.4562,5.2254,2.4746
290,86,DIAMOND_11.tif,117,99.996806,0.789379,-7.089710,0.659453,0.410123,0.630017,138.088326,0.4523,-7.089710,99.999922,0.000415,0.000977,0.8689,0.7673,1.7960,3.2118,1.3557
291,49,DIAMOND_11.tif,64,99.983697,1.799856,-6.559034,-0.565272,0.609809,-0.555518,103.613845,1.0313,-6.559034,99.999895,0.000761,0.002085,1.4926,6.3090,3.4142,5.1443,2.8047
292,88,DIAMOND_11.tif,119,99.973862,2.292382,-6.548351,0.626962,-0.148090,0.764845,168.961917,1.3136,-6.548351,100.000141,0.000803,0.000959,1.1525,1.0033,1.7887,2.4278,1.4411
293,76,DIAMOND_11.tif,102,99.934479,3.616859,-6.978306,0.244121,0.834726,0.493597,104.943100,2.0728,-6.978306,99.999908,0.000708,0.001500,1.4710,2.5364,2.3662,4.0879,1.6961
294,52,DIAMOND_11.tif,67,99.925459,3.857077,-6.821506,-0.177362,0.970800,0.161525,90.734846,2.2105,-6.821506,99.999872,0.000716,0.002097,1.1861,4.6602,3.3404,4.9386,2.4029
295,79,DIAMOND_11.tif,108,99.887636,4.735122,-6.731966,0.688279,0.562596,0.457993,92.385062,2.7140,-6.731966,99.999806,0.000535,0.001161,1.2667,1.9946,2.1052,2.6837,1.8637
296,13,DIAMOND_11.tif,19,99.855947,5.363123,-6.746208,0.678816,0.211743,0.703117,161.257831,3.0743,-6.746208,99.999866,0.001613,0.003320,2.9475,35.7805,5.3648,6.4651,5.1690
297,22,DIAMOND_11.tif,31,99.796996,6.363606,-6.667463,0.588693,0.418387,0.691660,160.100446,3.6486,-6.667463,99.999679,0.001319,0.002945,2.5253,24.2589,4.7564,6.2282,3.9129
298,13,DIAMOND_11.tif,19,99.770836,6.766200,-6.935532,-0.437932,0.818237,-0.372428,103.431256,3.8797,-6.935532,100.000006,0.001777,0.003320,2.9475,35.7805,5.3648,6.4651,5.1690
299,11,DIAMOND_11.tif,17,99.710682,7.598059,-6.507082,0.432239,0.645325,0.629861,139.450459,4.3576,-6.507082,99.999753,0.002004,0.004078,3.6234,46.9468,5.4948,8.7637,5.3801
300,63,DIAMOND_11.tif,86,99.626891,8.627040,-6.959752,0.787748,0.128280,0.602492,154.829791,4.9491,-6.959752,99.999716,0.000809,0.001898,1.6842,4.7862,2.7402,4.4393,2.0872
301,75,DIAMOND_11.tif,101,99.610948,8.811330,-6.484709,0.350604,0.857284,0.377016,125.462278,5.0551,-6.484709,99.999903,0.000664,0.001537,1.3371,2.8298,2.4174,3.5397,1.9346
302,14,DIAMOND_11.tif,20,99.514926,9.826334,-6.774929,-0.697092,0.657236,-0.286538,97.236844,5.6392,-6.774929,99.998886,0.001532,0.004076,4.4334,52.3335,5.3030,7.7099,5.7494
303,83,DIAMOND_11.tif,113,99.423387,10.722016,-6.982085,-0.555089,0.301819,-0.775101,155.803626,6.1551,-6.982085,99.999857,0.000647,0.000941,1.4266,1.4270,1.8641,2.4419,1.5819
304,61,DIAMOND_11.tif,81,99.387102,11.055335,-6.670353,0.448901,0.618684,0.644762,131.377398,6.3472,-6.670353,100.000083,0.000653,0.002323,1.0526,2.9133,2.9314,5.2877,1.7818
305,90,DIAMOND_11.tif,122,99.259201,12.146627,-7.002247,0.500772,0.826422,0.257397,120.983971,6.9768,-7.002247,99.999648,0.000483,0.000910,1.5618,1.4736,1.7516,2.1607,1.7785
306,46,DIAMOND_11.tif,60,99.157611,12.953920,-6.672322,0.622417,0.563175,0.543536,147.225965,7.4430,-6.672322,100.000180,0.001315,0.002096,1.8506,8.4267,3.4726,5.0876,2.7590
307,95,DIAMOND_11.tif,130,99.089103,13.465914,-7.039967,0.702821,0.483621,0.521683,171.617615,7.7389,-7.039967,99.999906,0.000341,0.000520,0.7720,0.3081,1.2082,1.4787,1.0867
308,87,DIAMOND_11.tif,118,98.978740,14.253943,-6.729837,-0.304142,0.911661,0.276354,97.214682,8.1948,-6.729837,99.999829,0.000493,0.001420,1.0508,1.0922,1.7911,2.9189,1.6823
309,68,DIAMOND_11.tif,93,98.865284,15.021117,-6.796141,0.407436,0.853354,0.325243,131.351809,8.6392,-6.796141,99.999892,0.000685,0.001412,1.3482,2.1485,2.6095,5.4768,1.9975
310,65,DIAMOND_11.tif,89,98.746619,15.780322,-6.733418,0.521035,0.707320,0.477726,112.109612,9.0794,-6.733418,99.999567,0.000424,0.001873,1.5214,4.2247,2.6691,4.0917,2.1900
311,25,DIAMOND_11.tif,34,98.606793,16.631322,-6.511527,0.163988,0.924334,0.344551,87.084476,9.5736,-6.511527,99.999503,0.000924,0.002554,2.2688,18.2938,4.4457,5.4925,3.9077
312,45,DIAMOND_11.tif,59,98.573756,16.828686,-7.033801,0.115517,0.943780,0.309735,97.129793,9.6882,-7.033801,99.999950,0.001024,0.002488,1.8303,8.5307,3.4820,5.4290,2.7115
313,88,DIAMOND_11.tif,119,98.452699,17.524633,-6.889287,-0.408565,0.886097,-0.218876,74.573117,10.0930,-6.889287,100.000234,0.000866,0.000959,1.1525,1.0033,1.7887,2.4278,1.4411
314,89,DIAMOND_11.tif,121,98.289481,18.415491,-7.038868,0.339880,0.595461,0.727947,136.579005,10.6119,-7.038868,99.999762,0.000415,0.001102,1.0614,0.9986,1.7715,3.3185,1.3554
315,50,DIAMOND_11.tif,65,98.114478,19.325350,-6.929162,-0.013980,0.951525,0.307254,102.627223,11.1428,-6.929162,99.999600,0.001305,0.002633,2.7839,13.2921,3.4104,5.3330,3.1854
316,34,DIAMOND_11.tif,47,97.961555,20.089486,-7.092876,0.740139,0.355963,0.570513,149.044965,11.5893,-7.092876,100.000268,0.002020,0.002302,2.9789,15.7966,3.8776,5.9808,3.6253
317,19,DIAMOND_11.tif,26,97.857164,20.589499,-6.662801,-0.245972,0.847010,-0.471246,88.102224,11.8819,-6.662801,99.999760,0.001568,0.002910,2.8154,28.5622,4.9632,6.3715,4.5700
318,33,DIAMOND_11.tif,46,97.710640,21.273782,-6.788398,0.007811,0.962879,0.269819,96.053970,12.2829,-6.788398,99.999715,0.000752,0.002346,1.7205,10.9902,3.9084,5.2783,3.6731
319,25,DIAMOND_11.tif,34,97.473499,22.334204,-6.814328,-0.823780,0.037347,-0.565678,116.645855,12.9055,-6.814328,99.999498,0.001093,0.002554,2.2688,18.2938,4.4457,5.4925,3.9077
320,13,DIAMOND_11.tif,19,97.314783,23.015072,-6.951324,0.140691,0.980657,-0.136080,104.370822,13.3060,-6.951324,99.999303,0.001334,0.003320,2.9475,35.7805,5.3648,6.4651,5.1690
321,54,DIAMOND_11.tif,69,97.257250,23.258463,-7.117472,-0.027193,0.870771,0.490936,100.499646,13.4493,-7.117472,99.999644,0.001181,0.001772,2.6298,11.4450,3.2266,4.1702,3.0906
322,71,DIAMOND_11.tif,97,97.089433,23.950616,-6.926571,0.526952,0.296631,0.796449,178.344853,13.8574,-6.926571,99.999951,0.001153,0.001354,2.0459,4.2073,2.5244,4.2107,2.6742
323,82,DIAMOND_11.tif,112,96.819738,25.018718,-6.641290,0.690763,0.133138,0.710719,160.396590,14.4886,-6.641290,99.999989,0.000562,0.001063,0.9030,0.7351,1.8746,3.8780,1.5251
324,30,DIAMOND_11.tif,42,96.719082,25.404933,-6.530038,-0.341794,0.867954,-0.360322,90.102247,14.7173,-6.530038,99.999957,0.001170,0.002952,2.1106,13.7130,4.0306,5.7484,3.2738
325,33,DIAMOND_11.tif,46,96.496079,26.239892,-6.741060,0.684867,0.191792,0.702974,179.014796,15.2124,-6.741060,100.000126,0.001137,0.002346,1.7205,10.9902,3.9084,5.2783,3.6731
326,59,DIAMOND_11.tif,79,96.328879,26.845721,-6.828725,-0.430289,0.899795,0.072256,81.938666,15.5725,-6.828725,99.999728,0.000721,0.001565,1.6120,4.0482,2.9984,6.3629,2.3502
327,91,DIAMOND_11.tif,123,96.045859,27.842427,-6.478087,-0.759417,0.177630,-0.625886,135.834389,16.1662,-6.478087,100.000039,0.000555,0.000853,0.8947,0.6195,1.7441,3.8088,1.3476
328,27,DIAMOND_11.tif,37,95.957473,28.145357,-6.907932,0.474172,0.771460,0.424276,98.402749,16.3470,-6.907932,99.999989,0.001056,0.003142,1.8285,13.4607,4.3256,6.4516,2.9485
329,7,DIAMOND_11.tif,11,95.668149,29.112237,-6.689572,-0.748535,-0.078229,-0.658465,156.055228,16.9252,-6.689572,99.999585,0.002233,0.003862,4.3101,56.5908,6.0473,7.9302,5.8421
330,20,DIAMOND_11.tif,28,95.441588,29.846817,-6.831001,0.564894,0.106519,0.818260,149.705388,17.3657,-6.831001,99.999646,0.001501,0.003341,2.7864,27.0696,4.8153,7.2531,3.5379
331,84,DIAMOND_11.tif,114,95.198140,30.614944,-6.671086,0.412794,0.581688,0.700885,169.592034,17.8274,-6.671086,99.999803,0.000479,0.000972,1.0243,1.0199,1.8594,4.2266,1.6501
332,23,DIAMOND_11.tif,32,95.004917,31.210074,-7.098509,-0.388495,0.920186,0.048274,63.756281,18.1859,-7.098509,100.000015,0.001447,0.003253,2.5047,21.3131,4.6565,8.4243,3.7626
333,17,DIAMOND_11.tif,24,94.905570,31.510739,-6.527488,0.365872,0.752343,0.547830,133.393873,18.3673,-6.527488,99.999970,0.001888,0.003714,3.2720,34.6917,5.0674,7.1263,4.3787
334,46,DIAMOND_11.tif,60,94.560958,32.531770,-6.743928,0.643574,0.296900,0.705452,171.553253,18.9847,-6.743928,100.000454,0.001532,0.002096,1.8506,8.4267,3.4726,5.0876,2.7590
335,33,DIAMOND_11.tif,46,94.368280,33.085300,-6.628968,0.375568,0.871438,0.315505,100.007252,19.3205,-6.628968,100.000046,0.001172,0.002346,1.7205,10.9902,3.9084,5.2783,3.6731
336,94,DIAMOND_11.tif,129,94.001727,34.112653,-6.724023,-0.368863,0.872588,0.320204,85.126974,19.9455,-6.724023,99.999989,0.000301,0.000449,0.5504,0.1192,1.2118,1.9652,0.9777
337,26,DIAMOND_11.tif,36,93.756644,34.779381,-7.069404,0.687860,0.511012,0.515476,160.621739,20.3525,-7.069404,99.999568,0.001120,0.003876,2.3312,18.8512,4.3784,7.3800,3.1732
338,94,DIAMOND_11.tif,129,93.534548,35.373374,-6.831107,0.224144,0.748595,0.623991,118.998187,20.7159,-6.831107,99.999936,0.000250,0.000449,0.5504,0.1192,1.2118,1.9652,0.9777
339,79,DIAMOND_11.tif,108,93.254794,36.104996,-7.002266,0.596663,0.382324,0.705565,174.931582,21.1647,-7.002266,100.000137,0.000891,0.001161,1.2667,1.9946,2.1052,2.6837,1.8637
340,91,DIAMOND_11.tif,123,93.048318,36.633301,-6.544366,-0.396133,0.859140,-0.323972,118.079639,21.4897,-6.544366,99.999941,0.000422,0.000853,0.8947,0.6195,1.7441,3.8088,1.3476
341,70,DIAMOND_11.tif,95,92.802445,37.250730,-6.475691,-0.741604,-0.000686,-0.670838,153.198751,21.8704,-6.475691,99.999554,0.000705,0.001499,1.9947,5.1174,2.5304,3.2779,2.1007
342,65,DIAMOND_11.tif,89,92.546807,37.882642,-7.039372,-0.734200,-0.086057,-0.673458,145.513333,22.2610,-7.039372,100.000030,0.000867,0.001873,1.5214,4.2247,2.6691,4.0917,2.1900
343,27,DIAMOND_11.tif,37,92.205610,38.705287,-7.003340,-0.727849,-0.008399,-0.685687,135.087940,22.7713,-7.003340,99.999868,0.001064,0.003142,1.8285,13.4607,4.3256,6.4516,2.9485
344,12,DIAMOND_11.tif,18,91.910440,39.400771,-6.930448,0.473186,0.635457,0.610155,130.499507,23.2042,-6.930448,99.999749,0.002375,0.003286,4.4296,55.1674,5.4697,6.8900,5.8682
345,70,DIAMOND_11.tif,95,91.676723,39.942560,-6.662557,-0.670653,0.741590,-0.016414,96.222798,23.5422,-6.662557,100.000148,0.001256,0.001499,1.9947,5.1174,2.5304,3.2779,2.1007
346,93,DIAMOND_11.tif,127,91.382523,40.610251,-6.500024,0.201598,0.659747,0.723942,156.956446,23.9603,-6.500024,99.999790,0.000238,0.001315,0.5114,0.3031,1.4226,3.4884,0.7241
347,86,DIAMOND_11.tif,117,91.185959,41.050036,-6.968114,0.241022,0.599913,0.762898,149.339737,24.2363,-6.968114,99.999923,0.000455,0.000977,0.8689,0.7673,1.7960,3.2118,1.3557
348,67,DIAMOND_11.tif,92,90.816961,41.860267,-6.578328,-0.644182,-0.031467,-0.764225,149.185239,24.7464,-6.578328,100.000012,0.001253,0.001376,2.0946,4.5898,2.6204,4.5504,2.8789
349,25,DIAMOND_11.tif,34,90.476503,42.590910,-6.821660,-0.707437,0.591733,-0.386504,100.284781,25.2082,-6.821660,99.999916,0.001244,0.002554,2.2688,18.2938,4.4457,5.4925,3.9077
350,71,DIAMOND_11.tif,97,90.213463,43.146535,-6.556721,-0.643968,0.756474,0.114248,88.783956,25.5605,-6.556721,100.000462,0.001601,0.001354,2.0459,4.2073,2.5244,4.2107,2.6742
351,53,DIAMOND_11.tif,68,89.841439,43.913942,-6.795141,-0.249167,0.967811,-0.035466,100.318736,26.0491,-6.795141,99.999592,0.001339,0.002864,2.8584,12.9675,3.2293,5.8149,3.6615
352,39,DIAMOND_11.tif,52,89.618655,44.367212,-6.590977,0.435233,0.481674,0.760633,114.528460,26.3385,-6.590977,99.999764,0.000970,0.002257,1.9179,10.0615,3.6523,5.0876,2.8607
353,87,DIAMOND_11.tif,118,89.348461,44.910054,-7.021192,-0.500932,0.861489,0.083095,93.637620,26.6859,-7.021192,100.000302,0.000880,0.001420,1.0508,1.0922,1.7911,2.9189,1.6823
354,31,DIAMOND_11.tif,43,88.941865,45.709683,-7.123843,-0.771148,0.424231,-0.474720,123.566826,27.1999,-7.123843,100.000152,0.001583,0.002595,2.2881,14.1526,3.9969,5.4815,3.1181
355,32,DIAMOND_11.tif,45,88.396646,46.753575,-6.709107,0.483696,0.766791,0.421983,117.181198,27.8747,-6.709107,99.999319,0.000911,0.002670,2.1119,12.6641,3.9129,5.6350,2.7141
356,14,DIAMOND_11.tif,20,88.190841,47.143173,-7.119178,-0.880304,0.102067,-0.463301,129.638348,28.1271,-7.119178,100.000516,0.003199,0.004076,4.4334,52.3335,5.3030,7.7099,5.7494
357,15,DIAMOND_11.tif,21,87.905521,47.672190,-7.134081,-0.063690,0.928505,0.365816,83.248749,28.4715,-7.134081,100.000092,0.001371,0.003965,1.8995,20.6013,5.1918,8.8082,3.5099
358,1,DIAMOND_11.tif,2,87.556983,48.310314,-7.114899,-0.555596,0.192774,-0.808797,134.570228,28.8881,-7.114899,100.000559,0.003741,0.006119,5.6562,164.9708,8.6371,12.0537,8.6791
359,30,DIAMOND_11.tif,42,87.231349,48.894116,-6.771096,-0.339891,0.939846,0.034122,65.611516,29.2711,-6.771096,99.999714,0.001134,0.002952,2.1106,13.7130,4.0306,5.7484,3.2738
360,86,DIAMOND_11.tif,117,86.873688,49.527238,-6.764934,-0.295653,0.948228,-0.115987,106.043880,29.6877,-6.764934,99.999925,0.000525,0.000977,0.8689,0.7673,1.7960,3.2118,1.3557
361,61,DIAMOND_11.tif,81,99.996711,0.785506,-6.229617,-0.678031,0.084932,-0.730110,175.394678,0.4501,-6.229617,99.999796,0.000377,0.002323,1.0526,2.9133,2.9314,5.2877,1.7818
362,41,DIAMOND_11.tif,54,99.987261,1.552051,-5.933690,-0.338538,0.924596,-0.174683,95.798445,0.8893,-5.933690,99.999307,0.000746,0.002319,2.5103,9.7759,3.5999,5.6881,3.3332
363,30,DIAMOND_11.tif,42,99.968863,2.492398,-6.238057,-0.809035,0.439236,-0.390557,118.806797,1.4282,-6.238057,99.999928,0.001506,0.002952,2.1106,13.7130,4.0306,5.7484,3.2738
364,73,DIAMOND_11.tif,99,99.944741,3.324588,-6.147881,0.539934,0.317715,0.779441,164.888930,1.9052,-6.147881,100.000020,0.000868,0.001677,1.2256,2.7484,2.4781,4.1438,1.6880
365,72,DIAMOND_11.tif,98,99.906122,4.326833,-5.971909,0.505729,0.761484,0.405438,85.724584,2.4799,-5.971909,99.999774,0.000552,0.001574,1.2045,2.3662,2.4860,3.5061,1.6844
366,16,DIAMOND_11.tif,23,99.891254,4.661926,-5.885373,0.556125,-0.025393,0.830711,157.211355,2.6721,-5.885373,99.999981,0.001620,0.003237,2.7689,29.7209,5.0816,6.9039,4.0796
367,14,DIAMOND_11.tif,20,99.858045,5.315681,-6.282722,-0.514237,0.698601,-0.497510,101.983325,3.0471,-6.282722,99.999428,0.002095,0.004076,4.4334,52.3335,5.3030,7.7099,5.7494
368,0,DIAMOND_11.tif,1,99.793229,6.428816,-6.002150,0.597749,0.390706,0.700032,153.934185,3.6860,-6.002150,100.000091,0.004081,0.006616,6.5389,193.8738,8.8984,12.5805,9.1749
369,73,DIAMOND_11.tif,99,99.769922,6.778102,-6.102730,0.383700,0.778893,0.496084,88.849271,3.8865,-6.102730,99.999900,0.000625,0.001677,1.2256,2.7484,2.4781,4.1438,1.6880
370,2,DIAMOND_11.tif,5,99.694603,7.804136,-5.777532,-0.645965,0.395681,-0.652814,135.982243,4.4760,-5.777532,99.999592,0.003238,0.004939,6.1317,172.9320,7.2822,10.2853,7.7068
371,92,DIAMOND_11.tif,126,99.651797,8.337015,-5.727491,0.682745,0.212828,0.698973,164.163473,4.7823,-5.727491,99.999932,0.000343,0.000751,0.7223,0.3678,1.4664,2.4982,1.0312
372,70,DIAMOND_11.tif,95,99.594289,9.001664,-6.289953,0.756714,0.146487,0.637123,160.267107,5.1646,-6.289953,100.000262,0.001384,0.001499,1.9947,5.1174,2.5304,3.2779,2.1007
373,48,DIAMOND_11.tif,63,99.502914,9.957872,-6.220982,-0.138945,0.990081,0.020835,91.692408,5.7149,-6.220982,99.999945,0.001119,0.002507,1.9949,8.9620,3.4174,5.5326,3.2778
374,49,DIAMOND_11.tif,64,99.450560,10.466409,-6.150243,-0.247586,0.951880,-0.180627,75.513786,6.0078,-6.150243,99.999798,0.000677,0.002085,1.4926,6.3090,3.4142,5.1443,2.8047
375,3,DIAMOND_11.tif,7,99.344859,11.421703,-6.377589,0.117804,0.952044,-0.282372,73.332793,6.5585,-6.377589,99.999282,0.001172,0.004314,2.8709,58.8178,6.8335,8.9491,6.3495
376,75,DIAMOND_11.tif,101,99.289616,11.898933,-6.370113,-0.710883,-0.066592,-0.700150,139.047270,6.8338,-6.370113,100.000063,0.000943,0.001537,1.3371,2.8298,2.4174,3.5397,1.9346
377,68,DIAMOND_11.tif,93,99.159669,12.937054,-6.356414,-0.688927,0.547050,-0.475516,141.683275,7.4332,-6.356414,100.000036,0.000869,0.001412,1.3482,2.1485,2.6095,5.4768,1.9975
378,92,DIAMOND_11.tif,126,99.100535,13.381988,-6.314096,-0.521869,0.712451,-0.469113,122.057251,7.6904,-6.314096,99.999969,0.000371,0.000751,0.7223,0.3678,1.4664,2.4982,1.0312
379,75,DIAMOND_11.tif,101,98.954283,14.420723,-6.191426,-0.673990,0.531947,-0.512611,88.783644,8.2914,-6.191426,99.999537,0.000448,0.001537,1.3371,2.8298,2.4174,3.5397,1.9346
380,21,DIAMOND_11.tif,30,98.940376,14.519595,-5.965800,0.380477,0.923983,0.038642,100.477683,8.3486,-5.965800,100.000084,0.001940,0.003125,2.9763,28.1827,4.7784,6.6225,4.2739
381,1,DIAMOND_11.tif,2,98.805731,15.409372,-5.762123,-0.671886,0.444650,-0.592331,118.882644,8.8642,-5.762123,100.000106,0.003503,0.006119,5.6562,164.9708,8.6371,12.0537,8.6791
382,62,DIAMOND_11.tif,85,98.676536,16.216983,-6.052881,-0.456252,0.861991,-0.220918,91.336848,9.3328,-6.052881,100.000247,0.001017,0.001843,1.2814,3.6631,2.7672,4.3609,2.4094
383,40,DIAMOND_11.tif,53,98.532856,17.068985,-6.365752,-0.528596,0.784646,-0.323909,93.894647,9.8279,-6.365752,100.000370,0.001817,0.001744,2.4428,10.0562,3.6011,4.7617,3.8130
384,28,DIAMOND_11.tif,39,98.433058,17.633170,-6.088921,0.450656,0.738607,0.501367,115.636495,10.1562,-6.088921,99.999978,0.001084,0.002843,1.8815,12.9345,4.1524,6.2724,2.7754
385,3,DIAMOND_11.tif,7,98.244835,18.654583,-5.881078,-0.708556,-0.037657,-0.704649,169.179409,10.7512,-5.881078,100.000205,0.001891,0.004314,2.8709,58.8178,6.8335,8.9491,6.3495
386,11,DIAMOND_11.tif,17,98.151292,19.135320,-5.722863,-0.069674,0.862397,0.501416,111.680543,11.0319,-5.722863,99.999182,0.001520,0.004078,3.6234,46.9468,5.4948,8.7637,5.3801
387,26,DIAMOND_11.tif,36,97.974000,20.027111,-5.922238,0.262190,0.818011,0.511970,75.139121,11.5528,-5.922238,99.999949,0.001503,0.003876,2.3312,18.8512,4.3784,7.3800,3.1732
388,41,DIAMOND_11.tif,54,97.868130,20.536600,-5.771349,-0.273214,0.934227,-0.229289,85.366956,11.8510,-5.771349,99.999614,0.001145,0.002319,2.5103,9.7759,3.5999,5.6881,3.3332
389,82,DIAMOND_11.tif,112,97.714830,21.255750,-5.757945,0.484952,0.419152,0.767550,169.856914,12.2723,-5.757945,99.999975,0.000506,0.001063,0.9030,0.7351,1.8746,3.8780,1.5251
390,36,DIAMOND_11.tif,49,97.486249,22.280932,-6.195570,0.378130,0.738862,0.557763,108.881698,12.8741,-6.195570,100.000044,0.001663,0.002514,2.6690,14.7684,3.7620,5.7388,3.0158
391,77,DIAMOND_11.tif,104,97.426277,22.541532,-6.354139,0.500836,0.402099,0.766473,134.984116,13.0273,-6.354139,100.000001,0.000859,0.001103,1.4701,2.4381,2.1917,2.8805,2.0602
392,72,DIAMOND_11.tif,98,97.176638,23.594723,-6.117212,-0.670135,0.247290,-0.699833,118.300431,13.6475,-6.117212,100.000049,0.000730,0.001574,1.2045,2.3662,2.4860,3.5061,1.6844
393,19,DIAMOND_11.tif,26,96.968038,24.436037,-6.235241,0.619369,0.316859,0.718319,162.838282,14.1441,-6.235241,99.999601,0.001277,0.002910,2.8154,28.5622,4.9632,6.3715,4.5700
394,31,DIAMOND_11.tif,43,96.876171,24.799441,-6.005684,-0.709198,0.175549,-0.682804,142.386299,14.3589,-6.005684,100.000024,0.001394,0.002595,2.2881,14.1526,3.9969,5.4815,3.1181
395,10,DIAMOND_11.tif,16,96.642560,25.697548,-6.200721,0.175406,0.915242,0.362720,108.736317,14.8906,-6.200721,100.000742,0.002836,0.003521,3.4750,44.9521,5.5565,6.9330,4.8288
396,91,DIAMOND_11.tif,123,96.450447,26.405908,-6.057024,-0.650453,-0.113646,-0.750997,149.708777,15.3111,-6.057024,99.999803,0.000335,0.000853,0.8947,0.6195,1.7441,3.8088,1.3476
397,51,DIAMOND_11.tif,66,96.389700,26.627897,-5.865571,0.629641,0.365466,0.685555,117.960046,15.4429,-5.865571,100.000095,0.001334,0.001784,2.1914,9.0469,3.3613,4.8757,3.1654
398,17,DIAMOND_11.tif,24,96.050934,27.823843,-6.368521,-0.828740,0.113934,-0.547913,131.742431,16.1551,-6.368521,99.999741,0.001903,0.003714,3.2720,34.6917,5.0674,7.1263,4.3787
399,87,DIAMOND_11.tif,118,95.925318,28.253884,-6.105656,0.587208,0.570848,0.573864,154.964551,16.4118,-6.105656,99.999743,0.000472,0.001420,1.0508,1.0922,1.7911,2.9189,1.6823
400,25,DIAMOND_11.tif,34,95.620250,29.268869,-6.294000,0.062903,0.839889,0.539100,122.454661,17.0191,-6.294000,99.999495,0.000895,0.002554,2.2688,18.2938,4.4457,5.4925,3.9077
401,75,DIAMOND_11.tif,101,95.498747,29.663450,-6.386070,0.317114,0.807182,0.497892,128.653735,17.2556,-6.386070,99.999655,0.000435,0.001537,1.3371,2.8298,2.4174,3.5397,1.9346
402,66,DIAMOND_11.tif,91,95.225854,30.528135,-6.253134,-0.391494,0.904854,0.167250,99.377018,17.7752,-6.253134,99.999652,0.000573,0.001655,1.6486,3.4815,2.6461,4.8219,1.9912
403,71,DIAMOND_11.tif,97,94.972825,31.308381,-6.382062,-0.248808,0.961596,0.115881,123.307819,18.2451,-6.382062,100.000261,0.001447,0.001354,2.0459,4.2073,2.5244,4.2107,2.6742
404,6,DIAMOND_11.tif,10,94.760090,31.942986,-5.856587,0.482718,0.664489,0.570472,168.847856,18.6286,-5.856587,99.999145,0.001558,0.004622,3.4530,60.7001,6.0513,9.2148,6.4010
405,88,DIAMOND_11.tif,119,94.463867,32.811575,-6.055180,-0.834199,0.510158,-0.209407,121.502258,19.1544,-6.055180,100.000108,0.000726,0.000959,1.1525,1.0033,1.7887,2.4278,1.4411
406,93,DIAMOND_11.tif,127,94.234975,33.462608,-6.301722,-0.698384,-0.118389,-0.705864,154.644340,19.5498,-6.301722,99.999883,0.000180,0.001315,0.5114,0.3031,1.4226,3.4884,0.7241
407,24,DIAMOND_11.tif,33,94.142802,33.722072,-6.313866,0.580458,0.371676,0.724518,165.485516,19.7076,-6.313866,100.000227,0.001639,0.002841,2.3388,18.9749,4.5889,6.0620,4.5251
408,20,DIAMOND_11.tif,28,93.858896,34.502422,-6.118679,-0.681687,0.257251,-0.684927,108.490453,20.1834,-6.118679,99.999547,0.001277,0.003341,2.7864,27.0696,4.8153,7.2531,3.5379
409,75,DIAMOND_11.tif,101,93.655157,35.052145,-6.312126,-0.450184,0.883717,0.127980,115.921421,20.5193,-6.312126,99.999707,0.000546,0.001537,1.3371,2.8298,2.4174,3.5397,1.9346
410,51,DIAMOND_11.tif,66,93.431497,35.644784,-6.400262,0.352560,0.656634,0.666733,144.296843,20.8822,-6.400262,99.999976,0.001287,0.001784,2.1914,9.0469,3.3613,4.8757,3.1654
411,95,DIAMOND_11.tif,130,93.020199,36.704534,-5.775036,0.498238,0.393160,0.772777,168.197603,21.5335,-5.775036,99.999901,0.000344,0.000520,0.7720,0.3081,1.2082,1.4787,1.0867
412,45,DIAMOND_11.tif,59,92.792394,37.277165,-6.224785,0.211148,0.677599,0.704469,121.586542,21.8866,-6.224785,100.000077,0.001210,0.002488,1.8303,8.5307,3.4820,5.4290,2.7115
413,25,DIAMOND_11.tif,34,92.649299,37.632136,-6.242232,0.498041,0.513759,0.698575,174.514166,22.1059,-6.242232,100.000351,0.001717,0.002554,2.2688,18.2938,4.4457,5.4925,3.9077
414,33,DIAMOND_11.tif,46,92.317330,38.438562,-5.921256,0.047261,0.933554,0.355308,99.645198,22.6056,-5.921256,100.000062,0.001089,0.002346,1.7205,10.9902,3.9084,5.2783,3.6731
415,59,DIAMOND_11.tif,79,91.972464,39.256146,-6.181050,-0.755282,0.626526,-0.192392,115.840168,23.1140,-6.181050,99.999896,0.000883,0.001565,1.6120,4.0482,2.9984,6.3629,2.3502
416,47,DIAMOND_11.tif,61,91.691839,39.907285,-6.371935,-0.717410,0.139233,-0.682596,155.486902,23.5202,-6.371935,99.999924,0.000857,0.001989,1.5957,6.0222,3.4562,5.2254,2.4746
417,21,DIAMOND_11.tif,30,91.247719,40.912504,-5.883863,0.267462,0.768291,0.581543,92.125708,24.1499,-5.883863,99.999896,0.001774,0.003125,2.9763,28.1827,4.7784,6.6225,4.2739
418,22,DIAMOND_11.tif,31,91.080646,41.282792,-5.918791,0.030422,0.715931,0.697508,96.747436,24.3827,-5.918791,99.999764,0.001405,0.002945,2.5253,24.2589,4.7564,6.2282,3.9129
419,23,DIAMOND_11.tif,32,90.904707,41.667906,-6.041819,-0.697264,-0.337603,-0.632334,138.521213,24.6253,-6.041819,99.999401,0.001093,0.003253,2.5047,21.3131,4.6565,8.4243,3.7626
420,61,DIAMOND_11.tif,81,90.441206,42.665718,-5.835624,0.557194,0.416167,0.718568,174.747997,25.2556,-5.835624,99.999876,0.000514,0.002323,1.0526,2.9133,2.9314,5.2877,1.7818
421,20,DIAMOND_11.tif,28,90.156165,43.264001,-6.027630,0.573766,0.306231,0.759615,170.622556,25.6353,-6.027630,99.999540,0.001237,0.003341,2.7864,27.0696,4.8153,7.2531,3.5379
422,22,DIAMOND_11.tif,31,89.945333,43.700059,-6.002127,-0.877688,-0.029383,-0.478330,138.840402,25.9129,-6.002127,99.999291,0.000824,0.002945,2.5253,24.2589,4.7564,6.2282,3.9129
423,59,DIAMOND_11.tif,79,89.583541,44.438757,-5.903467,-0.750495,0.651268,-0.112281,87.814893,26.3841,-5.903467,100.000069,0.001064,0.001565,1.6120,4.0482,2.9984,6.3629,2.3502
424,79,DIAMOND_11.tif,108,89.197511,45.207701,-6.357728,-0.411605,-0.500839,-0.761408,169.817598,26.8771,-6.357728,99.999661,0.000412,0.001161,1.2667,1.9946,2.1052,2.6837,1.8637
425,71,DIAMOND_11.tif,97,88.834206,45.917201,-5.762177,0.553640,0.445651,0.703475,164.116195,27.3338,-5.762177,99.999527,0.000706,0.001354,2.0459,4.2073,2.5244,4.2107,2.6742
426,54,DIAMOND_11.tif,69,88.571385,46.422469,-5.957471,-0.713613,0.209997,-0.668325,120.591055,27.6602,-5.957471,99.999680,0.001248,0.001772,2.6298,11.4450,3.2266,4.1702,3.0906
427,84,DIAMOND_11.tif,114,88.318154,46.903211,-6.354066,0.011367,0.829836,0.557892,103.104421,27.9715,-6.354066,100.000037,0.000609,0.000972,1.0243,1.0199,1.8594,4.2266,1.6501
428,11,DIAMOND_11.tif,17,87.782247,47.898831,-5.867358,-0.036552,0.847156,0.530085,121.336657,28.6193,-5.867358,100.000105,0.002394,0.004078,3.6234,46.9468,5.4948,8.7637,5.3801
429,95,DIAMOND_11.tif,130,87.633348,48.170609,-5.839958,-0.084738,0.963898,0.252427,80.840013,28.7969,-5.839958,100.000056,0.000498,0.000520,0.7720,0.3081,1.2082,1.4787,1.0867
430,40,DIAMOND_11.tif,53,87.127275,49.080092,-6.019238,-0.874549,0.376497,-0.305636,100.704262,29.3932,-6.019238,100.000088,0.001534,0.001744,2.4428,10.0562,3.6011,4.7617,3.8130
431,30,DIAMOND_11.tif,42,86.884743,49.506967,-6.113430,-0.568758,0.818795,0.078035,105.548295,29.6745,-6.113430,99.999492,0.000735,0.002952,2.1106,13.7130,4.0306,5.7484,3.2738
432,51,DIAMOND_11.tif,66,100.000032,0.201760,-5.565356,-0.629964,0.196104,-0.751457,113.680860,0.1156,-5.565356,100.000236,0.001562,0.001784,2.1914,9.0469,3.3613,4.8757,3.1654
433,85,DIAMOND_11.tif,116,99.993379,1.168235,-5.035273,-0.492334,0.473503,-0.730344,112.875855,0.6694,-5.035273,100.000203,0.001173,0.001015,1.7382,1.7991,1.8262,2.8805,2.4057
434,11,DIAMOND_11.tif,17,99.987046,1.603552,-5.025826,-0.714769,0.133258,-0.686547,147.627891,0.9188,-5.025826,99.999904,0.002030,0.004078,3.6234,46.9468,5.4948,8.7637,5.3801
435,90,DIAMOND_11.tif,122,99.975237,2.235808,-5.391897,-0.428006,0.586118,-0.687951,87.754089,1.2811,-5.391897,100.000234,0.001066,0.000910,1.5618,1.4736,1.7516,2.1607,1.7785
436,20,DIAMOND_11.tif,28,99.938848,3.492947,-5.095861,0.315908,0.809468,0.494938,113.568925,2.0017,-5.095861,99.999870,0.001576,0.003341,2.7864,27.0696,4.8153,7.2531,3.5379
437,10,DIAMOND_11.tif,16,99.918418,4.039334,-5.126409,-0.683232,0.116465,-0.720853,158.431971,2.3150,-5.126409,100.000032,0.002119,0.003521,3.4750,44.9521,5.5565,6.9330,4.8288
438,55,DIAMOND_11.tif,70,99.891904,4.645926,-5.453762,0.698787,0.181369,0.691955,163.609164,2.6629,-5.453762,99.999886,0.000527,0.002163,1.0843,3.8378,3.2022,5.5103,1.9921
439,60,DIAMOND_11.tif,80,99.836466,5.711521,-5.101984,0.175954,0.847246,0.501214,80.336277,3.2743,-5.101984,99.999707,0.000695,0.002137,1.4643,4.1488,2.9714,4.2915,2.4134
440,39,DIAMOND_11.tif,52,99.816218,6.054526,-5.344756,0.767318,0.001598,0.641265,151.342877,3.4711,-5.344756,99.999673,0.000866,0.002257,1.9179,10.0615,3.6523,5.0876,2.8607
441,45,DIAMOND_11.tif,59,99.764467,6.859292,-5.285047,0.582231,0.598139,0.550669,160.131923,3.9332,-5.285047,99.999993,0.001320,0.002488,1.8303,8.5307,3.4820,5.4290,2.7115
442,8,DIAMOND_11.tif,12,99.728900,7.362156,-5.341774,0.706497,0.418674,0.570591,116.750048,4.2220,-5.341774,100.000274,0.002704,0.004457,3.9078,33.8063,5.7696,7.9445,6.2466
443,27,DIAMOND_11.tif,37,99.622973,8.669380,-5.534002,0.292327,0.908267,0.299324,89.364006,4.9735,-5.534002,99.999475,0.000516,0.003142,1.8285,13.4607,4.3256,6.4516,2.9485
444,63,DIAMOND_11.tif,86,99.561165,9.356795,-5.217493,-0.454284,0.569882,-0.684734,108.745833,5.3689,-5.217493,99.999876,0.000825,0.001898,1.6842,4.7862,2.7402,4.4393,2.0872
445,12,DIAMOND_11.tif,18,99.500662,9.975424,-5.160897,-0.511639,0.854232,-0.092272,84.340376,5.7251,-5.160897,99.999454,0.002132,0.003286,4.4296,55.1674,5.4697,6.8900,5.8682
446,16,DIAMOND_11.tif,23,99.451834,10.455256,-5.329923,0.695961,0.170402,0.697569,156.935379,6.0014,-5.329923,99.999899,0.001664,0.003237,2.7689,29.7209,5.0816,6.9039,4.0796
447,34,DIAMOND_11.tif,47,99.356654,11.325723,-5.346998,-0.519407,0.735801,-0.434526,97.194254,6.5031,-5.346998,100.000083,0.001853,0.002302,2.9789,15.7966,3.8776,5.9808,3.6253
448,28,DIAMOND_11.tif,39,99.320301,11.638550,-5.481917,0.555283,0.542818,0.630086,127.676701,6.6836,-5.481917,99.999890,0.001012,0.002843,1.8815,12.9345,4.1524,6.2724,2.7754
449,56,DIAMOND_11.tif,71,99.226836,12.409375,-5.658107,0.615143,0.449754,0.647549,159.595645,7.1284,-5.658107,99.999788,0.001153,0.001714,2.3265,8.6456,3.1857,4.7472,2.8980
450,71,DIAMOND_11.tif,97,99.138863,13.095637,-5.171794,-0.549894,0.506264,-0.664314,93.682816,7.5249,-5.171794,100.000050,0.001194,0.001354,2.0459,4.2073,2.5244,4.2107,2.6742
451,13,DIAMOND_11.tif,19,98.973864,14.284625,-5.322209,0.173265,0.821284,0.543574,104.934562,8.2126,-5.322209,99.999381,0.001205,0.003320,2.9475,35.7805,5.3648,6.4651,5.1690
452,27,DIAMOND_11.tif,37,98.924776,14.623576,-5.237202,0.264586,0.941590,0.208332,98.843870,8.4089,-5.237202,99.999801,0.001011,0.003142,1.8285,13.4607,4.3256,6.4516,2.9485
453,41,DIAMOND_11.tif,54,98.796388,15.468595,-5.390592,-0.187561,0.862647,-0.469746,101.247570,8.8986,-5.390592,100.000018,0.001385,0.002319,2.5103,9.7759,3.5999,5.6881,3.3332
454,95,DIAMOND_11.tif,130,98.694559,16.105700,-5.640914,0.212267,0.904016,0.371078,107.196465,9.2682,-5.640914,100.000048,0.000491,0.000520,0.7720,0.3081,1.2082,1.4787,1.0867
455,51,DIAMOND_11.tif,66,98.497855,17.266955,-5.220356,-0.736811,0.426588,-0.524531,148.307064,9.9431,-5.220356,99.999876,0.001157,0.001784,2.1914,9.0469,3.3613,4.8757,3.1654
456,71,DIAMOND_11.tif,97,98.373598,17.959511,-5.339214,0.439610,0.367656,0.819495,128.341354,10.3462,-5.339214,99.999544,0.000672,0.001354,2.0459,4.2073,2.5244,4.2107,2.6742
457,55,DIAMOND_11.tif,70,98.306765,18.324285,-5.018841,-0.577176,-0.176335,-0.797354,171.903387,10.5587,-5.018841,99.999997,0.000668,0.002163,1.0843,3.8378,3.2022,5.5103,1.9921
458,42,DIAMOND_11.tif,55,98.176528,19.008913,-5.408684,0.550147,0.520130,0.653302,127.278618,10.9580,-5.408684,99.999847,0.000823,0.002566,1.5202,7.5887,3.5473,5.7553,2.4714
459,23,DIAMOND_11.tif,32,98.041764,19.693576,-5.203170,-0.665371,0.457913,-0.589574,119.231862,11.3578,-5.203170,100.000122,0.001592,0.003253,2.5047,21.3131,4.6565,8.4243,3.7626
460,45,DIAMOND_11.tif,59,97.814996,20.788251,-5.536852,-0.502275,0.853119,0.141092,86.714976,11.9983,-5.536852,99.999624,0.000936,0.002488,1.8303,8.5307,3.4820,5.4290,2.7115
461,95,DIAMOND_11.tif,130,97.754351,21.073639,-5.567063,0.221494,0.847305,0.482715,122.763964,12.1655,-5.567063,100.000057,0.000497,0.000520,0.7720,0.3081,1.2082,1.4787,1.0867
462,95,DIAMOND_11.tif,130,97.623045,21.672804,-5.434749,0.670416,0.393349,0.629141,125.669331,12.5169,-5.434749,99.999847,0.000286,0.000520,0.7720,0.3081,1.2082,1.4787,1.0867
463,77,DIAMOND_11.tif,104,97.336335,22.927617,-5.592696,-0.743260,0.283092,-0.606154,154.608507,13.2544,-5.592696,100.000188,0.001046,0.001103,1.4701,2.4381,2.1917,2.8805,2.0602
464,35,DIAMOND_11.tif,48,97.238677,23.338119,-5.232283,-0.174047,0.982480,0.066635,115.456326,13.4962,-5.232283,100.000140,0.001682,0.002437,2.6217,15.6426,3.8436,5.3474,3.4707
465,41,DIAMOND_11.tif,54,97.070753,24.026383,-5.549065,0.169813,0.867465,0.467620,129.564040,13.9021,-5.549065,99.999990,0.001395,0.002319,2.5103,9.7759,3.5999,5.6881,3.3332
466,86,DIAMOND_11.tif,117,96.904165,24.690097,-5.490183,0.076901,0.977527,-0.196283,93.737105,14.2942,-5.490183,100.000091,0.000638,0.000977,0.8689,0.7673,1.7960,3.2118,1.3557
467,88,DIAMOND_11.tif,119,96.764372,25.231822,-5.083367,0.380860,0.479719,0.790453,104.048989,14.6147,-5.083367,99.999943,0.000560,0.000959,1.1525,1.0033,1.7887,2.4278,1.4411
468,50,DIAMOND_11.tif,65,96.502951,26.215395,-5.221844,0.714652,0.293221,0.635054,177.127095,15.1979,-5.221844,100.000333,0.001945,0.002633,2.7839,13.2921,3.4104,5.3330,3.1854
469,18,DIAMOND_11.tif,25,96.298468,26.956365,-5.665705,-0.645561,0.579927,-0.496927,103.180448,15.6383,-5.665705,100.000203,0.002145,0.005001,3.3099,34.0561,5.0622,9.5853,4.0570
470,87,DIAMOND_11.tif,118,96.023097,27.920667,-5.594124,0.017768,0.952950,0.302606,96.240645,16.2129,-5.594124,99.999994,0.000591,0.001420,1.0508,1.0922,1.7911,2.9189,1.6823
471,11,DIAMOND_11.tif,17,95.962295,28.129658,-5.174379,-0.384666,0.915995,-0.113952,119.883220,16.3376,-5.174379,100.000198,0.002474,0.004078,3.6234,46.9468,5.4948,8.7637,5.3801
472,64,DIAMOND_11.tif,88,95.714825,28.959778,-5.485902,-0.276195,0.926271,0.256395,120.864348,16.8339,-5.485902,99.999983,0.000944,0.002124,1.8567,5.0007,2.7202,4.2654,2.6024
473,7,DIAMOND_11.tif,11,95.515927,29.610570,-5.252690,0.196350,0.772783,0.603535,79.649942,17.2238,-5.252690,100.000391,0.003110,0.003862,4.3101,56.5908,6.0473,7.9302,5.8421
474,70,DIAMOND_11.tif,95,95.307858,30.273615,-5.603909,-0.800241,0.574037,-0.173480,104.361448,17.6219,-5.603909,100.000398,0.001499,0.001499,1.9947,5.1174,2.5304,3.2779,2.1007
475,68,DIAMOND_11.tif,93,95.126185,30.839229,-5.051413,0.658402,0.276513,0.700033,164.613080,17.9623,-5.051413,100.000246,0.001015,0.001412,1.3482,2.1485,2.6095,5.4768,1.9975
476,37,DIAMOND_11.tif,50,94.849037,31.680555,-5.280974,0.697000,0.582760,0.417830,122.731688,18.4699,-5.280974,99.999987,0.001533,0.002543,2.7966,14.0539,3.6655,5.3763,2.9527
477,70,DIAMOND_11.tif,95,94.639670,32.299771,-5.071440,-0.610756,0.638313,-0.468544,117.794848,18.8444,-5.071440,99.999711,0.000931,0.001499,1.9947,5.1174,2.5304,3.2779,2.1007
478,35,DIAMOND_11.tif,48,94.440261,32.878623,-5.199007,0.304699,0.735620,0.604998,95.707256,19.1952,-5.199007,99.999834,0.001403,0.002437,2.6217,15.6426,3.8436,5.3474,3.4707
479,57,DIAMOND_11.tif,72,94.180741,33.615900,-5.593777,-0.849790,0.453836,-0.268123,109.563225,19.6430,-5.593777,100.000204,0.000989,0.002106,1.3363,5.3831,3.1630,4.8559,2.6014
480,17,DIAMOND_11.tif,24,93.960345,34.226190,-5.361799,0.316594,0.631837,0.707496,120.421291,20.0148,-5.361799,99.999893,0.001828,0.003714,3.2720,34.6917,5.0674,7.1263,4.3787
481,75,DIAMOND_11.tif,101,93.469487,35.544863,-5.625911,0.372319,0.670756,0.641455,93.460487,20.8210,-5.625911,99.999911,0.000719,0.001537,1.3371,2.8298,2.4174,3.5397,1.9346
482,69,DIAMOND_11.tif,94,93.307919,35.967406,-5.426361,-0.754771,-0.158174,-0.636633,161.476569,21.0802,-5.426361,100.000110,0.001077,0.001419,1.6246,3.9163,2.5596,3.7240,2.5617
483,17,DIAMOND_11.tif,24,93.158000,36.351571,-5.200498,-0.663421,-0.204605,-0.719729,158.112866,21.3164,-5.200498,99.999249,0.001198,0.003714,3.2720,34.6917,5.0674,7.1263,4.3787
484,31,DIAMOND_11.tif,43,92.841597,37.153717,-5.304923,-0.754782,0.281261,-0.592618,123.438669,21.8105,-5.304923,99.999804,0.001139,0.002595,2.2881,14.1526,3.9969,5.4815,3.1181
485,67,DIAMOND_11.tif,92,92.600934,37.748980,-5.307428,-0.707156,0.514037,-0.485485,104.264097,22.1784,-5.307428,99.999592,0.000809,0.001376,2.0946,4.5898,2.6204,4.5504,2.8789
486,42,DIAMOND_11.tif,55,92.324459,38.420617,-5.493700,0.344531,0.740890,0.576525,99.676035,22.5945,-5.493700,99.999748,0.000853,0.002566,1.5202,7.5887,3.5473,5.7553,2.4714
487,59,DIAMOND_11.tif,79,91.972966,39.254407,-5.635004,-0.836436,0.541310,-0.085778,101.753761,23.1130,-5.635004,99.999675,0.000733,0.001565,1.6120,4.0482,2.9984,6.3629,2.3502
488,81,DIAMOND_11.tif,111,91.586448,40.149065,-5.597625,-0.595323,0.791134,-0.140350,96.474978,23.6714,-5.597625,100.000125,0.000724,0.001027,1.0254,1.0043,1.8804,3.7282,1.4915
489,74,DIAMOND_11.tif,100,91.451790,40.453566,-5.359210,-0.532957,0.789530,0.304301,105.373525,23.8621,-5.359210,99.999605,0.000453,0.001702,1.2176,2.6595,2.4300,3.7079,1.8246
490,49,DIAMOND_11.tif,64,90.975125,41.515195,-5.463028,0.420341,0.640664,0.642544,99.862409,24.5289,-5.463028,99.999924,0.000794,0.002085,1.4926,6.3090,3.4142,5.1443,2.8047
491,58,DIAMOND_11.tif,75,90.706021,42.099078,-5.172171,0.666398,0.057540,0.743373,169.585147,24.8973,-5.172171,99.999573,0.000726,0.001974,1.9681,7.3225,3.0932,4.1138,3.0493
492,14,DIAMOND_11.tif,20,90.506171,42.527360,-5.190153,0.063885,0.982122,0.177073,105.351898,25.1681,-5.190153,99.999717,0.002438,0.004076,4.4334,52.3335,5.3030,7.7099,5.7494
493,61,DIAMOND_11.tif,81,90.303455,42.956632,-5.126592,-0.606405,0.739192,-0.293033,94.375656,25.4401,-5.126592,99.999932,0.000561,0.002323,1.0526,2.9133,2.9314,5.2877,1.7818
494,58,DIAMOND_11.tif,75,89.835263,43.927003,-5.321649,-0.870833,0.142183,-0.470567,144.304329,26.0574,-5.321649,99.999781,0.000958,0.001974,1.9681,7.3225,3.0932,4.1138,3.0493
495,65,DIAMOND_11.tif,89,89.644410,44.315296,-5.605423,-0.662818,-0.207759,-0.719381,169.118466,26.3053,-5.605423,99.999828,0.000711,0.001873,1.5214,4.2247,2.6691,4.0917,2.1900
496,80,DIAMOND_11.tif,109,89.250635,45.103457,-5.232600,-0.782724,0.358195,-0.508959,136.934794,26.8101,-5.232600,99.999988,0.000652,0.001111,1.0789,1.4050,2.0580,3.3662,1.6671
497,73,DIAMOND_11.tif,99,88.745254,46.089962,-5.348592,0.380344,0.628548,0.678429,144.668953,27.4452,-5.348592,100.000023,0.000761,0.001677,1.2256,2.7484,2.4781,4.1438,1.6880
498,57,DIAMOND_11.tif,72,88.641748,46.288504,-5.300819,-0.264891,0.939882,-0.215534,102.956734,27.5735,-5.300819,99.999926,0.000814,0.002106,1.3363,5.3831,3.1630,4.8559,2.6014
499,29,DIAMOND_11.tif,41,88.283307,46.970060,-5.291698,-0.776536,0.544671,-0.316743,109.890549,28.0147,-5.291698,100.000644,0.002127,0.004448,2.6907,13.0309,4.0409,8.2103,2.9520
500,72,DIAMOND_11.tif,98,87.998890,47.499104,-5.567508,-0.732032,0.640704,-0.231576,88.397057,28.3588,-5.567508,99.999847,0.000556,0.001574,1.2045,2.3662,2.4860,3.5061,1.6844
501,37,DIAMOND_11.tif,50,87.621578,48.192286,-5.090367,-0.697644,0.481925,-0.530133,94.394549,28.8110,-5.090367,100.000186,0.001750,0.002543,2.7966,14.0539,3.6655,5.3763,2.9527
502,60,DIAMOND_11.tif,80,87.035623,49.242214,-5.331832,-0.100039,0.910104,0.402123,101.209103,29.4999,-5.331832,99.999977,0.000852,0.002137,1.4643,4.1488,2.9714,4.2915,2.4134
503,14,DIAMOND_11.tif,20,86.857785,49.555153,-5.121011,0.155091,0.729507,0.666158,101.354064,29.7061,-5.121011,99.999940,0.002574,0.004076,4.4334,52.3335,5.3030,7.7099,5.7494
504,68,DIAMOND_11.tif,93,99.998866,0.439664,-4.319004,-0.627994,0.445471,-0.638106,128.972695,0.2519,-4.319004,99.999832,0.000609,0.001412,1.3482,2.1485,2.6095,5.4768,1.9975
505,78,DIAMOND_11.tif,107,99.993907,1.065930,-4.373214,0.193556,0.974533,0.113235,56.896948,0.6107,-4.373214,99.999588,0.000381,0.001257,1.0492,1.5797,2.1114,3.1644,1.6405
506,35,DIAMOND_11.tif,48,99.981767,1.916312,-4.785871,0.544383,0.025239,0.838457,158.648420,1.0980,-4.785871,100.000130,0.001676,0.002437,2.6217,15.6426,3.8436,5.3474,3.4707
507,35,DIAMOND_11.tif,48,99.959140,2.856968,-4.827777,-0.669133,-0.040970,-0.742013,144.806649,1.6371,-4.827777,99.999959,0.001582,0.002437,2.6217,15.6426,3.8436,5.3474,3.4707
508,15,DIAMOND_11.tif,21,99.952813,3.071540,-4.706242,-0.036543,0.999183,0.017290,108.654829,1.7601,-4.706242,99.999996,0.001287,0.003965,1.8995,20.6013,5.1918,8.8082,3.5099
509,35,DIAMOND_11.tif,48,99.926478,3.835079,-4.974920,0.411108,0.798900,0.439032,103.749843,2.1979,-4.974920,100.000044,0.001576,0.002437,2.6217,15.6426,3.8436,5.3474,3.4707
510,54,DIAMOND_11.tif,69,99.871211,5.067620,-4.297316,0.085077,0.973229,-0.213512,85.414863,2.9048,-4.297316,99.999698,0.001215,0.001772,2.6298,11.4450,3.2266,4.1702,3.0906
511,60,DIAMOND_11.tif,80,99.856550,5.350455,-4.568975,-0.639870,0.766658,-0.052926,96.011987,3.0671,-4.568975,99.999790,0.000837,0.002137,1.4643,4.1488,2.9714,4.2915,2.4134
512,26,DIAMOND_11.tif,36,99.815644,6.059283,-4.503987,0.430982,0.437730,0.789080,131.614221,3.4739,-4.503987,99.999389,0.001083,0.003876,2.3312,18.8512,4.3784,7.3800,3.1732
513,8,DIAMOND_11.tif,12,99.758902,6.939997,-4.387669,-0.663349,0.422181,-0.617844,125.759897,3.9795,-4.387669,100.000010,0.002343,0.004457,3.9078,33.8063,5.7696,7.9445,6.2466
514,57,DIAMOND_11.tif,72,99.705897,7.662893,-4.877604,-0.430989,0.810322,-0.397022,136.348714,4.3948,-4.877604,99.999929,0.001014,0.002106,1.3363,5.3831,3.1630,4.8559,2.6014
515,7,DIAMOND_11.tif,11,99.670963,8.108617,-4.639817,-0.142237,0.989810,-0.006745,124.040608,4.6510,-4.639817,100.000253,0.002748,0.003862,4.3101,56.5908,6.0473,7.9302,5.8421
516,89,DIAMOND_11.tif,121,99.584406,9.106819,-4.917271,0.669735,0.254408,0.697661,158.826753,5.2251,-4.917271,99.999941,0.000548,0.001102,1.0614,0.9986,1.7715,3.3185,1.3554
517,65,DIAMOND_11.tif,89,99.545642,9.519122,-4.562484,0.300436,0.896381,0.325942,94.700585,5.4623,-4.562484,99.999742,0.000614,0.001873,1.5214,4.2247,2.6691,4.0917,2.1900
518,70,DIAMOND_11.tif,95,99.418254,10.769566,-4.919064,-0.316319,0.871949,-0.373693,102.953373,6.1825,-4.919064,99.999864,0.001087,0.001499,1.9947,5.1174,2.5304,3.2779,2.1007
519,53,DIAMOND_11.tif,68,99.367476,11.232229,-4.687106,-0.405099,0.515656,-0.754979,104.328264,6.4492,-4.687106,100.000292,0.002007,0.002864,2.8584,12.9675,3.2293,5.8149,3.6615
520,76,DIAMOND_11.tif,102,99.303768,11.777142,-4.420762,0.563248,0.517788,0.643931,146.134275,6.7635,-4.420762,99.999697,0.000616,0.001500,1.4710,2.5364,2.3662,4.0879,1.6961
521,11,DIAMOND_11.tif,17,99.167247,12.878339,-4.718241,0.335666,0.889307,0.310581,102.721114,7.3993,-4.718241,99.999973,0.002140,0.004078,3.6234,46.9468,5.4948,8.7637,5.3801
522,61,DIAMOND_11.tif,81,99.070439,13.598554,-4.651779,-0.630533,0.672377,-0.387734,133.999485,7.8157,-4.651779,99.999363,0.000460,0.002323,1.0526,2.9133,2.9314,5.2877,1.7818
523,43,DIAMOND_11.tif,56,98.847105,15.143752,-4.823378,-0.213431,0.970337,-0.113549,92.271115,8.7102,-4.823378,100.000417,0.001527,0.002704,1.9246,9.2034,3.5430,6.1170,2.4588
524,89,DIAMOND_11.tif,121,98.755248,15.730263,-4.724330,0.249074,0.727186,0.639659,130.366780,9.0503,-4.724330,100.000201,0.000859,0.001102,1.0614,0.9986,1.7715,3.3185,1.3554
525,23,DIAMOND_11.tif,32,98.636728,16.457134,-4.644312,0.651401,0.435338,0.621415,136.336477,9.4723,-4.644312,100.000207,0.001675,0.003253,2.5047,21.3131,4.6565,8.4243,3.7626
526,16,DIAMOND_11.tif,23,98.519588,17.140743,-4.820277,0.017804,0.950457,0.310347,96.155448,9.8697,-4.820277,99.999571,0.001246,0.003237,2.7689,29.7209,5.0816,6.9039,4.0796
527,39,DIAMOND_11.tif,52,98.476666,17.387673,-4.910022,-0.614908,0.610589,-0.499068,102.996811,10.0133,-4.910022,99.999924,0.001062,0.002257,1.9179,10.0615,3.6523,5.0876,2.8607
528,13,DIAMOND_11.tif,19,98.286920,18.430785,-4.933421,-0.719553,0.538448,-0.438539,74.106863,10.6208,-4.933421,100.000062,0.001728,0.003320,2.9475,35.7805,5.3648,6.4651,5.1690
529,4,DIAMOND_11.tif,8,98.125665,19.268814,-4.618729,-0.344504,0.938759,-0.006974,100.826406,11.1097,-4.618729,99.999666,0.002433,0.004101,4.6158,73.3776,6.3488,8.7276,5.7689
530,92,DIAMOND_11.tif,126,97.999951,19.899808,-4.581220,0.145671,0.986831,-0.070317,108.008543,11.4784,-4.581220,99.999964,0.000422,0.000751,0.7223,0.3678,1.4664,2.4982,1.0312
531,76,DIAMOND_11.tif,102,97.794581,20.885730,-4.900208,0.476301,0.646042,0.596462,156.152909,12.0554,-4.900208,99.999969,0.000947,0.001500,1.4710,2.5364,2.3662,4.0879,1.6961
532,76,DIAMOND_11.tif,102,97.763306,21.033067,-4.823945,0.768015,0.482532,0.421089,139.866709,12.1417,-4.823945,100.000269,0.001240,0.001500,1.4710,2.5364,2.3662,4.0879,1.6961
533,38,DIAMOND_11.tif,51,97.521055,22.126791,-4.778890,0.668375,0.275488,0.690928,169.988573,12.7835,-4.778890,99.999756,0.001306,0.002018,2.6315,13.7149,3.6601,4.6655,3.7508
534,84,DIAMOND_11.tif,114,97.353285,22.854974,-4.775170,0.557570,0.540907,0.629710,135.199973,13.2117,-4.775170,100.000060,0.000640,0.000972,1.0243,1.0199,1.8594,4.2266,1.6501
535,35,DIAMOND_11.tif,48,97.209786,23.456491,-4.432587,-0.777104,0.517360,-0.358396,115.417949,13.5660,-4.432587,99.999747,0.001334,0.002437,2.6217,15.6426,3.8436,5.3474,3.4707
536,2,DIAMOND_11.tif,5,97.101751,23.903177,-4.536318,0.396345,0.583785,0.708594,148.141573,13.8293,-4.536318,100.000560,0.004174,0.004939,6.1317,172.9320,7.2822,10.2853,7.7068
537,8,DIAMOND_11.tif,12,96.798214,25.100037,-4.771885,-0.528408,0.690512,-0.493941,114.756669,14.5368,-4.771885,99.999530,0.001804,0.004457,3.9078,33.8063,5.7696,7.9445,6.2466
538,37,DIAMOND_11.tif,50,96.627600,25.750297,-4.904032,0.317580,0.830567,0.457495,115.853487,14.9220,-4.904032,99.999854,0.001476,0.002543,2.7966,14.0539,3.6655,5.3763,2.9527
539,28,DIAMOND_11.tif,39,96.429086,26.483532,-4.370233,0.713321,-0.041817,0.699589,176.680907,15.3572,-4.370233,99.999730,0.001131,0.002843,1.8815,12.9345,4.1524,6.2724,2.7754
540,76,DIAMOND_11.tif,102,96.285489,27.000980,-4.798819,0.163965,0.972717,0.164126,110.666332,15.6649,-4.798819,99.999742,0.000733,0.001500,1.4710,2.5364,2.3662,4.0879,1.6961
541,83,DIAMOND_11.tif,113,96.049525,27.829883,-4.411073,0.294681,0.883323,0.364558,117.091496,16.1587,-4.411073,100.000069,0.000875,0.000941,1.4266,1.4270,1.8641,2.4419,1.5819
542,32,DIAMOND_11.tif,45,95.972531,28.094348,-4.954054,0.067483,0.780035,0.622087,113.538381,16.3165,-4.954054,100.000095,0.001286,0.002670,2.1119,12.6641,3.9129,5.6350,2.7141
543,28,DIAMOND_11.tif,39,95.654971,29.156672,-4.618634,-0.487517,0.701743,-0.519504,116.284843,16.9518,-4.618634,99.999925,0.001017,0.002843,1.8815,12.9345,4.1524,6.2724,2.7754
544,28,DIAMOND_11.tif,39,95.570652,29.431708,-4.874770,0.538601,0.471155,0.698514,172.407241,17.1166,-4.874770,99.999875,0.001034,0.002843,1.8815,12.9345,4.1524,6.2724,2.7754
545,37,DIAMOND_11.tif,50,95.260646,30.419811,-4.559108,0.527742,0.584847,0.615990,140.777464,17.7100,-4.559108,99.999778,0.001383,0.002543,2.7966,14.0539,3.6655,5.3763,2.9527
546,84,DIAMOND_11.tif,114,94.999733,31.225436,-4.767274,0.508303,0.759025,0.406828,148.807292,18.1952,-4.767274,99.999886,0.000517,0.000972,1.0243,1.0199,1.8594,4.2266,1.6501
547,29,DIAMOND_11.tif,41,94.716500,32.074145,-4.961881,0.026576,0.750181,0.660698,93.352157,18.7078,-4.961881,99.999831,0.001266,0.004448,2.6907,13.0309,4.0409,8.2103,2.9520
548,88,DIAMOND_11.tif,119,94.687797,32.159275,-4.502764,0.614766,0.393705,0.683418,177.324441,18.7593,-4.502764,99.999989,0.000677,0.000959,1.1525,1.0033,1.7887,2.4278,1.4411
549,32,DIAMOND_11.tif,45,94.415105,32.951451,-4.495089,0.407883,0.697177,0.589556,125.296750,19.2393,-4.495089,100.000051,0.001299,0.002670,2.1119,12.6641,3.9129,5.6350,2.7141
550,2,DIAMOND_11.tif,5,94.037414,34.011523,-4.386306,-0.668781,0.535439,-0.515788,68.358171,19.8841,-4.386306,99.999094,0.003038,0.004939,6.1317,172.9320,7.2822,10.2853,7.7068
551,54,DIAMOND_11.tif,69,93.956262,34.236289,-4.504319,0.441850,0.703541,0.556596,125.893366,20.0210,-4.504319,99.999514,0.001067,0.001772,2.6298,11.4450,3.2266,4.1702,3.0906
552,23,DIAMOND_11.tif,32,93.529929,35.386323,-4.931921,-0.779512,0.036213,-0.625340,149.377275,20.7237,-4.931921,100.000198,0.001706,0.003253,2.5047,21.3131,4.6565,8.4243,3.7626
553,95,DIAMOND_11.tif,130,93.358575,35.835040,-4.977183,0.642101,0.287508,0.710666,172.864006,20.9990,-4.977183,99.999868,0.000306,0.000520,0.7720,0.3081,1.2082,1.4787,1.0867
554,38,DIAMOND_11.tif,51,93.029822,36.678777,-4.631997,0.713791,0.394130,0.578933,151.220284,21.5178,-4.631997,99.999403,0.000979,0.002018,2.6315,13.7149,3.6601,4.6655,3.7508
555,42,DIAMOND_11.tif,55,92.837958,37.162950,-4.922023,-0.229690,0.912325,-0.338977,81.827837,21.8162,-4.922023,99.999857,0.000783,0.002566,1.5202,7.5887,3.5473,5.7553,2.4714
556,45,DIAMOND_11.tif,59,92.581578,37.796874,-4.640323,-0.706026,0.184296,-0.683786,160.571699,22.2080,-4.640323,99.999761,0.000899,0.002488,1.8303,8.5307,3.4820,5.4290,2.7115
557,58,DIAMOND_11.tif,75,92.155221,38.824806,-4.547322,-0.698941,0.384547,-0.602997,84.737135,22.8456,-4.547322,99.999751,0.000979,0.001974,1.9681,7.3225,3.0932,4.1138,3.0493
558,32,DIAMOND_11.tif,45,91.860661,39.516169,-4.629549,0.326969,0.862827,0.385514,113.386401,23.2762,-4.629549,99.999543,0.000895,0.002670,2.1119,12.6641,3.9129,5.6350,2.7141
559,62,DIAMOND_11.tif,85,91.686858,39.918632,-4.440422,-0.725124,0.053998,-0.686498,140.417361,23.5274,-4.440422,99.999885,0.000631,0.001843,1.2814,3.6631,2.7672,4.3609,2.4094
560,36,DIAMOND_11.tif,49,91.455542,40.445488,-4.773199,-0.476279,0.813952,0.332627,100.984706,23.8570,-4.773199,99.999768,0.001429,0.002514,2.6690,14.7684,3.7620,5.7388,3.0158
561,55,DIAMOND_11.tif,70,91.030263,41.394326,-4.961951,-0.552101,-0.330339,-0.765546,163.964790,24.4528,-4.961951,99.999995,0.000632,0.002163,1.0843,3.8378,3.2022,5.5103,1.9921
562,58,DIAMOND_11.tif,75,90.661780,42.194693,-4.635793,-0.594333,0.739440,-0.316224,82.382838,24.9576,-4.635793,99.999753,0.000947,0.001974,1.9681,7.3225,3.0932,4.1138,3.0493
563,34,DIAMOND_11.tif,47,90.426824,42.694492,-4.362902,-0.726682,-0.027471,-0.686424,146.410023,25.2741,-4.362902,99.999151,0.000902,0.002302,2.9789,15.7966,3.8776,5.9808,3.6253
564,86,DIAMOND_11.tif,117,90.238227,43.093787,-4.876865,-0.740765,-0.194756,-0.642913,126.260342,25.5271,-4.876865,100.000061,0.000555,0.000977,0.8689,0.7673,1.7960,3.2118,1.3557
565,30,DIAMOND_11.tif,42,89.778212,44.044225,-4.825759,-0.887630,0.200639,-0.414556,142.244133,26.1321,-4.825759,100.000105,0.001671,0.002952,2.1106,13.7130,4.0306,5.7484,3.2738
566,80,DIAMOND_11.tif,109,89.393073,44.820151,-4.759252,-0.358831,0.931580,0.058292,102.046053,26.6284,-4.759252,99.999837,0.000484,0.001111,1.0789,1.4050,2.0580,3.3662,1.6671
567,17,DIAMOND_11.tif,24,89.128994,45.343020,-4.684668,-0.791917,0.016096,-0.610417,166.047108,26.9640,-4.684668,99.999835,0.001803,0.003714,3.2720,34.6917,5.0674,7.1263,4.3787
568,68,DIAMOND_11.tif,93,88.806247,45.972541,-4.868556,-0.249122,0.967286,0.047913,92.467153,27.3694,-4.868556,100.000120,0.000916,0.001412,1.3482,2.1485,2.6095,5.4768,1.9975
569,37,DIAMOND_11.tif,50,88.679376,46.216571,-4.840979,0.347012,0.775257,0.527787,139.981965,27.5269,-4.840979,100.000016,0.001573,0.002543,2.7966,14.0539,3.6655,5.3763,2.9527
570,75,DIAMOND_11.tif,101,88.231591,47.065725,-4.486273,-0.805458,0.004840,-0.592633,123.118913,28.0770,-4.486273,99.999980,0.000838,0.001537,1.3371,2.8298,2.4174,3.5397,1.9346
571,87,DIAMOND_11.tif,118,87.911601,47.660774,-4.919056,0.450534,0.665683,0.594882,130.060653,28.4641,-4.919056,99.999995,0.000610,0.001420,1.0508,1.0922,1.7911,2.9189,1.6823
572,7,DIAMOND_11.tif,11,87.347884,48.688255,-4.339517,-0.634111,0.437776,-0.637382,137.667471,29.1356,-4.339517,100.000995,0.003512,0.003862,4.3101,56.5908,6.0473,7.9302,5.8421
573,17,DIAMOND_11.tif,24,86.984275,49.332280,-4.651500,0.581027,0.395999,0.711051,154.176283,29.5593,-4.651500,99.999690,0.001707,0.003714,3.2720,34.6917,5.0674,7.1263,4.3787
574,83,DIAMOND_11.tif,113,86.731277,49.776146,-4.314049,0.553675,0.402694,0.728891,139.688152,29.8520,-4.314049,99.999896,0.000726,0.000941,1.4266,1.4270,1.8641,2.4419,1.5819
575,46,DIAMOND_11.tif,60,99.999500,0.285205,-4.072099,0.580810,0.432072,0.689909,152.896354,0.1634,-4.072099,99.999907,0.001074,0.002096,1.8506,8.4267,3.4726,5.0876,2.7590
576,3,DIAMOND_11.tif,7,99.991255,1.292959,-4.256844,-0.709796,0.539478,-0.452938,136.634290,0.7408,-4.256844,99.999614,0.001709,0.004314,2.8709,58.8178,6.8335,8.9491,6.3495
577,62,DIAMOND_11.tif,85,99.983802,1.783550,-3.739952,0.799343,0.443444,0.405473,138.137365,1.0220,-3.739952,99.999708,0.000538,0.001843,1.2814,3.6631,2.7672,4.3609,2.4094
578,20,DIAMOND_11.tif,28,99.968197,2.495126,-3.674062,0.794434,0.167147,0.583898,173.048690,1.4298,-3.674062,99.999330,0.001140,0.003341,2.7864,27.0696,4.8153,7.2531,3.5379
579,53,DIAMOND_11.tif,68,99.945178,3.297616,-3.744188,-0.328002,0.863788,-0.382471,103.501901,1.8897,-3.744188,99.999565,0.001291,0.002864,2.8584,12.9675,3.2293,5.8149,3.6615
580,95,DIAMOND_11.tif,130,99.928040,3.787584,-3.583220,-0.004801,0.977683,-0.210030,110.534769,2.1706,-3.583220,99.999795,0.000222,0.000520,0.7720,0.3081,1.2082,1.4787,1.0867
581,82,DIAMOND_11.tif,112,99.880177,4.894049,-3.644237,0.530250,0.692169,0.489630,114.721447,2.8052,-3.644237,100.000007,0.000513,0.001063,0.9030,0.7351,1.8746,3.8780,1.5251
582,54,DIAMOND_11.tif,69,99.860356,5.289221,-3.791217,0.223162,0.969561,0.100746,122.230713,3.0319,-3.791217,100.000333,0.001875,0.001772,2.6298,11.4450,3.2266,4.1702,3.0906
583,76,DIAMOND_11.tif,102,99.807679,6.198859,-4.068655,-0.813291,0.337676,-0.473850,140.922172,3.5540,-4.068655,99.999993,0.000775,0.001500,1.4710,2.5364,2.3662,4.0879,1.6961
584,19,DIAMOND_11.tif,26,99.751002,7.046540,-3.756877,0.453514,0.751971,0.478398,95.790211,4.0407,-3.756877,99.999581,0.001291,0.002910,2.8154,28.5622,4.9632,6.3715,4.5700
585,8,DIAMOND_11.tif,12,99.729810,7.347919,-4.026259,-0.857825,-0.099589,-0.504200,162.193481,4.2138,-4.026259,100.000134,0.002720,0.004457,3.9078,33.8063,5.7696,7.9445,6.2466
586,68,DIAMOND_11.tif,93,99.661083,8.228475,-4.053273,-0.125114,0.965229,-0.229520,86.202027,4.7199,-4.053273,100.000196,0.000998,0.001412,1.3482,2.1485,2.6095,5.4768,1.9975
587,78,DIAMOND_11.tif,107,99.583763,9.114127,-3.920579,-0.754327,0.255046,-0.604931,171.476336,5.2293,-3.920579,99.999966,0.000569,0.001257,1.0492,1.5797,2.1114,3.1644,1.6405
588,39,DIAMOND_11.tif,52,99.485921,10.122666,-4.077402,0.603323,0.606652,0.517663,129.225477,5.8098,-4.077402,99.999585,0.000724,0.002257,1.9179,10.0615,3.6523,5.0876,2.8607
589,54,DIAMOND_11.tif,69,99.453315,10.441064,-3.889076,0.678163,0.413564,0.607503,134.569471,5.9932,-3.889076,99.999888,0.001439,0.001772,2.6298,11.4450,3.2266,4.1702,3.0906
590,23,DIAMOND_11.tif,32,99.333323,11.526430,-3.934943,-0.440400,0.853202,-0.279452,100.306957,6.6189,-3.934943,99.999838,0.001387,0.003253,2.5047,21.3131,4.6565,8.4243,3.7626
591,68,DIAMOND_11.tif,93,99.259401,12.146474,-4.138150,0.030909,0.998075,0.053771,86.842079,6.9767,-4.138150,99.999828,0.000620,0.001412,1.3482,2.1485,2.6095,5.4768,1.9975
592,47,DIAMOND_11.tif,61,99.218643,12.473228,-4.128330,-0.607099,0.720565,-0.334988,93.503659,7.1653,-4.128330,99.999603,0.000635,0.001989,1.5957,6.0222,3.4562,5.2254,2.4746
593,75,DIAMOND_11.tif,101,99.083595,13.507268,-3.961243,-0.285440,0.875490,-0.389924,90.228006,7.7628,-3.961243,100.000025,0.000859,0.001537,1.3371,2.8298,2.4174,3.5397,1.9346
594,66,DIAMOND_11.tif,91,98.957132,14.402170,-3.638029,0.660351,0.373823,0.651301,178.906194,8.2807,-3.638029,99.999682,0.000624,0.001655,1.6486,3.4815,2.6461,4.8219,1.9912
595,6,DIAMOND_11.tif,10,98.903931,14.767994,-4.167078,-0.604008,0.659952,-0.446808,78.709121,8.4925,-4.167078,100.000407,0.002548,0.004622,3.4530,60.7001,6.0513,9.2148,6.4010
596,57,DIAMOND_11.tif,72,98.815256,15.345976,-4.274936,-0.850408,0.380004,-0.363872,108.069186,8.8275,-4.274936,99.999769,0.000645,0.002106,1.3363,5.3831,3.1630,4.8559,2.6014
597,3,DIAMOND_11.tif,7,98.698287,16.075615,-3.617571,-0.618203,-0.200434,-0.760034,144.426692,9.2509,-3.617571,99.998886,0.001427,0.004314,2.8709,58.8178,6.8335,8.9491,6.3495
598,22,DIAMOND_11.tif,31,98.573818,16.826910,-3.667165,0.493186,0.353852,0.794705,143.837799,9.6872,-3.667165,99.999713,0.001264,0.002945,2.5253,24.2589,4.7564,6.2282,3.9129
599,66,DIAMOND_11.tif,91,98.398038,17.826742,-3.578691,0.340296,0.613170,0.712897,86.006308,10.2689,-3.578691,99.999833,0.000852,0.001655,1.6486,3.4815,2.6461,4.8219,1.9912
600,58,DIAMOND_11.tif,75,98.238602,18.685058,-3.655206,0.650048,0.373905,0.661538,118.661195,10.7691,-3.655206,99.999772,0.000943,0.001974,1.9681,7.3225,3.0932,4.1138,3.0493
601,36,DIAMOND_11.tif,49,98.162488,19.081592,-3.942919,0.473467,0.735230,0.485041,136.321778,11.0004,-3.942919,99.999907,0.001469,0.002514,2.6690,14.7684,3.7620,5.7388,3.0158
602,1,DIAMOND_11.tif,2,97.966687,20.060984,-3.662138,-0.596451,0.261756,-0.758768,104.340532,11.5727,-3.662138,99.999574,0.003040,0.006119,5.6562,164.9708,8.6371,12.0537,8.6791
603,63,DIAMOND_11.tif,86,97.906579,20.355296,-4.265003,-0.658424,0.296006,-0.691996,159.228158,11.7448,-4.265003,100.000182,0.001126,0.001898,1.6842,4.7862,2.7402,4.4393,2.0872
604,34,DIAMOND_11.tif,47,97.749040,21.101487,-3.905858,0.553337,0.626731,0.548659,118.222412,12.1817,-3.905858,100.000738,0.002509,0.002302,2.9789,15.7966,3.8776,5.9808,3.6253
605,4,DIAMOND_11.tif,8,97.586897,21.834889,-3.765164,0.364741,0.910013,0.197077,126.699276,12.6121,-3.765164,99.999825,0.002362,0.004101,4.6158,73.3776,6.3488,8.7276,5.7689
606,85,DIAMOND_11.tif,116,97.457980,22.404467,-3.717498,-0.901369,0.208282,-0.379673,123.150047,12.9467,-3.717498,100.000091,0.001018,0.001015,1.7382,1.7991,1.8262,2.8805,2.4057
607,51,DIAMOND_11.tif,66,97.218921,23.420198,-3.798086,-0.503228,0.856724,-0.113069,81.713523,13.5446,-3.798086,100.000121,0.001419,0.001784,2.1914,9.0469,3.3613,4.8757,3.1654
608,13,DIAMOND_11.tif,19,97.099828,23.907225,-3.835790,-0.656894,-0.327184,-0.679294,161.601022,13.8318,-3.835790,99.999660,0.001630,0.003320,2.9475,35.7805,5.3648,6.4651,5.1690
609,81,DIAMOND_11.tif,111,96.899284,24.708245,-4.046581,0.085471,0.964384,-0.250317,93.943094,14.3050,-4.046581,99.999843,0.000412,0.001027,1.0254,1.0043,1.8804,3.7282,1.4915
610,85,DIAMOND_11.tif,116,96.692645,25.505886,-3.935305,-0.743951,0.202366,-0.636856,134.236448,14.7771,-3.935305,100.000089,0.001096,0.001015,1.7382,1.7991,1.8262,2.8805,2.4057
611,58,DIAMOND_11.tif,75,96.532162,26.106298,-3.778593,-0.111144,0.960807,-0.253964,85.450194,15.1331,-3.778593,99.999985,0.001232,0.001974,1.9681,7.3225,3.0932,4.1138,3.0493
612,61,DIAMOND_11.tif,81,96.337268,26.816620,-3.780159,0.672304,0.423458,0.607199,146.384568,15.5552,-3.780159,100.000002,0.000719,0.002323,1.0526,2.9133,2.9314,5.2877,1.7818
613,26,DIAMOND_11.tif,36,96.051340,27.824154,-3.848604,-0.708386,0.261585,-0.655563,130.682271,16.1552,-3.848604,100.000218,0.001627,0.003876,2.3312,18.8512,4.3784,7.3800,3.1732
614,61,DIAMOND_11.tif,81,95.854253,28.494844,-3.595414,-0.142086,0.977652,0.154943,93.827445,16.5558,-3.595414,99.999970,0.000564,0.002323,1.0526,2.9133,2.9314,5.2877,1.7818
615,71,DIAMOND_11.tif,97,95.755065,28.825871,-4.039803,0.646084,0.270513,0.713721,167.342729,16.7538,-4.039803,99.999817,0.000997,0.001354,2.0459,4.2073,2.5244,4.2107,2.6742
616,69,DIAMOND_11.tif,94,95.441745,29.847623,-4.155636,0.349805,0.644371,0.680017,145.659990,17.3661,-4.155636,100.000036,0.000978,0.001419,1.6246,3.9163,2.5596,3.7240,2.5617
617,31,DIAMOND_11.tif,43,95.307416,30.272934,-3.738940,-0.706394,0.288050,-0.646556,116.685783,17.6216,-3.738940,99.999771,0.001126,0.002595,2.2881,14.1526,3.9969,5.4815,3.1181
618,49,DIAMOND_11.tif,64,94.928889,31.440439,-3.945584,-0.845878,0.292419,-0.446073,150.042024,18.3249,-3.945584,99.999976,0.001019,0.002085,1.4926,6.3090,3.4142,5.1443,2.8047
619,67,DIAMOND_11.tif,92,94.730087,32.034780,-3.642253,0.493579,0.757787,0.426778,92.722141,18.6839,-3.642253,100.000083,0.001240,0.001376,2.0946,4.5898,2.6204,4.5504,2.8789
620,24,DIAMOND_11.tif,33,94.497067,32.714361,-3.805373,-0.806967,0.518976,-0.281900,85.319165,19.0956,-3.805373,99.999626,0.001005,0.002841,2.3388,18.9749,4.5889,6.0620,4.5251
621,25,DIAMOND_11.tif,34,94.401212,32.990409,-4.212298,0.407429,0.648193,0.643310,105.410863,19.2630,-4.212298,99.999780,0.001237,0.002554,2.2688,18.2938,4.4457,5.4925,3.9077
622,60,DIAMOND_11.tif,80,94.043890,33.995822,-3.936301,0.087918,0.782992,0.615787,78.484714,19.8744,-3.936301,99.999846,0.000795,0.002137,1.4643,4.1488,2.9714,4.2915,2.4134
623,43,DIAMOND_11.tif,56,93.870593,34.471030,-4.110002,0.002353,0.975368,0.220573,91.422339,20.1642,-4.110002,99.999701,0.000849,0.002704,1.9246,9.2034,3.5430,6.1170,2.4588
624,84,DIAMOND_11.tif,114,93.644344,35.081898,-3.620427,-0.636773,0.475391,-0.607061,112.395436,20.5374,-3.620427,100.000014,0.000649,0.000972,1.0243,1.0199,1.8594,4.2266,1.6501
625,58,DIAMOND_11.tif,75,93.351241,35.853999,-3.627535,0.775182,0.212661,0.594868,163.025760,21.0106,-3.627535,99.999817,0.000974,0.001974,1.9681,7.3225,3.0932,4.1138,3.0493
626,57,DIAMOND_11.tif,72,92.994967,36.768274,-4.057030,-0.410385,0.909634,-0.064420,90.320638,21.5728,-4.057030,99.999849,0.000631,0.002106,1.3363,5.3831,3.1630,4.8559,2.6014
627,64,DIAMOND_11.tif,88,92.851455,37.129470,-4.081399,0.512860,0.748324,0.420696,143.403679,21.7955,-4.081399,99.999952,0.001253,0.002124,1.8567,5.0007,2.7202,4.2654,2.6024
628,42,DIAMOND_11.tif,55,92.562472,37.843534,-3.925732,0.458607,0.709560,0.534980,157.102331,22.2369,-3.925732,99.999721,0.000749,0.002566,1.5202,7.5887,3.5473,5.7553,2.4714
629,52,DIAMOND_11.tif,67,92.169384,38.791526,-3.812908,-0.681976,0.630801,-0.370133,114.855123,22.8249,-3.812908,99.999889,0.000633,0.002097,1.1861,4.6602,3.3404,4.9386,2.4029
630,43,DIAMOND_11.tif,56,91.829934,39.587813,-3.692261,-0.810398,0.083736,-0.579866,167.297292,23.3208,-3.692261,99.999659,0.000997,0.002704,1.9246,9.2034,3.5430,6.1170,2.4588
631,26,DIAMOND_11.tif,36,91.631949,40.045791,-4.236981,-0.619261,0.756825,-0.209121,88.969040,23.6067,-4.236981,100.000397,0.001770,0.003876,2.3312,18.8512,4.3784,7.3800,3.1732
632,79,DIAMOND_11.tif,108,91.269327,40.864292,-4.266881,0.613285,0.583710,0.532132,165.903141,24.1196,-4.266881,99.999902,0.000713,0.001161,1.2667,1.9946,2.1052,2.6837,1.8637
633,61,DIAMOND_11.tif,81,91.119243,41.197603,-3.652992,-0.773818,-0.164369,-0.611709,146.161032,24.3291,-3.652992,99.999795,0.000617,0.002323,1.0526,2.9133,2.9314,5.2877,1.7818
634,41,DIAMOND_11.tif,54,90.877726,41.727650,-3.710864,0.644625,0.141313,0.751325,174.215958,24.6628,-3.710864,99.999789,0.001160,0.002319,2.5103,9.7759,3.5999,5.6881,3.3332
635,62,DIAMOND_11.tif,85,90.478741,42.585713,-3.626227,0.687160,0.327123,0.648693,137.041085,25.2050,-3.626227,99.999727,0.000564,0.001843,1.2814,3.6631,2.7672,4.3609,2.4094
636,59,DIAMOND_11.tif,79,90.248986,43.070653,-3.797006,-0.112027,0.982595,0.148177,103.861657,25.5125,-3.797006,99.999803,0.000744,0.001565,1.6120,4.0482,2.9984,6.3629,2.3502
637,25,DIAMOND_11.tif,34,89.801531,43.995312,-3.642914,0.798831,0.267721,0.538697,175.739790,26.1010,-3.642914,99.999512,0.001051,0.002554,2.2688,18.2938,4.4457,5.4925,3.9077
638,21,DIAMOND_11.tif,30,89.657163,44.290900,-3.857428,-0.341394,0.932813,0.115370,94.673075,26.2895,-3.857428,100.000454,0.002232,0.003125,2.9763,28.1827,4.7784,6.6225,4.2739
639,15,DIAMOND_11.tif,21,89.277810,45.048186,-4.192197,-0.232459,0.920648,0.313640,103.132381,26.7748,-4.192197,99.999332,0.000596,0.003965,1.8995,20.6013,5.1918,8.8082,3.5099
640,85,DIAMOND_11.tif,116,89.005232,45.585503,-4.201515,-0.737382,0.084048,-0.670226,140.132524,27.1200,-4.201515,99.999846,0.000849,0.001015,1.7382,1.7991,1.8262,2.8805,2.4057
641,42,DIAMOND_11.tif,55,88.460968,46.633372,-4.006333,0.205083,0.899904,0.384855,111.794793,27.7966,-4.006333,100.000071,0.000946,0.002566,1.5202,7.5887,3.5473,5.7553,2.4714
642,21,DIAMOND_11.tif,30,88.163416,47.192813,-3.602889,0.569004,0.637928,0.518924,115.459613,28.1596,-3.602889,99.999747,0.001612,0.003125,2.9763,28.1827,4.7784,6.6225,4.2739
643,68,DIAMOND_11.tif,93,87.903368,47.675455,-3.902395,-0.111944,0.967654,0.226085,112.664380,28.4737,-3.902395,99.999756,0.000553,0.001412,1.3482,2.1485,2.6095,5.4768,1.9975
644,62,DIAMOND_11.tif,85,87.477846,48.451988,-3.905857,0.117316,0.799718,0.588802,118.047202,28.9811,-3.905857,99.999844,0.000632,0.001843,1.2814,3.6631,2.7672,4.3609,2.4094
645,50,DIAMOND_11.tif,65,87.307171,48.760044,-4.012526,-0.832154,0.488992,-0.261546,126.524918,29.1829,-4.012526,100.000420,0.002143,0.002633,2.7839,13.2921,3.4104,5.3330,3.1854
646,48,DIAMOND_11.tif,63,86.792577,49.668704,-4.206779,-0.590402,0.805481,0.051240,94.939684,29.7812,-4.206779,99.999658,0.000866,0.002507,1.9949,8.9620,3.4174,5.5326,3.2778
647,6,DIAMOND_11.tif,10,99.998268,0.475020,-3.299538,-0.543473,0.615383,-0.570912,91.757059,0.2722,-3.299538,99.999396,0.001558,0.004622,3.4530,60.7001,6.0513,9.2148,6.4010
648,94,DIAMOND_11.tif,129,99.991075,1.336797,-2.914731,-0.549949,0.715919,-0.430136,114.462924,0.7660,-2.914731,100.000011,0.000323,0.000449,0.5504,0.1192,1.2118,1.9652,0.9777
649,32,DIAMOND_11.tif,45,99.982715,1.875597,-3.122480,0.558744,0.124316,0.819970,160.593416,1.0747,-3.122480,100.000306,0.001520,0.002670,2.1119,12.6641,3.9129,5.6350,2.7141
650,26,DIAMOND_11.tif,36,99.968410,2.520162,-3.406329,-0.685111,0.203267,-0.699503,125.065618,1.4441,-3.406329,100.000171,0.001606,0.003876,2.3312,18.8512,4.3784,7.3800,3.1732
651,24,DIAMOND_11.tif,33,99.937052,3.528758,-3.356522,-0.384161,0.545596,-0.744813,107.055795,2.0223,-3.356522,99.999333,0.000920,0.002841,2.3388,18.9749,4.5889,6.0620,4.5251
652,17,DIAMOND_11.tif,24,99.923859,3.894662,-2.864953,0.551891,0.781905,0.289898,135.454737,2.2320,-2.864953,99.999730,0.001583,0.003714,3.2720,34.6917,5.0674,7.1263,4.3787
653,85,DIAMOND_11.tif,116,99.871843,5.065080,-3.074731,-0.700941,-0.121881,-0.702728,162.070544,2.9033,-3.074731,100.000201,0.001182,0.001015,1.7382,1.7991,1.8262,2.8805,2.4057
654,59,DIAMOND_11.tif,79,99.843095,5.595690,-3.283829,0.683241,0.205725,0.700613,163.949671,3.2078,-3.283829,99.999777,0.000711,0.001565,1.6120,4.0482,2.9984,6.3629,2.3502
655,43,DIAMOND_11.tif,56,99.801512,6.294210,-3.206138,0.414555,0.861629,0.292812,106.728567,3.6087,-3.206138,99.999794,0.000899,0.002704,1.9246,9.2034,3.5430,6.1170,2.4588
656,69,DIAMOND_11.tif,94,99.744894,7.140105,-3.509817,0.225100,0.910712,0.346314,131.011337,4.0945,-3.509817,100.000125,0.001097,0.001419,1.6246,3.9163,2.5596,3.7240,2.5617
657,7,DIAMOND_11.tif,11,99.724363,7.426403,-3.524954,-0.584127,-0.300963,-0.753801,174.388263,4.2589,-3.524954,100.000500,0.002962,0.003862,4.3101,56.5908,6.0473,7.9302,5.8421
658,76,DIAMOND_11.tif,102,99.629536,8.599535,-3.182899,-0.661745,0.387136,-0.642043,127.458962,4.9333,-3.182899,99.999982,0.000868,0.001500,1.4710,2.5364,2.3662,4.0879,1.6961
659,49,DIAMOND_11.tif,64,99.568412,9.281140,-2.872871,-0.813404,0.499013,-0.298931,118.651471,5.3254,-2.872871,100.000041,0.000941,0.002085,1.4926,6.3090,3.4142,5.1443,2.8047
660,16,DIAMOND_11.tif,23,99.495745,10.033472,-3.369789,-0.662789,0.417417,-0.621670,128.486114,5.7584,-3.369789,100.000369,0.001988,0.003237,2.7689,29.7209,5.0816,6.9039,4.0796
661,49,DIAMOND_11.tif,64,99.454981,10.425349,-3.212995,-0.761526,0.295205,-0.577003,146.527883,5.9842,-3.212995,99.999906,0.000811,0.002085,1.4926,6.3090,3.4142,5.1443,2.8047
662,77,DIAMOND_11.tif,104,99.332949,11.534303,-3.374829,-0.865569,0.102525,-0.490182,166.647974,6.6234,-3.374829,100.000375,0.001215,0.001103,1.4701,2.4381,2.1917,2.8805,2.0602
663,28,DIAMOND_11.tif,39,99.287228,11.918151,-3.253456,0.431797,0.587966,0.683993,100.192559,6.8449,-3.253456,99.999980,0.001352,0.002843,1.8815,12.9345,4.1524,6.2724,2.7754
664,55,DIAMOND_11.tif,70,99.190626,12.696335,-2.997230,-0.375053,0.888921,-0.262972,105.883610,7.2942,-2.997230,99.999886,0.000545,0.002163,1.0843,3.8378,3.2022,5.5103,1.9921
665,29,DIAMOND_11.tif,41,99.134553,13.128032,-3.292387,0.801579,-0.235116,0.549719,179.616215,7.5436,-3.292387,100.000024,0.001495,0.004448,2.6907,13.0309,4.0409,8.2103,2.9520
666,6,DIAMOND_11.tif,10,99.044356,13.787499,-3.316673,-0.703612,0.099214,-0.703625,159.550049,7.9249,-3.316673,99.999398,0.001447,0.004622,3.4530,60.7001,6.0513,9.2148,6.4010
667,68,DIAMOND_11.tif,93,98.839977,15.187413,-3.375354,-0.582173,0.475572,-0.659474,151.625789,8.7356,-3.375354,99.999993,0.000834,0.001412,1.3482,2.1485,2.6095,5.4768,1.9975
668,0,DIAMOND_11.tif,1,98.780062,15.574146,-3.007404,-0.589693,0.659810,-0.465739,125.058153,8.9598,-3.007404,100.000274,0.004264,0.006616,6.5389,193.8738,8.8984,12.5805,9.1749
669,58,DIAMOND_11.tif,75,98.645819,16.401978,-3.027957,-0.741829,0.084984,-0.665182,158.138952,9.4403,-3.027957,100.000113,0.001259,0.001974,1.9681,7.3225,3.0932,4.1138,3.0493
670,16,DIAMOND_11.tif,23,98.559273,16.909450,-2.981304,0.716689,0.467690,0.517323,146.460355,9.7352,-2.981304,99.999299,0.001077,0.003237,2.7689,29.7209,5.0816,6.9039,4.0796
671,45,DIAMOND_11.tif,59,98.354200,18.064400,-2.977530,-0.688459,0.723964,-0.043585,97.756608,10.4073,-2.977530,99.999356,0.000707,0.002488,1.8303,8.5307,3.4820,5.4290,2.7115
672,89,DIAMOND_11.tif,121,98.267956,18.531474,-3.022583,-0.476286,0.875827,-0.077961,110.604099,10.6795,-3.022583,100.000034,0.000628,0.001102,1.0614,0.9986,1.7715,3.3185,1.3554
673,25,DIAMOND_11.tif,34,98.183718,18.969636,-3.476994,0.509203,0.763115,0.397955,137.157198,10.9351,-3.476994,99.999448,0.000904,0.002554,2.2688,18.2938,4.4457,5.4925,3.9077
674,16,DIAMOND_11.tif,23,98.038403,19.712670,-3.097902,0.364742,0.622867,0.692098,125.882353,11.3689,-3.097902,100.000589,0.002220,0.003237,2.7689,29.7209,5.0816,6.9039,4.0796
675,30,DIAMOND_11.tif,42,97.841839,20.662207,-3.111912,-0.617459,0.436080,-0.654659,133.881643,11.9245,-3.111912,99.999761,0.001001,0.002952,2.1106,13.7130,4.0306,5.7484,3.2738
676,42,DIAMOND_11.tif,55,97.721694,21.224212,-3.490918,0.440442,0.696020,0.567068,118.329576,12.2538,-3.490918,99.999984,0.000879,0.002566,1.5202,7.5887,3.5473,5.7553,2.4714
677,8,DIAMOND_11.tif,12,97.563655,21.935690,-2.934141,0.456743,0.468543,0.756210,101.685396,12.6714,-2.934141,99.999206,0.001572,0.004457,3.9078,33.8063,5.7696,7.9445,6.2466
678,82,DIAMOND_11.tif,112,97.359585,22.827675,-3.326177,-0.578881,-0.056230,-0.813471,152.769727,13.1956,-3.326177,99.999958,0.000456,0.001063,0.9030,0.7351,1.8746,3.8780,1.5251
679,45,DIAMOND_11.tif,59,97.255591,23.264510,-3.207846,-0.576920,0.808032,-0.119359,84.450536,13.4529,-3.207846,99.999437,0.000642,0.002488,1.8303,8.5307,3.4820,5.4290,2.7115
680,71,DIAMOND_11.tif,97,97.025132,24.210462,-3.506402,0.243868,0.602109,0.760259,108.871701,14.0108,-3.506402,100.000114,0.001205,0.001354,2.0459,4.2073,2.5244,4.2107,2.6742
681,85,DIAMOND_11.tif,116,96.919724,24.628139,-3.408491,0.288851,0.747067,0.598712,112.957948,14.2576,-3.408491,99.999890,0.000893,0.001015,1.7382,1.7991,1.8262,2.8805,2.4057
682,55,DIAMOND_11.tif,70,96.757750,25.255690,-2.877598,-0.525181,0.165004,-0.834840,156.479653,14.6289,-2.877598,99.999561,0.000628,0.002163,1.0843,3.8378,3.2022,5.5103,1.9921
683,74,DIAMOND_11.tif,100,96.419007,26.520720,-3.412331,-0.490711,-0.187308,-0.850952,156.980660,15.3793,-3.412331,99.999867,0.000748,0.001702,1.2176,2.6595,2.4300,3.7079,1.8246
684,79,DIAMOND_11.tif,108,96.357249,26.745654,-3.547962,-0.261259,0.961323,0.087185,122.775451,15.5129,-3.547962,100.000248,0.000945,0.001161,1.2667,1.9946,2.1052,2.6837,1.8637
685,84,DIAMOND_11.tif,114,96.107157,27.629664,-3.517964,-0.695448,-0.070100,-0.715149,145.794996,16.0393,-3.517964,99.999920,0.000536,0.000972,1.0243,1.0199,1.8594,4.2266,1.6501
686,90,DIAMOND_11.tif,122,95.915584,28.287542,-3.534513,0.368888,0.911213,0.183336,116.103855,16.4319,-3.534513,99.999921,0.000744,0.000910,1.5618,1.4736,1.7516,2.1607,1.7785
687,44,DIAMOND_11.tif,57,95.686182,29.054233,-3.381309,-0.766158,0.392602,-0.508788,107.653494,16.8904,-3.381309,99.999970,0.001368,0.002282,2.3842,12.0878,3.5350,4.8545,3.2090
688,60,DIAMOND_11.tif,80,95.466189,29.768250,-3.097913,-0.799486,0.156536,-0.579930,139.892121,17.3185,-3.097913,99.999709,0.000581,0.002137,1.4643,4.1488,2.9714,4.2915,2.4134
689,36,DIAMOND_11.tif,49,95.275358,30.375294,-2.890689,-0.148626,0.977644,0.148736,91.468647,17.6831,-2.890689,100.000261,0.001815,0.002514,2.6690,14.7684,3.7620,5.7388,3.0158
690,85,DIAMOND_11.tif,116,95.126696,30.837222,-3.243972,0.558973,0.483961,0.673298,155.634702,17.9611,-3.243972,100.000112,0.001117,0.001015,1.7382,1.7991,1.8262,2.8805,2.4057
691,62,DIAMOND_11.tif,85,94.868198,31.622298,-3.013384,-0.173438,0.929970,0.324154,91.343909,18.4347,-3.013384,99.999723,0.000543,0.001843,1.2814,3.6631,2.7672,4.3609,2.4094
692,51,DIAMOND_11.tif,66,94.676690,32.192775,-3.025833,0.266402,0.774132,0.574239,128.881854,18.7795,-3.025833,100.000252,0.001563,0.001784,2.1914,9.0469,3.3613,4.8757,3.1654
693,10,DIAMOND_11.tif,16,94.282191,33.329624,-3.202898,-0.740124,0.417608,-0.527086,116.378682,19.4690,-3.202898,99.999977,0.002029,0.003521,3.4750,44.9521,5.5565,6.9330,4.8288
694,64,DIAMOND_11.tif,88,94.173873,33.634745,-3.021574,-0.303548,0.942071,-0.142692,82.448356,19.6545,-3.021574,100.000072,0.001243,0.002124,1.8567,5.0007,2.7202,4.2654,2.6024
695,6,DIAMOND_11.tif,10,93.840121,34.551339,-3.536906,0.332090,0.591318,0.734887,97.409698,20.2134,-3.536906,99.998816,0.001134,0.004622,3.4530,60.7001,6.0513,9.2148,6.4010
696,75,DIAMOND_11.tif,101,93.498774,35.467496,-3.065513,-0.602071,0.747501,-0.280631,101.707918,20.7736,-3.065513,99.999820,0.000584,0.001537,1.3371,2.8298,2.4174,3.5397,1.9346
697,79,DIAMOND_11.tif,108,93.448818,35.599571,-3.294039,0.016923,0.901781,0.431863,116.971265,20.8545,-3.294039,100.000055,0.000769,0.001161,1.2667,1.9946,2.1052,2.6837,1.8637
698,8,DIAMOND_11.tif,12,93.088064,36.531055,-3.376714,-0.329338,0.943736,0.029976,123.476193,21.4268,-3.376714,99.999528,0.001572,0.004457,3.9078,33.8063,5.7696,7.9445,6.2466
699,55,DIAMOND_11.tif,70,92.766447,37.341495,-2.983342,0.181213,0.841431,0.509073,107.796934,21.9264,-2.983342,100.000005,0.000632,0.002163,1.0843,3.8378,3.2022,5.5103,1.9921
700,15,DIAMOND_11.tif,21,92.652686,37.622661,-3.423262,-0.573281,0.789716,-0.218400,99.361154,22.1002,-3.423262,99.999924,0.001125,0.003965,1.8995,20.6013,5.1918,8.8082,3.5099
701,94,DIAMOND_11.tif,129,92.260446,38.574705,-2.957766,-0.107717,0.892688,0.437612,78.624403,22.6901,-2.957766,99.999988,0.000306,0.000449,0.5504,0.1192,1.2118,1.9652,0.9777
702,61,DIAMOND_11.tif,81,92.024182,39.135015,-3.283734,-0.743979,0.354459,-0.566440,109.272846,23.0385,-3.283734,99.999997,0.000693,0.002323,1.0526,2.9133,2.9314,5.2877,1.7818
703,58,DIAMOND_11.tif,75,91.789816,39.681318,-3.398499,-0.722335,-0.040075,-0.690381,153.314394,23.3791,-3.398499,99.999887,0.001031,0.001974,1.9681,7.3225,3.0932,4.1138,3.0493
704,42,DIAMOND_11.tif,55,91.472967,40.406642,-2.943666,0.224081,0.833946,0.504304,110.576385,23.8326,-2.943666,100.000002,0.000903,0.002566,1.5202,7.5887,3.5473,5.7553,2.4714
705,40,DIAMOND_11.tif,53,91.074355,41.298386,-3.189273,-0.752338,0.585338,-0.302269,93.688606,24.3923,-3.189273,100.000474,0.001929,0.001744,2.4428,10.0562,3.6011,4.7617,3.8130
706,89,DIAMOND_11.tif,121,90.741074,42.024410,-3.383486,-0.668857,-0.229781,-0.706987,171.285062,24.8500,-3.383486,99.999968,0.000573,0.001102,1.0614,0.9986,1.7715,3.3185,1.3554
707,60,DIAMOND_11.tif,80,90.412249,42.727304,-3.172480,0.327933,0.500553,0.801191,146.196858,25.2946,-3.172480,99.999986,0.001016,0.002137,1.4643,4.1488,2.9714,4.2915,2.4134
708,56,DIAMOND_11.tif,71,90.295088,42.972766,-3.508930,-0.515779,0.795510,0.318019,95.910947,25.4505,-3.508930,99.999308,0.000645,0.001714,2.3265,8.6456,3.1857,4.7472,2.8980
709,43,DIAMOND_11.tif,56,89.911495,43.771370,-3.326032,-0.668489,0.299567,-0.680721,121.639331,25.9581,-3.326032,100.000049,0.001182,0.002704,1.9246,9.2034,3.5430,6.1170,2.4588
710,67,DIAMOND_11.tif,92,89.620098,44.365359,-3.443957,-0.747993,0.514117,-0.419750,103.240097,26.3372,-3.443957,100.000236,0.001445,0.001376,2.0946,4.5898,2.6204,4.5504,2.8789
711,51,DIAMOND_11.tif,66,89.095880,45.409329,-3.347541,0.302099,0.713488,0.632196,171.449994,27.0065,-3.347541,100.000415,0.001684,0.001784,2.1914,9.0469,3.3613,4.8757,3.1654
712,80,DIAMOND_11.tif,109,88.736391,46.106674,-3.186816,-0.459056,0.887169,0.046884,79.623529,27.4560,-3.186816,99.999862,0.000485,0.001111,1.0789,1.4050,2.0580,3.3662,1.6671
713,72,DIAMOND_11.tif,98,88.573025,46.420075,-3.421752,0.084608,0.938635,0.334373,113.907894,27.6585,-3.421752,100.000021,0.000733,0.001574,1.2045,2.3662,2.4860,3.5061,1.6844
714,78,DIAMOND_11.tif,107,88.145575,47.226473,-3.036129,-0.679107,-0.193542,-0.708064,164.907849,28.1814,-3.036129,99.999911,0.000504,0.001257,1.0492,1.5797,2.1114,3.1644,1.6405
715,74,DIAMOND_11.tif,100,87.775441,47.910530,-3.186147,-0.894406,0.267694,-0.358297,101.849825,28.6271,-3.186147,99.999735,0.000553,0.001702,1.2176,2.6595,2.4300,3.7079,1.8246
716,81,DIAMOND_11.tif,111,87.607205,48.218192,-2.962610,-0.779404,0.592172,-0.204600,88.190112,28.8280,-2.962610,100.000082,0.000658,0.001027,1.0254,1.0043,1.8804,3.7282,1.4915
717,2,DIAMOND_11.tif,5,87.023358,49.264749,-3.384225,-0.907281,0.032050,-0.419301,113.943470,29.5146,-3.384225,100.000402,0.004132,0.004939,6.1317,172.9320,7.2822,10.2853,7.7068
718,25,DIAMOND_11.tif,34,86.864105,49.543991,-2.994828,-0.700546,0.494163,-0.514819,90.663859,29.6988,-2.994828,99.999899,0.001337,0.002554,2.2688,18.2938,4.4457,5.4925,3.9077
719,31,DIAMOND_11.tif,43,99.997644,0.707012,-2.502521,0.602242,0.668137,0.436918,150.149932,0.4051,-2.502521,100.000143,0.001501,0.002595,2.2881,14.1526,3.9969,5.4815,3.1181
720,52,DIAMOND_11.tif,67,99.994888,1.001814,-2.664472,0.683058,0.602943,0.412178,125.656584,0.5740,-2.664472,99.999906,0.000624,0.002097,1.1861,4.6602,3.3404,4.9386,2.4029
721,18,DIAMOND_11.tif,25,99.979746,2.044620,-2.519420,0.618740,0.502161,0.604148,132.877013,1.1716,-2.519420,100.000651,0.002601,0.005001,3.3099,34.0561,5.0622,9.5853,4.0570
722,89,DIAMOND_11.tif,121,99.970987,2.414862,-2.266411,-0.548911,0.555409,-0.624674,123.183357,1.3837,-2.266411,100.000149,0.000788,0.001102,1.0614,0.9986,1.7715,3.3185,1.3554
723,31,DIAMOND_11.tif,43,99.956542,2.939716,-2.385035,0.395762,0.754613,0.523385,115.348270,1.6846,-2.385035,99.999761,0.001213,0.002595,2.2881,14.1526,3.9969,5.4815,3.1181
724,39,DIAMOND_11.tif,52,99.920334,3.987306,-2.630799,-0.317587,0.906429,-0.278435,75.389131,2.2852,-2.630799,99.999859,0.001040,0.002257,1.9179,10.0615,3.6523,5.0876,2.8607
725,45,DIAMOND_11.tif,59,99.880698,4.886119,-2.710764,0.602223,0.556058,0.572824,142.917318,2.8007,-2.710764,100.000140,0.001251,0.002488,1.8303,8.5307,3.4820,5.4290,2.7115
726,2,DIAMOND_11.tif,5,99.855039,5.382265,-2.772891,0.519669,0.168836,0.837519,159.540991,3.0853,-2.772891,99.999988,0.003624,0.004939,6.1317,172.9320,7.2822,10.2853,7.7068
727,4,DIAMOND_11.tif,8,99.803910,6.254991,-2.737014,-0.812300,0.281548,-0.510783,104.390922,3.5862,-2.737014,99.999726,0.002638,0.004101,4.6158,73.3776,6.3488,8.7276,5.7689
728,9,DIAMOND_11.tif,15,99.746479,7.108032,-2.816639,0.313916,0.779747,0.541711,125.368416,4.0761,-2.816639,99.999421,0.001800,0.003979,3.9470,49.2002,5.7090,7.4169,5.1537
729,34,DIAMOND_11.tif,47,99.686789,7.911294,-2.795302,0.234216,0.779182,0.581393,107.521567,4.5376,-2.795302,100.000222,0.001923,0.002302,2.9789,15.7966,3.8776,5.9808,3.6253
730,56,DIAMOND_11.tif,71,99.674462,8.061145,-2.710078,0.083422,0.993981,0.071017,110.759230,4.6237,-2.710078,99.999902,0.001257,0.001714,2.3265,8.6456,3.1857,4.7472,2.8980
731,17,DIAMOND_11.tif,24,99.583128,9.116905,-2.817229,0.308357,0.787534,0.533579,129.008598,5.2309,-2.817229,99.999586,0.001550,0.003714,3.2720,34.6917,5.0674,7.1263,4.3787
732,76,DIAMOND_11.tif,102,99.549993,9.476901,-2.165004,0.834888,0.333193,0.438115,154.035477,5.4380,-2.165004,100.000063,0.001016,0.001500,1.4710,2.5364,2.3662,4.0879,1.6961
733,72,DIAMOND_11.tif,98,99.439912,10.567359,-2.176376,-0.739718,0.444505,-0.505204,144.981772,6.0660,-2.176376,99.999826,0.000522,0.001574,1.2045,2.3662,2.4860,3.5061,1.6844
734,87,DIAMOND_11.tif,118,99.368719,11.218144,-2.393432,-0.507760,0.748999,-0.425654,98.376742,6.4411,-2.393432,99.999945,0.000560,0.001420,1.0508,1.0922,1.7911,2.9189,1.6823
735,72,DIAMOND_11.tif,98,99.270948,12.053362,-2.194294,0.372318,0.744382,0.554324,127.797648,6.9229,-2.194294,100.000024,0.000779,0.001574,1.2045,2.3662,2.4860,3.5061,1.6844
736,39,DIAMOND_11.tif,52,99.196136,12.653234,-2.799391,-0.678321,0.568897,-0.465012,139.236501,7.2693,-2.799391,99.999888,0.001007,0.002257,1.9179,10.0615,3.6523,5.0876,2.8607
737,66,DIAMOND_11.tif,91,99.133055,13.139413,-2.625211,0.206124,0.919459,0.334825,62.784837,7.5502,-2.625211,100.000034,0.001100,0.001655,1.6486,3.4815,2.6461,4.8219,1.9912
738,38,DIAMOND_11.tif,51,98.990155,14.175432,-2.358315,-0.786881,-0.004876,-0.617085,169.437001,8.1494,-2.358315,99.999969,0.001548,0.002018,2.6315,13.7149,3.6601,4.6655,3.7508
739,85,DIAMOND_11.tif,116,98.927652,14.603993,-2.821378,0.456275,0.551140,0.698611,120.475945,8.3975,-2.821378,99.999785,0.000784,0.001015,1.7382,1.7991,1.8262,2.8805,2.4057
740,41,DIAMOND_11.tif,54,98.805809,15.408436,-2.763131,0.825823,0.114699,0.552142,144.010509,8.8637,-2.763131,100.000039,0.001630,0.002319,2.5103,9.7759,3.5999,5.6881,3.3332
741,31,DIAMOND_11.tif,43,98.648980,16.380651,-2.325055,-0.229708,0.973136,0.015532,89.258290,9.4279,-2.325055,99.999734,0.001075,0.002595,2.2881,14.1526,3.9969,5.4815,3.1181
742,30,DIAMOND_11.tif,42,98.573384,16.830277,-2.746089,0.764249,0.511172,0.393225,141.902900,9.6892,-2.746089,99.999851,0.001285,0.002952,2.1106,13.7130,4.0306,5.7484,3.2738
743,48,DIAMOND_11.tif,63,98.368759,17.988262,-2.451437,0.395207,0.586015,0.707388,124.923700,10.3629,-2.451437,99.999951,0.001148,0.002507,1.9949,8.9620,3.4174,5.5326,3.2778
744,86,DIAMOND_11.tif,117,98.247031,18.643025,-2.608821,0.404834,0.538689,0.738867,122.763776,10.7445,-2.608821,100.000207,0.000706,0.000977,0.8689,0.7673,1.7960,3.2118,1.3557
745,60,DIAMOND_11.tif,80,98.091409,19.444884,-2.322417,0.437244,0.565607,0.699219,130.090395,11.2125,-2.322417,100.000141,0.001097,0.002137,1.4643,4.1488,2.9714,4.2915,2.4134
746,37,DIAMOND_11.tif,50,98.071209,19.547384,-2.533258,0.665681,0.461838,0.586152,154.069829,11.2724,-2.533258,100.000312,0.001862,0.002543,2.7966,14.0539,3.6655,5.3763,2.9527
747,67,DIAMOND_11.tif,92,97.887881,20.445500,-2.714568,0.600663,0.410581,0.686023,150.705523,11.7976,-2.714568,100.000279,0.001495,0.001376,2.0946,4.5898,2.6204,4.5504,2.8789
748,12,DIAMOND_11.tif,18,97.688893,21.372024,-2.529557,-0.740197,0.079514,-0.667672,152.649824,12.3405,-2.529557,99.999416,0.002034,0.003286,4.4296,55.1674,5.4697,6.8900,5.8682
749,83,DIAMOND_11.tif,113,97.626377,21.658806,-2.537397,-0.319535,0.879411,0.352892,97.525588,12.5087,-2.537397,100.000067,0.000907,0.000941,1.4266,1.4270,1.8641,2.4419,1.5819
750,35,DIAMOND_11.tif,48,97.347812,22.877977,-2.416197,0.351644,0.742957,0.569527,87.455770,13.2252,-2.416197,99.999992,0.001570,0.002437,2.6217,15.6426,3.8436,5.3474,3.4707
751,64,DIAMOND_11.tif,88,97.209951,23.455841,-2.237257,-0.770119,0.052312,-0.635752,156.376542,13.5656,-2.237257,99.999756,0.000784,0.002124,1.8567,5.0007,2.7202,4.2654,2.6024
752,58,DIAMOND_11.tif,75,97.129642,23.787967,-2.844262,-0.252415,0.965539,0.063416,90.578254,13.7614,-2.844262,100.000174,0.001320,0.001974,1.9681,7.3225,3.0932,4.1138,3.0493
753,3,DIAMOND_11.tif,7,96.848106,24.905453,-2.669364,0.609870,0.266493,0.746351,137.921502,14.4217,-2.669364,99.999187,0.001290,0.004314,2.8709,58.8178,6.8335,8.9491,6.3495
754,71,DIAMOND_11.tif,97,96.763883,25.232820,-2.350606,-0.734560,0.569990,-0.368147,109.805993,14.6154,-2.350606,99.999721,0.000893,0.001354,2.0459,4.2073,2.5244,4.2107,2.6742
755,75,DIAMOND_11.tif,101,96.569009,25.969418,-2.232901,-0.720031,0.104901,-0.685967,166.328337,15.0519,-2.232901,99.999921,0.000674,0.001537,1.3371,2.8298,2.4174,3.5397,1.9346
756,16,DIAMOND_11.tif,23,96.395743,26.606936,-2.814149,-0.594058,-0.253025,-0.763593,176.665295,15.4305,-2.814149,100.000341,0.001907,0.003237,2.7689,29.7209,5.0816,6.9039,4.0796
757,87,DIAMOND_11.tif,118,96.179041,27.378600,-2.462577,0.577886,0.419362,0.700131,151.874728,15.8897,-2.462577,99.999978,0.000574,0.001420,1.0508,1.0922,1.7911,2.9189,1.6823
758,36,DIAMOND_11.tif,49,95.845720,28.523557,-2.474334,-0.771714,0.230931,-0.592561,134.789178,16.5729,-2.474334,99.999976,0.001606,0.002514,2.6690,14.7684,3.7620,5.7388,3.0158
759,61,DIAMOND_11.tif,81,95.700222,29.006066,-2.657838,-0.824396,0.059262,-0.562902,104.201102,16.8617,-2.657838,99.999422,0.000482,0.002323,1.0526,2.9133,2.9314,5.2877,1.7818
760,94,DIAMOND_11.tif,129,95.530326,29.562372,-2.349404,0.597333,0.526049,0.605364,106.952536,17.1950,-2.349404,99.999885,0.000207,0.000449,0.5504,0.1192,1.2118,1.9652,0.9777
761,13,DIAMOND_11.tif,19,95.354984,30.123286,-2.419638,0.573745,0.168885,0.801432,159.296423,17.5317,-2.419638,99.999927,0.001757,0.003320,2.9475,35.7805,5.3648,6.4651,5.1690
762,75,DIAMOND_11.tif,101,95.020226,31.164048,-2.226920,-0.818791,0.487510,-0.303175,101.696573,18.1581,-2.226920,100.000207,0.001008,0.001537,1.3371,2.8298,2.4174,3.5397,1.9346
763,89,DIAMOND_11.tif,121,94.788773,31.860313,-2.389917,-0.642993,0.659845,-0.388799,99.878642,18.5785,-2.389917,99.999956,0.000558,0.001102,1.0614,0.9986,1.7715,3.3185,1.3554
764,52,DIAMOND_11.tif,67,94.576214,32.486334,-2.683140,-0.772038,0.245747,-0.586145,130.388067,18.9573,-2.683140,100.000111,0.000864,0.002097,1.1861,4.6602,3.3404,4.9386,2.4029
765,64,DIAMOND_11.tif,88,94.395802,33.005461,-2.825521,-0.665173,0.010347,-0.746617,145.182435,19.2722,-2.825521,99.999640,0.000855,0.002124,1.8567,5.0007,2.7202,4.2654,2.6024
766,27,DIAMOND_11.tif,37,94.091754,33.862966,-2.193803,-0.685951,0.669524,-0.284971,107.131057,19.7935,-2.193803,99.999793,0.000834,0.003142,1.8285,13.4607,4.3256,6.4516,2.9485
767,63,DIAMOND_11.tif,86,93.901564,34.386897,-2.465808,0.583616,0.333185,0.740527,177.371526,20.1128,-2.465808,99.999812,0.000772,0.001898,1.6842,4.7862,2.7402,4.4393,2.0872
768,58,DIAMOND_11.tif,75,93.545129,35.345196,-2.440835,-0.786225,0.468730,-0.402670,137.297756,20.6986,-2.440835,99.999870,0.001023,0.001974,1.9681,7.3225,3.0932,4.1138,3.0493
769,38,DIAMOND_11.tif,51,93.284902,36.025843,-2.732150,-0.800404,0.515493,-0.305975,116.965809,21.1161,-2.732150,99.999671,0.001204,0.002018,2.6315,13.7149,3.6601,4.6655,3.7508
770,74,DIAMOND_11.tif,100,93.050618,36.627103,-2.284288,-0.791554,-0.019023,-0.610803,132.435514,21.4859,-2.284288,99.999811,0.000506,0.001702,1.2176,2.6595,2.4300,3.7079,1.8246
771,83,DIAMOND_11.tif,113,92.806426,37.241762,-2.497126,-0.303663,0.816922,-0.490334,99.754887,21.8648,-2.497126,99.999907,0.000677,0.000941,1.4266,1.4270,1.8641,2.4419,1.5819
772,33,DIAMOND_11.tif,46,92.532436,37.917572,-2.628094,0.327148,0.725538,0.605449,107.666944,22.2826,-2.628094,99.999970,0.001039,0.002346,1.7205,10.9902,3.9084,5.2783,3.6731
773,14,DIAMOND_11.tif,20,92.231057,38.646277,-2.763813,-0.562666,0.539385,-0.626475,74.737593,22.7345,-2.763813,100.000513,0.003186,0.004076,4.4334,52.3335,5.3030,7.7099,5.7494
774,39,DIAMOND_11.tif,52,92.060054,39.050460,-2.371528,-0.707978,0.248245,-0.661167,117.455615,22.9859,-2.371528,99.999960,0.001124,0.002257,1.9179,10.0615,3.6523,5.0876,2.8607
775,27,DIAMOND_11.tif,37,91.775256,39.714697,-2.681912,0.121684,0.902574,0.412981,100.727226,23.4000,-2.681912,99.999774,0.000844,0.003142,1.8285,13.4607,4.3256,6.4516,2.9485
776,82,DIAMOND_11.tif,112,91.290689,40.816909,-2.263922,-0.548482,0.516564,-0.657517,113.294802,24.0899,-2.263922,100.000050,0.000565,0.001063,0.9030,0.7351,1.8746,3.8780,1.5251
777,58,DIAMOND_11.tif,75,91.007461,41.444176,-2.361943,-0.859297,0.214380,-0.464381,136.659531,24.4842,-2.361943,99.999888,0.001056,0.001974,1.9681,7.3225,3.0932,4.1138,3.0493
778,87,DIAMOND_11.tif,118,90.677535,42.161465,-2.802700,-0.643164,-0.035440,-0.764908,174.521517,24.9366,-2.802700,100.000022,0.000599,0.001420,1.0508,1.0922,1.7911,2.9189,1.6823
779,8,DIAMOND_11.tif,12,90.580222,42.369206,-2.283475,-0.731539,0.672422,0.112690,98.575790,25.0680,-2.283475,99.999631,0.002000,0.004457,3.9078,33.8063,5.7696,7.9445,6.2466
780,34,DIAMOND_11.tif,47,90.032164,43.521256,-2.193948,0.542192,0.231472,0.807743,164.128174,25.7990,-2.193948,99.999451,0.001155,0.002302,2.9789,15.7966,3.8776,5.9808,3.6253
781,15,DIAMOND_11.tif,21,89.765927,44.067027,-2.370327,-0.700493,0.429995,-0.569573,78.540313,26.1469,-2.370327,99.999122,0.001058,0.003965,1.8995,20.6013,5.1918,8.8082,3.5099
782,48,DIAMOND_11.tif,63,89.405256,44.795956,-2.555751,-0.584384,0.613474,-0.531174,82.637062,26.6129,-2.555751,99.999887,0.001089,0.002507,1.9949,8.9620,3.4174,5.5326,3.2778
783,9,DIAMOND_11.tif,15,89.277786,45.047987,-2.637520,0.130671,0.887515,0.441862,117.493058,26.7747,-2.637520,99.999221,0.001575,0.003979,3.9470,49.2002,5.7090,7.4169,5.1537
784,56,DIAMOND_11.tif,71,88.757057,46.066361,-2.388319,0.367908,0.517702,0.772417,113.683308,27.4300,-2.388319,99.999624,0.000993,0.001714,2.3265,8.6456,3.1857,4.7472,2.8980
785,81,DIAMOND_11.tif,111,88.446059,46.661537,-2.627861,-0.307414,0.932503,0.189564,86.370911,27.8148,-2.627861,100.000021,0.000603,0.001027,1.0254,1.0043,1.8804,3.7282,1.4915
786,29,DIAMOND_11.tif,41,88.319011,46.901539,-2.563895,0.158464,0.718698,0.677024,132.117273,27.9704,-2.563895,100.000010,0.001537,0.004448,2.6907,13.0309,4.0409,8.2103,2.9520
787,84,DIAMOND_11.tif,114,88.010716,47.477724,-2.675760,-0.621736,-0.091009,-0.777921,171.143526,28.3448,-2.675760,100.000102,0.000705,0.000972,1.0243,1.0199,1.8594,4.2266,1.6501
788,47,DIAMOND_11.tif,61,87.459650,48.484832,-2.685551,-0.585766,0.774066,-0.240209,59.023091,29.0026,-2.685551,99.999847,0.000887,0.001989,1.5957,6.0222,3.4562,5.2254,2.4746
789,19,DIAMOND_11.tif,26,86.978863,49.341244,-2.764896,-0.223836,0.939614,0.258888,107.379091,29.5653,-2.764896,99.999405,0.001128,0.002910,2.8154,28.5622,4.9632,6.3715,4.5700
790,22,DIAMOND_11.tif,31,86.834324,49.596546,-2.691785,0.435987,0.468876,0.768161,161.288975,29.7334,-2.691785,100.000086,0.001630,0.002945,2.5253,24.2589,4.7564,6.2282,3.9129
791,22,DIAMOND_11.tif,31,99.998987,0.159507,-1.648972,-0.538268,0.037223,-0.841951,143.203981,0.0914,-1.648972,99.999115,0.000891,0.002945,2.5253,24.2589,4.7564,6.2282,3.9129
792,61,DIAMOND_11.tif,81,99.996533,0.832449,-2.056517,-0.749862,0.220554,-0.623749,158.668460,0.4770,-2.056517,99.999998,0.000601,0.002323,1.0526,2.9133,2.9314,5.2877,1.7818
793,37,DIAMOND_11.tif,50,99.977120,2.119880,-1.912897,-0.064993,0.860120,0.505934,84.849348,1.2147,-1.912897,99.999592,0.001350,0.002543,2.7966,14.0539,3.6655,5.3763,2.9527
794,34,DIAMOND_11.tif,47,99.962231,2.732231,-1.991749,0.106970,0.982196,0.154432,121.249438,1.5657,-1.991749,99.999563,0.001299,0.002302,2.9789,15.7966,3.8776,5.9808,3.6253
795,6,DIAMOND_11.tif,10,99.942615,3.385336,-1.801737,-0.665288,0.340836,-0.664245,142.481404,1.9400,-1.801737,99.999934,0.001985,0.004622,3.4530,60.7001,6.0513,9.2148,6.4010
796,91,DIAMOND_11.tif,123,99.909866,4.243667,-2.050481,0.060867,0.925467,-0.373906,99.622057,2.4322,-2.050481,99.999950,0.000504,0.000853,0.8947,0.6195,1.7441,3.8088,1.3476
797,11,DIAMOND_11.tif,17,99.894267,4.608305,-1.684853,0.694247,0.529184,0.487838,140.318489,2.6413,-1.684853,100.000505,0.002634,0.004078,3.6234,46.9468,5.4948,8.7637,5.3801
798,83,DIAMOND_11.tif,113,99.852824,5.428017,-1.610174,-0.565869,0.537927,-0.624841,146.248145,3.1115,-1.610174,100.000249,0.001068,0.000941,1.4266,1.4270,1.8641,2.4419,1.5819
799,61,DIAMOND_11.tif,81,99.810366,6.156514,-2.116737,0.671526,0.177883,0.719313,166.095343,3.5297,-2.116737,100.000060,0.000659,0.002323,1.0526,2.9133,2.9314,5.2877,1.7818
800,11,DIAMOND_11.tif,17,99.777897,6.666193,-1.703646,0.347440,0.880242,0.323202,87.783285,3.8223,-1.703646,100.000334,0.002536,0.004078,3.6234,46.9468,5.4948,8.7637,5.3801
801,15,DIAMOND_11.tif,21,99.723620,7.431015,-1.847917,-0.063386,0.963462,0.260236,84.119411,4.2616,-1.847917,100.000102,0.001352,0.003965,1.8995,20.6013,5.1918,8.8082,3.5099
802,11,DIAMOND_11.tif,17,99.624225,8.660708,-1.444936,-0.648278,0.009753,-0.761341,162.209498,4.9684,-1.444936,99.999970,0.002177,0.004078,3.6234,46.9468,5.4948,8.7637,5.3801
803,50,DIAMOND_11.tif,65,99.611973,8.794844,-1.792717,-0.702166,0.551508,-0.450336,80.405413,5.0456,-1.792717,99.999472,0.001084,0.002633,2.7839,13.2921,3.4104,5.3330,3.1854
804,29,DIAMOND_11.tif,41,99.548193,9.495046,-1.452342,0.650069,0.324562,0.687073,152.414048,5.4485,-1.452342,99.999993,0.001538,0.004448,2.6907,13.0309,4.0409,8.2103,2.9520
805,95,DIAMOND_11.tif,130,99.464186,10.338297,-2.040241,0.221728,0.892026,0.393862,120.856009,5.9340,-2.040241,100.000023,0.000459,0.000520,0.7720,0.3081,1.2082,1.4787,1.0867
806,92,DIAMOND_11.tif,126,99.374452,11.168456,-1.788134,0.382967,0.813167,0.438287,102.784697,6.4124,-1.788134,100.000081,0.000495,0.000751,0.7223,0.3678,1.4664,2.4982,1.0312
807,22,DIAMOND_11.tif,31,99.270024,12.057367,-1.785841,-0.775039,-0.222225,-0.591550,162.509319,6.9252,-1.785841,99.999589,0.001247,0.002945,2.5253,24.2589,4.7564,6.2282,3.9129
808,76,DIAMOND_11.tif,102,99.202844,12.598858,-1.743990,-0.365458,0.885434,-0.287134,94.822785,7.2379,-1.743990,99.999677,0.000540,0.001500,1.4710,2.5364,2.3662,4.0879,1.6961
809,10,DIAMOND_11.tif,16,99.111865,13.291151,-1.789919,-0.875551,-0.109624,-0.470524,170.474378,7.6379,-1.789919,99.999083,0.001375,0.003521,3.4750,44.9521,5.5565,6.9330,4.8288
810,87,DIAMOND_11.tif,118,98.968674,14.324190,-2.031139,0.456355,0.798724,0.392148,123.730843,8.2355,-2.031139,99.999904,0.000646,0.001420,1.0508,1.0922,1.7911,2.9189,1.6823
811,5,DIAMOND_11.tif,9,98.871725,14.978085,-1.744432,0.423016,0.631559,0.649762,98.210327,8.6142,-1.744432,99.999805,0.001765,0.006009,3.1391,40.8061,6.1473,13.2068,5.9658
812,11,DIAMOND_11.tif,17,98.752771,15.744581,-2.002905,0.670431,0.239722,0.702179,168.521943,9.0587,-2.002905,100.000008,0.002153,0.004078,3.6234,46.9468,5.4948,8.7637,5.3801
813,3,DIAMOND_11.tif,7,98.614979,16.587809,-1.757731,-0.691151,0.204126,-0.693284,140.385345,9.5482,-1.757731,100.000348,0.002098,0.004314,2.8709,58.8178,6.8335,8.9491,6.3495
814,73,DIAMOND_11.tif,99,98.532402,17.068865,-1.480770,0.501005,0.705805,0.500832,119.444501,9.8279,-1.480770,99.999902,0.000643,0.001677,1.2256,2.7484,2.4781,4.1438,1.6880
815,36,DIAMOND_11.tif,49,98.471237,17.418052,-1.650561,0.319740,0.835201,0.447443,142.429485,10.0310,-1.650561,99.999865,0.001404,0.002514,2.6690,14.7684,3.7620,5.7388,3.0158
816,8,DIAMOND_11.tif,12,98.235187,18.702124,-1.905820,-0.611183,0.779745,-0.135842,70.527293,10.7790,-1.905820,99.999607,0.002122,0.004457,3.9078,33.8063,5.7696,7.9445,6.2466
817,60,DIAMOND_11.tif,80,98.186826,18.956272,-1.772162,0.522664,0.605881,0.599775,126.613651,10.9273,-1.772162,99.999965,0.000806,0.002137,1.4643,4.1488,2.9714,4.2915,2.4134
818,22,DIAMOND_11.tif,31,98.043050,19.688324,-1.550348,-0.572446,0.139227,-0.808035,145.821990,11.3547,-1.550348,100.000349,0.001997,0.002945,2.5253,24.2589,4.7564,6.2282,3.9129
819,13,DIAMOND_11.tif,19,97.854339,20.602189,-1.978391,-0.147424,0.983718,-0.102790,109.929807,11.8894,-1.978391,99.999609,0.001542,0.003320,2.9475,35.7805,5.3648,6.4651,5.1690
820,89,DIAMOND_11.tif,121,97.674863,21.439554,-1.744946,-0.676726,0.464601,-0.571129,149.495867,12.3800,-1.744946,100.000167,0.000759,0.001102,1.0614,0.9986,1.7715,3.3185,1.3554
821,75,DIAMOND_11.tif,101,97.503941,22.201837,-1.490439,0.374642,0.648335,0.662801,141.417251,12.8276,-1.490439,99.999700,0.000469,0.001537,1.3371,2.8298,2.4174,3.5397,1.9346
822,86,DIAMOND_11.tif,117,97.321654,22.989935,-1.795055,-0.679093,0.479932,-0.555427,116.231884,13.2911,-1.795055,100.000207,0.000699,0.000977,0.8689,0.7673,1.7960,3.2118,1.3557
823,56,DIAMOND_11.tif,71,97.138728,23.752571,-1.617184,-0.844646,0.296321,-0.445833,104.986317,13.7405,-1.617184,100.000586,0.001932,0.001714,2.3265,8.6456,3.1857,4.7472,2.8980
824,70,DIAMOND_11.tif,95,96.979940,24.392629,-1.469696,0.547532,0.102496,0.830484,152.329569,14.1183,-1.469696,100.000546,0.001649,0.001499,1.9947,5.1174,2.5304,3.2779,2.1007
825,70,DIAMOND_11.tif,95,96.913423,24.653920,-2.097117,0.449543,0.738547,0.502454,144.163563,14.2728,-2.097117,100.000137,0.001351,0.001499,1.9947,5.1174,2.5304,3.2779,2.1007
826,53,DIAMOND_11.tif,68,96.735589,25.343303,-1.755693,-0.780123,0.624535,-0.036931,95.846269,14.6807,-1.755693,100.000286,0.001974,0.002864,2.8584,12.9675,3.2293,5.8149,3.6615
827,70,DIAMOND_11.tif,95,96.571019,25.961024,-1.564558,0.533417,0.509549,0.675149,131.361912,15.0470,-1.564558,99.999682,0.000829,0.001499,1.9947,5.1174,2.5304,3.2779,2.1007
828,51,DIAMOND_11.tif,66,96.361635,26.729194,-1.855718,0.429368,0.629821,0.647278,101.838462,15.5032,-1.855718,100.000073,0.001332,0.001784,2.1914,9.0469,3.3613,4.8757,3.1654
829,33,DIAMOND_11.tif,46,96.195596,27.319201,-1.439406,0.571236,0.460388,0.679509,157.158666,15.8544,-1.439406,99.999657,0.000711,0.002346,1.7205,10.9902,3.9084,5.2783,3.6731
830,85,DIAMOND_11.tif,116,95.816783,28.620958,-1.518255,-0.695379,0.177318,-0.696424,137.605925,16.6312,-1.518255,100.000076,0.001080,0.001015,1.7382,1.7991,1.8262,2.8805,2.4057
831,78,DIAMOND_11.tif,107,95.717200,28.951992,-1.672228,-0.739152,0.148557,-0.656951,147.219370,16.8292,-1.672228,100.000002,0.000597,0.001257,1.0492,1.5797,2.1114,3.1644,1.6405
832,69,DIAMOND_11.tif,94,95.541594,29.525465,-1.652023,-0.710740,0.374338,-0.595583,122.751578,17.1729,-1.652023,99.999747,0.000691,0.001419,1.6246,3.9163,2.5596,3.7240,2.5617
833,48,DIAMOND_11.tif,63,95.283346,30.348830,-1.724834,-0.250442,0.968088,-0.009185,95.094688,17.6673,-1.724834,99.999838,0.001019,0.002507,1.9949,8.9620,3.4174,5.5326,3.2778
834,33,DIAMOND_11.tif,46,95.128786,30.830856,-1.659194,-0.767726,0.202120,-0.608065,152.919106,17.9573,-1.659194,100.000138,0.001214,0.002346,1.7205,10.9902,3.9084,5.2783,3.6731
835,59,DIAMOND_11.tif,79,94.806852,31.806076,-1.810954,0.656802,0.232440,0.717344,177.172987,18.5457,-1.810954,99.999828,0.000758,0.001565,1.6120,4.0482,2.9984,6.3629,2.3502
836,52,DIAMOND_11.tif,67,94.550745,32.559770,-1.826291,-0.723279,0.494855,-0.481649,129.957366,19.0018,-1.826291,99.999910,0.000704,0.002097,1.1861,4.6602,3.3404,4.9386,2.4029
837,76,DIAMOND_11.tif,102,94.431955,32.901656,-2.029840,-0.179407,0.966507,-0.183514,81.339648,19.2092,-2.029840,99.999565,0.000592,0.001500,1.4710,2.5364,2.3662,4.0879,1.6961
838,11,DIAMOND_11.tif,17,94.141302,33.723497,-1.660752,0.010411,0.922648,0.385503,96.534519,19.7086,-1.660752,99.999295,0.001466,0.004078,3.6234,46.9468,5.4948,8.7637,5.3801
839,5,DIAMOND_11.tif,9,93.828973,34.583749,-1.950651,0.665377,0.282812,0.690863,176.469468,20.2330,-1.950651,99.999560,0.001458,0.006009,3.1391,40.8061,6.1473,13.2068,5.9658
840,90,DIAMOND_11.tif,122,93.480604,35.514957,-1.973748,-0.722787,-0.050809,-0.689200,155.160606,20.8027,-1.973748,99.999678,0.000574,0.000910,1.5618,1.4736,1.7516,2.1607,1.7785
841,92,DIAMOND_11.tif,126,93.431456,35.644631,-1.978253,-0.595495,0.060372,-0.801087,175.840333,20.8821,-1.978253,99.999883,0.000291,0.000751,0.7223,0.3678,1.4664,2.4982,1.0312
842,79,DIAMOND_11.tif,108,93.001482,36.752570,-1.988954,-0.119532,0.919518,0.374432,121.345450,21.5631,-1.988954,100.000135,0.000839,0.001161,1.2667,1.9946,2.1052,2.6837,1.8637
843,43,DIAMOND_11.tif,56,92.850937,37.130208,-1.860538,-0.460377,-0.421230,-0.781421,179.037158,21.7960,-1.860538,99.999745,0.000959,0.002704,1.9246,9.2034,3.5430,6.1170,2.4588
844,11,DIAMOND_11.tif,17,92.442456,38.136959,-1.711404,-0.460481,0.755506,-0.466012,115.660267,22.4185,-1.711404,100.000177,0.002444,0.004078,3.6234,46.9468,5.4948,8.7637,5.3801
845,52,DIAMOND_11.tif,67,92.257443,38.582053,-1.926822,-0.357407,0.931352,0.069590,89.987253,22.6947,-1.926822,100.000053,0.000769,0.002097,1.1861,4.6602,3.3404,4.9386,2.4029
846,31,DIAMOND_11.tif,43,91.946349,39.316668,-2.097149,-0.512933,0.843074,-0.161635,88.268077,23.1518,-2.097149,99.999657,0.000997,0.002595,2.2881,14.1526,3.9969,5.4815,3.1181
847,71,DIAMOND_11.tif,97,91.686524,39.919700,-1.831018,-0.817988,0.089988,-0.568153,143.560083,23.5280,-1.831018,100.000006,0.001181,0.001354,2.0459,4.2073,2.5244,4.2107,2.6742
848,65,DIAMOND_11.tif,89,91.370958,40.636779,-1.794016,0.243851,0.822521,0.513806,125.430593,23.9769,-1.794016,99.999999,0.000836,0.001873,1.5214,4.2247,2.6691,4.0917,2.1900
849,39,DIAMOND_11.tif,52,91.227257,40.957390,-1.730295,-0.520277,0.838192,-0.163542,93.287540,24.1782,-1.730295,99.999601,0.000743,0.002257,1.9179,10.0615,3.6523,5.0876,2.8607
850,49,DIAMOND_11.tif,64,90.908355,41.661468,-1.454583,0.216280,0.860407,0.461436,115.707270,24.6210,-1.454583,100.000034,0.000919,0.002085,1.4926,6.3090,3.4142,5.1443,2.8047
851,4,DIAMOND_11.tif,8,90.554876,42.421331,-1.967991,-0.706826,-0.401342,-0.582513,157.447783,25.1012,-1.967991,99.998774,0.001641,0.004101,4.6158,73.3776,6.3488,8.7276,5.7689
852,83,DIAMOND_11.tif,113,90.074040,43.436658,-1.458141,-0.732636,-0.074688,-0.676510,152.354703,25.7449,-1.458141,100.000380,0.001199,0.000941,1.4266,1.4270,1.8641,2.4419,1.5819
853,63,DIAMOND_11.tif,86,89.990836,43.607737,-2.098593,-0.680520,-0.366014,-0.634765,136.580118,25.8539,-2.098593,99.999927,0.000987,0.001898,1.6842,4.7862,2.7402,4.4393,2.0872
854,77,DIAMOND_11.tif,104,89.550514,44.505180,-1.934090,0.485852,0.563661,0.668007,144.388521,26.4266,-1.934090,100.000029,0.000879,0.001103,1.4701,2.4381,2.1917,2.8805,2.0602
855,57,DIAMOND_11.tif,72,89.167070,45.267777,-1.616590,-0.853840,-0.085745,-0.513426,136.320406,26.9157,-1.616590,99.999690,0.000599,0.002106,1.3363,5.3831,3.1630,4.8559,2.6014
856,57,DIAMOND_11.tif,72,88.804724,45.975210,-1.896109,0.522563,0.369200,0.768518,167.366769,27.3711,-1.896109,99.999995,0.000863,0.002106,1.3363,5.3831,3.1630,4.8559,2.6014
857,27,DIAMOND_11.tif,37,88.439081,46.674069,-1.972910,-0.316523,0.945532,-0.076047,103.049814,27.8230,-1.972910,99.999699,0.001130,0.003142,1.8285,13.4607,4.3256,6.4516,2.9485
858,17,DIAMOND_11.tif,24,88.242146,47.043910,-2.110071,-0.927177,0.342546,-0.151674,106.409188,28.0631,-2.110071,99.999029,0.001147,0.003714,3.2720,34.6917,5.0674,7.1263,4.3787
859,58,DIAMOND_11.tif,75,87.728513,47.997096,-2.026059,0.543059,0.428554,0.722100,146.337819,28.6835,-2.026059,100.000066,0.001207,0.001974,1.9681,7.3225,3.0932,4.1138,3.0493
860,8,DIAMOND_11.tif,12,87.585182,48.255794,-1.792856,-0.700666,0.686544,-0.194227,63.425919,28.8529,-1.792856,99.998929,0.001497,0.004457,3.9078,33.8063,5.7696,7.9445,6.2466
861,85,DIAMOND_11.tif,116,87.206457,48.940184,-1.449611,-0.618761,-0.016559,-0.785404,179.367631,29.3011,-1.449611,100.000538,0.001454,0.001015,1.7382,1.7991,1.8262,2.8805,2.4057
862,38,DIAMOND_11.tif,51,86.682205,49.861477,-2.084767,-0.759171,0.645458,-0.083927,99.599956,29.9084,-2.084767,99.999857,0.001406,0.002018,2.6315,13.7149,3.6601,4.6655,3.7508
863,64,DIAMOND_11.tif,88,99.999836,0.241582,-1.054088,-0.223213,0.959529,-0.171698,98.720445,0.1384,-1.054088,100.000128,0.001198,0.002124,1.8567,5.0007,2.7202,4.2654,2.6024
864,40,DIAMOND_11.tif,53,99.992760,1.168363,-0.765607,0.671892,0.281931,0.684891,106.701906,0.6694,-0.765607,99.999586,0.000977,0.001744,2.4428,10.0562,3.6011,4.7617,3.8130
865,25,DIAMOND_11.tif,34,99.980620,1.965611,-1.268812,-0.475661,0.350562,-0.806755,160.474939,1.1263,-1.268812,99.999940,0.001310,0.002554,2.2688,18.2938,4.4457,5.4925,3.9077
866,28,DIAMOND_11.tif,39,99.972539,2.331461,-0.810407,-0.046191,0.996148,-0.074536,101.580615,1.3360,-0.810407,99.999721,0.000834,0.002843,1.8815,12.9345,4.1524,6.2724,2.7754
867,74,DIAMOND_11.tif,100,99.936089,3.569151,-0.924558,-0.482953,0.111177,-0.868560,156.377218,2.0454,-0.924558,99.999804,0.000630,0.001702,1.2176,2.6595,2.4300,3.7079,1.8246
868,40,DIAMOND_11.tif,53,99.908874,4.265250,-1.395478,0.661404,-0.148013,0.735280,167.118067,2.4446,-1.395478,99.999877,0.001296,0.001744,2.4428,10.0562,3.6011,4.7617,3.8130
869,21,DIAMOND_11.tif,30,99.877263,4.939666,-1.081081,-0.242273,0.967134,0.077177,86.456527,2.8314,-1.081081,99.999340,0.001124,0.003125,2.9763,28.1827,4.7784,6.6225,4.2739
870,20,DIAMOND_11.tif,28,99.842733,5.612563,-1.115056,-0.564011,0.787664,-0.247947,125.621718,3.2174,-1.115056,100.000361,0.002209,0.003341,2.7864,27.0696,4.8153,7.2531,3.5379
871,94,DIAMOND_11.tif,129,99.826553,5.886806,-1.139568,0.745198,0.380203,0.547838,135.301068,3.3748,-1.139568,99.999976,0.000302,0.000449,0.5504,0.1192,1.2118,1.9652,0.9777
872,57,DIAMOND_11.tif,72,99.761509,6.901336,-1.046243,-0.485050,0.858866,0.164546,80.750025,3.9573,-1.046243,99.999936,0.000763,0.002106,1.3363,5.3831,3.1630,4.8559,2.6014
873,40,DIAMOND_11.tif,53,99.724687,7.412297,-0.872028,-0.013861,0.991532,-0.129122,96.237501,4.2508,-0.872028,99.999777,0.001216,0.001744,2.4428,10.0562,3.6011,4.7617,3.8130
874,41,DIAMOND_11.tif,54,99.663917,8.186089,-1.047458,-0.688095,0.093596,-0.719559,152.866971,4.6956,-1.047458,99.999542,0.001021,0.002319,2.5103,9.7759,3.5999,5.6881,3.3332
875,30,DIAMOND_11.tif,42,99.556868,9.402257,-0.828377,0.546603,0.353176,0.759271,146.624854,5.3951,-0.828377,99.999862,0.001081,0.002952,2.1106,13.7130,4.0306,5.7484,3.2738
876,71,DIAMOND_11.tif,97,99.485219,10.132457,-0.877860,0.417557,0.766292,0.488307,102.913636,5.8155,-0.877860,99.999878,0.001061,0.001354,2.0459,4.2073,2.5244,4.2107,2.6742
877,88,DIAMOND_11.tif,119,99.433870,10.624577,-0.970718,-0.087367,0.929007,0.359602,77.238790,6.0990,-0.970718,99.999881,0.000518,0.000959,1.1525,1.0033,1.7887,2.4278,1.4411
878,9,DIAMOND_11.tif,15,99.380656,11.108307,-1.091742,0.448396,0.694944,0.562133,111.903889,6.3778,-1.091742,99.999546,0.001870,0.003979,3.9470,49.2002,5.7090,7.4169,5.1537
879,49,DIAMOND_11.tif,64,99.268148,12.074223,-1.212375,-0.082098,0.935674,0.343183,88.398638,6.9350,-1.212375,99.999760,0.000761,0.002085,1.4926,6.3090,3.4142,5.1443,2.8047
880,72,DIAMOND_11.tif,98,99.210861,12.537919,-0.941189,-0.674406,0.187331,-0.714201,156.819861,7.2027,-0.941189,99.999972,0.000690,0.001574,1.2045,2.3662,2.4860,3.5061,1.6844
881,29,DIAMOND_11.tif,41,99.051876,13.739915,-1.113549,-0.605143,-0.070593,-0.792981,149.535589,7.8974,-1.113549,100.000297,0.001691,0.004448,2.6907,13.0309,4.0409,8.2103,2.9520
882,1,DIAMOND_11.tif,2,98.949678,14.455261,-1.413218,-0.747573,0.059266,-0.661530,160.719554,8.3114,-1.413218,99.999967,0.003427,0.006119,5.6562,164.9708,8.6371,12.0537,8.6791
883,46,DIAMOND_11.tif,60,98.772750,15.618590,-1.325890,-0.762714,0.263357,-0.590686,144.999601,8.9856,-1.325890,99.999983,0.001090,0.002096,1.8506,8.4267,3.4726,5.0876,2.7590
884,21,DIAMOND_11.tif,30,98.663851,16.289201,-1.392196,-0.347111,0.937046,-0.038185,66.152833,9.3748,-1.392196,99.999468,0.001350,0.003125,2.9763,28.1827,4.7784,6.6225,4.2739
885,5,DIAMOND_11.tif,9,98.568614,16.862335,-0.770579,0.588852,0.582566,0.560241,157.731870,9.7077,-0.770579,100.000550,0.002598,0.006009,3.1391,40.8061,6.1473,13.2068,5.9658
886,45,DIAMOND_11.tif,59,98.412624,17.744649,-1.011060,-0.490736,0.397843,-0.775177,132.030655,10.2211,-1.011060,99.999585,0.000754,0.002488,1.8303,8.5307,3.4820,5.4290,2.7115
887,33,DIAMOND_11.tif,46,98.230243,18.728326,-0.897825,0.844912,0.212057,0.491075,178.240753,10.7943,-0.897825,99.999654,0.000991,0.002346,1.7205,10.9902,3.9084,5.2783,3.6731
888,13,DIAMOND_11.tif,19,98.121889,19.288893,-1.392699,-0.121188,0.984182,-0.129228,87.922264,11.1214,-1.392699,99.999833,0.001674,0.003320,2.9475,35.7805,5.3648,6.4651,5.1690
889,9,DIAMOND_11.tif,15,97.962931,20.081666,-0.867626,-0.563540,0.361093,-0.742990,157.665450,11.5847,-0.867626,100.000046,0.002484,0.003979,3.9470,49.2002,5.7090,7.4169,5.1537
890,12,DIAMOND_11.tif,18,97.871649,20.527184,-1.019730,0.446091,0.383335,0.808738,169.256233,11.8453,-1.019730,100.001125,0.003727,0.003286,4.4296,55.1674,5.4697,6.8900,5.8682
891,1,DIAMOND_11.tif,2,97.643935,21.573274,-0.912302,-0.626055,0.323235,-0.709629,122.298181,12.4587,-0.912302,99.998722,0.002155,0.006119,5.6562,164.9708,8.6371,12.0537,8.6791
892,46,DIAMOND_11.tif,60,97.493047,22.249696,-0.878832,-0.174108,0.962405,0.208477,87.352937,12.8558,-0.878832,99.999716,0.000817,0.002096,1.8506,8.4267,3.4726,5.0876,2.7590
893,49,DIAMOND_11.tif,64,97.368937,22.786968,-1.238514,0.729268,0.056621,0.681881,146.839772,13.1717,-1.238514,99.999779,0.000835,0.002085,1.4926,6.3090,3.4142,5.1443,2.8047
894,29,DIAMOND_11.tif,41,97.158253,23.671125,-1.308521,-0.674558,-0.147249,-0.723388,179.835580,13.6925,-1.308521,100.000241,0.001761,0.004448,2.6907,13.0309,4.0409,8.2103,2.9520
895,81,DIAMOND_11.tif,111,97.068959,24.034838,-0.768430,-0.736015,0.164853,-0.656586,146.289575,13.9071,-0.768430,100.000281,0.000867,0.001027,1.0254,1.0043,1.8804,3.7282,1.4915
896,82,DIAMOND_11.tif,112,96.859238,24.865272,-0.900983,0.202932,0.742682,0.638155,126.225791,14.3978,-0.900983,99.999968,0.000573,0.001063,0.9030,0.7351,1.8746,3.8780,1.5251
897,0,DIAMOND_11.tif,1,96.753226,25.274729,-1.185585,0.679833,0.034130,0.732572,154.088794,14.6401,-1.185585,99.999994,0.003864,0.006616,6.5389,193.8738,8.8984,12.5805,9.1749
898,52,DIAMOND_11.tif,67,96.462536,26.361907,-0.779673,0.398712,0.840402,0.367088,109.825193,15.2849,-0.779673,99.999855,0.000561,0.002097,1.1861,4.6602,3.3404,4.9386,2.4029
899,47,DIAMOND_11.tif,61,96.213162,27.258746,-1.193231,0.620531,0.289530,0.728775,179.038538,15.8183,-1.193231,100.000059,0.000981,0.001989,1.5957,6.0222,3.4562,5.2254,2.4746
900,79,DIAMOND_11.tif,108,96.127075,27.559953,-1.131957,-0.379779,0.782413,-0.493556,66.025438,15.9978,-1.131957,99.999827,0.000669,0.001161,1.2667,1.9946,2.1052,2.6837,1.8637
901,55,DIAMOND_11.tif,70,95.882530,28.398184,-0.728428,0.381378,0.417662,0.824687,155.838511,16.4981,-0.728428,99.999582,0.000653,0.002163,1.0843,3.8378,3.2022,5.5103,1.9921
902,45,DIAMOND_11.tif,59,95.612722,29.293575,-0.979210,-0.716545,0.589673,-0.372626,110.463018,17.0339,-0.979210,99.999531,0.000698,0.002488,1.8303,8.5307,3.4820,5.4290,2.7115
903,83,DIAMOND_11.tif,113,95.569873,29.433886,-0.917768,0.764119,0.029348,0.644408,174.418527,17.1179,-0.917768,99.999772,0.000606,0.000941,1.4266,1.4270,1.8641,2.4419,1.5819
904,42,DIAMOND_11.tif,55,95.215940,30.559826,-1.313686,-0.616701,-0.445148,-0.649249,179.792128,17.7942,-1.313686,99.999891,0.000813,0.002566,1.5202,7.5887,3.5473,5.7553,2.4714
905,81,DIAMOND_11.tif,111,94.952078,31.369975,-1.167384,0.598068,0.596171,0.535625,167.203144,18.2824,-1.167384,99.999863,0.000449,0.001027,1.0254,1.0043,1.8804,3.7282,1.4915
906,20,DIAMOND_11.tif,28,94.771096,31.912973,-1.361958,0.303208,0.705734,0.640316,123.699216,18.6103,-1.361958,99.999992,0.001691,0.003341,2.7864,27.0696,4.8153,7.2531,3.5379
907,78,DIAMOND_11.tif,107,94.637552,32.307028,-0.876728,-0.698097,0.102027,-0.708697,149.683830,18.8487,-0.876728,100.000051,0.000646,0.001257,1.0492,1.5797,2.1114,3.1644,1.6405
908,28,DIAMOND_11.tif,39,94.360576,33.106100,-1.394623,0.750404,0.071599,0.657090,162.876343,19.3333,-1.394623,99.999661,0.001076,0.002843,1.8815,12.9345,4.1524,6.2724,2.7754
909,42,DIAMOND_11.tif,55,94.122266,33.778135,-1.193853,-0.690398,0.342041,-0.637463,126.363449,19.7418,-1.193853,99.999817,0.000695,0.002566,1.5202,7.5887,3.5473,5.7553,2.4714
910,59,DIAMOND_11.tif,79,93.835462,34.567204,-1.020178,-0.696993,0.626823,-0.348274,107.077330,20.2228,-1.020178,99.999928,0.000881,0.001565,1.6120,4.0482,2.9984,6.3629,2.3502
911,93,DIAMOND_11.tif,127,93.511409,35.434395,-1.036038,-0.753221,0.404213,-0.518913,133.796966,20.7533,-1.036038,99.999900,0.000331,0.001315,0.5114,0.3031,1.4226,3.4884,0.7241
912,90,DIAMOND_11.tif,122,93.336693,35.892360,-0.768356,-0.794409,0.581096,-0.176756,98.518214,21.0341,-0.768356,99.999998,0.000875,0.000910,1.5618,1.4736,1.7516,2.1607,1.7785
913,81,DIAMOND_11.tif,111,93.130532,36.423648,-1.352651,-0.272865,0.906637,-0.321798,82.426158,21.3606,-1.352651,99.999891,0.000472,0.001027,1.0254,1.0043,1.8804,3.7282,1.4915
914,51,DIAMOND_11.tif,66,92.705226,37.493373,-1.038310,-0.789855,0.278758,-0.546281,83.569138,22.0202,-1.038310,100.000060,0.001371,0.001784,2.1914,9.0469,3.3613,4.8757,3.1654
915,94,DIAMOND_11.tif,129,92.542299,37.893670,-1.060962,-0.567597,0.673701,-0.473245,86.083500,22.2678,-1.060962,100.000037,0.000359,0.000449,0.5504,0.1192,1.2118,1.9652,0.9777
916,81,DIAMOND_11.tif,111,92.361869,38.330877,-1.273927,-0.775838,0.124799,-0.618466,123.537503,22.5388,-1.273927,99.999855,0.000440,0.001027,1.0254,1.0043,1.8804,3.7282,1.4915
917,14,DIAMOND_11.tif,20,91.953452,39.298926,-1.313165,-0.793009,0.266206,-0.547970,141.098690,23.1408,-1.313165,99.999215,0.001818,0.004076,4.4334,52.3335,5.3030,7.7099,5.7494
918,31,DIAMOND_11.tif,43,91.744537,39.785433,-1.139690,-0.073813,0.846104,0.527882,105.774216,23.4442,-1.139690,99.999704,0.001130,0.002595,2.2881,14.1526,3.9969,5.4815,3.1181
919,33,DIAMOND_11.tif,46,91.276276,40.848847,-1.372676,-0.047509,0.943219,0.328757,96.885932,24.1099,-1.372676,99.999935,0.000945,0.002346,1.7205,10.9902,3.9084,5.2783,3.6731
920,71,DIAMOND_11.tif,97,91.105545,41.228413,-0.794586,0.614304,0.346424,0.708958,163.446008,24.3484,-0.794586,100.000012,0.001194,0.001354,2.0459,4.2073,2.5244,4.2107,2.6742
921,34,DIAMOND_11.tif,47,90.729790,42.048083,-0.932138,-0.493044,0.869141,0.038746,102.377135,24.8650,-0.932138,99.999680,0.001407,0.002302,2.9789,15.7966,3.8776,5.9808,3.6253
922,49,DIAMOND_11.tif,64,90.528162,42.480973,-1.232083,0.136009,0.864851,0.483253,108.552776,25.1386,-1.232083,99.999906,0.000775,0.002085,1.4926,6.3090,3.4142,5.1443,2.8047
923,94,DIAMOND_11.tif,129,90.045076,43.496068,-1.085794,-0.318430,0.897193,0.306019,109.503847,25.7828,-1.085794,100.000118,0.000428,0.000449,0.5504,0.1192,1.2118,1.9652,0.9777
924,74,DIAMOND_11.tif,100,89.966124,43.659401,-1.011153,0.382700,0.525799,0.759655,166.438533,25.8867,-1.011153,100.000234,0.000927,0.001702,1.2176,2.6595,2.4300,3.7079,1.8246
925,43,DIAMOND_11.tif,56,89.376109,44.854072,-1.033662,-0.018982,0.927204,0.374075,99.605841,26.6501,-1.033662,99.999883,0.001004,0.002704,1.9246,9.2034,3.5430,6.1170,2.4588
926,25,DIAMOND_11.tif,34,89.143322,45.314372,-0.743666,-0.746888,0.515455,-0.420076,104.155226,26.9457,-0.743666,99.999621,0.000956,0.002554,2.2688,18.2938,4.4457,5.4925,3.9077
927,64,DIAMOND_11.tif,88,88.999437,45.596999,-1.173556,0.451070,0.563168,0.692371,146.954004,27.1274,-1.173556,99.999931,0.000993,0.002124,1.8567,5.0007,2.7202,4.2654,2.6024
928,12,DIAMOND_11.tif,18,88.468091,46.617257,-1.156381,-0.161791,0.961267,0.223134,115.995015,27.7865,-1.156381,99.998859,0.001463,0.003286,4.4296,55.1674,5.4697,6.8900,5.8682
929,4,DIAMOND_11.tif,8,88.202066,47.119772,-1.316808,-0.817886,0.070906,-0.570995,162.644539,28.1123,-1.316808,99.999387,0.002153,0.004101,4.6158,73.3776,6.3488,8.7276,5.7689
930,77,DIAMOND_11.tif,104,87.750070,47.957425,-0.931181,-0.742052,0.503217,-0.442867,93.241937,28.6576,-0.931181,99.999947,0.000810,0.001103,1.4701,2.4381,2.1917,2.8805,2.0602
931,83,DIAMOND_11.tif,113,87.448545,48.504638,-1.037938,-0.626983,-0.356460,-0.692697,175.208800,29.0156,-1.037938,99.999740,0.000561,0.000941,1.4266,1.4270,1.8641,2.4419,1.5819
932,26,DIAMOND_11.tif,36,87.019072,49.271089,-1.061158,-0.506217,0.836926,-0.208087,107.316810,29.5190,-1.061158,99.999796,0.001461,0.003876,2.3312,18.8512,4.3784,7.3800,3.1732
933,56,DIAMOND_11.tif,71,86.797237,49.660513,-0.759774,-0.662729,0.641424,-0.386477,90.142470,29.7758,-0.759774,99.999634,0.001006,0.001714,2.3265,8.6456,3.1857,4.7472,2.8980
934,41,DIAMOND_11.tif,54,99.999500,0.262515,-0.458365,0.204084,0.952156,0.227485,71.841991,0.1504,-0.458365,99.999844,0.001456,0.002319,2.5103,9.7759,3.5999,5.6881,3.3332
935,56,DIAMOND_11.tif,71,99.995099,0.977579,-0.254679,0.576456,0.708037,0.407898,107.048538,0.5601,-0.254679,99.999878,0.001261,0.001714,2.3265,8.6456,3.1857,4.7472,2.8980
936,15,DIAMOND_11.tif,21,99.979286,2.003016,-0.279623,-0.668803,0.271606,-0.692049,171.123577,1.1477,-0.279623,99.999349,0.000733,0.003965,1.8995,20.6013,5.1918,8.8082,3.5099
937,48,DIAMOND_11.tif,63,99.961978,2.751034,-0.357325,0.650690,0.013290,0.759227,171.612857,1.5764,-0.357325,99.999826,0.001026,0.002507,1.9949,8.9620,3.4174,5.5326,3.2778
938,3,DIAMOND_11.tif,7,99.944323,3.331683,-0.320012,0.763480,0.460649,0.452659,133.035550,1.9093,-0.320012,99.999839,0.001706,0.004314,2.8709,58.8178,6.8335,8.9491,6.3495
939,75,DIAMOND_11.tif,101,99.914867,4.121521,-0.288166,-0.034355,0.995868,-0.084066,90.760278,2.3621,-0.288166,99.999838,0.000631,0.001537,1.3371,2.8298,2.4174,3.5397,1.9346
940,54,DIAMOND_11.tif,69,99.876063,4.981855,-0.321286,0.662623,0.505506,0.552625,144.534482,2.8556,-0.321286,100.000234,0.001774,0.001772,2.6298,11.4450,3.2266,4.1702,3.0906
941,12,DIAMOND_11.tif,18,99.854893,5.395836,-0.488629,0.732672,0.370833,0.570680,149.496745,3.0931,-0.488629,100.000573,0.003146,0.003286,4.4296,55.1674,5.4697,6.8900,5.8682
942,85,DIAMOND_11.tif,116,99.820289,5.990880,-0.106919,-0.345709,0.903553,-0.253134,87.093983,3.4346,-0.106919,99.999904,0.000916,0.001015,1.7382,1.7991,1.8262,2.8805,2.4057
943,76,DIAMOND_11.tif,102,99.737346,7.239083,-0.468734,0.447910,0.873381,0.191267,101.726334,4.1513,-0.468734,99.999712,0.000735,0.001500,1.4710,2.5364,2.3662,4.0879,1.6961
944,47,DIAMOND_11.tif,61,99.686787,7.908943,-0.688591,0.686046,0.347846,0.639018,163.689941,4.5362,-0.688591,100.000035,0.000963,0.001989,1.5957,6.0222,3.4562,5.2254,2.4746
945,63,DIAMOND_11.tif,86,99.626820,8.629321,-0.559697,-0.467096,0.819843,-0.331177,97.786990,4.9504,-0.559697,99.999842,0.000836,0.001898,1.6842,4.7862,2.7402,4.4393,2.0872
946,58,DIAMOND_11.tif,75,99.567361,9.287400,-0.087216,-0.468365,0.867656,-0.166758,78.666905,5.3290,-0.087216,99.999576,0.000715,0.001974,1.9681,7.3225,3.0932,4.1138,3.0493
947,34,DIAMOND_11.tif,47,99.522405,9.765207,-0.507836,-0.180495,0.968005,0.174320,95.531725,5.6040,-0.507836,100.000342,0.002068,0.002302,2.9789,15.7966,3.8776,5.9808,3.6253
948,30,DIAMOND_11.tif,42,99.468796,10.287049,-0.539783,0.492655,0.265081,0.828868,176.657042,5.9045,-0.539783,99.999324,0.000869,0.002952,2.1106,13.7130,4.0306,5.7484,3.2738
949,75,DIAMOND_11.tif,101,99.353774,11.349719,-0.136055,0.421746,0.779985,0.462335,100.910789,6.5170,-0.136055,99.999942,0.000744,0.001537,1.3371,2.8298,2.4174,3.5397,1.9346
950,61,DIAMOND_11.tif,81,99.260987,12.131270,-0.634255,-0.577877,-0.105907,-0.809223,140.633194,6.9679,-0.634255,99.999557,0.000496,0.002323,1.0526,2.9133,2.9314,5.2877,1.7818
951,78,DIAMOND_11.tif,107,99.188238,12.713730,-0.317645,0.809308,0.297924,0.506224,172.135196,7.3042,-0.317645,99.999727,0.000433,0.001257,1.0492,1.5797,2.1114,3.1644,1.6405
952,26,DIAMOND_11.tif,36,99.070521,13.602248,-0.270549,0.592427,0.330532,0.734696,150.940827,7.8178,-0.270549,99.999946,0.001440,0.003876,2.3312,18.8512,4.3784,7.3800,3.1732
953,75,DIAMOND_11.tif,101,98.953618,14.427626,-0.348312,0.433025,0.721729,0.539997,114.004487,8.2954,-0.348312,99.999874,0.000639,0.001537,1.3371,2.8298,2.4174,3.5397,1.9346
954,26,DIAMOND_11.tif,36,98.851963,15.104159,-0.350404,-0.063319,0.905154,0.420342,118.385215,8.6874,-0.350404,99.999231,0.001034,0.003876,2.3312,18.8512,4.3784,7.3800,3.1732
955,40,DIAMOND_11.tif,53,98.824904,15.285341,-0.491888,0.550454,0.565895,0.613810,139.385046,8.7923,-0.491888,100.000016,0.001458,0.001744,2.4428,10.0562,3.6011,4.7617,3.8130
956,78,DIAMOND_11.tif,107,98.625508,16.523853,-0.248012,0.065961,0.990891,0.117404,93.080194,9.5111,-0.248012,100.000143,0.000745,0.001257,1.0492,1.5797,2.1114,3.1644,1.6405
957,24,DIAMOND_11.tif,33,98.483238,17.350303,-0.280046,0.545622,0.535113,0.644943,131.204350,9.9916,-0.280046,99.999905,0.001284,0.002841,2.3388,18.9749,4.5889,6.0620,4.5251
958,84,DIAMOND_11.tif,114,98.436196,17.615339,-0.018926,0.190563,0.937377,0.291565,129.463829,10.1458,-0.018926,99.999924,0.000601,0.000972,1.0243,1.0199,1.8594,4.2266,1.6501
959,93,DIAMOND_11.tif,127,98.314387,18.283190,-0.574573,0.034042,0.999399,0.006543,122.853324,10.5348,-0.574573,99.999968,0.000289,0.001315,0.5114,0.3031,1.4226,3.4884,0.7241
960,30,DIAMOND_11.tif,42,98.142830,19.181517,-0.177396,0.630043,0.444308,0.636895,167.609630,11.0588,-0.177396,99.999728,0.000946,0.002952,2.1106,13.7130,4.0306,5.7484,3.2738
961,64,DIAMOND_11.tif,88,97.947122,20.159240,-0.658959,0.862180,0.035960,0.505324,175.617062,11.6301,-0.658959,100.000169,0.001216,0.002124,1.8567,5.0007,2.7202,4.2654,2.6024
962,69,DIAMOND_11.tif,94,97.861379,20.569679,-0.405424,0.465436,0.662453,0.586963,164.702146,11.8703,-0.405424,99.999806,0.000806,0.001419,1.6246,3.9163,2.5596,3.7240,2.5617
963,28,DIAMOND_11.tif,39,97.689166,21.373911,-0.654404,-0.512660,0.681969,-0.521630,130.574318,12.3416,-0.654404,100.000086,0.001297,0.002843,1.8815,12.9345,4.1524,6.2724,2.7754
964,20,DIAMOND_11.tif,28,97.482981,22.292487,-0.496368,-0.512919,0.707469,-0.486211,119.269234,12.8810,-0.496368,99.999433,0.001155,0.003341,2.7864,27.0696,4.8153,7.2531,3.5379
965,73,DIAMOND_11.tif,99,97.405162,22.633621,-0.138337,-0.646111,0.528718,-0.550452,117.665967,13.0814,-0.138337,100.000232,0.000954,0.001677,1.2256,2.7484,2.4781,4.1438,1.6880
966,27,DIAMOND_11.tif,37,97.211766,23.448795,-0.448235,-0.618547,0.372834,-0.691661,157.262894,13.5615,-0.448235,99.999867,0.001108,0.003142,1.8285,13.4607,4.3256,6.4516,2.9485
967,61,DIAMOND_11.tif,81,96.990678,24.348539,-0.395923,0.682344,0.194530,0.704674,177.315564,14.0923,-0.395923,100.000215,0.000819,0.002323,1.0526,2.9133,2.9314,5.2877,1.7818
968,54,DIAMOND_11.tif,69,96.941215,24.542780,-0.178927,0.588754,0.519926,0.618906,128.852194,14.2072,-0.178927,99.999736,0.001291,0.001772,2.6298,11.4450,3.2266,4.1702,3.0906
969,6,DIAMOND_11.tif,10,96.688741,25.517799,-0.145355,0.566718,0.311200,0.762879,159.840773,14.7842,-0.145355,99.999354,0.001492,0.004622,3.4530,60.7001,6.0513,9.2148,6.4010
970,47,DIAMOND_11.tif,61,96.486522,26.274855,-0.156920,-0.574774,0.575735,-0.581518,118.379956,15.2332,-0.156920,100.000085,0.001035,0.001989,1.5957,6.0222,3.4562,5.2254,2.4746
971,92,DIAMOND_11.tif,126,96.386756,26.638500,-0.177508,0.246991,0.671773,0.698367,148.881935,15.4493,-0.177508,100.000082,0.000488,0.000751,0.7223,0.3678,1.4664,2.4982,1.0312
972,33,DIAMOND_11.tif,46,96.098010,27.661232,-0.661262,-0.688910,-0.003188,-0.724840,179.197739,16.0581,-0.661262,99.999856,0.000945,0.002346,1.7205,10.9902,3.9084,5.2783,3.6731
973,34,DIAMOND_11.tif,47,95.992279,28.025852,-0.174664,0.789141,0.353691,0.502155,135.725492,16.2757,-0.174664,99.999830,0.001430,0.002302,2.9789,15.7966,3.8776,5.9808,3.6253
974,55,DIAMOND_11.tif,70,95.643063,29.196138,-0.519590,-0.848583,0.287027,-0.444434,129.416630,16.9754,-0.519590,100.000050,0.000782,0.002163,1.0843,3.8378,3.2022,5.5103,1.9921
975,64,DIAMOND_11.tif,88,95.449365,29.822048,-0.540823,-0.694734,0.374060,-0.614348,122.465177,17.3508,-0.540823,99.999680,0.000799,0.002124,1.8567,5.0007,2.7202,4.2654,2.6024
976,43,DIAMOND_11.tif,56,95.360549,30.105699,-0.637913,-0.737409,0.079679,-0.670730,140.187187,17.5211,-0.637913,99.999937,0.001068,0.002704,1.9246,9.2034,3.5430,6.1170,2.4588
977,10,DIAMOND_11.tif,16,95.127071,30.834958,-0.256099,-0.644329,0.419112,-0.639676,145.408533,17.9598,-0.256099,99.999771,0.001948,0.003521,3.4750,44.9521,5.5565,6.9330,4.8288
978,54,DIAMOND_11.tif,69,94.815356,31.780689,-0.179678,-0.690672,0.525519,-0.496792,107.891962,18.5304,-0.179678,99.999820,0.001358,0.001772,2.6298,11.4450,3.2266,4.1702,3.0906
979,25,DIAMOND_11.tif,34,94.638411,32.304239,-0.653338,-0.537500,0.360064,-0.762527,148.813997,18.8470,-0.653338,99.999963,0.001336,0.002554,2.2688,18.2938,4.4457,5.4925,3.9077
980,62,DIAMOND_11.tif,85,94.408454,32.969193,-0.380824,-0.694736,0.418051,-0.585299,113.134824,19.2502,-0.380824,99.999620,0.000368,0.001843,1.2814,3.6631,2.7672,4.3609,2.4094
981,31,DIAMOND_11.tif,43,94.076102,33.905235,-0.286280,-0.468554,0.550824,-0.690688,109.907233,19.8193,-0.286280,99.999390,0.000867,0.002595,2.2881,14.1526,3.9969,5.4815,3.1181
982,93,DIAMOND_11.tif,127,93.774660,34.731796,-0.212925,-0.605670,0.308367,-0.733535,122.460568,20.3234,-0.212925,99.999922,0.000224,0.001315,0.5114,0.3031,1.4226,3.4884,0.7241
983,43,DIAMOND_11.tif,56,93.587625,35.232484,-0.025904,0.011959,0.999054,0.041800,119.301298,20.6296,-0.025904,99.999857,0.001350,0.002704,1.9246,9.2034,3.5430,6.1170,2.4588
984,10,DIAMOND_11.tif,16,93.271451,36.060593,-0.352494,0.433128,0.512724,0.741292,157.942821,21.1375,-0.352494,99.999649,0.001756,0.003521,3.4750,44.9521,5.5565,6.9330,4.8288
985,50,DIAMOND_11.tif,65,93.015322,36.717452,-0.659105,0.394080,0.661699,0.637852,128.490796,21.5414,-0.659105,100.000107,0.001745,0.002633,2.7839,13.2921,3.4104,5.3330,3.1854
986,4,DIAMOND_11.tif,8,92.699083,37.508524,-0.262247,0.473684,0.445126,0.759925,125.495570,22.0296,-0.262247,100.000047,0.002821,0.004101,4.6158,73.3776,6.3488,8.7276,5.7689
987,7,DIAMOND_11.tif,11,92.514156,37.961496,-0.569914,-0.185466,0.958549,0.216303,98.438152,22.3099,-0.569914,99.999721,0.002264,0.003862,4.3101,56.5908,6.0473,7.9302,5.8421
988,64,DIAMOND_11.tif,88,92.272702,38.545369,-0.369897,0.636464,0.489508,0.596067,155.517133,22.6719,-0.369897,99.999985,0.001058,0.002124,1.8567,5.0007,2.7202,4.2654,2.6024
989,56,DIAMOND_11.tif,71,91.892167,39.444907,-0.115776,-0.590583,0.055788,-0.805046,137.041802,23.2315,-0.115776,100.000355,0.001717,0.001714,2.3265,8.6456,3.1857,4.7472,2.8980
990,30,DIAMOND_11.tif,42,91.604320,40.107650,-0.551472,0.086083,0.973964,0.209725,98.145964,23.6455,-0.551472,99.999875,0.001093,0.002952,2.1106,13.7130,4.0306,5.7484,3.2738
991,12,DIAMOND_11.tif,18,91.346477,40.690771,-0.591102,0.338086,0.752814,0.564773,120.190537,24.0108,-0.591102,99.999588,0.002194,0.003286,4.4296,55.1674,5.4697,6.8900,5.8682
992,59,DIAMOND_11.tif,79,91.029846,41.394803,-0.163136,-0.548901,-0.132895,-0.825255,138.836742,24.4531,-0.163136,99.999813,0.000792,0.001565,1.6120,4.0482,2.9984,6.3629,2.3502
993,56,DIAMOND_11.tif,71,90.869523,41.746262,-0.437805,0.625850,0.179557,0.758994,174.971125,24.6745,-0.437805,100.000103,0.001474,0.001714,2.3265,8.6456,3.1857,4.7472,2.8980
994,40,DIAMOND_11.tif,53,90.360758,42.834886,-0.346762,0.677723,0.407573,0.612026,159.963706,25.3630,-0.346762,99.999470,0.000923,0.001744,2.4428,10.0562,3.6011,4.7617,3.8130
995,33,DIAMOND_11.tif,46,90.232678,43.105103,-0.557425,-0.607836,-0.350751,-0.712397,136.786035,25.5343,-0.557425,99.999930,0.001111,0.002346,1.7205,10.9902,3.9084,5.2783,3.6731
996,64,DIAMOND_11.tif,88,89.787540,44.025101,-0.314442,-0.199352,0.953451,0.226251,94.077023,26.1199,-0.314442,100.000059,0.001140,0.002124,1.8567,5.0007,2.7202,4.2654,2.6024
997,53,DIAMOND_11.tif,68,89.432920,44.741673,-0.674989,-0.333118,0.925276,-0.181375,66.039940,26.5780,-0.674989,100.000322,0.001790,0.002864,2.8584,12.9675,3.2293,5.8149,3.6615
998,5,DIAMOND_11.tif,9,89.335821,44.933783,-0.538697,-0.721317,0.437730,-0.536744,114.905105,26.7013,-0.538697,99.999668,0.001549,0.006009,3.1391,40.8061,6.1473,13.2068,5.9658
999,14,DIAMOND_11.tif,20,88.816281,45.951065,-0.121614,0.521677,0.661336,0.538969,137.724585,27.3558,-0.121614,99.999160,0.001903,0.004076,4.4334,52.3335,5.3030,7.7099,5.7494
1000,88,DIAMOND_11.tif,119,88.571949,46.421608,-0.139191,0.550236,0.559195,0.620114,179.030657,27.6596,-0.139191,99.999779,0.000460,0.000959,1.1525,1.0033,1.7887,2.4278,1.4411
1001,0,DIAMOND_11.tif,1,88.197190,47.132959,-0.165563,0.129124,0.847766,0.514412,112.066430,28.1202,-0.165563,100.001301,0.005159,0.006616,6.5389,193.8738,8.8984,12.5805,9.1749
1002,25,DIAMOND_11.tif,34,87.999979,47.496720,-0.390379,0.601135,0.388951,0.698107,163.808759,28.3573,-0.390379,99.999674,0.001061,0.002554,2.2688,18.2938,4.4457,5.4925,3.9077
1003,73,DIAMOND_11.tif,99,87.489811,48.430597,-0.545678,-0.211748,0.916621,0.339071,92.842184,28.9670,-0.545678,99.999949,0.000644,0.001677,1.2256,2.7484,2.4781,4.1438,1.6880
1004,83,DIAMOND_11.tif,113,87.045201,49.225450,-0.555549,-0.670518,0.168388,-0.722531,157.036681,29.4889,-0.555549,100.000059,0.000878,0.000941,1.4266,1.4270,1.8641,2.4419,1.5819
1005,58,DIAMOND_11.tif,75,86.689223,49.849305,-0.217991,0.415279,0.599568,0.684150,158.233149,29.9004,-0.217991,99.999873,0.001085,0.001974,1.9681,7.3225,3.0932,4.1138,3.0493
1006,0,DIAMOND_11.tif,1,99.998119,0.058537,0.462658,-0.552270,0.543401,-0.632228,122.057941,0.0335,0.462658,99.998136,0.002098,0.006616,6.5389,193.8738,8.8984,12.5805,9.1749
1007,76,DIAMOND_11.tif,102,99.994364,1.051515,0.541416,-0.503224,0.444341,-0.741166,143.409823,0.6025,0.541416,99.999893,0.000730,0.001500,1.4710,2.5364,2.3662,4.0879,1.6961
1008,25,DIAMOND_11.tif,34,99.977084,2.125864,0.617356,0.478713,0.177357,0.859871,141.600988,1.2181,0.617356,99.999683,0.001169,0.002554,2.2688,18.2938,4.4457,5.4925,3.9077
1009,9,DIAMOND_11.tif,15,99.966337,2.587985,0.673871,-0.657726,0.240699,-0.713765,162.988961,1.4830,0.673871,99.999831,0.002192,0.003979,3.9470,49.2002,5.7090,7.4169,5.1537
1010,1,DIAMOND_11.tif,2,99.934420,3.621559,0.514438,0.406571,0.789581,0.459633,71.650386,2.0755,0.514438,100.000020,0.003710,0.006119,5.6562,164.9708,8.6371,12.0537,8.6791
1011,66,DIAMOND_11.tif,91,99.919013,4.021833,0.279319,0.203103,0.953282,0.223613,93.998933,2.3050,0.279319,99.999921,0.000870,0.001655,1.6486,3.4815,2.6461,4.8219,1.9912
1012,3,DIAMOND_11.tif,7,99.873999,5.007020,0.399328,0.821604,0.021721,0.569644,164.250363,2.8700,0.399328,99.999430,0.001414,0.004314,2.8709,58.8178,6.8335,8.9491,6.3495
1013,87,DIAMOND_11.tif,118,99.831878,5.799336,0.205861,-0.801532,0.104621,-0.588728,162.156663,3.3246,0.205861,100.000181,0.000760,0.001420,1.0508,1.0922,1.7911,2.9189,1.6823
1014,1,DIAMOND_11.tif,2,99.793165,6.418202,0.239912,-0.574554,0.599620,-0.557085,114.632814,3.6799,0.239912,99.999346,0.002688,0.006119,5.6562,164.9708,8.6371,12.0537,8.6791
1015,15,DIAMOND_11.tif,21,99.754687,6.996992,0.212206,0.676862,0.238730,0.696322,171.559777,4.0123,0.212206,99.999777,0.000966,0.003965,1.8995,20.6013,5.1918,8.8082,3.5099
1016,10,DIAMOND_11.tif,16,99.727860,7.374106,0.314042,0.563553,0.616760,0.549559,122.568308,4.2289,0.314042,100.000118,0.002215,0.003521,3.4750,44.9521,5.5565,6.9330,4.8288
1017,18,DIAMOND_11.tif,25,99.647474,8.387111,0.251375,0.193429,0.915143,0.353694,90.359672,4.8111,0.251375,99.999814,0.001881,0.005001,3.3099,34.0561,5.0622,9.5853,4.0570
1018,81,DIAMOND_11.tif,111,99.565905,9.308055,0.531453,-0.755706,-0.039107,-0.653742,157.372817,5.3409,0.531453,100.000047,0.000635,0.001027,1.0254,1.0043,1.8804,3.7282,1.4915
1019,82,DIAMOND_11.tif,112,99.498831,10.000269,0.408215,0.277959,0.858406,0.431136,121.127954,5.7393,0.408215,100.000114,0.000662,0.001063,0.9030,0.7351,1.8746,3.8780,1.5251
1020,11,DIAMOND_11.tif,17,99.446987,10.498934,0.606167,-0.556533,0.516243,-0.650972,106.484923,6.0266,0.606167,99.999654,0.001834,0.004078,3.6234,46.9468,5.4948,8.7637,5.3801
1021,37,DIAMOND_11.tif,50,99.374962,11.160992,0.605079,-0.524270,0.755596,-0.392703,131.136588,6.4081,0.605079,99.999754,0.001606,0.002543,2.7966,14.0539,3.6655,5.3763,2.9527
1022,87,DIAMOND_11.tif,118,99.283031,11.953776,0.601946,-0.735410,0.480284,-0.478017,141.358454,6.8654,0.601946,100.000065,0.000680,0.001420,1.0508,1.0922,1.7911,2.9189,1.6823
1023,20,DIAMOND_11.tif,28,99.207305,12.566376,0.447721,0.401955,0.756147,0.516404,109.062306,7.2191,0.447721,100.000016,0.001657,0.003341,2.7864,27.0696,4.8153,7.2531,3.5379
1024,5,DIAMOND_11.tif,9,99.078745,13.538599,0.103784,-0.537896,0.684475,-0.492099,84.349334,7.7810,0.103784,99.999457,0.001718,0.006009,3.1391,40.8061,6.1473,13.2068,5.9658
1025,17,DIAMOND_11.tif,24,98.984365,14.211539,0.659719,-0.021113,0.895269,0.445026,122.027956,8.1703,0.659719,99.999362,0.001516,0.003714,3.2720,34.6917,5.0674,7.1263,4.3787
1026,62,DIAMOND_11.tif,85,98.931500,14.577581,0.555381,-0.653869,0.490947,-0.575696,119.730997,8.3822,0.555381,99.999738,0.000480,0.001843,1.2814,3.6631,2.7672,4.3609,2.4094
1027,2,DIAMOND_11.tif,5,98.748275,15.765289,0.120459,0.231071,0.879943,0.415098,101.927800,9.0708,0.120459,99.998831,0.002467,0.004939,6.1317,172.9320,7.2822,10.2853,7.7068
1028,43,DIAMOND_11.tif,56,98.675064,16.224782,0.220010,-0.599267,0.644806,-0.474451,101.571898,9.3374,0.220010,100.000059,0.001230,0.002704,1.9246,9.2034,3.5430,6.1170,2.4588
1029,3,DIAMOND_11.tif,7,98.579928,16.788087,0.132352,-0.516568,0.288950,-0.806018,132.637504,9.6647,0.132352,99.999211,0.001162,0.004314,2.8709,58.8178,6.8335,8.9491,6.3495
1030,46,DIAMOND_11.tif,60,98.371265,17.975441,0.567193,-0.632492,-0.122712,-0.764785,176.295596,10.3554,0.567193,100.000112,0.001252,0.002096,1.8506,8.4267,3.4726,5.0876,2.7590
1031,12,DIAMOND_11.tif,18,98.286419,18.430724,0.503654,-0.114614,0.888732,-0.443867,78.848527,10.6208,0.503654,99.999559,0.001986,0.003286,4.4296,55.1674,5.4697,6.8900,5.8682
1032,87,DIAMOND_11.tif,118,98.201102,18.882402,0.142803,-0.495989,0.842335,-0.210871,85.562104,10.8842,0.142803,100.000008,0.000594,0.001420,1.0508,1.0922,1.7911,2.9189,1.6823
1033,33,DIAMOND_11.tif,46,98.074702,19.528031,0.271557,0.627543,0.437212,0.644232,137.026869,11.2611,0.271557,99.999956,0.001014,0.002346,1.7205,10.9902,3.9084,5.2783,3.6731
1034,27,DIAMOND_11.tif,37,97.860421,20.570928,0.152541,-0.738807,0.669576,-0.076372,82.529299,11.8711,0.152541,99.999125,0.000889,0.003142,1.8285,13.4607,4.3256,6.4516,2.9485
1035,53,DIAMOND_11.tif,68,97.717326,21.243881,0.480657,-0.494453,0.782838,-0.377731,96.404353,12.2653,0.480657,99.999891,0.001564,0.002864,2.8584,12.9675,3.2293,5.8149,3.6615
1036,57,DIAMOND_11.tif,72,97.616091,21.703463,0.296675,-0.555853,0.678574,-0.480173,87.748820,12.5350,0.296675,99.999708,0.000580,0.002106,1.3363,5.3831,3.1630,4.8559,2.6014
1037,64,DIAMOND_11.tif,88,97.334576,22.933198,0.018754,0.530100,0.628523,0.569169,146.720989,13.2578,0.018754,99.999756,0.001020,0.002124,1.8567,5.0007,2.7202,4.2654,2.6024
1038,42,DIAMOND_11.tif,55,97.226994,23.386232,0.589733,-0.798582,0.064893,-0.598377,128.577061,13.5246,0.589733,100.000021,0.001009,0.002566,1.5202,7.5887,3.5473,5.7553,2.4714
1039,18,DIAMOND_11.tif,25,97.066270,24.043370,0.250579,0.148062,0.725577,0.672023,114.324119,13.9122,0.250579,99.999723,0.001830,0.005001,3.3099,34.0561,5.0622,9.5853,4.0570
1040,47,DIAMOND_11.tif,61,96.809581,25.056135,0.224072,0.654674,0.288598,0.698651,158.827408,14.5108,0.224072,99.999525,0.000494,0.001989,1.5957,6.0222,3.4562,5.2254,2.4746
1041,67,DIAMOND_11.tif,92,96.682493,25.544261,0.231337,0.203737,0.978752,-0.023130,80.281213,14.7998,0.231337,100.000069,0.001227,0.001376,2.0946,4.5898,2.6204,4.5504,2.8789
1042,42,DIAMOND_11.tif,55,96.562459,25.993172,0.064126,-0.418308,0.907451,0.039376,62.360463,15.0660,0.064126,99.999767,0.000955,0.002566,1.5202,7.5887,3.5473,5.7553,2.4714
1043,43,DIAMOND_11.tif,56,96.396827,26.600761,0.071032,0.605869,0.610983,0.509532,152.642934,15.4269,0.071032,99.999743,0.000819,0.002704,1.9246,9.2034,3.5430,6.1170,2.4588
1044,5,DIAMOND_11.tif,9,96.188036,27.347157,0.434135,0.388424,0.764958,0.513777,154.497585,15.8709,0.434135,100.000026,0.001748,0.006009,3.1391,40.8061,6.1473,13.2068,5.9658
1045,92,DIAMOND_11.tif,126,95.859139,28.479179,0.099339,0.571567,0.436420,0.694873,164.614887,16.5464,0.099339,100.000191,0.000610,0.000751,0.7223,0.3678,1.4664,2.4982,1.0312
1046,78,DIAMOND_11.tif,107,95.731824,28.902936,0.461102,0.491430,0.537673,0.685131,144.358525,16.7999,0.461102,99.999809,0.000405,0.001257,1.0492,1.5797,2.1114,3.1644,1.6405
1047,13,DIAMOND_11.tif,19,95.401175,29.975812,0.181481,-0.267894,0.962714,-0.037609,92.089386,17.4431,0.181481,99.999667,0.001460,0.003320,2.9475,35.7805,5.3648,6.4651,5.1690
1048,81,DIAMOND_11.tif,111,95.362070,30.101058,0.233578,-0.863883,0.395742,-0.311599,103.695794,17.5183,0.233578,99.999990,0.000556,0.001027,1.0254,1.0043,1.8804,3.7282,1.4915
1049,76,DIAMOND_11.tif,102,95.020200,31.162647,0.299995,0.606127,0.423509,0.673238,156.272795,18.1573,0.299995,99.999745,0.000610,0.001500,1.4710,2.5364,2.3662,4.0879,1.6961
1050,0,DIAMOND_11.tif,1,94.774873,31.903856,0.250519,0.574999,0.425181,0.698997,156.789465,18.6047,0.250519,100.000663,0.004543,0.006616,6.5389,193.8738,8.8984,12.5805,9.1749
1051,0,DIAMOND_11.tif,1,94.618494,32.364519,0.168916,0.834311,-0.041650,0.549719,179.640333,18.8834,0.168916,100.000607,0.004737,0.006616,6.5389,193.8738,8.8984,12.5805,9.1749
1052,70,DIAMOND_11.tif,95,94.272709,33.356904,0.500326,-0.818416,0.091379,-0.567314,140.142106,19.4855,0.500326,100.000133,0.001254,0.001499,1.9947,5.1174,2.5304,3.2779,2.1007
1053,68,DIAMOND_11.tif,93,94.095218,33.853896,0.188344,-0.729503,0.448572,-0.516341,112.276416,19.7879,0.188344,99.999982,0.000749,0.001412,1.3482,2.1485,2.6095,5.4768,1.9975
1054,37,DIAMOND_11.tif,50,93.913914,34.353917,0.159832,-0.857199,0.098355,-0.505506,124.428125,20.0926,0.159832,100.000074,0.001676,0.002543,2.7966,14.0539,3.6655,5.3763,2.9527
1055,25,DIAMOND_11.tif,34,93.553956,35.321186,0.629640,-0.046162,0.973246,0.225081,101.573237,20.6840,0.629640,99.999644,0.001004,0.002554,2.2688,18.2938,4.4457,5.4925,3.9077
1056,81,DIAMOND_11.tif,111,93.343131,35.875433,0.192556,-0.722652,0.434521,-0.537556,93.689367,21.0237,0.192556,99.999934,0.000522,0.001027,1.0254,1.0043,1.8804,3.7282,1.4915
1057,55,DIAMOND_11.tif,70,92.990665,36.779124,0.314072,0.424032,0.605610,0.673374,130.579810,21.5795,0.314072,99.999839,0.000468,0.002163,1.0843,3.8378,3.2022,5.5103,1.9921
1058,65,DIAMOND_11.tif,89,92.716192,37.465342,0.384188,0.026642,0.741751,0.670146,97.886116,22.0030,0.384188,99.999721,0.000880,0.001873,1.5214,4.2247,2.6691,4.0917,2.1900
1059,95,DIAMOND_11.tif,130,92.448580,38.121298,0.394855,-0.381386,0.919839,0.091874,103.040138,22.4089,0.394855,99.999866,0.000312,0.000520,0.7720,0.3081,1.2082,1.4787,1.0867
1060,91,DIAMOND_11.tif,123,92.199805,38.719980,0.263465,0.216748,0.822109,0.526458,111.737187,22.7803,0.263465,100.000204,0.000711,0.000853,0.8947,0.6195,1.7441,3.8088,1.3476
1061,26,DIAMOND_11.tif,36,91.956057,39.294993,0.598727,-0.625417,0.695408,-0.353922,103.376233,23.1382,0.598727,100.000065,0.001545,0.003876,2.3312,18.8512,4.3784,7.3800,3.1732
1062,30,DIAMOND_11.tif,42,91.785523,39.690424,0.388484,-0.130125,0.978613,0.159322,105.747574,23.3849,0.388484,99.999560,0.000824,0.002952,2.1106,13.7130,4.0306,5.7484,3.2738
1063,58,DIAMOND_11.tif,75,91.294690,40.807663,0.052060,-0.553416,0.811250,-0.188690,91.851024,24.0841,0.052060,99.999929,0.001078,0.001974,1.9681,7.3225,3.0932,4.1138,3.0493
1064,13,DIAMOND_11.tif,19,91.163930,41.097247,0.178888,-0.501192,0.547005,-0.670517,89.802136,24.2661,0.178888,99.999229,0.001246,0.003320,2.9475,35.7805,5.3648,6.4651,5.1690
1065,70,DIAMOND_11.tif,95,90.821723,41.849185,0.042521,0.046373,0.860220,0.507810,102.847795,24.7395,0.042521,99.999698,0.000849,0.001499,1.9947,5.1174,2.5304,3.2779,2.1007
1066,53,DIAMOND_11.tif,68,90.506525,42.527706,0.372499,-0.696131,-0.162783,-0.699216,163.111900,25.1682,0.372499,100.000184,0.001839,0.002864,2.8584,12.9675,3.2293,5.8149,3.6615
1067,46,DIAMOND_11.tif,60,90.176414,43.221911,0.044681,0.610670,0.396207,0.685640,120.020662,25.6086,0.044681,99.999596,0.000837,0.002096,1.8506,8.4267,3.4726,5.0876,2.7590
1068,22,DIAMOND_11.tif,31,89.778095,44.044469,0.390963,0.363080,0.545404,0.755452,126.604395,26.1322,0.390963,100.000108,0.001695,0.002945,2.5253,24.2589,4.7564,6.2282,3.9129
1069,21,DIAMOND_11.tif,30,89.493856,44.619439,0.354176,-0.059416,0.948400,0.311461,84.710906,26.4997,0.354176,100.000223,0.002032,0.003125,2.9763,28.1827,4.7784,6.6225,4.2739
1070,17,DIAMOND_11.tif,24,89.073882,45.450728,0.262921,0.229285,0.864016,0.448224,136.647300,27.0333,0.262921,99.999626,0.001508,0.003714,3.2720,34.6917,5.0674,7.1263,4.3787
1071,2,DIAMOND_11.tif,5,89.002906,45.590946,0.623474,0.017741,0.838596,0.544465,107.382161,27.1234,0.623474,100.000258,0.003898,0.004939,6.1317,172.9320,7.2822,10.2853,7.7068
1072,45,DIAMOND_11.tif,59,88.542492,46.478853,0.356751,0.361591,0.744807,0.560816,130.661705,27.6965,0.356751,100.000283,0.001364,0.002488,1.8303,8.5307,3.4820,5.4290,2.7115
1073,13,DIAMOND_11.tif,19,88.158731,47.201656,0.180208,-0.791036,0.611590,-0.014831,83.073225,28.1653,0.180208,99.999791,0.001629,0.003320,2.9475,35.7805,5.3648,6.4651,5.1690
1074,12,DIAMOND_11.tif,18,87.886829,47.704950,0.278584,-0.879033,-0.093175,-0.467567,126.050544,28.4931,0.278584,99.999285,0.001861,0.003286,4.4296,55.1674,5.4697,6.8900,5.8682
1075,75,DIAMOND_11.tif,101,87.622389,48.190379,0.632485,0.220469,0.796538,0.562957,122.485310,28.8098,0.632485,99.999978,0.000749,0.001537,1.3371,2.8298,2.4174,3.5397,1.9346
1076,95,DIAMOND_11.tif,130,87.237178,48.884531,0.020581,0.603109,0.369788,0.706764,176.920038,29.2647,0.020581,100.000113,0.000549,0.000520,0.7720,0.3081,1.2082,1.4787,1.0867
1077,42,DIAMOND_11.tif,55,86.649405,49.918456,0.339464,-0.831041,0.023909,-0.555697,129.270881,29.9461,0.339464,99.999858,0.000869,0.002566,1.5202,7.5887,3.5473,5.7553,2.4714
1078,37,DIAMOND_11.tif,50,99.998654,0.521707,1.161701,0.791308,0.241464,0.561718,157.099379,0.2989,1.161701,100.000015,0.001602,0.002543,2.7966,14.0539,3.6655,5.3763,2.9527
1079,18,DIAMOND_11.tif,25,99.993678,1.088229,0.810939,0.512926,0.481486,0.710689,98.209749,0.6235,0.810939,99.999599,0.001920,0.005001,3.3099,34.0561,5.0622,9.5853,4.0570
1080,11,DIAMOND_11.tif,17,99.978292,2.077633,0.964906,-0.044100,0.988057,-0.147645,56.674231,1.1905,0.964906,99.999877,0.002170,0.004078,3.6234,46.9468,5.4948,8.7637,5.3801
1081,24,DIAMOND_11.tif,33,99.971823,2.354957,0.903517,-0.606785,0.683081,-0.406462,122.516234,1.3494,0.903517,99.999557,0.000978,0.002841,2.3388,18.9749,4.5889,6.0620,4.5251
1082,9,DIAMOND_11.tif,15,99.939945,3.459982,1.122336,0.300521,0.899378,0.317500,105.163218,1.9828,1.122336,99.999821,0.002162,0.003979,3.9470,49.2002,5.7090,7.4169,5.1537
1083,28,DIAMOND_11.tif,39,99.920571,3.974020,1.251644,-0.266405,0.750932,-0.604260,105.784917,2.2776,1.251644,99.999566,0.000789,0.002843,1.8815,12.9345,4.1524,6.2724,2.7754
1084,21,DIAMOND_11.tif,30,99.874914,5.001313,0.923031,-0.464574,0.609313,-0.642580,98.134594,2.8667,0.923031,100.000058,0.001900,0.003125,2.9763,28.1827,4.7784,6.6225,4.2739
1085,72,DIAMOND_11.tif,98,99.833797,5.762099,1.106105,0.507233,0.588021,0.630036,154.884599,3.3033,1.106105,99.999944,0.000735,0.001574,1.2045,2.3662,2.4860,3.5061,1.6844
1086,61,DIAMOND_11.tif,81,99.791166,6.459890,1.224021,0.666322,0.197277,0.719095,148.935436,3.7038,1.224021,100.000035,0.000660,0.002323,1.0526,2.9133,2.9314,5.2877,1.7818
1087,18,DIAMOND_11.tif,25,99.758910,6.941029,1.117801,0.305223,0.922609,0.235862,118.571683,3.9801,1.117801,100.000090,0.002269,0.005001,3.3099,34.0561,5.0622,9.5853,4.0570
1088,52,DIAMOND_11.tif,67,99.731694,7.319601,0.883640,-0.247629,0.943404,0.220608,91.901603,4.1976,0.883640,99.999937,0.000833,0.002097,1.1861,4.6602,3.3404,4.9386,2.4029
1089,29,DIAMOND_11.tif,41,99.673575,8.064447,1.218694,0.473674,0.259817,0.841503,178.859193,4.6256,1.218694,99.999284,0.001179,0.004448,2.6907,13.0309,4.0409,8.2103,2.9520
1090,28,DIAMOND_11.tif,39,99.570339,9.259529,0.886084,0.452154,0.172255,0.875149,175.575433,5.3129,0.886084,99.999956,0.001070,0.002843,1.8815,12.9345,4.1524,6.2724,2.7754
1091,16,DIAMOND_11.tif,23,99.546830,9.509625,1.185016,-0.647442,0.507198,-0.568831,113.722216,5.4569,1.185016,100.000022,0.001733,0.003237,2.7689,29.7209,5.0816,6.9039,4.0796
1092,79,DIAMOND_11.tif,108,99.431448,10.650044,1.371805,-0.728523,-0.367152,-0.578320,176.697100,6.1136,1.371805,100.000181,0.001004,0.001161,1.2667,1.9946,2.1052,2.6837,1.8637
1093,83,DIAMOND_11.tif,113,99.350348,11.378899,0.768654,-0.324418,0.782604,-0.531303,127.807342,6.5338,0.768654,99.999855,0.000592,0.000941,1.4266,1.4270,1.8641,2.4419,1.5819
1094,89,DIAMOND_11.tif,121,99.293228,11.868717,0.912012,-0.526529,0.813855,-0.245779,124.318354,6.8163,0.912012,100.000057,0.000650,0.001102,1.0614,0.9986,1.7715,3.3185,1.3554
1095,18,DIAMOND_11.tif,25,99.192180,12.682258,0.882609,-0.347330,0.935930,0.058280,79.643632,7.2860,0.882609,99.999641,0.001870,0.005001,3.3099,34.0561,5.0622,9.5853,4.0570
1096,41,DIAMOND_11.tif,54,99.140839,13.078512,0.781987,0.008170,0.931255,0.364277,121.922435,7.5150,0.781987,99.999767,0.001145,0.002319,2.5103,9.7759,3.5999,5.6881,3.3332
1097,89,DIAMOND_11.tif,121,98.961118,14.377010,0.872738,-0.135086,0.969383,0.205054,95.308908,8.2661,0.872738,100.000007,0.000610,0.001102,1.0614,0.9986,1.7715,3.3185,1.3554
1098,51,DIAMOND_11.tif,66,98.873321,14.966291,1.088155,-0.765813,0.204261,-0.609761,130.933294,8.6074,1.088155,99.999617,0.000928,0.001784,2.1914,9.0469,3.3613,4.8757,3.1654
1099,10,DIAMOND_11.tif,16,98.819145,15.322558,1.374754,-0.390609,0.878007,-0.276636,93.397030,8.8139,1.374754,100.000021,0.002081,0.003521,3.4750,44.9521,5.5565,6.9330,4.8288
1100,84,DIAMOND_11.tif,114,98.665380,16.283546,1.361738,0.709962,0.424656,0.561802,136.072702,9.3715,1.361738,100.000056,0.000628,0.000972,1.0243,1.0199,1.8594,4.2266,1.6501
1101,5,DIAMOND_11.tif,9,98.589158,16.738298,0.964918,-0.697553,0.228282,-0.679196,144.298229,9.6357,0.964918,99.999964,0.001820,0.006009,3.1391,40.8061,6.1473,13.2068,5.9658
1102,12,DIAMOND_11.tif,18,98.401962,17.802492,1.399836,-0.331549,0.927707,-0.171569,91.051137,10.2548,1.399836,99.999374,0.001969,0.003286,4.4296,55.1674,5.4697,6.8900,5.8682
1103,43,DIAMOND_11.tif,56,98.274158,18.496997,0.913463,0.700990,0.159909,0.695012,161.342515,10.6594,0.913463,99.999745,0.000976,0.002704,1.9246,9.2034,3.5430,6.1170,2.4588
1104,66,DIAMOND_11.tif,91,98.107781,19.358952,1.146800,-0.865827,0.200846,-0.458263,148.874208,11.1624,1.146800,99.999528,0.000566,0.001655,1.6486,3.4815,2.6461,4.8219,1.9912
1105,72,DIAMOND_11.tif,98,98.037308,19.714371,1.286335,0.353160,0.771123,0.529762,139.491666,11.3700,1.286335,99.999851,0.000647,0.001574,1.2045,2.3662,2.4860,3.5061,1.6844
1106,47,DIAMOND_11.tif,61,97.908510,20.344130,1.287536,-0.786124,0.335979,-0.518774,145.864097,11.7383,1.287536,99.999800,0.000828,0.001989,1.5957,6.0222,3.4562,5.2254,2.4746
1107,64,DIAMOND_11.tif,88,97.740343,21.135930,0.850600,-0.722136,-0.114178,-0.682263,167.437749,12.2021,0.850600,99.999511,0.000626,0.002124,1.8567,5.0007,2.7202,4.2654,2.6024
1108,35,DIAMOND_11.tif,48,97.572070,21.902161,1.313727,-0.415157,0.599496,-0.684287,129.032446,12.6516,1.313727,100.000068,0.001595,0.002437,2.6217,15.6426,3.8436,5.3474,3.4707
1109,29,DIAMOND_11.tif,41,97.348334,22.876091,1.103272,-0.425762,0.868248,-0.254701,91.925378,13.2241,1.103272,100.000068,0.001668,0.004448,2.6907,13.0309,4.0409,8.2103,2.9520
1110,81,DIAMOND_11.tif,111,97.277411,23.174881,0.740581,0.769710,0.395628,0.501023,154.607038,13.4001,0.740581,99.999849,0.000466,0.001027,1.0254,1.0043,1.8804,3.7282,1.4915
1111,24,DIAMOND_11.tif,33,96.994909,24.329448,1.278682,0.626779,-0.087563,0.774261,165.992381,14.0811,1.278682,99.999672,0.001106,0.002841,2.3388,18.9749,4.5889,6.0620,4.5251
1112,47,DIAMOND_11.tif,61,96.804730,25.076385,0.984503,0.361114,0.728437,0.582217,140.550677,14.5227,0.984503,99.999905,0.000886,0.001989,1.5957,6.0222,3.4562,5.2254,2.4746
1113,0,DIAMOND_11.tif,1,96.666012,25.601333,1.218169,0.558497,0.101543,0.823268,162.114946,14.8338,1.218169,99.998730,0.002594,0.006616,6.5389,193.8738,8.8984,12.5805,9.1749
1114,45,DIAMOND_11.tif,59,96.499827,26.226350,1.202485,-0.600512,0.461440,-0.653037,96.489886,15.2044,1.202485,100.000190,0.001304,0.002488,1.8303,8.5307,3.4820,5.4290,2.7115
1115,72,DIAMOND_11.tif,98,96.278082,27.027861,1.265344,0.224856,0.948462,0.223293,84.141787,15.6809,1.265344,99.999872,0.000612,0.001574,1.2045,2.3662,2.4860,3.5061,1.6844
1116,74,DIAMOND_11.tif,100,96.085911,27.704355,0.876689,-0.377530,0.866988,-0.325274,104.277653,16.0838,0.876689,100.000168,0.000866,0.001702,1.2176,2.6595,2.4300,3.7079,1.8246
1117,62,DIAMOND_11.tif,85,95.939908,28.206135,1.193093,0.455722,0.504313,0.733475,153.587155,16.3832,1.193093,100.000260,0.001030,0.001843,1.2814,3.6631,2.7672,4.3609,2.4094
1118,25,DIAMOND_11.tif,34,95.604540,29.320885,1.009506,0.830337,0.178948,0.527747,165.920689,17.0502,1.009506,99.999712,0.001242,0.002554,2.2688,18.2938,4.4457,5.4925,3.9077
1119,8,DIAMOND_11.tif,12,95.559970,29.468262,1.016897,-0.355385,0.921161,0.158629,109.216628,17.1384,1.016897,100.000432,0.002586,0.004457,3.9078,33.8063,5.7696,7.9445,6.2466
1120,64,DIAMOND_11.tif,88,95.272989,30.382295,0.984549,0.462500,0.310531,0.830460,145.698927,17.6873,0.984549,100.000131,0.001115,0.002124,1.8567,5.0007,2.7202,4.2654,2.6024
1121,6,DIAMOND_11.tif,10,95.039260,31.105699,1.057576,-0.542455,-0.335986,-0.769971,174.666950,18.1229,1.057576,100.000127,0.002197,0.004622,3.4530,60.7001,6.0513,9.2148,6.4010
1122,73,DIAMOND_11.tif,99,94.775475,31.900394,1.040391,-0.685141,0.504083,-0.525816,98.487121,18.6027,1.040391,100.000128,0.000871,0.001677,1.2256,2.7484,2.4781,4.1438,1.6880
1123,8,DIAMOND_11.tif,12,94.567488,32.510841,1.156053,0.196476,0.776193,0.599100,100.385092,18.9722,1.156053,99.999823,0.002152,0.004457,3.9078,33.8063,5.7696,7.9445,6.2466
1124,95,DIAMOND_11.tif,130,94.423625,32.926950,0.740125,0.167151,0.913815,0.370139,86.704068,19.2244,0.740125,100.000025,0.000468,0.000520,0.7720,0.3081,1.2082,1.4787,1.0867
1125,1,DIAMOND_11.tif,2,94.174302,33.630718,1.247937,0.404912,0.711936,0.573754,85.432150,19.6522,1.247937,99.999121,0.002832,0.006119,5.6562,164.9708,8.6371,12.0537,8.6791
1126,23,DIAMOND_11.tif,32,93.886724,34.427414,0.858499,-0.439201,0.850569,0.289197,86.747980,20.1375,0.858499,99.999819,0.001602,0.003253,2.5047,21.3131,4.6565,8.4243,3.7626
1127,48,DIAMOND_11.tif,63,93.468107,35.549050,1.406496,-0.618956,0.242829,-0.746945,123.895441,20.8235,1.406496,100.000110,0.001320,0.002507,1.9949,8.9620,3.4174,5.5326,3.2778
1128,13,DIAMOND_11.tif,19,93.346972,35.865906,1.346161,-0.581429,0.786830,-0.206975,90.893939,21.0178,1.346161,100.000101,0.001850,0.003320,2.9475,35.7805,5.3648,6.4651,5.1690
1129,70,DIAMOND_11.tif,95,93.095269,36.513771,1.293131,-0.294829,0.858877,-0.418816,87.740473,21.4161,1.293131,99.999923,0.001092,0.001499,1.9947,5.1174,2.5304,3.2779,2.1007
1130,18,DIAMOND_11.tif,25,92.892597,37.027099,0.933280,-0.736363,-0.267825,-0.621321,179.343213,21.7323,0.933280,100.000203,0.002193,0.005001,3.3099,34.0561,5.0622,9.5853,4.0570
1131,53,DIAMOND_11.tif,68,92.496026,38.006136,1.103417,0.628548,0.571551,0.527500,163.405736,22.3375,1.103417,99.999906,0.001471,0.002864,2.8584,12.9675,3.2293,5.8149,3.6615
1132,2,DIAMOND_11.tif,5,92.342252,38.377420,0.828233,-0.674748,0.569272,-0.469728,113.138720,22.5678,0.828233,99.999589,0.003271,0.004939,6.1317,172.9320,7.2822,10.2853,7.7068
1133,55,DIAMOND_11.tif,70,91.870631,39.494543,0.935998,-0.616358,-0.188375,-0.764603,174.149526,23.2625,0.935998,100.000159,0.000809,0.002163,1.0843,3.8378,3.2022,5.5103,1.9921
1134,14,DIAMOND_11.tif,20,91.683296,39.927073,0.832697,0.339630,0.696280,0.632334,121.398845,23.5326,0.832697,99.999990,0.002615,0.004076,4.4334,52.3335,5.3030,7.7099,5.7494
1135,34,DIAMOND_11.tif,47,91.266632,40.870295,0.926208,-0.730612,0.250445,-0.635204,129.716413,24.1234,0.926208,99.999896,0.001641,0.002302,2.9789,15.7966,3.8776,5.9808,3.6253
1136,35,DIAMOND_11.tif,48,91.162823,41.099786,1.314224,0.284011,0.625551,0.726652,110.004517,24.2677,1.314224,99.999264,0.000866,0.002437,2.6217,15.6426,3.8436,5.3474,3.4707
1137,52,DIAMOND_11.tif,67,90.696302,42.121136,0.972840,0.418527,0.791693,0.445037,127.093995,24.9111,0.972840,100.000046,0.000781,0.002097,1.1861,4.6602,3.3404,4.9386,2.4029
1138,55,DIAMOND_11.tif,70,90.536190,42.463184,1.104037,-0.659611,0.595953,-0.457989,128.117229,25.1275,1.104037,99.999618,0.000628,0.002163,1.0843,3.8378,3.2022,5.5103,1.9921
1139,84,DIAMOND_11.tif,114,90.077092,43.429589,0.938753,-0.468205,0.882547,0.043527,86.405816,25.7405,0.938753,100.000059,0.000635,0.000972,1.0243,1.0199,1.8594,4.2266,1.6501
1140,12,DIAMOND_11.tif,18,89.698251,44.206124,1.319971,-0.767198,0.199592,-0.609565,127.117168,26.2355,1.319971,99.999788,0.002401,0.003286,4.4296,55.1674,5.4697,6.8900,5.8682
1141,52,DIAMOND_11.tif,67,89.660521,44.282248,1.164965,0.613686,0.124981,0.779595,154.287838,26.2842,1.164965,99.999633,0.000621,0.002097,1.1861,4.6602,3.3404,4.9386,2.4029
1142,54,DIAMOND_11.tif,69,89.051193,45.495354,1.163380,-0.816026,0.077595,-0.572784,163.456101,27.0620,1.163380,99.999711,0.001218,0.001772,2.6298,11.4450,3.2266,4.1702,3.0906
1143,47,DIAMOND_11.tif,61,88.986788,45.621828,1.220390,0.652693,0.413935,0.634547,169.925669,27.1433,1.220390,99.999998,0.000991,0.001989,1.5957,6.0222,3.4562,5.2254,2.4746
1144,67,DIAMOND_11.tif,92,88.601164,46.366428,1.311990,0.020057,0.902292,0.430660,103.393200,27.6238,1.311990,100.000059,0.001268,0.001376,2.0946,4.5898,2.6204,4.5504,2.8789
1145,7,DIAMOND_11.tif,11,88.110600,47.294043,1.407572,-0.642917,0.753761,-0.136025,96.728349,28.2250,1.407572,100.001021,0.003563,0.003862,4.3101,56.5908,6.0473,7.9302,5.8421
1146,49,DIAMOND_11.tif,64,87.809056,47.849811,0.976552,-0.768474,0.062564,-0.636815,132.808626,28.5873,0.976552,100.000174,0.001043,0.002085,1.4926,6.3090,3.4142,5.1443,2.8047
1147,21,DIAMOND_11.tif,30,87.633606,48.170792,1.105798,-0.564829,0.809362,-0.160935,109.929123,28.7969,1.105798,100.000370,0.002219,0.003125,2.9763,28.1827,4.7784,6.6225,4.2739
1148,30,DIAMOND_11.tif,42,87.278480,48.810563,1.288765,0.470084,0.591147,0.655414,169.240786,29.2161,1.288765,100.000021,0.001253,0.002952,2.1106,13.7130,4.0306,5.7484,3.2738
1149,84,DIAMOND_11.tif,114,86.702445,49.826595,1.233776,-0.290230,0.950952,0.107037,85.346927,29.8853,1.233776,100.000018,0.000605,0.000972,1.0243,1.0199,1.8594,4.2266,1.6501
1150,21,DIAMOND_11.tif,30,99.999921,0.021375,1.980519,0.750058,0.047459,0.659667,146.301285,0.0122,1.980519,99.999924,0.001749,0.003125,2.9763,28.1827,4.7784,6.6225,4.2739
1151,50,DIAMOND_11.tif,65,99.988131,1.543779,1.908839,0.688054,0.383241,0.616204,166.490779,0.8846,1.908839,100.000048,0.001647,0.002633,2.7839,13.2921,3.4104,5.3330,3.1854
1152,91,DIAMOND_11.tif,123,99.969376,2.475587,1.686837,0.784939,0.429823,0.446231,116.377860,1.4186,1.686837,100.000023,0.000541,0.000853,0.8947,0.6195,1.7441,3.8088,1.3476
1153,45,DIAMOND_11.tif,59,99.949984,3.153994,2.112043,0.661103,0.250612,0.707203,129.243403,1.8074,2.112043,99.999735,0.000950,0.002488,1.8303,8.5307,3.4820,5.4290,2.7115
1154,71,DIAMOND_11.tif,97,99.914399,4.133883,1.990432,-0.705119,0.192986,-0.682322,153.367926,2.3692,1.990432,99.999881,0.001060,0.001354,2.0459,4.2073,2.5244,4.2107,2.6742
1155,69,DIAMOND_11.tif,94,99.888106,4.728789,1.846495,-0.599617,0.740667,-0.303103,97.767718,2.7104,1.846495,99.999976,0.000937,0.001419,1.6246,3.9163,2.5596,3.7240,2.5617
1156,44,DIAMOND_11.tif,57,99.849477,5.489432,1.457301,0.607601,0.550642,0.572376,166.866993,3.1468,1.457301,100.000259,0.001659,0.002282,2.3842,12.0878,3.5350,4.8545,3.2090
1157,62,DIAMOND_11.tif,85,99.814516,6.087071,1.601349,0.501564,0.509335,0.699293,107.199137,3.4898,1.601349,99.999950,0.000825,0.001843,1.2814,3.6631,2.7672,4.3609,2.4094
1158,59,DIAMOND_11.tif,79,99.771924,6.753567,1.595317,0.589686,0.178124,0.787745,158.598104,3.8724,1.595317,100.000238,0.001156,0.001565,1.6120,4.0482,2.9984,6.3629,2.3502
1159,85,DIAMOND_11.tif,116,99.692014,7.842907,1.788624,0.279365,0.935847,0.214815,92.320551,4.4983,1.788624,100.000045,0.001055,0.001015,1.7382,1.7991,1.8262,2.8805,2.4057
1160,2,DIAMOND_11.tif,5,99.672171,8.091338,1.913129,0.693682,0.302413,0.653722,146.793535,4.6411,1.913129,100.000057,0.003716,0.004939,6.1317,172.9320,7.2822,10.2853,7.7068
1161,92,DIAMOND_11.tif,126,99.603859,8.892663,1.875031,0.575820,0.719031,0.389135,105.850554,5.1019,1.875031,100.000041,0.000461,0.000751,0.7223,0.3678,1.4664,2.4982,1.0312
1162,95,DIAMOND_11.tif,130,99.499826,9.988766,1.814483,0.687830,0.266946,0.675003,152.573991,5.7327,1.814483,99.999954,0.000396,0.000520,0.7720,0.3081,1.2082,1.4787,1.0867
1163,14,DIAMOND_11.tif,20,99.327050,11.579048,1.944921,-0.749570,0.567430,-0.340834,115.647392,6.6492,1.944921,99.999686,0.002276,0.004076,4.4334,52.3335,5.3030,7.7099,5.7494
1164,57,DIAMOND_11.tif,72,99.313546,11.696633,1.464452,0.540956,0.748083,0.384366,98.814400,6.7171,1.464452,99.999958,0.000847,0.002106,1.3363,5.3831,3.1630,4.8559,2.6014
1165,73,DIAMOND_11.tif,99,99.213025,12.518017,1.930529,0.197699,0.859253,0.471804,119.952721,7.1912,1.930529,99.999625,0.000401,0.001677,1.2256,2.7484,2.4781,4.1438,1.6880
1166,95,DIAMOND_11.tif,130,99.066540,13.631071,1.531183,-0.409363,0.894432,-0.180035,98.343677,7.8344,1.531183,99.999928,0.000372,0.000520,0.7720,0.3081,1.2082,1.4787,1.0867
1167,64,DIAMOND_11.tif,88,98.973829,14.287443,1.545435,-0.460924,0.492179,-0.738450,133.217165,8.2142,1.545435,99.999750,0.001044,0.002124,1.8567,5.0007,2.7202,4.2654,2.6024
1168,64,DIAMOND_11.tif,88,98.903006,14.771323,1.635525,-0.792770,0.404695,-0.455781,96.741649,8.4944,1.635525,99.999983,0.000958,0.002124,1.8567,5.0007,2.7202,4.2654,2.6024
1169,19,DIAMOND_11.tif,26,98.784807,15.543418,2.079711,0.681648,0.330907,0.652577,159.095083,8.9420,2.079711,100.000180,0.001883,0.002910,2.8154,28.5622,4.9632,6.3715,4.5700
1170,9,DIAMOND_11.tif,15,98.700409,16.069931,2.080085,-0.150868,0.874190,-0.461552,89.633308,9.2475,2.080085,100.000067,0.002460,0.003979,3.9470,49.2002,5.7090,7.4169,5.1537
1171,20,DIAMOND_11.tif,28,98.548957,16.970963,1.565991,-0.318865,0.898754,0.300942,106.371647,9.7710,1.565991,99.999552,0.001414,0.003341,2.7864,27.0696,4.8153,7.2531,3.5379
1172,15,DIAMOND_11.tif,21,98.418503,17.714343,1.969432,0.449976,0.772104,0.448750,107.822681,10.2034,1.969432,99.999998,0.001235,0.003965,1.8995,20.6013,5.1918,8.8082,3.5099
1173,26,DIAMOND_11.tif,36,98.274651,18.490170,1.503473,0.694366,0.629461,0.348762,115.892157,10.6555,1.503473,99.998967,0.001023,0.003876,2.3312,18.8512,4.3784,7.3800,3.1732
1174,32,DIAMOND_11.tif,45,98.184344,18.968130,1.621256,-0.556908,0.651457,-0.515226,103.547566,10.9342,1.621256,99.999777,0.001009,0.002670,2.1119,12.6641,3.9129,5.6350,2.7141
1175,18,DIAMOND_11.tif,25,97.947185,20.154817,1.446790,-0.718592,-0.343140,-0.604880,166.999884,11.6276,1.446790,99.999338,0.001381,0.005001,3.3099,34.0561,5.0622,9.5853,4.0570
1176,63,DIAMOND_11.tif,86,97.872660,20.514877,1.702272,-0.851542,0.330700,-0.406833,145.967431,11.8383,1.702272,99.999588,0.000638,0.001898,1.6842,4.7862,2.7402,4.4393,2.0872
1177,41,DIAMOND_11.tif,54,97.662416,21.495217,1.446747,-0.817879,0.336867,-0.466469,148.742471,12.4127,1.446747,99.999959,0.001337,0.002319,2.5103,9.7759,3.5999,5.6881,3.3332
1178,5,DIAMOND_11.tif,9,97.625301,21.661728,1.593243,0.579170,0.445556,0.682672,152.734553,12.5105,1.593243,99.999650,0.001498,0.006009,3.1391,40.8061,6.1473,13.2068,5.9658
1179,43,DIAMOND_11.tif,56,97.452393,22.428782,1.632884,-0.799225,0.344664,-0.492388,120.497199,12.9610,1.632884,100.000096,0.001426,0.002704,1.9246,9.2034,3.5430,6.1170,2.4588
1180,29,DIAMOND_11.tif,41,97.228348,23.378117,1.748555,0.515288,0.166829,0.840622,177.939144,13.5199,1.748555,99.999440,0.001294,0.004448,2.6907,13.0309,4.0409,8.2103,2.9520
1181,60,DIAMOND_11.tif,80,97.100860,23.903894,1.836037,-0.733587,0.446366,-0.512452,128.764417,13.8298,1.836037,99.999866,0.000827,0.002137,1.4643,4.1488,2.9714,4.2915,2.4134
1182,8,DIAMOND_11.tif,12,96.941827,24.538476,1.743746,-0.639562,0.216331,-0.737673,134.485906,14.2047,1.743746,99.999273,0.001655,0.004457,3.9078,33.8063,5.7696,7.9445,6.2466
1183,35,DIAMOND_11.tif,48,96.720589,25.398386,1.706039,0.642570,0.267193,0.718131,173.334510,14.7134,1.706039,99.999752,0.001307,0.002437,2.6217,15.6426,3.8436,5.3474,3.4707
1184,44,DIAMOND_11.tif,57,96.462297,26.362374,1.654014,-0.044036,0.934646,0.352842,72.191992,15.2852,1.654014,99.999748,0.001144,0.002282,2.3842,12.0878,3.5350,4.8545,3.2090
1185,63,DIAMOND_11.tif,86,96.397415,26.600377,2.113205,-0.294227,0.944792,0.144214,94.390811,15.4266,2.113205,100.000208,0.001171,0.001898,1.6842,4.7862,2.7402,4.4393,2.0872
1186,89,DIAMOND_11.tif,121,96.110853,27.617272,1.447256,0.454094,0.365511,0.812527,145.160694,16.0319,1.447256,100.000048,0.000660,0.001102,1.0614,0.9986,1.7715,3.3185,1.3554
1187,13,DIAMOND_11.tif,19,95.913953,28.291829,1.550142,0.463610,0.736273,0.492917,128.727527,16.4345,1.550142,99.999570,0.001425,0.003320,2.9475,35.7805,5.3648,6.4651,5.1690
1188,12,DIAMOND_11.tif,18,95.725389,28.922493,1.699429,-0.740614,0.631407,-0.229818,93.457265,16.8117,1.699429,99.999304,0.001980,0.003286,4.4296,55.1674,5.4697,6.8900,5.8682
1189,89,DIAMOND_11.tif,121,95.547544,29.507109,1.687601,-0.340364,0.888194,0.308649,91.174948,17.1618,1.687601,100.000013,0.000607,0.001102,1.0614,0.9986,1.7715,3.3185,1.3554
1190,22,DIAMOND_11.tif,31,95.365826,30.087757,1.496302,0.261803,0.901147,0.345533,91.451884,17.5104,1.496302,99.999570,0.001091,0.002945,2.5253,24.2589,4.7564,6.2282,3.9129
1191,48,DIAMOND_11.tif,63,95.027589,31.140963,1.540678,-0.463937,0.871351,-0.159719,90.975041,18.1442,1.540678,100.000012,0.001178,0.002507,1.9949,8.9620,3.4174,5.5326,3.2778
1192,92,DIAMOND_11.tif,126,94.700224,32.122965,1.608607,0.237162,0.943389,0.231887,129.554490,18.7373,1.608607,100.000086,0.000554,0.000751,0.7223,0.3678,1.4664,2.4982,1.0312
1193,37,DIAMOND_11.tif,50,94.617230,32.367471,1.482611,0.337143,0.823594,0.456101,103.718956,18.8852,1.482611,100.000367,0.001945,0.002543,2.7966,14.0539,3.6655,5.3763,2.9527
1194,36,DIAMOND_11.tif,49,94.240546,33.447467,1.460791,-0.768423,0.397265,-0.501704,117.827292,19.5406,1.460791,100.000068,0.001698,0.002514,2.6690,14.7684,3.7620,5.7388,3.0158
1195,86,DIAMOND_11.tif,117,94.011572,34.085697,1.621991,-0.608871,0.285575,-0.740083,157.093059,19.9291,1.621991,100.000052,0.000576,0.000977,0.8689,0.7673,1.7960,3.2118,1.3557
1196,5,DIAMOND_11.tif,9,93.945162,34.264134,1.923744,0.451728,0.157635,0.878119,178.674179,20.0382,1.923744,99.998621,0.001721,0.006009,3.1391,40.8061,6.1473,13.2068,5.9658
1197,9,DIAMOND_11.tif,15,93.560789,35.303110,1.918696,-0.562576,-0.285245,-0.775979,168.470476,20.6729,1.918696,99.999654,0.001973,0.003979,3.9470,49.2002,5.7090,7.4169,5.1537
1198,21,DIAMOND_11.tif,30,93.285854,36.026211,1.621373,-0.137377,0.970686,0.197222,91.176569,21.1161,1.621373,100.000692,0.002451,0.003125,2.9763,28.1827,4.7784,6.6225,4.2739
1199,73,DIAMOND_11.tif,99,92.990296,36.780196,1.966560,-0.664544,0.120975,-0.737392,174.880421,21.5801,1.966560,99.999890,0.000600,0.001677,1.2256,2.7484,2.4781,4.1438,1.6880
1200,6,DIAMOND_11.tif,10,92.881183,37.052602,1.758323,-0.574086,-0.200485,-0.793871,139.287707,21.7483,1.758323,99.999047,0.001317,0.004622,3.4530,60.7001,6.0513,9.2148,6.4010
1201,41,DIAMOND_11.tif,54,92.494793,38.009788,1.900634,-0.607839,0.314215,-0.729247,122.073358,22.3397,1.900634,100.000154,0.001571,0.002319,2.5103,9.7759,3.5999,5.6881,3.3332
1202,88,DIAMOND_11.tif,119,92.239796,38.624338,1.856018,0.583845,0.412414,0.699314,162.200779,22.7209,1.856018,100.000097,0.000754,0.000959,1.1525,1.0033,1.7887,2.4278,1.4411
1203,76,DIAMOND_11.tif,102,91.961433,39.281659,1.529596,0.493685,0.488614,0.719396,156.588798,23.1299,1.529596,99.999770,0.000612,0.001500,1.4710,2.5364,2.3662,4.0879,1.6961
1204,25,DIAMOND_11.tif,34,91.620449,40.070769,1.978122,0.452569,0.455615,0.766548,160.280231,23.6225,1.978122,99.999866,0.001213,0.002554,2.2688,18.2938,4.4457,5.4925,3.9077
1205,31,DIAMOND_11.tif,43,91.507423,40.328859,1.590243,0.036464,0.759106,0.649945,87.656003,23.7839,1.590243,100.000127,0.001459,0.002595,2.2881,14.1526,3.9969,5.4815,3.1181
1206,14,DIAMOND_11.tif,20,91.058384,41.334085,1.777044,-0.820034,0.436860,-0.369725,123.579675,24.4147,1.777044,100.000679,0.003288,0.004076,4.4334,52.3335,5.3030,7.7099,5.7494
1207,22,DIAMOND_11.tif,31,90.929421,41.614493,2.005875,0.553931,0.367956,0.746839,153.661944,24.5915,2.005875,99.999628,0.001172,0.002945,2.5253,24.2589,4.7564,6.2282,3.9129
1208,26,DIAMOND_11.tif,36,90.610494,42.305604,2.054309,-0.693625,-0.170246,-0.699929,164.055168,25.0276,2.054309,100.000129,0.001490,0.003876,2.3312,18.8512,4.3784,7.3800,3.1732
1209,27,DIAMOND_11.tif,37,90.221086,43.128986,1.566084,0.700117,0.432075,0.568461,151.136969,25.5495,1.566084,99.999769,0.000889,0.003142,1.8285,13.4607,4.3256,6.4516,2.9485
1210,56,DIAMOND_11.tif,71,89.758911,44.083613,2.042575,-0.641102,-0.203854,-0.739887,164.863271,26.1572,2.042575,100.000135,0.001510,0.001714,2.3265,8.6456,3.1857,4.7472,2.8980
1211,13,DIAMOND_11.tif,19,89.644228,44.315981,2.035949,-0.585249,0.060961,-0.808559,167.779162,26.3057,2.035949,99.999970,0.001875,0.003320,2.9475,35.7805,5.3648,6.4651,5.1690
1212,44,DIAMOND_11.tif,57,89.187474,45.228083,1.528801,0.222181,0.869931,0.440291,117.730912,26.8901,1.528801,99.999925,0.001346,0.002282,2.3842,12.0878,3.5350,4.8545,3.2090
1213,13,DIAMOND_11.tif,19,88.983844,45.627023,2.007737,-0.851171,0.186028,-0.490817,137.911392,27.1468,2.007737,99.999748,0.001570,0.003320,2.9475,35.7805,5.3648,6.4651,5.1690
1214,3,DIAMOND_11.tif,7,88.529402,46.502740,1.693769,-0.707279,-0.092385,-0.700872,152.643924,27.7121,1.693769,99.999800,0.001512,0.004314,2.8709,58.8178,6.8335,8.9491,6.3495
1215,44,DIAMOND_11.tif,57,88.348070,46.847499,2.102929,-0.603431,0.297143,-0.739985,107.321089,27.9352,2.102929,100.000348,0.001785,0.002282,2.3842,12.0878,3.5350,4.8545,3.2090
1216,90,DIAMOND_11.tif,122,87.705173,48.039621,1.857236,-0.541985,0.180622,-0.820748,140.535512,28.7113,1.857236,100.000013,0.000856,0.000910,1.5618,1.4736,1.7516,2.1607,1.7785
1217,72,DIAMOND_11.tif,98,87.576679,48.273550,1.994250,0.245255,0.871122,0.425437,91.062539,28.8642,1.994250,100.000052,0.000832,0.001574,1.2045,2.3662,2.4860,3.5061,1.6844
1218,68,DIAMOND_11.tif,93,86.974602,49.349788,1.642870,0.633030,0.391923,0.667585,156.535590,29.5708,1.642870,99.999915,0.000669,0.001412,1.3482,2.1485,2.6095,5.4768,1.9975
1219,9,DIAMOND_11.tif,15,86.955806,49.382851,1.970090,-0.560385,0.309778,-0.768119,96.929476,29.5926,1.970090,99.999891,0.002151,0.003979,3.9470,49.2002,5.7090,7.4169,5.1537
1220,28,DIAMOND_11.tif,39,99.998085,0.543806,2.203444,0.263254,0.647274,0.715356,119.990154,0.3116,2.203444,99.999564,0.000987,0.002843,1.8815,12.9345,4.1524,6.2724,2.7754
1221,85,DIAMOND_11.tif,116,99.993472,1.126721,2.534845,0.304857,0.782974,0.542231,87.069037,0.6456,2.534845,99.999820,0.000811,0.001015,1.7382,1.7991,1.8262,2.8805,2.4057
1222,21,DIAMOND_11.tif,30,99.979448,2.031137,2.545924,-0.247560,0.934137,-0.257105,81.442371,1.1638,2.545924,100.000078,0.001886,0.003125,2.9763,28.1827,4.7784,6.6225,4.2739
1223,50,DIAMOND_11.tif,65,99.965216,2.636661,2.753692,-0.254191,0.840678,-0.478172,109.556797,1.5109,2.753692,99.999982,0.001500,0.002633,2.7839,13.2921,3.4104,5.3330,3.1854
1224,23,DIAMOND_11.tif,32,99.949526,3.151879,2.626883,0.560039,0.019916,0.828226,157.256250,1.8062,2.626883,99.999211,0.000895,0.003253,2.5047,21.3131,4.6565,8.4243,3.7626
1225,63,DIAMOND_11.tif,86,99.916195,4.084839,2.285942,0.437770,0.851638,0.288218,101.137942,2.3411,2.285942,99.999659,0.000701,0.001898,1.6842,4.7862,2.7402,4.4393,2.0872
1226,14,DIAMOND_11.tif,20,99.883608,4.812803,2.399356,-0.614536,0.548649,-0.566860,120.501011,2.7586,2.399356,99.999491,0.002096,0.004076,4.4334,52.3335,5.3030,7.7099,5.7494
1227,11,DIAMOND_11.tif,17,99.856782,5.342387,2.673945,0.557895,0.688294,0.463685,124.100535,3.0624,2.673945,99.999590,0.001772,0.004078,3.6234,46.9468,5.4948,8.7637,5.3801
1228,4,DIAMOND_11.tif,8,99.788657,6.484238,2.250452,-0.513937,0.233224,-0.825515,160.082253,3.7178,2.250452,99.999107,0.001881,0.004101,4.6158,73.3776,6.3488,8.7276,5.7689
1229,40,DIAMOND_11.tif,53,99.780405,6.629000,2.441095,-0.483747,0.203518,-0.851216,173.350598,3.8009,2.441095,100.000365,0.001782,0.001744,2.4428,10.0562,3.6011,4.7617,3.8130
1230,74,DIAMOND_11.tif,100,99.686479,7.909238,2.417319,-0.327189,0.938476,-0.110501,71.868874,4.5364,2.417319,99.999751,0.000583,0.001702,1.2176,2.6595,2.4300,3.7079,1.8246
1231,91,DIAMOND_11.tif,123,99.659912,8.240296,2.685739,-0.507835,0.860848,0.032327,74.450437,4.7267,2.685739,100.000002,0.000497,0.000853,0.8947,0.6195,1.7441,3.8088,1.3476
1232,12,DIAMOND_11.tif,18,99.611389,8.804404,2.231147,-0.517057,0.322254,-0.792972,108.347662,5.0511,2.231147,99.999731,0.002136,0.003286,4.4296,55.1674,5.4697,6.8900,5.8682
1233,68,DIAMOND_11.tif,93,99.492766,10.056923,2.795034,0.462987,0.814559,0.349480,118.201438,5.7720,2.795034,99.999761,0.000558,0.001412,1.3482,2.1485,2.6095,5.4768,1.9975
1234,13,DIAMOND_11.tif,19,99.456067,10.411156,2.583934,-0.626403,0.550595,-0.551783,112.485536,5.9760,2.583934,99.999507,0.001249,0.003320,2.9475,35.7805,5.3648,6.4651,5.1690
1235,81,DIAMOND_11.tif,111,99.394412,10.989274,2.818762,-0.746369,0.042323,-0.664185,162.682404,6.3091,2.818762,100.000067,0.000650,0.001027,1.0254,1.0043,1.8804,3.7282,1.4915
1236,26,DIAMOND_11.tif,36,99.250824,12.214018,2.557050,-0.224473,0.883092,-0.412019,74.580299,7.0157,2.557050,99.999542,0.001041,0.003876,2.3312,18.8512,4.3784,7.3800,3.1732
1237,95,DIAMOND_11.tif,130,99.113250,13.288171,2.744496,-0.676865,0.373770,-0.634152,118.252522,7.6361,2.744496,100.000059,0.000503,0.000520,0.7720,0.3081,1.2082,1.4787,1.0867
1238,2,DIAMOND_11.tif,5,99.028941,13.897071,2.623869,0.133388,0.740111,0.659124,94.914496,7.9883,2.623869,99.999299,0.002817,0.004939,6.1317,172.9320,7.2822,10.2853,7.7068
1239,47,DIAMOND_11.tif,61,98.887235,14.877625,2.843168,0.728870,0.237429,0.642165,162.721241,8.5560,2.843168,100.000145,0.001143,0.001989,1.5957,6.0222,3.4562,5.2254,2.4746
1240,31,DIAMOND_11.tif,43,98.809939,15.382811,2.789778,0.238514,0.870903,0.429697,97.295833,8.8488,2.789778,100.000174,0.001514,0.002595,2.2881,14.1526,3.9969,5.4815,3.1181
1241,8,DIAMOND_11.tif,12,98.714633,15.977263,2.441127,-0.388772,0.615583,-0.685503,125.747473,9.1938,2.441127,99.999259,0.001704,0.004457,3.9078,33.8063,5.7696,7.9445,6.2466
1242,57,DIAMOND_11.tif,72,98.512986,17.180273,2.846292,-0.880231,0.021749,-0.474047,142.549799,9.8927,2.846292,99.999851,0.000977,0.002106,1.3363,5.3831,3.1630,4.8559,2.6014
1243,72,DIAMOND_11.tif,98,98.382002,17.915050,2.628184,0.049419,0.995966,-0.074897,103.161980,10.3203,2.628184,99.999837,0.000573,0.001574,1.2045,2.3662,2.4860,3.5061,1.6844
1244,65,DIAMOND_11.tif,89,98.272072,18.509039,2.666703,0.763894,0.472949,0.439072,144.873564,10.6664,2.666703,99.999923,0.000723,0.001873,1.5214,4.2247,2.6691,4.0917,2.1900
1245,35,DIAMOND_11.tif,48,98.177376,19.005300,2.174921,0.793792,0.113598,0.597486,176.768780,10.9559,2.174921,99.999993,0.001541,0.002437,2.6217,15.6426,3.8436,5.3474,3.4707
1246,91,DIAMOND_11.tif,123,97.995578,19.921859,2.186093,-0.141132,0.977182,0.158734,94.352076,11.4913,2.186093,100.000068,0.000580,0.000853,0.8947,0.6195,1.7441,3.8088,1.3476
1247,74,DIAMOND_11.tif,100,97.812190,20.803438,2.805587,0.392883,0.665667,0.634453,101.953228,12.0072,2.805587,100.000037,0.000873,0.001702,1.2176,2.6595,2.4300,3.7079,1.8246
1248,36,DIAMOND_11.tif,49,97.652338,21.540395,2.660315,0.707362,0.056347,0.704602,167.722389,12.4392,2.660315,99.999839,0.001510,0.002514,2.6690,14.7684,3.7620,5.7388,3.0158
1249,34,DIAMOND_11.tif,47,97.617285,21.697790,2.780467,-0.707363,-0.140456,-0.692755,154.505717,12.5316,2.780467,99.999642,0.001429,0.002302,2.9789,15.7966,3.8776,5.9808,3.6253
1250,0,DIAMOND_11.tif,1,97.311262,23.030686,2.425392,0.268526,0.912321,0.309135,83.193449,13.3152,2.425392,99.999471,0.003367,0.006616,6.5389,193.8738,8.8984,12.5805,9.1749
1251,55,DIAMOND_11.tif,70,97.289567,23.123871,2.530827,-0.500791,0.474320,-0.724037,91.356605,13.3700,2.530827,99.999866,0.000729,0.002163,1.0843,3.8378,3.2022,5.5103,1.9921
1252,74,DIAMOND_11.tif,100,97.000434,24.308240,2.635685,-0.424211,0.887492,-0.180011,124.193999,14.0686,2.635685,99.999873,0.000566,0.001702,1.2176,2.6595,2.4300,3.7079,1.8246
1253,38,DIAMOND_11.tif,51,96.794228,25.119325,2.623382,0.204603,0.927501,0.312858,112.030788,14.5481,2.623382,100.000515,0.002078,0.002018,2.6315,13.7149,3.6601,4.6655,3.7508
1254,27,DIAMOND_11.tif,37,96.656392,25.641582,2.804077,-0.688698,0.605237,-0.399228,105.247413,14.8575,2.804077,99.999744,0.000783,0.003142,1.8285,13.4607,4.3256,6.4516,2.9485
1255,7,DIAMOND_11.tif,11,96.527235,26.123276,2.157230,-0.562988,0.792357,-0.234979,126.096659,15.1433,2.157230,99.999663,0.002168,0.003862,4.3101,56.5908,6.0473,7.9302,5.8421
1256,63,DIAMOND_11.tif,86,96.385849,26.640558,2.535283,-0.788577,0.490501,-0.370884,109.802218,15.4505,2.535283,99.999756,0.000823,0.001898,1.6842,4.7862,2.7402,4.4393,2.0872
1257,19,DIAMOND_11.tif,26,96.094474,27.672842,2.539273,-0.658017,0.548967,-0.515411,100.495492,16.0651,2.539273,99.999671,0.001387,0.002910,2.8154,28.5622,4.9632,6.3715,4.5700
1258,57,DIAMOND_11.tif,72,95.920608,28.269618,2.559167,0.115808,0.992876,0.028015,99.109476,16.4212,2.559167,99.999671,0.000502,0.002106,1.3363,5.3831,3.1630,4.8559,2.6014
1259,60,DIAMOND_11.tif,80,95.720424,28.939784,2.174215,-0.566274,0.780245,-0.265615,109.281623,16.8220,2.174215,99.999554,0.000527,0.002137,1.4643,4.1488,2.9714,4.2915,2.4134
1260,28,DIAMOND_11.tif,39,95.436274,29.863770,2.451753,-0.615684,0.719087,-0.322253,100.685346,17.3759,2.451753,99.999636,0.000794,0.002843,1.8815,12.9345,4.1524,6.2724,2.7754
1261,78,DIAMOND_11.tif,107,95.172691,30.694881,2.752634,0.366084,0.897397,0.246294,112.464204,17.8754,2.752634,100.000084,0.000693,0.001257,1.0492,1.5797,2.1114,3.1644,1.6405
1262,53,DIAMOND_11.tif,68,95.101655,30.914807,2.712033,-0.657376,0.440476,-0.611423,136.740600,18.0079,2.712033,100.000250,0.002027,0.002864,2.8584,12.9675,3.2293,5.8149,3.6615
1263,15,DIAMOND_11.tif,21,94.702603,32.116829,2.579670,0.522874,0.516051,0.678450,145.228262,18.7335,2.579670,100.000368,0.001498,0.003965,1.8995,20.6013,5.1918,8.8082,3.5099
1264,63,DIAMOND_11.tif,86,94.622271,32.351953,2.425252,-0.227648,0.972185,-0.055077,98.778219,18.8759,2.425252,100.000116,0.001070,0.001898,1.6842,4.7862,2.7402,4.4393,2.0872
1265,89,DIAMOND_11.tif,121,94.383018,33.042670,2.542373,0.435347,0.607223,0.664645,128.830513,19.2947,2.542373,99.999861,0.000465,0.001102,1.0614,0.9986,1.7715,3.3185,1.3554
1266,91,DIAMOND_11.tif,123,94.082661,33.888345,2.727630,-0.436695,0.899513,0.013158,62.748668,19.8089,2.727630,99.999835,0.000354,0.000853,0.8947,0.6195,1.7441,3.8088,1.3476
1267,68,DIAMOND_11.tif,93,93.948539,34.258874,2.649966,-0.580214,0.786259,-0.212482,91.901785,20.0347,2.649966,99.999992,0.000760,0.001412,1.3482,2.1485,2.6095,5.4768,1.9975
1268,51,DIAMOND_11.tif,66,93.606342,35.183944,2.513440,0.584552,0.559231,0.587843,143.886496,20.5998,2.513440,100.000286,0.001597,0.001784,2.1914,9.0469,3.3613,4.8757,3.1654
1269,80,DIAMOND_11.tif,109,93.281465,36.035163,2.563693,0.722220,0.325500,0.610285,140.574377,21.1218,2.563693,99.999824,0.000430,0.001111,1.0789,1.4050,2.0580,3.3662,1.6671
1270,25,DIAMOND_11.tif,34,93.092489,36.519905,2.504328,0.657043,0.258491,0.708150,178.962006,21.4199,2.504328,99.999575,0.000906,0.002554,2.2688,18.2938,4.4457,5.4925,3.9077
1271,69,DIAMOND_11.tif,94,92.702126,37.501825,2.419062,0.326300,0.748029,0.577911,121.122875,22.0254,2.419062,100.000355,0.001296,0.001419,1.6246,3.9163,2.5596,3.7240,2.5617
1272,8,DIAMOND_11.tif,12,92.446133,38.127580,2.210846,0.428772,0.402324,0.808882,127.662562,22.4127,2.210846,99.999999,0.002332,0.004457,3.9078,33.8063,5.7696,7.9445,6.2466
1273,69,DIAMOND_11.tif,94,92.149976,38.838484,2.811305,0.619498,0.507453,0.598927,126.930860,22.8540,2.811305,100.000229,0.001176,0.001419,1.6246,3.9163,2.5596,3.7240,2.5617
1274,63,DIAMOND_11.tif,86,91.947075,39.316486,2.417040,-0.455034,0.581584,-0.674317,88.058717,23.1515,2.417040,100.000254,0.001187,0.001898,1.6842,4.7862,2.7402,4.4393,2.0872
1275,48,DIAMOND_11.tif,63,91.785302,39.692499,2.415928,-0.571034,0.795362,-0.203272,95.064179,23.3860,2.415928,100.000180,0.001353,0.002507,1.9949,8.9620,3.4174,5.5326,3.2778
1276,73,DIAMOND_11.tif,99,91.269019,40.865033,2.612803,-0.747831,0.446771,-0.491065,108.742555,24.1201,2.612803,99.999924,0.000623,0.001677,1.2256,2.7484,2.4781,4.1438,1.6880
1277,72,DIAMOND_11.tif,98,91.013163,41.431748,2.155035,-0.793323,-0.141479,-0.592134,135.848080,24.4764,2.155035,99.999928,0.000658,0.001574,1.2045,2.3662,2.4860,3.5061,1.6844
1278,23,DIAMOND_11.tif,32,90.722767,42.064890,2.303642,-0.718401,-0.078692,-0.691163,134.112893,24.8755,2.303642,100.000377,0.001859,0.003253,2.5047,21.3131,4.6565,8.4243,3.7626
1279,6,DIAMOND_11.tif,10,90.620387,42.284192,2.666993,-0.695819,-0.122203,-0.707744,156.762891,25.0141,2.666993,100.000037,0.002080,0.004622,3.4530,60.7001,6.0513,9.2148,6.4010
1280,83,DIAMOND_11.tif,113,90.023065,43.540951,2.273540,0.423145,0.634781,0.646530,135.686273,25.8114,2.273540,99.999833,0.000653,0.000941,1.4266,1.4270,1.8641,2.4419,1.5819
1281,11,DIAMOND_11.tif,17,89.851830,43.893553,2.215880,-0.513949,0.785591,0.344532,101.754363,26.0360,2.215880,99.999977,0.002286,0.004078,3.6234,46.9468,5.4948,8.7637,5.3801
1282,62,DIAMOND_11.tif,85,89.639055,44.325829,2.386690,0.394845,0.806277,0.440472,143.146015,26.3120,2.386690,99.999696,0.000594,0.001843,1.2814,3.6631,2.7672,4.3609,2.4094
1283,49,DIAMOND_11.tif,64,89.093613,45.413057,2.700124,-0.354467,0.925048,0.136530,92.902375,27.0090,2.700124,100.000088,0.000986,0.002085,1.4926,6.3090,3.4142,5.1443,2.8047
1284,43,DIAMOND_11.tif,56,89.021657,45.554207,2.593046,-0.714947,0.400200,-0.573315,120.736834,27.0998,2.593046,100.000206,0.001294,0.002704,1.9246,9.2034,3.5430,6.1170,2.4588
1285,31,DIAMOND_11.tif,43,88.591362,46.385084,2.835084,0.453919,0.788315,0.415351,130.072433,27.6359,2.835084,100.000028,0.001375,0.002595,2.2881,14.1526,3.9969,5.4815,3.1181
1286,26,DIAMOND_11.tif,36,88.123591,47.266924,2.643177,0.705536,0.338356,0.622683,174.918258,28.2078,2.643177,99.999647,0.001097,0.003876,2.3312,18.8512,4.3784,7.3800,3.1732
1287,40,DIAMOND_11.tif,53,87.901131,47.680576,2.324170,-0.507471,0.860304,-0.048474,88.016894,28.4769,2.324170,100.000231,0.001664,0.001744,2.4428,10.0562,3.6011,4.7617,3.8130
1288,56,DIAMOND_11.tif,71,87.620051,48.194131,2.404232,-0.452775,-0.575527,-0.681001,167.764003,28.8124,2.404232,99.999738,0.001082,0.001714,2.3265,8.6456,3.1857,4.7472,2.8980
1289,32,DIAMOND_11.tif,45,87.086319,49.150718,2.577009,-0.704265,0.658388,0.265586,74.315792,29.4400,2.577009,99.999100,0.000694,0.002670,2.1119,12.6641,3.9129,5.6350,2.7141
1290,82,DIAMOND_11.tif,112,86.837621,49.590573,2.394196,-0.885362,0.178578,-0.429237,111.306512,29.7295,2.394196,99.999987,0.000479,0.001063,0.9030,0.7351,1.8746,3.8780,1.5251
1291,18,DIAMOND_11.tif,25,99.997719,0.543481,2.898452,-0.801486,0.426413,-0.419276,127.985799,0.3114,2.898452,99.999196,0.001549,0.005001,3.3099,34.0561,5.0622,9.5853,4.0570
1292,2,DIAMOND_11.tif,5,99.996406,0.789377,3.194812,0.474878,0.392873,0.787491,135.959039,0.4523,3.194812,99.999522,0.003186,0.004939,6.1317,172.9320,7.2822,10.2853,7.7068
1293,71,DIAMOND_11.tif,97,99.977211,2.146156,3.316941,-0.308726,0.911795,0.270773,94.595523,1.2297,3.316941,100.000243,0.001289,0.001354,2.0459,4.2073,2.5244,4.2107,2.6742
1294,78,DIAMOND_11.tif,107,99.961652,2.767498,3.226555,0.601552,0.518296,0.607868,113.401382,1.5859,3.226555,99.999954,0.000587,0.001257,1.0492,1.5797,2.1114,3.1644,1.6405
1295,4,DIAMOND_11.tif,8,99.942510,3.361846,3.354892,0.805361,0.434935,0.402772,128.460660,1.9266,3.354892,99.999036,0.001922,0.004101,4.6158,73.3776,6.3488,8.7276,5.7689
1296,54,DIAMOND_11.tif,69,99.907968,4.281520,2.880949,0.277973,0.960323,0.022596,62.931393,2.4539,2.880949,99.999668,0.001151,0.001772,2.6298,11.4450,3.2266,4.1702,3.0906
1297,29,DIAMOND_11.tif,41,99.902400,4.401371,3.005671,-0.746821,-0.012704,-0.664904,174.735114,2.5226,3.005671,99.999307,0.001074,0.004448,2.6907,13.0309,4.0409,8.2103,2.9520
1298,48,DIAMOND_11.tif,63,99.867926,5.131552,2.875360,-0.615109,0.023783,-0.788083,151.060866,2.9415,2.875360,99.999677,0.000798,0.002507,1.9949,8.9620,3.4174,5.5326,3.2778
1299,91,DIAMOND_11.tif,123,99.805338,6.237976,2.946561,0.730766,0.395808,0.556163,161.298231,3.5764,2.946561,100.000089,0.000633,0.000853,0.8947,0.6195,1.7441,3.8088,1.3476
1300,21,DIAMOND_11.tif,30,99.764815,6.846591,3.017457,-0.582565,0.730742,-0.355856,120.564979,3.9259,3.017457,99.999471,0.001202,0.003125,2.9763,28.1827,4.7784,6.6225,4.2739
1301,52,DIAMOND_11.tif,67,99.702165,7.707756,2.945164,0.614131,0.523382,0.590690,153.103351,4.4206,2.945164,99.999656,0.000455,0.002097,1.1861,4.6602,3.3404,4.9386,2.4029
1302,81,DIAMOND_11.tif,111,99.675164,8.053163,3.295440,-0.449099,0.749956,-0.485670,122.496738,4.6191,3.295440,99.999959,0.000584,0.001027,1.0254,1.0043,1.8804,3.7282,1.4915
1303,53,DIAMOND_11.tif,68,99.584415,9.108036,3.256732,0.170044,0.968848,0.180054,91.191070,5.2258,3.256732,100.000060,0.001706,0.002864,2.8584,12.9675,3.2293,5.8149,3.6615
1304,40,DIAMOND_11.tif,53,99.550264,9.471933,3.181529,-0.140212,0.930096,-0.339502,87.196893,5.4352,3.181529,99.999863,0.001309,0.001744,2.4428,10.0562,3.6011,4.7617,3.8130
1305,10,DIAMOND_11.tif,16,99.438804,10.583738,3.486616,-0.427247,0.875528,-0.225634,95.203021,6.0754,3.486616,100.000456,0.002517,0.003521,3.4750,44.9521,5.5565,6.9330,4.8288
1306,7,DIAMOND_11.tif,11,99.382430,11.089885,3.190673,0.559637,0.341100,0.755286,119.881275,6.3672,3.190673,99.999265,0.001738,0.003862,4.3101,56.5908,6.0473,7.9302,5.8421
1307,95,DIAMOND_11.tif,130,99.303596,11.781110,2.927302,0.801099,-0.030046,0.597777,179.418610,6.7658,2.927302,99.999993,0.000435,0.000520,0.7720,0.3081,1.2082,1.4787,1.0867
1308,43,DIAMOND_11.tif,56,99.166028,12.886087,3.201933,-0.866686,0.156363,-0.473715,168.541039,7.4038,3.201933,99.999762,0.001304,0.002704,1.9246,9.2034,3.5430,6.1170,2.4588
1309,64,DIAMOND_11.tif,88,99.087490,13.476463,3.350555,0.351922,0.678681,0.644627,100.853961,7.7450,3.350555,99.999728,0.000758,0.002124,1.8567,5.0007,2.7202,4.2654,2.6024
1310,13,DIAMOND_11.tif,19,98.949629,14.459445,2.873422,0.705786,0.416589,0.572991,131.046813,8.3138,2.873422,100.000523,0.002294,0.003320,2.9475,35.7805,5.3648,6.4651,5.1690
1311,64,DIAMOND_11.tif,88,98.904488,14.760614,3.291317,0.021821,0.955767,0.293315,90.080726,8.4882,3.291317,99.999867,0.000887,0.002124,1.8567,5.0007,2.7202,4.2654,2.6024
1312,75,DIAMOND_11.tif,101,98.797209,15.462270,3.376944,0.528652,0.529276,0.663622,134.595093,8.8949,3.376944,99.999852,0.000618,0.001537,1.3371,2.8298,2.4174,3.5397,1.9346
1313,57,DIAMOND_11.tif,72,98.661934,16.302471,3.215285,-0.440313,0.897349,0.029811,93.080607,9.3825,3.215285,99.999738,0.000586,0.002106,1.3363,5.3831,3.1630,4.8559,2.6014
1314,34,DIAMOND_11.tif,47,98.528765,17.087158,3.227640,0.710353,0.067022,0.700648,163.126873,9.8386,3.227640,99.999443,0.001179,0.002302,2.9789,15.7966,3.8776,5.9808,3.6253
1315,56,DIAMOND_11.tif,71,98.415302,17.733088,3.052208,0.416556,0.408314,0.812257,120.640994,10.2143,3.052208,100.000171,0.001492,0.001714,2.3265,8.6456,3.1857,4.7472,2.8980
1316,84,DIAMOND_11.tif,114,98.251414,18.617798,3.160350,-0.726082,-0.366944,-0.581512,174.115495,10.7298,3.160350,99.999814,0.000395,0.000972,1.0243,1.0199,1.8594,4.2266,1.6501
1317,12,DIAMOND_11.tif,18,98.155427,19.116308,3.456670,-0.058108,0.969618,0.237622,59.956561,11.0207,3.456670,99.999605,0.002272,0.003286,4.4296,55.1674,5.4697,6.8900,5.8682
1318,86,DIAMOND_11.tif,117,98.036249,19.720017,3.041302,0.428682,0.389465,0.815199,165.081934,11.3733,3.041302,99.999926,0.000509,0.000977,0.8689,0.7673,1.7960,3.2118,1.3557
1319,49,DIAMOND_11.tif,64,97.882213,20.470045,3.381267,-0.170511,0.971032,0.167401,101.186531,11.8120,3.381267,99.999752,0.000743,0.002085,1.4926,6.3090,3.4142,5.1443,2.8047
1320,51,DIAMOND_11.tif,66,97.633021,21.627359,3.158630,0.416748,0.742638,0.524223,112.173301,12.4903,3.158630,99.999748,0.001041,0.001784,2.1914,9.0469,3.3613,4.8757,3.1654
1321,54,DIAMOND_11.tif,69,97.618179,21.693942,3.083886,0.001663,0.743759,0.668446,109.436139,12.5294,3.083886,99.999680,0.001169,0.001772,2.6298,11.4450,3.2266,4.1702,3.0906
1322,35,DIAMOND_11.tif,48,97.365642,22.802556,2.987523,0.684993,0.512645,0.517668,159.434434,13.1808,2.987523,100.000124,0.001645,0.002437,2.6217,15.6426,3.8436,5.3474,3.4707
1323,79,DIAMOND_11.tif,108,97.287064,23.134742,3.261857,0.537281,0.507167,0.673878,138.028233,13.3764,3.261857,99.999946,0.000667,0.001161,1.2667,1.9946,2.1052,2.6837,1.8637
1324,18,DIAMOND_11.tif,25,96.996524,24.326024,3.097341,0.438177,0.712261,0.548348,136.614988,14.0790,3.097341,100.000406,0.002476,0.005001,3.3099,34.0561,5.0622,9.5853,4.0570
1325,43,DIAMOND_11.tif,56,96.862113,24.854061,3.484263,-0.694133,0.286024,-0.660583,125.857336,14.3912,3.484263,99.999967,0.001076,0.002704,1.9246,9.2034,3.5430,6.1170,2.4588
1326,10,DIAMOND_11.tif,16,96.759727,25.247173,3.299739,-0.589016,0.020564,-0.807860,173.324444,14.6239,3.299739,99.999322,0.001480,0.003521,3.4750,44.9521,5.5565,6.9330,4.8288
1327,4,DIAMOND_11.tif,8,96.512464,26.181050,3.324745,-0.679464,-0.067295,-0.730616,163.624501,15.1774,3.324745,100.000516,0.003253,0.004101,4.6158,73.3776,6.3488,8.7276,5.7689
1328,11,DIAMOND_11.tif,17,96.238990,27.168204,3.157872,-0.222745,0.972422,0.069139,116.930457,15.7643,3.157872,100.000272,0.002516,0.004078,3.6234,46.9468,5.4948,8.7637,5.3801
1329,47,DIAMOND_11.tif,61,96.035681,27.876933,3.499351,-0.698831,0.030492,-0.714636,162.198465,16.1868,3.499351,99.999877,0.000813,0.001989,1.5957,6.0222,3.4562,5.2254,2.4746
1330,76,DIAMOND_11.tif,102,95.926771,28.248441,3.248887,-0.648711,0.011073,-0.760954,172.996043,16.4086,3.248887,99.999599,0.000401,0.001500,1.4710,2.5364,2.3662,4.0879,1.6961
1331,51,DIAMOND_11.tif,66,95.659903,29.140439,3.097037,-0.317714,0.935418,-0.155085,106.209075,16.9421,3.097037,99.999911,0.001219,0.001784,2.1914,9.0469,3.3613,4.8757,3.1654
1332,77,DIAMOND_11.tif,104,95.399133,29.982897,3.224483,0.109411,0.993667,0.025589,94.019716,17.4474,3.224483,99.999844,0.000704,0.001103,1.4701,2.4381,2.1917,2.8805,2.0602
1333,12,DIAMOND_11.tif,18,95.171220,30.700775,2.923025,0.169705,0.903876,0.392693,101.007784,17.8789,2.923025,100.000494,0.003092,0.003286,4.4296,55.1674,5.4697,6.8900,5.8682
1334,12,DIAMOND_11.tif,18,95.121408,30.849556,2.864576,0.824227,0.091747,0.558778,175.085309,17.9688,2.864576,99.998887,0.001563,0.003286,4.4296,55.1674,5.4697,6.8900,5.8682
1335,73,DIAMOND_11.tif,99,94.837900,31.712776,3.055120,0.548526,0.717808,0.428801,121.035167,18.4894,3.055120,99.999637,0.000359,0.001677,1.2256,2.7484,2.4781,4.1438,1.6880
1336,19,DIAMOND_11.tif,26,94.633088,32.318998,3.394026,0.196928,0.942226,0.270980,114.155795,18.8560,3.394026,99.999695,0.001438,0.002910,2.8154,28.5622,4.9632,6.3715,4.5700
1337,40,DIAMOND_11.tif,53,94.443624,32.870166,2.892390,0.481447,0.598503,0.640314,143.151433,19.1899,2.892390,100.000230,0.001672,0.001744,2.4428,10.0562,3.6011,4.7617,3.8130
1338,85,DIAMOND_11.tif,116,93.974417,34.187883,2.961222,0.836435,0.280443,0.470880,175.069765,19.9914,2.961222,100.000012,0.000955,0.001015,1.7382,1.7991,1.8262,2.8805,2.4057
1339,50,DIAMOND_11.tif,65,93.807934,34.640106,3.563554,0.424960,0.618578,0.660886,103.085100,20.2675,3.563554,99.999327,0.001007,0.002633,2.7839,13.2921,3.4104,5.3330,3.1854
1340,89,DIAMOND_11.tif,121,93.498538,35.468720,3.065893,-0.508292,0.220931,-0.832363,128.848085,20.7743,3.065893,100.000034,0.000755,0.001102,1.0614,0.9986,1.7715,3.3185,1.3554
1341,5,DIAMOND_11.tif,9,93.435487,35.633014,3.059643,-0.721598,-0.267374,-0.638599,164.841621,20.8751,3.059643,99.999510,0.001642,0.006009,3.1391,40.8061,6.1473,13.2068,5.9658
1342,55,DIAMOND_11.tif,70,93.117103,36.457733,3.529521,-0.685801,0.006945,-0.727756,146.891554,21.3816,3.529521,99.999805,0.000425,0.002163,1.0843,3.8378,3.2022,5.5103,1.9921
1343,66,DIAMOND_11.tif,91,92.696719,37.514611,3.431307,0.043764,0.874590,0.482883,103.635088,22.0333,3.431307,100.000139,0.001086,0.001655,1.6486,3.4815,2.6461,4.8219,1.9912
1344,11,DIAMOND_11.tif,17,92.460897,38.090692,3.320758,0.503488,0.536462,0.677280,146.300970,22.3900,3.320758,99.999591,0.001722,0.004078,3.6234,46.9468,5.4948,8.7637,5.3801
1345,58,DIAMOND_11.tif,75,92.348365,38.364719,3.102907,-0.758693,0.043263,-0.650011,154.435910,22.5597,3.102907,100.000361,0.001506,0.001974,1.9681,7.3225,3.0932,4.1138,3.0493
1346,46,DIAMOND_11.tif,60,91.969904,39.261816,2.967967,0.546459,0.620448,0.562518,153.538019,23.1176,2.967967,99.999767,0.000898,0.002096,1.8506,8.4267,3.4726,5.0876,2.7590
1347,11,DIAMOND_11.tif,17,91.736034,39.807511,3.419131,0.218109,0.968606,0.119293,108.846123,23.4577,3.419131,100.000690,0.002982,0.004078,3.6234,46.9468,5.4948,8.7637,5.3801
1348,58,DIAMOND_11.tif,75,91.443990,40.471918,3.129345,0.593204,0.388322,0.705206,147.785447,23.8736,3.129345,99.999898,0.001033,0.001974,1.9681,7.3225,3.0932,4.1138,3.0493
1349,11,DIAMOND_11.tif,17,90.996067,41.467495,3.170033,-0.563578,-0.183418,-0.805442,153.046318,24.4991,3.170033,99.999187,0.001449,0.004078,3.6234,46.9468,5.4948,8.7637,5.3801
1350,56,DIAMOND_11.tif,71,90.814520,41.864739,3.137681,-0.282967,0.949457,0.135873,95.457847,24.7493,3.137681,99.999667,0.001036,0.001714,2.3265,8.6456,3.1857,4.7472,2.8980
1351,79,DIAMOND_11.tif,108,90.530317,42.476586,3.411310,-0.422762,0.905648,-0.032768,114.320495,25.1358,3.411310,99.999993,0.000696,0.001161,1.2667,1.9946,2.1052,2.6837,1.8637
1352,27,DIAMOND_11.tif,37,90.030449,43.525448,3.563640,-0.820557,0.068056,-0.567498,162.211525,25.8016,3.563640,99.999732,0.001020,0.003142,1.8285,13.4607,4.3256,6.4516,2.9485
1353,55,DIAMOND_11.tif,70,89.828326,43.940942,3.447419,-0.530267,0.786228,-0.317275,72.817163,26.0663,3.447419,99.999673,0.000593,0.002163,1.0843,3.8378,3.2022,5.5103,1.9921
1354,27,DIAMOND_11.tif,37,89.472231,44.662468,3.216644,-0.819903,0.154714,-0.551201,110.850167,26.5273,3.216644,100.000081,0.001128,0.003142,1.8285,13.4607,4.3256,6.4516,2.9485
1355,77,DIAMOND_11.tif,104,89.330723,44.944617,2.925704,0.498040,0.374051,0.782331,160.854000,26.7082,2.925704,99.999983,0.000840,0.001103,1.4701,2.4381,2.1917,2.8805,2.0602
1356,74,DIAMOND_11.tif,100,88.792751,45.998115,3.252020,-0.831782,0.000665,-0.555102,123.447204,27.3859,3.252020,99.999897,0.000618,0.001702,1.2176,2.6595,2.4300,3.7079,1.8246
1357,11,DIAMOND_11.tif,17,88.409830,46.729817,3.049534,-0.610148,0.635455,-0.473198,71.847280,27.8591,3.049534,99.999869,0.001993,0.004078,3.6234,46.9468,5.4948,8.7637,5.3801
1358,12,DIAMOND_11.tif,18,88.125276,47.265333,3.340012,-0.836855,-0.051141,-0.545030,113.801758,28.2066,3.340012,100.000380,0.002937,0.003286,4.4296,55.1674,5.4697,6.8900,5.8682
1359,19,DIAMOND_11.tif,26,88.006962,47.484534,3.351112,-0.572567,0.812693,-0.108154,82.691220,28.3493,3.351112,100.000031,0.001733,0.002910,2.8154,28.5622,4.9632,6.3715,4.5700
1360,28,DIAMOND_11.tif,39,87.508882,48.395662,3.310323,0.540437,0.594033,0.595863,176.900002,28.9442,3.310323,99.999723,0.000964,0.002843,1.8815,12.9345,4.1524,6.2724,2.7754
1361,77,DIAMOND_11.tif,104,87.179522,48.986562,3.207238,0.510892,0.688441,0.514819,140.487418,29.3318,3.207238,99.999762,0.000614,0.001103,1.4701,2.4381,2.1917,2.8805,2.0602
1362,52,DIAMOND_11.tif,67,86.849922,49.569049,3.257631,-0.777593,-0.083275,-0.623229,140.492441,29.7153,3.257631,99.999998,0.000724,0.002097,1.1861,4.6602,3.3404,4.9386,2.4029
1363,35,DIAMOND_11.tif,48,99.998282,0.648625,3.674269,0.658516,0.352040,0.665150,147.255708,0.3716,3.674269,100.000386,0.001944,0.002437,2.6217,15.6426,3.8436,5.3474,3.4707
1364,61,DIAMOND_11.tif,81,99.994061,1.077528,3.588889,0.647030,0.519451,0.558142,132.843713,0.6174,3.588889,99.999866,0.000601,0.002323,1.0526,2.9133,2.9314,5.2877,1.7818
1365,19,DIAMOND_11.tif,26,99.977931,2.079174,3.648581,0.425354,0.794907,0.432662,121.886909,1.1914,3.648581,99.999548,0.001284,0.002910,2.8154,28.5622,4.9632,6.3715,4.5700
1366,1,DIAMOND_11.tif,2,99.972979,2.274705,3.844542,0.552711,0.411065,0.724938,135.323143,1.3034,3.844542,99.998854,0.002237,0.006119,5.6562,164.9708,8.6371,12.0537,8.6791
1367,82,DIAMOND_11.tif,112,99.949140,3.189311,3.827634,0.685845,0.241068,0.686660,169.270147,1.8277,3.827634,100.000011,0.000510,0.001063,0.9030,0.7351,1.8746,3.8780,1.5251
1368,67,DIAMOND_11.tif,92,99.908064,4.290597,3.895043,0.175555,0.984464,0.003404,85.536325,2.4591,3.895043,100.000152,0.001371,0.001376,2.0946,4.5898,2.6204,4.5504,2.8789
1369,40,DIAMOND_11.tif,53,99.893201,4.619964,4.108935,0.711287,-0.020612,0.702600,150.323143,2.6480,4.108935,99.999979,0.001405,0.001744,2.4428,10.0562,3.6011,4.7617,3.8130
1370,7,DIAMOND_11.tif,11,99.860201,5.268954,3.762873,0.452681,0.874836,0.172457,79.489427,3.0203,3.762873,99.999108,0.001883,0.003862,4.3101,56.5908,6.0473,7.9302,5.8421
1371,32,DIAMOND_11.tif,45,99.793056,6.427724,3.788511,-0.684756,0.179547,-0.706309,144.336431,3.6854,3.788511,99.999849,0.001115,0.002670,2.1119,12.6641,3.9129,5.6350,2.7141
1372,20,DIAMOND_11.tif,28,99.765613,6.837530,4.235793,0.447528,0.790881,0.417404,109.846976,3.9207,4.235793,99.999647,0.001331,0.003341,2.7864,27.0696,4.8153,7.2531,3.5379
1373,20,DIAMOND_11.tif,28,99.730607,7.332103,4.178600,0.294354,0.691709,0.659465,107.238851,4.2048,4.178600,99.999768,0.001558,0.003341,2.7864,27.0696,4.8153,7.2531,3.5379
1374,50,DIAMOND_11.tif,65,99.654343,8.300935,3.882755,0.692982,0.224548,0.685095,160.121022,4.7616,3.882755,99.999468,0.001090,0.002633,2.7839,13.2921,3.4104,5.3330,3.1854
1375,47,DIAMOND_11.tif,61,99.610089,8.821678,4.004994,-0.786828,0.091360,-0.610373,155.493816,5.0610,4.004994,99.999959,0.000981,0.001989,1.5957,6.0222,3.4562,5.2254,2.4746
1376,40,DIAMOND_11.tif,53,99.545316,9.520478,3.791707,0.653030,0.379178,0.655573,140.724215,5.4631,3.791707,99.999547,0.000988,0.001744,2.4428,10.0562,3.6011,4.7617,3.8130
1377,68,DIAMOND_11.tif,93,99.478192,10.201776,3.938037,-0.597712,0.061733,-0.799331,171.508204,5.8554,3.938037,99.999934,0.000730,0.001412,1.3482,2.1485,2.6095,5.4768,1.9975
1378,55,DIAMOND_11.tif,70,99.380480,11.110714,3.813909,0.532576,0.704195,0.469544,74.508550,6.3792,3.813909,99.999639,0.000608,0.002163,1.0843,3.8378,3.2022,5.5103,1.9921
1379,93,DIAMOND_11.tif,127,99.303572,11.780569,3.639250,-0.231806,0.964212,-0.128688,83.851258,6.7655,3.639250,99.999906,0.000198,0.001315,0.5114,0.3031,1.4226,3.4884,0.7241
1380,37,DIAMOND_11.tif,50,99.171068,12.849462,3.623716,0.435536,0.483899,0.759046,155.121601,7.3826,3.623716,100.000047,0.001786,0.002543,2.7966,14.0539,3.6655,5.3763,2.9527
1381,38,DIAMOND_11.tif,51,99.117495,13.255043,3.740262,-0.624772,0.626269,-0.466313,127.793408,7.6170,3.740262,99.999869,0.001432,0.002018,2.6315,13.7149,3.6601,4.6655,3.7508
1382,52,DIAMOND_11.tif,67,98.990488,14.171164,4.176907,0.704985,-0.060738,0.706616,173.625117,8.1469,4.176907,99.999693,0.000531,0.002097,1.1861,4.6602,3.3404,4.9386,2.4029
1383,9,DIAMOND_11.tif,15,98.783541,15.544747,4.059733,-0.744703,0.456831,-0.486541,97.415682,8.9428,4.059733,99.999135,0.001637,0.003979,3.9470,49.2002,5.7090,7.4169,5.1537
1384,27,DIAMOND_11.tif,37,98.694690,16.099273,4.115092,-0.392864,0.702241,-0.593731,117.210710,9.2646,4.115092,99.999142,0.000659,0.003142,1.8285,13.4607,4.3256,6.4516,2.9485
1385,24,DIAMOND_11.tif,33,98.569194,16.855651,4.036523,0.421164,0.560183,0.713314,148.603603,9.7039,4.036523,99.999995,0.001527,0.002841,2.3388,18.9749,4.5889,6.0620,4.5251
1386,71,DIAMOND_11.tif,97,98.448449,17.545568,3.716594,-0.643251,-0.072215,-0.762242,163.755431,10.1052,3.716594,99.999720,0.000933,0.001354,2.0459,4.2073,2.5244,4.2107,2.6742
1387,85,DIAMOND_11.tif,116,98.329010,18.203514,4.199315,0.674160,0.398314,0.621976,170.799191,10.4883,4.199315,99.999811,0.000802,0.001015,1.7382,1.7991,1.8262,2.8805,2.4057
1388,67,DIAMOND_11.tif,92,98.132750,19.232847,3.645448,-0.295041,0.908795,-0.295030,100.899681,11.0887,3.645448,99.999695,0.000939,0.001376,2.0946,4.5898,2.6204,4.5504,2.8789
1389,19,DIAMOND_11.tif,26,97.990066,19.949217,3.735731,0.736208,-0.058529,0.674220,179.259930,11.5072,3.735731,100.000121,0.001855,0.002910,2.8154,28.5622,4.9632,6.3715,4.5700
1390,57,DIAMOND_11.tif,72,97.871050,20.523074,4.175651,-0.347106,0.756624,-0.554110,80.374642,11.8430,4.175651,99.999695,0.000657,0.002106,1.3363,5.3831,3.1630,4.8559,2.6014
1391,75,DIAMOND_11.tif,101,97.675184,21.437820,3.655273,0.275336,0.843813,0.460619,106.683669,12.3790,3.655273,100.000109,0.000875,0.001537,1.3371,2.8298,2.4174,3.5397,1.9346
1392,85,DIAMOND_11.tif,116,97.559846,21.954857,3.634780,-0.159267,0.987126,-0.014678,78.799128,12.6826,3.634780,99.999696,0.000710,0.001015,1.7382,1.7991,1.8262,2.8805,2.4057
1393,12,DIAMOND_11.tif,18,97.427227,22.534641,4.209393,0.395092,0.802170,0.447689,105.474775,13.0233,4.209393,99.999373,0.001979,0.003286,4.4296,55.1674,5.4697,6.8900,5.8682
1394,79,DIAMOND_11.tif,108,97.177208,23.591725,4.220712,-0.699545,0.487419,-0.522552,117.379751,13.6457,4.220712,99.999896,0.000619,0.001161,1.2667,1.9946,2.1052,2.6837,1.8637
1395,32,DIAMOND_11.tif,45,96.996949,24.321304,3.849626,-0.648638,0.346299,-0.677750,105.110894,14.0763,3.849626,99.999669,0.000989,0.002670,2.1119,12.6641,3.9129,5.6350,2.7141
1396,29,DIAMOND_11.tif,41,96.732412,25.354504,4.177285,-0.730363,0.471468,-0.494255,133.540208,14.6874,4.177285,100.000052,0.001532,0.004448,2.6907,13.0309,4.0409,8.2103,2.9520
1397,64,DIAMOND_11.tif,88,96.546309,26.054675,4.098866,0.063047,0.952061,0.299342,87.202738,15.1025,4.098866,100.000179,0.001217,0.002124,1.8567,5.0007,2.7202,4.2654,2.6024
1398,11,DIAMOND_11.tif,17,96.362551,26.722089,3.975094,0.572042,0.473880,0.669482,166.199523,15.4991,3.975094,99.999057,0.001274,0.004078,3.6234,46.9468,5.4948,8.7637,5.3801
1399,64,DIAMOND_11.tif,88,96.088827,27.694661,4.221202,-0.493365,0.827103,-0.269242,106.608716,16.0780,4.221202,100.000285,0.001385,0.002124,1.8567,5.0007,2.7202,4.2654,2.6024
1400,28,DIAMOND_11.tif,39,95.833555,28.564079,3.824284,0.327961,0.654164,0.681550,163.120447,16.5972,3.824284,99.999885,0.000997,0.002843,1.8815,12.9345,4.1524,6.2724,2.7754
1401,45,DIAMOND_11.tif,59,95.638871,29.208459,3.794933,0.611525,0.398389,0.683611,151.613673,16.9829,3.794933,99.999638,0.000750,0.002488,1.8303,8.5307,3.4820,5.4290,2.7115
1402,39,DIAMOND_11.tif,52,95.481949,29.717823,3.730929,-0.166796,0.967920,-0.187908,93.816296,17.2882,3.730929,99.999758,0.000932,0.002257,1.9179,10.0615,3.6523,5.0876,2.8607
1403,81,DIAMOND_11.tif,111,95.333587,30.191536,3.591735,0.458169,0.415445,0.785803,124.427780,17.5727,3.591735,100.000109,0.000724,0.001027,1.0254,1.0043,1.8804,3.7282,1.4915
1404,85,DIAMOND_11.tif,116,94.947814,31.382624,4.276868,0.816947,0.232767,0.527653,175.436332,18.2900,4.276868,99.999782,0.000753,0.001015,1.7382,1.7991,1.8262,2.8805,2.4057
1405,5,DIAMOND_11.tif,9,94.856012,31.660399,3.836773,-0.612473,-0.057584,-0.788391,154.779743,18.4576,3.836773,100.000220,0.002059,0.006009,3.1391,40.8061,6.1473,13.2068,5.9658
1406,30,DIAMOND_11.tif,42,94.472766,32.785509,4.120086,-0.652798,0.695070,-0.301218,103.298931,19.1386,4.120086,99.999966,0.001256,0.002952,2.1106,13.7130,4.0306,5.7484,3.2738
1407,12,DIAMOND_11.tif,18,94.346097,33.147547,3.852440,-0.635776,0.743322,-0.207995,73.399814,19.3584,3.852440,99.999729,0.002346,0.003286,4.4296,55.1674,5.4697,6.8900,5.8682
1408,94,DIAMOND_11.tif,129,94.206898,33.541930,3.812201,-0.767120,0.296454,-0.568895,130.353006,19.5980,3.812201,100.000004,0.000318,0.000449,0.5504,0.1192,1.2118,1.9652,0.9777
1409,29,DIAMOND_11.tif,41,93.950329,34.253798,3.855147,-0.488267,0.870405,-0.063167,82.329259,20.0316,3.855147,99.999934,0.001750,0.004448,2.6907,13.0309,4.0409,8.2103,2.9520
1410,82,DIAMOND_11.tif,112,93.468600,35.547612,3.771828,-0.706943,0.474891,-0.524129,124.066559,20.8226,3.771828,100.000060,0.000638,0.001063,0.9030,0.7351,1.8746,3.8780,1.5251
1411,63,DIAMOND_11.tif,86,93.386837,35.761405,3.971730,0.208837,0.893981,0.396466,139.295096,20.9538,3.971730,99.999897,0.000882,0.001898,1.6842,4.7862,2.7402,4.4393,2.0872
1412,31,DIAMOND_11.tif,43,93.062132,36.598057,4.099249,0.422438,0.822263,0.381353,114.830160,21.4680,4.099249,99.999891,0.001237,0.002595,2.2881,14.1526,3.9969,5.4815,3.1181
1413,32,DIAMOND_11.tif,45,92.790671,37.281264,3.654343,-0.666007,0.488546,-0.563699,112.719669,21.8892,3.654343,100.000007,0.001188,0.002670,2.1119,12.6641,3.9129,5.6350,2.7141
1414,14,DIAMOND_11.tif,20,92.635225,37.666584,3.707487,-0.490375,0.634253,-0.597709,123.160862,22.1272,3.707487,100.000283,0.002613,0.004076,4.4334,52.3335,5.3030,7.7099,5.7494
1415,83,DIAMOND_11.tif,113,92.289148,38.506249,4.120257,-0.193710,0.959348,0.205251,89.274621,22.6476,4.120257,100.000090,0.000913,0.000941,1.4266,1.4270,1.8641,2.4419,1.5819
1416,59,DIAMOND_11.tif,79,92.060728,39.049207,4.065097,-0.476258,0.879169,-0.015477,94.411742,22.9851,4.065097,100.000091,0.001032,0.001565,1.6120,4.0482,2.9984,6.3629,2.3502
1417,32,DIAMOND_11.tif,45,91.583861,40.154155,3.791073,-0.790366,0.020839,-0.612281,135.946488,23.6746,3.791073,99.999799,0.001188,0.002670,2.1119,12.6641,3.9129,5.6350,2.7141
1418,63,DIAMOND_11.tif,86,91.194340,41.030675,3.925317,-0.601629,-0.139993,-0.786413,167.386822,24.2242,3.925317,99.999620,0.000581,0.001898,1.6842,4.7862,2.7402,4.4393,2.0872
1419,2,DIAMOND_11.tif,5,90.896974,41.686735,4.204637,-0.238588,0.896793,0.372610,79.532928,24.6369,4.204637,100.000219,0.003878,0.004939,6.1317,172.9320,7.2822,10.2853,7.7068
1420,26,DIAMOND_11.tif,36,90.594611,42.340852,3.948987,0.442893,0.745340,0.498312,143.352100,25.0498,3.948987,100.000657,0.001979,0.003876,2.3312,18.8512,4.3784,7.3800,3.1732
1421,46,DIAMOND_11.tif,60,90.105365,43.370618,3.720925,-0.286735,0.914575,-0.285193,94.485880,25.7030,3.720925,99.999936,0.001106,0.002096,1.8506,8.4267,3.4726,5.0876,2.7590
1422,85,DIAMOND_11.tif,116,89.905012,43.784528,4.035435,0.372903,0.575650,0.727716,156.531319,25.9665,4.035435,99.999980,0.000969,0.001015,1.7382,1.7991,1.8262,2.8805,2.4057
1423,31,DIAMOND_11.tif,43,89.400699,44.804211,3.692802,0.675767,0.366859,0.639339,155.249946,26.6183,3.692802,99.999511,0.000869,0.002595,2.2881,14.1526,3.9969,5.4815,3.1181
1424,68,DIAMOND_11.tif,93,89.224785,45.154942,3.955024,0.072990,0.891759,0.446585,134.412183,26.8431,3.955024,100.000156,0.000938,0.001412,1.3482,2.1485,2.6095,5.4768,1.9975
1425,11,DIAMOND_11.tif,17,88.832181,45.920109,4.047844,0.190374,0.686935,0.701340,125.502160,27.3358,4.047844,99.999064,0.001370,0.004078,3.6234,46.9468,5.4948,8.7637,5.3801
1426,4,DIAMOND_11.tif,8,88.418367,46.712106,4.241272,-0.918745,0.013934,-0.394604,145.377036,27.8478,4.241272,99.999142,0.002019,0.004101,4.6158,73.3776,6.3488,8.7276,5.7689
1427,9,DIAMOND_11.tif,15,88.290735,46.954999,3.829187,-0.190477,0.974374,-0.119639,111.905528,28.0050,3.829187,100.000130,0.002383,0.003979,3.9470,49.2002,5.7090,7.4169,5.1537
1428,56,DIAMOND_11.tif,71,87.923482,47.638962,3.859237,-0.830907,0.549793,-0.085557,94.720438,28.4499,3.859237,100.000046,0.001419,0.001714,2.3265,8.6456,3.1857,4.7472,2.8980
1429,95,DIAMOND_11.tif,130,87.602811,48.226111,3.987214,0.286279,0.648146,0.705656,170.142318,28.8332,3.987214,100.000051,0.000484,0.000520,0.7720,0.3081,1.2082,1.4787,1.0867
1430,34,DIAMOND_11.tif,47,86.976044,49.346817,4.192033,-0.571115,0.752554,-0.327855,98.589063,29.5689,4.192033,99.999703,0.001491,0.002302,2.9789,15.7966,3.8776,5.9808,3.6253
1431,35,DIAMOND_11.tif,48,86.790999,49.671255,3.585158,0.295164,0.655543,0.695084,150.468527,29.7829,3.585158,99.999556,0.001126,0.002437,2.6217,15.6426,3.8436,5.3474,3.4707
1432,9,DIAMOND_11.tif,15,99.998640,0.418506,4.955241,0.249063,0.963631,0.096866,99.795423,0.2398,4.955241,99.999516,0.001889,0.003979,3.9470,49.2002,5.7090,7.4169,5.1537
1433,22,DIAMOND_11.tif,31,99.995272,0.968777,4.513497,-0.509372,0.716886,-0.476040,117.187059,0.5551,4.513497,99.999965,0.001493,0.002945,2.5253,24.2589,4.7564,6.2282,3.9129
1434,30,DIAMOND_11.tif,42,99.984675,1.746185,4.686064,0.713137,0.019057,0.700766,179.700940,1.0005,4.686064,99.999922,0.001167,0.002952,2.1106,13.7130,4.0306,5.7484,3.2738
1435,56,DIAMOND_11.tif,71,99.975463,2.222890,4.404429,-0.000412,0.978415,-0.206648,88.892945,1.2737,4.404429,100.000172,0.001545,0.001714,2.3265,8.6456,3.1857,4.7472,2.8980
1436,81,DIAMOND_11.tif,111,99.943422,3.362197,4.732552,0.598855,0.788005,0.142900,104.397280,1.9268,4.732552,99.999960,0.000573,0.001027,1.0254,1.0043,1.8804,3.7282,1.4915
1437,71,DIAMOND_11.tif,97,99.905456,4.347103,4.451210,0.485634,0.795274,0.362903,81.698708,2.4915,4.451210,99.999988,0.001143,0.001354,2.0459,4.2073,2.5244,4.2107,2.6742
1438,75,DIAMOND_11.tif,101,99.884867,4.798123,4.388162,0.516023,0.228308,0.825588,153.855821,2.7502,4.388162,100.000043,0.000847,0.001537,1.3371,2.8298,2.4174,3.5397,1.9346
1439,57,DIAMOND_11.tif,72,99.832035,5.788790,4.846730,0.182784,0.953995,-0.237664,104.037031,3.3186,4.846730,99.999727,0.000590,0.002106,1.3363,5.3831,3.1630,4.8559,2.6014
1440,17,DIAMOND_11.tif,24,99.810537,6.140316,4.576199,0.632844,0.545629,0.549361,92.723944,3.5204,4.576199,99.999234,0.001368,0.003714,3.2720,34.6917,5.0674,7.1263,4.3787
1441,93,DIAMOND_11.tif,127,99.746918,7.109938,4.503975,0.327374,0.935856,0.130384,106.907258,4.0771,4.503975,99.999994,0.000336,0.001315,0.5114,0.3031,1.4226,3.4884,0.7241
1442,22,DIAMOND_11.tif,31,99.711234,7.591925,4.474435,-0.263726,0.964232,0.026564,95.687423,4.3540,4.474435,99.999837,0.001379,0.002945,2.5253,24.2589,4.7564,6.2282,3.9129
1443,76,DIAMOND_11.tif,102,99.644263,8.420456,4.934833,0.663465,0.441006,0.604423,172.835088,4.8303,4.934833,99.999416,0.000472,0.001500,1.4710,2.5364,2.3662,4.0879,1.6961
1444,13,DIAMOND_11.tif,19,99.590141,9.048198,4.511303,0.330157,0.912210,0.242628,93.531739,5.1913,4.511303,100.000331,0.002121,0.003320,2.9475,35.7805,5.3648,6.4651,5.1690
1445,18,DIAMOND_11.tif,25,99.552186,9.455413,4.523664,0.611168,0.366312,0.701633,152.516296,5.4256,4.523664,100.000213,0.002174,0.005001,3.3099,34.0561,5.0622,9.5853,4.0570
1446,8,DIAMOND_11.tif,12,99.413401,10.810289,4.744862,0.647622,0.169885,0.742782,162.864729,6.2060,4.744862,99.999433,0.001669,0.004457,3.9078,33.8063,5.7696,7.9445,6.2466
1447,51,DIAMOND_11.tif,66,99.374295,11.166132,4.704165,0.764823,0.374675,0.524084,137.686580,6.4111,4.704165,99.999665,0.000980,0.001784,2.1914,9.0469,3.3613,4.8757,3.1654
1448,32,DIAMOND_11.tif,45,99.261273,12.131488,4.749005,-0.315804,0.730944,-0.604969,126.781099,6.9680,4.749005,99.999867,0.001375,0.002670,2.1119,12.6641,3.9129,5.6350,2.7141
1449,37,DIAMOND_11.tif,50,99.153390,12.984122,4.673615,0.450442,0.800770,0.394803,102.713337,7.4604,4.673615,99.999911,0.001483,0.002543,2.7966,14.0539,3.6655,5.3763,2.9527
1450,48,DIAMOND_11.tif,63,99.063141,13.657817,4.615028,-0.484990,0.604935,-0.631537,83.233205,7.8499,4.615028,100.000210,0.001508,0.002507,1.9949,8.9620,3.4174,5.5326,3.2778
1451,77,DIAMOND_11.tif,104,99.019197,13.972686,4.875635,0.591672,0.436698,0.677657,147.876149,8.0320,4.875635,100.000187,0.001043,0.001103,1.4701,2.4381,2.1917,2.8805,2.0602
1452,89,DIAMOND_11.tif,121,98.928420,14.600155,4.518680,0.650565,0.274580,0.708075,156.347817,8.3953,4.518680,99.999984,0.000589,0.001102,1.0614,0.9986,1.7715,3.3185,1.3554
1453,52,DIAMOND_11.tif,67,98.807523,15.396171,4.422145,-0.370528,0.890848,-0.262865,126.974690,8.8566,4.422145,99.999843,0.000620,0.002097,1.1861,4.6602,3.3404,4.9386,2.4029
1454,2,DIAMOND_11.tif,5,98.688514,16.136855,4.441809,-0.817425,0.376264,-0.436166,144.790042,9.2864,4.441809,99.999104,0.002724,0.004939,6.1317,172.9320,7.2822,10.2853,7.7068
1455,63,DIAMOND_11.tif,86,98.484140,17.345296,4.357983,-0.577470,0.595546,-0.558438,120.631691,9.9886,4.357983,99.999925,0.000874,0.001898,1.6842,4.7862,2.7402,4.4393,2.0872
1456,23,DIAMOND_11.tif,32,98.461996,17.469414,4.826079,0.504650,0.368828,0.780573,170.314374,10.0609,4.826079,99.999726,0.001206,0.003253,2.5047,21.3131,4.6565,8.4243,3.7626
1457,43,DIAMOND_11.tif,56,98.268077,18.531324,4.990721,0.729394,0.549967,0.406843,127.867282,10.6794,4.990721,100.000125,0.001430,0.002704,1.9246,9.2034,3.5430,6.1170,2.4588
1458,40,DIAMOND_11.tif,53,98.204070,18.866314,4.929614,0.725490,0.049199,0.686472,155.577489,10.8748,4.929614,99.999885,0.001305,0.001744,2.4428,10.0562,3.6011,4.7617,3.8130
1459,83,DIAMOND_11.tif,113,98.040378,19.701024,4.299077,-0.723054,0.103496,-0.682994,151.969576,11.3622,4.299077,100.000230,0.001047,0.000941,1.4266,1.4270,1.8641,2.4419,1.5819
1460,54,DIAMOND_11.tif,69,97.927476,20.255025,4.461051,-0.005653,0.965568,0.260091,76.780853,11.6861,4.461051,100.000283,0.001828,0.001772,2.6298,11.4450,3.2266,4.1702,3.0906
1461,52,DIAMOND_11.tif,67,97.711007,21.272284,4.710549,0.545981,0.675600,0.495448,141.639426,12.2820,4.710549,99.999755,0.000551,0.002097,1.1861,4.6602,3.3404,4.9386,2.4029
1462,40,DIAMOND_11.tif,53,97.498427,22.226603,4.656800,0.625656,0.598058,0.500880,132.423589,12.8422,4.656800,99.999826,0.001258,0.001744,2.4428,10.0562,3.6011,4.7617,3.8130
1463,24,DIAMOND_11.tif,33,97.428627,22.530455,4.618645,-0.604834,0.774916,-0.183523,91.433646,13.0208,4.618645,99.999793,0.001216,0.002841,2.3388,18.9749,4.5889,6.0620,4.5251
1464,47,DIAMOND_11.tif,61,97.151991,23.695757,4.646824,-0.370115,0.912531,-0.174075,103.244002,13.7070,4.646824,99.999992,0.000924,0.001989,1.5957,6.0222,3.4562,5.2254,2.4746
1465,67,DIAMOND_11.tif,92,97.075575,24.006354,4.592934,-0.798860,-0.125908,-0.588192,156.152022,13.8903,4.592934,99.999861,0.001049,0.001376,2.0946,4.5898,2.6204,4.5504,2.8789
1466,64,DIAMOND_11.tif,88,96.934953,24.569943,4.696455,0.517360,0.758100,0.397016,92.331581,14.2231,4.696455,100.000337,0.001313,0.002124,1.8567,5.0007,2.7202,4.2654,2.6024
1467,10,DIAMOND_11.tif,16,96.768421,25.217185,4.751488,0.430246,0.706468,0.561954,124.575534,14.6060,4.751488,100.000169,0.002251,0.003521,3.4750,44.9521,5.5565,6.9330,4.8288
1468,13,DIAMOND_11.tif,19,96.492858,26.249863,4.604252,-0.692023,-0.177471,-0.699720,137.814587,15.2184,4.604252,99.999635,0.001582,0.003320,2.9475,35.7805,5.3648,6.4651,5.1690
1469,80,DIAMOND_11.tif,109,96.361159,26.731168,4.316114,-0.778153,0.427869,-0.459789,103.893090,15.5043,4.316114,100.000141,0.000764,0.001111,1.0789,1.4050,2.0580,3.3662,1.6671
1470,12,DIAMOND_11.tif,18,96.148178,27.490722,4.462735,0.585583,0.351818,0.730285,160.013717,15.9563,4.462735,100.001059,0.003708,0.003286,4.4296,55.1674,5.4697,6.8900,5.8682
1471,19,DIAMOND_11.tif,26,95.933812,28.227140,4.509531,0.726089,0.232475,0.647109,179.388269,16.3958,4.509531,100.000338,0.002044,0.002910,2.8154,28.5622,4.9632,6.3715,4.5700
1472,44,DIAMOND_11.tif,57,95.682065,29.066499,4.619271,0.401710,0.721561,0.563897,130.032393,16.8978,4.619271,99.999595,0.001029,0.002282,2.3842,12.0878,3.5350,4.8545,3.2090
1473,55,DIAMOND_11.tif,70,95.471348,29.751902,4.363965,0.529711,0.693127,0.488856,124.552950,17.3087,4.363965,99.999769,0.000612,0.002163,1.0843,3.8378,3.2022,5.5103,1.9921
1474,11,DIAMOND_11.tif,17,95.180764,30.670000,4.314078,0.679844,0.363106,0.637155,178.922036,17.8604,4.314078,100.000134,0.002263,0.004078,3.6234,46.9468,5.4948,8.7637,5.3801
1475,68,DIAMOND_11.tif,93,95.058114,31.046484,4.528196,0.601277,0.410377,0.685607,157.642759,18.0873,4.528196,99.999646,0.000418,0.001412,1.3482,2.1485,2.6095,5.4768,1.9975
1476,71,DIAMOND_11.tif,97,94.701920,32.116013,4.840087,0.181689,0.901924,0.391818,126.847985,18.7332,4.840087,99.999460,0.000659,0.001354,2.0459,4.2073,2.5244,4.2107,2.6742
1477,25,DIAMOND_11.tif,34,94.649416,32.272791,4.749554,-0.524952,0.847088,-0.082870,86.677450,18.8279,4.749554,100.000225,0.001639,0.002554,2.2688,18.2938,4.4457,5.4925,3.9077
1478,84,DIAMOND_11.tif,114,94.234747,33.463524,4.932356,0.158940,0.649470,0.743590,136.920005,19.5504,4.932356,99.999975,0.000606,0.000972,1.0243,1.0199,1.8594,4.2266,1.6501
1479,5,DIAMOND_11.tif,9,94.177450,33.621526,4.487097,-0.765127,0.475914,-0.433688,142.415910,19.6467,4.487097,99.998995,0.001464,0.006009,3.1391,40.8061,6.1473,13.2068,5.9658
1480,21,DIAMOND_11.tif,30,93.906924,34.370431,4.407850,0.708728,0.502898,0.494770,128.218776,20.1029,4.407850,99.999184,0.001054,0.003125,2.9763,28.1827,4.7784,6.6225,4.2739
1481,4,DIAMOND_11.tif,8,93.516344,35.420571,4.668905,-0.543496,-0.091636,-0.834395,173.135599,20.7449,4.668905,99.999617,0.002429,0.004101,4.6158,73.3776,6.3488,8.7276,5.7689
1482,56,DIAMOND_11.tif,71,93.285315,36.024318,4.403367,0.245727,0.750215,0.613837,112.662144,21.1152,4.403367,99.999507,0.000883,0.001714,2.3265,8.6456,3.1857,4.7472,2.8980
1483,28,DIAMOND_11.tif,39,93.144883,36.386412,4.734891,0.523943,0.741237,0.419585,124.364377,21.3378,4.734891,99.999701,0.000898,0.002843,1.8815,12.9345,4.1524,6.2724,2.7754
1484,40,DIAMOND_11.tif,53,92.803574,37.249688,4.369242,0.241743,0.831340,0.500434,137.051991,21.8696,4.369242,100.000213,0.001640,0.001744,2.4428,10.0562,3.6011,4.7617,3.8130
1485,62,DIAMOND_11.tif,85,92.633590,37.670409,4.356059,-0.581007,0.320207,-0.748263,123.146612,22.1296,4.356059,100.000209,0.000938,0.001843,1.2814,3.6631,2.7672,4.3609,2.4094
1486,81,DIAMOND_11.tif,111,92.346467,38.368239,4.379699,-0.729059,0.169090,-0.663236,137.296417,22.5620,4.379699,99.999959,0.000557,0.001027,1.0254,1.0043,1.8804,3.7282,1.4915
1487,87,DIAMOND_11.tif,118,91.961800,39.281162,4.900397,0.406343,0.692891,0.595640,133.153665,23.1296,4.900397,99.999912,0.000555,0.001420,1.0508,1.0922,1.7911,2.9189,1.6823
1488,15,DIAMOND_11.tif,21,91.638804,40.028151,4.572710,0.114642,0.849469,0.515033,128.163459,23.5959,4.572710,99.999616,0.000891,0.003965,1.8995,20.6013,5.1918,8.8082,3.5099
1489,12,DIAMOND_11.tif,18,91.288084,40.823114,4.299446,-0.676333,-0.371544,-0.636025,155.472371,24.0937,4.299446,100.000205,0.002667,0.003286,4.4296,55.1674,5.4697,6.8900,5.8682
1490,5,DIAMOND_11.tif,9,91.018921,41.419094,4.470544,-0.547959,0.473782,-0.689400,86.931752,24.4684,4.470544,99.999927,0.002098,0.006009,3.1391,40.8061,6.1473,13.2068,5.9658
1491,80,DIAMOND_11.tif,109,90.688836,42.136628,4.713677,0.356799,0.577552,0.734254,134.118807,24.9209,4.713677,99.999802,0.000457,0.001111,1.0789,1.4050,2.0580,3.3662,1.6671
1492,69,DIAMOND_11.tif,94,90.441272,42.665450,4.646129,0.276180,0.759784,0.588602,119.375262,25.2555,4.646129,99.999822,0.000766,0.001419,1.6246,3.9163,2.5596,3.7240,2.5617
1493,33,DIAMOND_11.tif,46,90.298020,42.968096,4.396068,-0.674482,0.656682,-0.337406,101.587052,25.4473,4.396068,99.999948,0.000988,0.002346,1.7205,10.9902,3.9084,5.2783,3.6731
1494,54,DIAMOND_11.tif,69,89.382198,44.842073,4.600961,-0.787764,0.204729,-0.580959,114.305753,26.6424,4.600961,99.999944,0.001498,0.001772,2.6298,11.4450,3.2266,4.1702,3.0906
1495,38,DIAMOND_11.tif,51,89.346051,44.913672,4.870973,-0.459049,0.886627,-0.056280,90.658630,26.6884,4.870973,99.999774,0.001321,0.002018,2.6315,13.7149,3.6601,4.6655,3.7508
1496,2,DIAMOND_11.tif,5,88.773651,46.032447,4.476989,-0.494934,0.769538,-0.403548,101.061245,27.4084,4.476989,99.998737,0.002565,0.004939,6.1317,172.9320,7.2822,10.2853,7.7068
1497,58,DIAMOND_11.tif,75,88.575326,46.415575,4.748699,-0.700712,0.598382,-0.388511,111.982330,27.6556,4.748699,99.999970,0.001131,0.001974,1.9681,7.3225,3.0932,4.1138,3.0493
1498,0,DIAMOND_11.tif,1,88.301280,46.937220,4.713124,-0.786909,0.328151,-0.522581,112.225421,27.9932,4.713124,100.001093,0.004954,0.006616,6.5389,193.8738,8.8984,12.5805,9.1749
1499,86,DIAMOND_11.tif,117,87.969253,47.554227,4.792019,-0.257155,0.925638,0.277608,92.630221,28.3947,4.792019,99.999970,0.000466,0.000977,0.8689,0.7673,1.7960,3.2118,1.3557
1500,51,DIAMOND_11.tif,66,87.603751,48.224938,4.470281,-0.539249,0.841460,0.034001,84.383397,28.8323,4.470281,100.000309,0.001608,0.001784,2.1914,9.0469,3.3613,4.8757,3.1654
1501,90,DIAMOND_11.tif,122,87.150200,49.039162,4.822791,-0.907159,0.087883,-0.411509,126.268797,29.3663,4.822791,99.999984,0.000857,0.000910,1.5618,1.4736,1.7516,2.1607,1.7785
1502,73,DIAMOND_11.tif,99,86.891334,49.496855,4.403267,-0.552140,0.831371,-0.062958,91.937326,29.6676,4.403267,100.000213,0.000915,0.001677,1.2256,2.7484,2.4781,4.1438,1.6880
1503,19,DIAMOND_11.tif,26,99.997865,0.594865,5.237985,0.476321,0.229404,0.848818,144.782176,0.3408,5.237985,99.999634,0.001426,0.002910,2.8154,28.5622,4.9632,6.3715,4.5700
1504,28,DIAMOND_11.tif,39,99.992790,1.176337,5.628350,0.440325,0.776306,0.451069,109.076691,0.6740,5.628350,99.999709,0.000815,0.002843,1.8815,12.9345,4.1524,6.2724,2.7754
1505,51,DIAMOND_11.tif,66,99.976939,2.135990,5.536266,-0.714991,0.023734,-0.698730,134.002221,1.2239,5.536266,99.999754,0.001081,0.001784,2.1914,9.0469,3.3613,4.8757,3.1654
1506,13,DIAMOND_11.tif,19,99.963978,2.679828,5.630329,-0.481161,0.133051,-0.866477,143.818317,1.5356,5.630329,99.999892,0.001893,0.003320,2.9475,35.7805,5.3648,6.4651,5.1690
1507,25,DIAMOND_11.tif,34,99.946043,3.287443,5.445088,0.650980,-0.081230,0.754736,172.974123,1.8839,5.445088,100.000094,0.001478,0.002554,2.2688,18.2938,4.4457,5.4925,3.9077
1508,39,DIAMOND_11.tif,52,99.923896,3.894860,5.185942,-0.685920,0.273572,-0.674294,127.745416,2.2322,5.185942,99.999774,0.000915,0.002257,1.9179,10.0615,3.6523,5.0876,2.8607
1509,78,DIAMOND_11.tif,107,99.899849,4.472897,5.688522,0.058269,0.994341,0.088826,86.483174,2.5636,5.688522,99.999933,0.000550,0.001257,1.0492,1.5797,2.1114,3.1644,1.6405
1510,74,DIAMOND_11.tif,100,99.842978,5.602900,5.050213,-0.084806,0.993344,0.077951,111.616746,3.2119,5.050213,100.000064,0.000744,0.001702,1.2176,2.6595,2.4300,3.7079,1.8246
1511,91,DIAMOND_11.tif,123,99.826438,5.890474,5.394549,-0.693673,0.210088,-0.688971,151.181970,3.3769,5.394549,100.000077,0.000585,0.000853,0.8947,0.6195,1.7441,3.8088,1.3476
1512,92,DIAMOND_11.tif,126,99.760528,6.916116,5.614636,-0.299355,0.952226,0.060430,101.608633,3.9658,5.614636,99.999978,0.000402,0.000751,0.7223,0.3678,1.4664,2.4982,1.0312
1513,59,DIAMOND_11.tif,79,99.717471,7.511334,5.289002,-0.695109,0.042460,-0.717650,166.782103,4.3077,5.289002,99.999970,0.000906,0.001565,1.6120,4.0482,2.9984,6.3629,2.3502
1514,49,DIAMOND_11.tif,64,99.657159,8.274006,5.463255,0.398528,0.636985,0.659868,134.949385,4.7461,5.463255,100.000043,0.001042,0.002085,1.4926,6.3090,3.4142,5.1443,2.8047
1515,9,DIAMOND_11.tif,15,99.608999,8.834436,5.541217,-0.627541,-0.242087,-0.739991,154.156494,5.0684,5.541217,100.000000,0.002337,0.003979,3.9470,49.2002,5.7090,7.4169,5.1537
1516,86,DIAMOND_11.tif,117,99.546275,9.512964,5.658903,0.611066,0.648741,0.453577,103.474580,5.4588,5.658903,99.999787,0.000288,0.000977,0.8689,0.7673,1.7960,3.2118,1.3557
1517,46,DIAMOND_11.tif,60,99.423401,10.723574,5.647687,0.654765,0.415553,0.631346,137.009695,6.1560,5.647687,100.000038,0.001143,0.002096,1.8506,8.4267,3.4726,5.0876,2.7590
1518,2,DIAMOND_11.tif,5,99.356404,11.314036,5.397172,0.506887,0.514418,0.691693,174.446014,6.4965,5.397172,99.998512,0.002386,0.004939,6.1317,172.9320,7.2822,10.2853,7.7068
1519,65,DIAMOND_11.tif,89,99.307878,11.742520,5.174339,0.473820,0.873028,0.115395,113.194048,6.7435,5.174339,99.999707,0.000702,0.001873,1.5214,4.2247,2.6691,4.0917,2.1900
1520,33,DIAMOND_11.tif,46,99.222210,12.447338,5.416924,0.383131,0.875525,0.294393,78.660575,7.1504,5.416924,99.999915,0.001110,0.002346,1.7205,10.9902,3.9084,5.2783,3.6731
1521,53,DIAMOND_11.tif,68,99.136197,13.117520,5.112230,0.184271,0.954505,-0.234447,72.505784,7.5375,5.112230,100.000274,0.001691,0.002864,2.8584,12.9675,3.2293,5.8149,3.6615
1522,31,DIAMOND_11.tif,43,99.036988,13.842609,5.561227,-0.325137,0.931986,-0.160273,103.395695,7.9568,5.561227,99.999714,0.001176,0.002595,2.2881,14.1526,3.9969,5.4815,3.1181
1523,20,DIAMOND_11.tif,28,98.932383,14.568014,5.498661,-0.162385,0.957957,0.236535,95.422486,8.3767,5.498661,99.999217,0.000947,0.003341,2.7864,27.0696,4.8153,7.2531,3.5379
1524,57,DIAMOND_11.tif,72,98.786523,15.528861,5.120221,-0.120309,0.975568,0.183830,80.975794,8.9336,5.120221,99.999613,0.000400,0.002106,1.3363,5.3831,3.1630,4.8559,2.6014
1525,15,DIAMOND_11.tif,21,98.636209,16.457688,5.604055,0.479327,0.705742,0.521702,115.986221,9.4727,5.604055,99.999786,0.000960,0.003965,1.8995,20.6013,5.1918,8.8082,3.5099
1526,9,DIAMOND_11.tif,15,98.551477,16.958674,5.231903,-0.635689,0.504779,-0.584036,139.109468,9.7638,5.231903,99.999951,0.002334,0.003979,3.9470,49.2002,5.7090,7.4169,5.1537
1527,64,DIAMOND_11.tif,88,98.375525,17.948791,5.612828,-0.535065,-0.396063,-0.746217,179.432164,10.3400,5.612828,99.999515,0.000864,0.002124,1.8567,5.0007,2.7202,4.2654,2.6024
1528,55,DIAMOND_11.tif,70,98.299331,18.363572,5.531990,0.583460,0.573003,0.575536,131.309292,10.5816,5.531990,99.999896,0.000621,0.002163,1.0843,3.8378,3.2022,5.5103,1.9921
1529,1,DIAMOND_11.tif,2,98.192177,18.922256,5.027819,0.545228,0.595151,0.590357,166.388266,10.9076,5.027819,99.998777,0.002257,0.006119,5.6562,164.9708,8.6371,12.0537,8.6791
1530,13,DIAMOND_11.tif,19,98.059453,19.606398,5.037485,-0.489658,0.795755,-0.356382,91.011526,11.3068,5.037485,100.000335,0.002100,0.003320,2.9475,35.7805,5.3648,6.4651,5.1690
1531,28,DIAMOND_11.tif,39,97.892068,20.423772,5.157477,-0.785128,-0.190143,-0.589423,174.236681,11.7849,5.157477,99.999937,0.001064,0.002843,1.8815,12.9345,4.1524,6.2724,2.7754
1532,69,DIAMOND_11.tif,94,97.698705,21.329210,5.524181,0.615922,0.450594,0.646224,129.802660,12.3154,5.524181,99.999861,0.000821,0.001419,1.6246,3.9163,2.5596,3.7240,2.5617
1533,11,DIAMOND_11.tif,17,97.509514,22.180921,5.654440,0.435546,0.482894,0.759679,125.648690,12.8153,5.654440,100.000493,0.002811,0.004078,3.6234,46.9468,5.4948,8.7637,5.3801
1534,62,DIAMOND_11.tif,85,97.358846,22.831483,5.231211,0.493018,0.515749,0.700668,132.902942,13.1979,5.231211,100.000108,0.000908,0.001843,1.2814,3.6631,2.7672,4.3609,2.4094
1535,31,DIAMOND_11.tif,43,97.159980,23.664580,5.449861,-0.479761,0.872572,0.091914,75.021361,13.6886,5.449861,100.000371,0.001737,0.002595,2.2881,14.1526,3.9969,5.4815,3.1181
1536,26,DIAMOND_11.tif,36,97.007070,24.280547,5.646801,0.637458,0.075372,0.766790,153.922550,14.0522,5.646801,99.999583,0.001039,0.003876,2.3312,18.8512,4.3784,7.3800,3.1732
1537,3,DIAMOND_11.tif,7,96.911879,24.656982,5.532558,0.387265,0.851163,0.354325,97.109532,14.2747,5.532558,99.999395,0.001210,0.004314,2.8709,58.8178,6.8335,8.9491,6.3495
1538,62,DIAMOND_11.tif,85,96.746766,25.299822,5.168820,-0.828959,0.244655,-0.502962,118.277673,14.6550,5.168820,100.000089,0.000836,0.001843,1.2814,3.6631,2.7672,4.3609,2.4094
1539,63,DIAMOND_11.tif,86,96.536733,26.089478,5.535891,0.628912,0.309524,0.713207,174.117657,15.1232,5.535891,100.000009,0.000981,0.001898,1.6842,4.7862,2.7402,4.4393,2.0872
1540,21,DIAMOND_11.tif,30,96.366704,26.709554,5.203500,0.086928,0.980555,0.175940,105.625588,15.4916,5.203500,99.999709,0.001561,0.003125,2.9763,28.1827,4.7784,6.6225,4.2739
1541,89,DIAMOND_11.tif,121,96.169448,27.412777,5.107333,-0.730818,0.434730,-0.526227,117.864369,15.9100,5.107333,100.000115,0.000718,0.001102,1.0614,0.9986,1.7715,3.3185,1.3554
1542,67,DIAMOND_11.tif,92,95.835716,28.557667,5.157962,-0.724990,0.003759,-0.688749,152.054991,16.5933,5.157962,100.000124,0.001340,0.001376,2.0946,4.5898,2.6204,4.5504,2.8789
1543,58,DIAMOND_11.tif,75,95.781656,28.738781,5.017407,0.560389,0.346667,0.752187,172.014636,16.7016,5.017407,100.000216,0.001435,0.001974,1.9681,7.3225,3.0932,4.1138,3.0493
1544,34,DIAMOND_11.tif,47,95.508380,29.632876,5.238799,0.476413,0.204156,0.855190,178.414821,17.2373,5.238799,99.999790,0.001453,0.002302,2.9789,15.7966,3.8776,5.9808,3.6253
1545,75,DIAMOND_11.tif,101,95.180299,30.669985,5.492586,0.666566,0.516842,0.537182,171.679300,17.8605,5.492586,99.999686,0.000578,0.001537,1.3371,2.8298,2.4174,3.5397,1.9346
1546,31,DIAMOND_11.tif,43,95.068361,31.015290,5.028565,0.546982,0.117654,0.828836,166.022282,18.0685,5.028565,99.999707,0.001264,0.002595,2.2881,14.1526,3.9969,5.4815,3.1181
1547,55,DIAMOND_11.tif,70,94.769271,31.917542,5.589248,-0.819865,-0.245391,-0.517305,153.718163,18.6131,5.589248,99.999721,0.000855,0.002163,1.0843,3.8378,3.2022,5.5103,1.9921
1548,60,DIAMOND_11.tif,80,94.544846,32.577020,5.434347,-0.616168,0.509065,-0.600991,127.366972,19.0123,5.434347,99.999950,0.000895,0.002137,1.4643,4.1488,2.9714,4.2915,2.4134
1549,44,DIAMOND_11.tif,57,94.334100,33.183468,5.415148,-0.738522,0.673365,-0.034132,111.156276,19.3801,5.415148,100.000325,0.001675,0.002282,2.3842,12.0878,3.5350,4.8545,3.2090
1550,63,DIAMOND_11.tif,86,94.061870,33.946539,5.572136,-0.680207,-0.068656,-0.729798,162.219804,19.8443,5.572136,100.000014,0.000977,0.001898,1.6842,4.7862,2.7402,4.4393,2.0872
1551,51,DIAMOND_11.tif,66,93.608757,35.175001,5.387496,-0.569487,0.078959,-0.818199,160.249826,20.5945,5.387496,99.999400,0.000709,0.001784,2.1914,9.0469,3.3613,4.8757,3.1654
1552,47,DIAMOND_11.tif,61,93.226329,36.177036,5.031344,0.575438,0.638559,0.510993,116.346910,21.2090,5.031344,99.999632,0.000715,0.001989,1.5957,6.0222,3.4562,5.2254,2.4746
1553,64,DIAMOND_11.tif,88,93.063441,36.594156,5.665922,-0.609309,0.356355,-0.708346,135.244838,21.4656,5.665922,99.999682,0.000854,0.002124,1.8567,5.0007,2.7202,4.2654,2.6024
1554,50,DIAMOND_11.tif,65,92.929957,36.933417,5.432742,0.565286,0.518183,0.641824,146.198172,21.6745,5.432742,100.000271,0.001901,0.002633,2.7839,13.2921,3.4104,5.3330,3.1854
1555,62,DIAMOND_11.tif,85,92.623162,37.695732,5.508100,-0.831676,0.273762,-0.483083,113.841878,22.1453,5.508100,100.000092,0.000855,0.001843,1.2814,3.6631,2.7672,4.3609,2.4094
1556,44,DIAMOND_11.tif,57,92.266317,38.560502,5.391790,-0.557023,0.320479,-0.766171,110.854734,22.6813,5.391790,99.999928,0.001368,0.002282,2.3842,12.0878,3.5350,4.8545,3.2090
1557,34,DIAMOND_11.tif,47,91.938899,39.334069,5.228033,-0.530527,0.788433,-0.311313,111.921837,23.1626,5.228033,99.999650,0.001363,0.002302,2.9789,15.7966,3.8776,5.9808,3.6253
1558,88,DIAMOND_11.tif,119,91.799359,39.659570,5.325774,-0.244211,0.963515,0.109542,77.901321,23.3655,5.325774,100.000019,0.000663,0.000959,1.1525,1.0033,1.7887,2.4278,1.4411
1559,62,DIAMOND_11.tif,85,91.335465,40.716296,5.383625,-0.050487,0.992032,0.115431,89.865669,24.0268,5.383625,99.999920,0.000715,0.001843,1.2814,3.6631,2.7672,4.3609,2.4094
1560,37,DIAMOND_11.tif,50,91.175139,41.073897,5.544434,-0.406954,0.838368,-0.362667,104.281153,24.2513,5.544434,99.999855,0.001475,0.002543,2.7966,14.0539,3.6655,5.3763,2.9527
1561,78,DIAMOND_11.tif,107,90.700083,42.112939,5.620404,-0.762188,0.183011,-0.620947,127.871903,24.9059,5.620404,100.000024,0.000616,0.001257,1.0492,1.5797,2.1114,3.1644,1.6405
1562,54,DIAMOND_11.tif,69,90.474819,42.595182,5.510665,-0.705093,0.273944,-0.654063,90.560357,25.2109,5.510665,100.000212,0.001681,0.001772,2.6298,11.4450,3.2266,4.1702,3.0906
1563,13,DIAMOND_11.tif,19,90.225088,43.120685,5.395124,-0.835801,0.028536,-0.548291,132.357878,25.5442,5.395124,99.999799,0.001549,0.003320,2.9475,35.7805,5.3648,6.4651,5.1690
1564,42,DIAMOND_11.tif,55,89.787839,44.024276,5.009345,0.243533,0.756883,0.606481,112.222677,26.1194,5.009345,99.999965,0.000958,0.002566,1.5202,7.5887,3.5473,5.7553,2.4714
1565,18,DIAMOND_11.tif,25,89.395289,44.816696,5.075896,-0.598041,0.707029,-0.377435,104.369310,26.6261,5.075896,100.000269,0.002231,0.005001,3.3099,34.0561,5.0622,9.5853,4.0570
1566,19,DIAMOND_11.tif,26,89.186571,45.230239,5.553886,0.712957,0.208377,0.669530,171.001311,26.8915,5.553886,100.000095,0.001832,0.002910,2.8154,28.5622,4.9632,6.3715,4.5700
1567,82,DIAMOND_11.tif,112,88.749124,46.082310,5.603077,-0.484214,0.871346,0.079325,93.220239,27.4403,5.603077,99.999931,0.000480,0.001063,0.9030,0.7351,1.8746,3.8780,1.5251
1568,33,DIAMOND_11.tif,46,88.664819,46.244006,5.681146,0.171585,0.827718,0.534268,119.806298,27.5447,5.681146,99.999791,0.000843,0.002346,1.7205,10.9902,3.9084,5.2783,3.6731
1569,68,DIAMOND_11.tif,93,88.028177,47.445414,5.660284,-0.755139,0.135987,-0.641305,165.627624,28.3238,5.660284,100.000137,0.000972,0.001412,1.3482,2.1485,2.6095,5.4768,1.9975
1570,45,DIAMOND_11.tif,59,87.972881,47.547926,5.373571,-0.140635,0.978441,0.151244,107.998347,28.3905,5.373571,100.000165,0.001302,0.002488,1.8303,8.5307,3.4820,5.4290,2.7115
1571,74,DIAMOND_11.tif,100,87.331068,48.716136,5.070760,-0.477012,0.868308,-0.136015,95.672433,29.1542,5.070760,99.999887,0.000563,0.001702,1.2176,2.6595,2.4300,3.7079,1.8246
1572,25,DIAMOND_11.tif,34,87.174677,48.995893,5.234791,-0.674148,-0.137003,-0.725779,154.842415,29.3378,5.234791,100.000109,0.001455,0.002554,2.2688,18.2938,4.4457,5.4925,3.9077
1573,43,DIAMOND_11.tif,56,86.879131,49.518135,5.312253,0.490846,0.667296,0.560167,175.518330,29.6817,5.312253,100.000145,0.001242,0.002704,1.9246,9.2034,3.5430,6.1170,2.4588
1574,65,DIAMOND_11.tif,89,99.999776,0.218204,6.177802,0.662116,0.215191,0.717840,154.762454,0.1250,6.177802,100.000014,0.000896,0.001873,1.5214,4.2247,2.6691,4.0917,2.1900
1575,19,DIAMOND_11.tif,26,99.994339,1.049879,5.965509,-0.566537,0.510594,-0.646784,152.440182,0.6015,5.965509,99.999850,0.001629,0.002910,2.8154,28.5622,4.9632,6.3715,4.5700
1576,20,DIAMOND_11.tif,28,99.986857,1.600817,6.296849,0.234220,0.936485,0.261031,98.878604,0.9172,6.296849,99.999671,0.001332,0.003341,2.7864,27.0696,4.8153,7.2531,3.5379
1577,2,DIAMOND_11.tif,5,99.964346,2.650684,5.785483,-0.287980,0.723500,-0.627387,127.167206,1.5189,5.785483,99.999483,0.003182,0.004939,6.1317,172.9320,7.2822,10.2853,7.7068
1578,63,DIAMOND_11.tif,86,99.935396,3.587334,5.745508,-0.156109,0.881635,-0.445364,110.719939,2.0558,5.745508,99.999762,0.000743,0.001898,1.6842,4.7862,2.7402,4.4393,2.0872
1579,10,DIAMOND_11.tif,16,99.932615,3.669582,5.925521,0.631354,0.385242,0.673039,109.969105,2.1030,5.925521,99.999967,0.002042,0.003521,3.4750,44.9521,5.5565,6.9330,4.8288
1580,37,DIAMOND_11.tif,50,99.880070,4.900004,6.115880,-0.664227,0.245099,-0.706207,106.426424,2.8086,6.115880,100.000192,0.001702,0.002543,2.7966,14.0539,3.6655,5.3763,2.9527
1581,27,DIAMOND_11.tif,37,99.856782,5.345259,6.346691,-0.572514,0.430210,-0.697959,143.041624,3.0641,6.346691,99.999744,0.001041,0.003142,1.8285,13.4607,4.3256,6.4516,2.9485
1582,65,DIAMOND_11.tif,89,99.824903,5.909152,6.098118,0.329357,0.851018,0.409014,96.323455,3.3877,6.098118,99.999647,0.000571,0.001873,1.5214,4.2247,2.6691,4.0917,2.1900
1583,75,DIAMOND_11.tif,101,99.764717,6.854808,5.764872,0.159160,0.952889,0.258208,99.029533,3.9306,5.764872,99.999936,0.000702,0.001537,1.3371,2.8298,2.4174,3.5397,1.9346
1584,75,DIAMOND_11.tif,101,99.699215,7.749316,6.026765,-0.542091,0.696382,-0.470308,107.232018,4.4445,6.026765,99.999927,0.000692,0.001537,1.3371,2.8298,2.4174,3.5397,1.9346
1585,18,DIAMOND_11.tif,25,99.658004,8.260304,6.221139,0.680927,0.164284,0.713687,167.372954,4.7382,6.221139,99.999752,0.001696,0.005001,3.3099,34.0561,5.0622,9.5853,4.0570
1586,38,DIAMOND_11.tif,51,99.584920,9.095980,5.855790,0.231796,0.959499,0.160099,63.215313,5.2189,5.855790,99.999466,0.001063,0.002018,2.6315,13.7149,3.6601,4.6655,3.7508
1587,57,DIAMOND_11.tif,72,99.491326,10.072861,6.081250,0.693249,-0.003280,0.720690,160.865796,5.7811,6.081250,99.999932,0.000807,0.002106,1.3363,5.3831,3.1630,4.8559,2.6014
1588,8,DIAMOND_11.tif,12,99.472021,10.262719,6.402634,-0.799587,0.031075,-0.599745,167.257180,5.8905,6.402634,100.000032,0.002482,0.004457,3.9078,33.8063,5.7696,7.9445,6.2466
1589,74,DIAMOND_11.tif,100,99.330820,11.550407,5.945543,-0.429324,0.718706,-0.546940,127.589167,6.6327,5.945543,100.000119,0.000804,0.001702,1.2176,2.6595,2.4300,3.7079,1.8246
1590,86,DIAMOND_11.tif,117,99.276337,12.008378,6.320849,0.321050,0.861709,0.392918,110.027594,6.8969,6.320849,99.999961,0.000485,0.000977,0.8689,0.7673,1.7960,3.2118,1.3557
1591,5,DIAMOND_11.tif,9,99.167592,12.873647,5.812456,0.587387,0.626506,0.512316,125.370863,7.3966,5.812456,99.999710,0.001781,0.006009,3.1391,40.8061,6.1473,13.2068,5.9658
1592,36,DIAMOND_11.tif,49,99.083944,13.504948,6.403650,0.623385,0.322872,0.712141,165.203492,7.7615,6.403650,100.000058,0.001600,0.002514,2.6690,14.7684,3.7620,5.7388,3.0158
1593,86,DIAMOND_11.tif,117,98.957645,14.401200,6.289543,0.850555,0.122251,0.511480,175.782773,8.2801,6.289543,100.000050,0.000581,0.000977,0.8689,0.7673,1.7960,3.2118,1.3557
1594,84,DIAMOND_11.tif,114,98.888830,14.865274,6.200420,0.510104,0.142075,0.848297,153.050315,8.5489,6.200420,99.999885,0.000491,0.000972,1.0243,1.0199,1.8594,4.2266,1.6501
1595,28,DIAMOND_11.tif,39,98.819314,15.320515,5.799359,-0.739864,0.024671,-0.672304,148.492195,8.8127,5.799359,99.999875,0.000990,0.002843,1.8815,12.9345,4.1524,6.2724,2.7754
1596,49,DIAMOND_11.tif,64,98.625291,16.522380,6.132250,-0.683520,0.635849,-0.358464,110.550884,9.5103,6.132250,99.999685,0.000621,0.002085,1.4926,6.3090,3.4142,5.1443,2.8047
1597,54,DIAMOND_11.tif,69,98.569460,16.854622,5.918407,-0.867462,0.070471,-0.492486,142.993754,9.7033,5.918407,100.000084,0.001557,0.001772,2.6298,11.4450,3.2266,4.1702,3.0906
1598,15,DIAMOND_11.tif,21,98.240630,18.673429,6.072511,-0.506023,0.191603,-0.840969,165.762363,10.7623,6.072511,99.999591,0.001234,0.003965,1.8995,20.6013,5.1918,8.8082,3.5099
1599,36,DIAMOND_11.tif,49,98.114362,19.326705,5.778895,0.467956,0.460972,0.754004,169.039343,11.1435,5.778895,99.999748,0.001293,0.002514,2.6690,14.7684,3.7620,5.7388,3.0158
1600,75,DIAMOND_11.tif,101,97.944676,20.169928,6.322677,0.284399,0.683078,0.672697,151.285448,11.6364,6.322677,99.999928,0.000708,0.001537,1.3371,2.8298,2.4174,3.5397,1.9346
1601,43,DIAMOND_11.tif,56,97.872022,20.519336,6.059436,0.580755,0.686693,0.437236,150.592304,11.8408,6.059436,99.999880,0.000956,0.002704,1.9246,9.2034,3.5430,6.1170,2.4588
1602,37,DIAMOND_11.tif,50,97.776624,20.968630,6.261731,-0.721052,0.105850,-0.684748,151.153261,12.1040,6.261731,99.999759,0.001385,0.002543,2.7966,14.0539,3.6655,5.3763,2.9527
1603,58,DIAMOND_11.tif,75,97.592192,21.811320,6.022498,-0.089127,0.851121,0.517349,86.050564,12.5983,6.022498,99.999848,0.001027,0.001974,1.9681,7.3225,3.0932,4.1138,3.0493
1604,25,DIAMOND_11.tif,34,97.428561,22.529605,6.266970,-0.219589,0.973812,0.058909,118.315756,13.0203,6.266970,99.999538,0.000911,0.002554,2.2688,18.2938,4.4457,5.4925,3.9077
1605,1,DIAMOND_11.tif,2,97.155157,23.681758,6.354429,-0.715867,0.179555,-0.674755,143.621505,13.6988,6.354429,99.999751,0.003083,0.006119,5.6562,164.9708,8.6371,12.0537,8.6791
1606,83,DIAMOND_11.tif,113,97.043587,24.137455,6.179327,0.535558,0.813792,0.225656,112.987104,13.9676,6.179327,100.000372,0.001158,0.000941,1.4266,1.4270,1.8641,2.4419,1.5819
1607,19,DIAMOND_11.tif,26,96.863062,24.848153,6.372535,0.298174,0.933877,0.197400,96.364524,14.3878,6.372535,99.999417,0.001185,0.002910,2.8154,28.5622,4.9632,6.3715,4.5700
1608,43,DIAMOND_11.tif,56,96.695790,25.491868,6.298079,-0.879718,0.257493,-0.399741,105.690154,14.7688,6.298079,99.999556,0.001048,0.002704,1.9246,9.2034,3.5430,6.1170,2.4588
1609,6,DIAMOND_11.tif,10,96.558916,26.005860,6.189294,-0.825491,-0.039473,-0.563033,140.518437,15.0736,6.189294,99.999645,0.001794,0.004622,3.4530,60.7001,6.0513,9.2148,6.4010
1610,22,DIAMOND_11.tif,31,96.374169,26.681742,6.302830,0.092173,0.785974,0.611350,95.507452,15.4751,6.302830,99.999479,0.001091,0.002945,2.5253,24.2589,4.7564,6.2282,3.9129
1611,82,DIAMOND_11.tif,112,96.063569,27.781878,6.034451,-0.440506,0.726956,-0.526773,95.535806,16.1300,6.034451,100.000210,0.000707,0.001063,0.9030,0.7351,1.8746,3.8780,1.5251
1612,11,DIAMOND_11.tif,17,95.809242,28.647204,5.761774,-0.702098,0.520278,-0.486179,116.595503,16.6468,5.761774,100.000366,0.002578,0.004078,3.6234,46.9468,5.4948,8.7637,5.3801
1613,45,DIAMOND_11.tif,59,95.717334,28.952182,6.386187,0.535722,0.581780,0.611992,117.245758,16.8293,6.386187,100.000184,0.001370,0.002488,1.8303,8.5307,3.4820,5.4290,2.7115
1614,93,DIAMOND_11.tif,127,95.418023,29.922299,5.874270,0.057502,0.965647,-0.253416,86.244329,17.4110,5.874270,99.999715,0.000361,0.001315,0.5114,0.3031,1.4226,3.4884,0.7241
1615,78,DIAMOND_11.tif,107,95.209403,30.580092,6.384456,-0.517069,0.393059,-0.760358,125.056478,17.8064,6.384456,99.999863,0.000517,0.001257,1.0492,1.5797,2.1114,3.1644,1.6405
1616,1,DIAMOND_11.tif,2,94.960999,31.345695,5.864557,-0.499507,0.741219,-0.448428,127.714489,18.2676,5.864557,100.000720,0.003922,0.006119,5.6562,164.9708,8.6371,12.0537,8.6791
1617,86,DIAMOND_11.tif,117,94.703955,32.111855,6.299604,0.341166,0.723059,0.600660,114.212146,18.7306,6.299604,100.000051,0.000548,0.000977,0.8689,0.7673,1.7960,3.2118,1.3557
1618,22,DIAMOND_11.tif,31,94.504043,32.693010,6.029906,0.217206,0.842803,0.492447,80.325411,19.0827,6.029906,99.999235,0.000798,0.002945,2.5253,24.2589,4.7564,6.2282,3.9129
1619,33,DIAMOND_11.tif,46,94.347685,33.143171,6.352150,0.400828,0.760493,0.510869,121.513748,19.3557,6.352150,99.999778,0.000836,0.002346,1.7205,10.9902,3.9084,5.2783,3.6731
1620,45,DIAMOND_11.tif,59,94.056612,33.959525,6.241202,-0.348616,0.936203,-0.044612,76.585026,19.8523,6.241202,99.999478,0.000606,0.002488,1.8303,8.5307,3.4820,5.4290,2.7115
1621,15,DIAMOND_11.tif,21,93.870327,34.472101,6.305432,-0.446577,0.859636,-0.248184,94.983699,20.1648,6.305432,99.999820,0.000978,0.003965,1.8995,20.6013,5.1918,8.8082,3.5099
1622,34,DIAMOND_11.tif,47,93.688534,34.963233,6.080804,-0.671166,0.719229,-0.179569,128.472356,20.4649,6.080804,99.999845,0.001508,0.002302,2.9789,15.7966,3.8776,5.9808,3.6253
1623,21,DIAMOND_11.tif,30,93.291164,36.008657,6.273936,-0.796606,0.243225,-0.553408,121.416435,21.1057,6.273936,99.999323,0.001123,0.003125,2.9763,28.1827,4.7784,6.6225,4.2739
1624,81,DIAMOND_11.tif,111,93.153523,36.365159,5.880698,-0.526988,0.849036,0.037697,109.930596,21.3246,5.880698,100.000018,0.000661,0.001027,1.0254,1.0043,1.8804,3.7282,1.4915
1625,8,DIAMOND_11.tif,12,92.755469,37.369692,6.015163,0.608418,0.268168,0.746936,169.088568,21.9437,6.015163,100.000354,0.002609,0.004457,3.9078,33.8063,5.7696,7.9445,6.2466
1626,32,DIAMOND_11.tif,45,92.478946,38.048024,5.838515,-0.153682,0.860636,0.485476,114.668612,22.3634,5.838515,100.000037,0.001241,0.002670,2.1119,12.6641,3.9129,5.6350,2.7141
1627,46,DIAMOND_11.tif,60,92.312416,38.450280,5.846408,-0.695010,0.685009,-0.218458,102.161935,22.6129,5.846408,100.000031,0.001122,0.002096,1.8506,8.4267,3.4726,5.0876,2.7590
1628,23,DIAMOND_11.tif,32,91.912230,39.396605,6.091503,0.123424,0.779886,0.613633,132.667413,23.2016,6.091503,99.999752,0.001349,0.003253,2.5047,21.3131,4.6565,8.4243,3.7626
1629,30,DIAMOND_11.tif,42,91.798098,39.661728,5.879656,-0.574605,0.166827,-0.801248,120.569103,23.3669,5.879656,99.999717,0.001089,0.002952,2.1106,13.7130,4.0306,5.7484,3.2738
1630,56,DIAMOND_11.tif,71,91.310495,40.772985,5.922150,-0.676764,-0.202872,-0.707696,166.760262,24.0623,5.922150,100.000215,0.001578,0.001714,2.3265,8.6456,3.1857,4.7472,2.8980
1631,2,DIAMOND_11.tif,5,90.949590,41.569849,5.843855,-0.661949,-0.444640,-0.603423,177.955953,24.5635,5.843855,99.999401,0.003320,0.004939,6.1317,172.9320,7.2822,10.2853,7.7068
1632,81,DIAMOND_11.tif,111,90.795981,41.905296,5.899582,-0.619280,0.785140,-0.006925,98.868833,24.7749,5.899582,99.999820,0.000429,0.001027,1.0254,1.0043,1.8804,3.7282,1.4915
1633,41,DIAMOND_11.tif,54,90.478492,42.585606,6.361967,0.369954,0.789546,0.489644,132.074914,25.2050,6.361967,99.999457,0.000955,0.002319,2.5103,9.7759,3.5999,5.6881,3.3332
1634,67,DIAMOND_11.tif,92,90.301892,42.959493,6.278767,-0.602400,-0.254091,-0.756671,143.346326,25.4419,6.278767,99.999748,0.000963,0.001376,2.0946,4.5898,2.6204,4.5504,2.8789
1635,54,DIAMOND_11.tif,69,89.877690,43.840179,6.133212,-0.744670,0.473502,-0.470385,104.726707,26.0020,6.133212,99.999802,0.001342,0.001772,2.6298,11.4450,3.2266,4.1702,3.0906
1636,52,DIAMOND_11.tif,67,89.670460,44.262577,6.086864,0.326318,0.782794,0.529859,134.538970,26.2716,6.086864,99.999836,0.000565,0.002097,1.1861,4.6602,3.3404,4.9386,2.4029
1637,15,DIAMOND_11.tif,21,89.287027,45.030337,6.130199,-0.514202,0.856955,0.034996,72.427225,26.7633,6.130199,99.999522,0.000848,0.003965,1.8995,20.6013,5.1918,8.8082,3.5099
1638,8,DIAMOND_11.tif,12,88.859362,45.868015,6.298819,-0.216293,0.886782,0.408455,88.180203,27.3022,6.298819,99.999305,0.001655,0.004457,3.9078,33.8063,5.7696,7.9445,6.2466
1639,91,DIAMOND_11.tif,123,88.568106,46.429434,6.041995,-0.083772,0.886798,0.454502,95.061856,27.6646,6.041995,100.000008,0.000522,0.000853,0.8947,0.6195,1.7441,3.8088,1.3476
1640,62,DIAMOND_11.tif,85,88.237582,47.054061,5.859805,0.039228,0.900344,0.433408,101.854568,28.0695,5.859805,99.999778,0.000524,0.001843,1.2814,3.6631,2.7672,4.3609,2.4094
1641,29,DIAMOND_11.tif,41,87.874942,47.728466,6.180205,-0.771869,0.268904,-0.576115,118.155444,28.5082,6.180205,100.000060,0.001594,0.004448,2.6907,13.0309,4.0409,8.2103,2.9520
1642,45,DIAMOND_11.tif,59,87.487176,48.434845,5.781249,-0.762141,0.484309,-0.429634,108.219178,28.9699,5.781249,99.999701,0.000788,0.002488,1.8303,8.5307,3.4820,5.4290,2.7115
1643,40,DIAMOND_11.tif,53,87.302675,48.766540,6.300273,-0.135911,0.857838,0.495623,88.430659,29.1874,6.300273,99.999662,0.001099,0.001744,2.4428,10.0562,3.6011,4.7617,3.8130
1644,20,DIAMOND_11.tif,28,86.673051,49.876341,5.751042,-0.752041,-0.338430,-0.565597,144.172954,29.9184,5.751042,99.999336,0.001231,0.003341,2.7864,27.0696,4.8153,7.2531,3.5379
1645,58,DIAMOND_11.tif,75,99.998455,0.517413,6.537281,0.095495,0.989017,0.112808,90.142689,0.2965,6.537281,99.999793,0.000937,0.001974,1.9681,7.3225,3.0932,4.1138,3.0493
1646,11,DIAMOND_11.tif,17,99.995577,0.919153,6.972246,0.574088,0.773759,0.267807,117.908899,0.5266,6.972246,99.999801,0.002035,0.004078,3.6234,46.9468,5.4948,8.7637,5.3801
1647,71,DIAMOND_11.tif,97,99.984456,1.796488,7.114304,0.832876,0.211807,0.511326,178.341766,1.0294,7.114304,100.000594,0.001697,0.001354,2.0459,4.2073,2.5244,4.2107,2.6742
1648,32,DIAMOND_11.tif,45,99.959576,2.828231,6.935451,-0.623686,0.016776,-0.781495,169.642232,1.6207,6.935451,99.999579,0.000768,0.002670,2.1119,12.6641,3.9129,5.6350,2.7141
1649,16,DIAMOND_11.tif,23,99.940028,3.466950,6.833402,0.171483,0.952155,0.252971,108.077509,1.9868,6.833402,100.000145,0.001753,0.003237,2.7689,29.7209,5.0816,6.9039,4.0796
1650,59,DIAMOND_11.tif,79,99.907074,4.311004,6.658934,-0.604913,0.236505,-0.760359,127.316121,2.4708,6.658934,100.000041,0.000977,0.001565,1.6120,4.0482,2.9984,6.3629,2.3502
1651,79,DIAMOND_11.tif,108,99.881452,4.869112,6.669350,0.529486,0.534679,0.658607,121.079733,2.7909,6.669350,100.000064,0.000781,0.001161,1.2667,1.9946,2.1052,2.6837,1.8637
1652,64,DIAMOND_11.tif,88,99.864752,5.204687,6.727317,0.781349,0.404255,0.475470,137.829327,2.9834,6.727317,100.000287,0.001284,0.002124,1.8567,5.0007,2.7202,4.2654,2.6024
1653,76,DIAMOND_11.tif,102,99.818822,6.015504,6.863855,0.065890,0.954830,0.289757,100.390246,3.4487,6.863855,99.999917,0.000718,0.001500,1.4710,2.5364,2.3662,4.0879,1.6961
1654,10,DIAMOND_11.tif,16,99.760360,6.923358,6.897974,0.100952,0.927457,0.360044,125.724400,3.9700,6.897974,100.000311,0.002416,0.003521,3.4750,44.9521,5.5565,6.9330,4.8288
1655,58,DIAMOND_11.tif,75,99.671423,8.097918,6.649266,0.582127,0.629784,0.514296,124.547737,4.6449,6.649266,99.999844,0.001038,0.001974,1.9681,7.3225,3.0932,4.1138,3.0493
1656,85,DIAMOND_11.tif,116,99.606056,8.866409,7.004266,-0.380747,0.870279,-0.312485,102.626104,5.0868,7.004266,99.999898,0.000901,0.001015,1.7382,1.7991,1.8262,2.8805,2.4057
1657,50,DIAMOND_11.tif,65,99.496656,10.018603,6.790918,-0.017735,0.971664,0.235700,73.195894,5.7499,6.790918,99.999785,0.001452,0.002633,2.7839,13.2921,3.4104,5.3330,3.1854
1658,38,DIAMOND_11.tif,51,99.461923,10.353791,6.839248,0.403282,0.671285,0.621884,122.559482,5.9430,6.839248,99.999376,0.000935,0.002018,2.6315,13.7149,3.6601,4.6655,3.7508
1659,76,DIAMOND_11.tif,102,99.326213,11.586942,6.454949,-0.702245,-0.078325,-0.707614,179.984639,6.6538,6.454949,99.999769,0.000610,0.001500,1.4710,2.5364,2.3662,4.0879,1.6961
1660,13,DIAMOND_11.tif,19,99.293196,11.865402,6.446120,-0.477861,-0.043162,-0.877374,172.470352,6.8145,6.446120,99.999632,0.001603,0.003320,2.9475,35.7805,5.3648,6.4651,5.1690
1661,45,DIAMOND_11.tif,59,99.178500,12.791711,7.012230,-0.527352,-0.237669,-0.815729,178.390767,7.3492,7.012230,100.000014,0.001175,0.002488,1.8303,8.5307,3.4820,5.4290,2.7115
1662,28,DIAMOND_11.tif,39,99.127281,13.180248,6.895191,-0.685414,0.175214,-0.706759,152.467592,7.5738,6.895191,99.999684,0.000802,0.002843,1.8815,12.9345,4.1524,6.2724,2.7754
1663,72,DIAMOND_11.tif,98,99.036578,13.846666,6.554998,-0.709602,0.354609,-0.608866,138.231886,7.9591,6.554998,99.999870,0.000567,0.001574,1.2045,2.3662,2.4860,3.5061,1.6844
1664,74,DIAMOND_11.tif,100,98.839734,15.188603,6.971217,0.721280,0.072805,0.688807,174.252689,8.7362,6.971217,99.999934,0.000699,0.001702,1.2176,2.6595,2.4300,3.7079,1.8246
1665,17,DIAMOND_11.tif,24,98.802074,15.430212,6.894270,0.008242,0.994328,0.106040,97.059303,8.8764,6.894270,99.999707,0.001627,0.003714,3.2720,34.6917,5.0674,7.1263,4.3787
1666,84,DIAMOND_11.tif,114,98.664058,16.290636,6.543150,-0.515017,0.133000,-0.846799,165.298613,9.3756,6.543150,99.999906,0.000574,0.000972,1.0243,1.0199,1.8594,4.2266,1.6501
1667,66,DIAMOND_11.tif,91,98.567897,16.863687,6.729273,-0.698514,0.078761,-0.711249,137.528327,9.7086,6.729273,100.000071,0.001038,0.001655,1.6486,3.4815,2.6461,4.8219,1.9912
1668,77,DIAMOND_11.tif,104,98.430409,17.647579,6.437221,-0.752761,0.648887,-0.110892,104.459006,10.1646,6.437221,99.999912,0.000772,0.001103,1.4701,2.4381,2.1917,2.8805,2.0602
1669,91,DIAMOND_11.tif,123,98.254235,18.603180,6.451595,-0.608177,0.294382,-0.737197,166.772364,10.7213,6.451595,99.999865,0.000379,0.000853,0.8947,0.6195,1.7441,3.8088,1.3476
1670,32,DIAMOND_11.tif,45,98.196550,18.904960,7.034989,0.553670,0.563208,0.613389,134.649426,10.8973,7.034989,99.999799,0.001054,0.002670,2.1119,12.6641,3.9129,5.6350,2.7141
1671,62,DIAMOND_11.tif,85,98.062661,19.587486,6.891144,0.675437,0.226000,0.701932,161.375172,11.2959,6.891144,99.999775,0.000560,0.001843,1.2814,3.6631,2.7672,4.3609,2.4094
1672,84,DIAMOND_11.tif,114,97.789301,20.909345,6.711052,0.410914,0.888336,0.204962,126.039088,12.0693,6.711052,99.999741,0.000382,0.000972,1.0243,1.0199,1.8594,4.2266,1.6501
1673,13,DIAMOND_11.tif,19,97.738424,21.147098,7.040170,-0.021008,0.812125,0.583105,113.103841,12.2086,7.040170,99.999996,0.001810,0.003320,2.9475,35.7805,5.3648,6.4651,5.1690
1674,44,DIAMOND_11.tif,57,97.478822,22.311992,7.115000,0.279560,0.945114,0.169132,109.478849,12.8924,7.115000,99.999729,0.001128,0.002282,2.3842,12.0878,3.5350,4.8545,3.2090
1675,65,DIAMOND_11.tif,89,97.464331,22.375102,6.757189,0.502176,0.445012,0.741474,142.065802,12.9295,6.757189,99.999705,0.000640,0.001873,1.5214,4.2247,2.6691,4.0917,2.1900
1676,46,DIAMOND_11.tif,60,97.268455,23.211924,6.830780,-0.661225,0.059929,-0.747790,172.299256,13.4219,6.830780,99.999729,0.000821,0.002096,1.8506,8.4267,3.4726,5.0876,2.7590
1677,25,DIAMOND_11.tif,34,97.076744,24.002214,6.978791,-0.679192,0.621628,-0.390228,127.158611,13.8878,6.978791,100.000003,0.001419,0.002554,2.2688,18.2938,4.4457,5.4925,3.9077
1678,67,DIAMOND_11.tif,92,96.857661,24.870331,6.818328,-0.106101,0.945233,0.308670,72.380786,14.4008,6.818328,99.999700,0.000878,0.001376,2.0946,4.5898,2.6204,4.5504,2.8789
1679,43,DIAMOND_11.tif,56,96.650588,25.663504,6.474214,0.765224,-0.052061,0.641655,172.842667,14.8705,6.474214,99.999758,0.001075,0.002704,1.9246,9.2034,3.5430,6.1170,2.4588
1680,26,DIAMOND_11.tif,36,96.555291,26.019316,6.531020,-0.441883,0.466667,-0.766134,121.356218,15.0816,6.531020,99.999645,0.001348,0.003876,2.3312,18.8512,4.3784,7.3800,3.1732
1681,12,DIAMOND_11.tif,18,96.262224,27.081544,6.572080,0.639153,0.145895,0.755115,164.002721,15.7129,6.572080,99.999129,0.001845,0.003286,4.4296,55.1674,5.4697,6.8900,5.8682
1682,23,DIAMOND_11.tif,32,96.064304,27.776056,6.734238,-0.636715,0.622857,-0.454581,142.466818,16.1267,6.734238,99.999299,0.001084,0.003253,2.5047,21.3131,4.6565,8.4243,3.7626
1683,95,DIAMOND_11.tif,130,95.945281,28.186669,6.587397,-0.750946,-0.087414,-0.654552,173.956781,16.3717,6.587397,99.999926,0.000371,0.000520,0.7720,0.3081,1.2082,1.4787,1.0867
1684,79,DIAMOND_11.tif,108,95.601679,29.330154,7.129178,0.087995,0.714279,0.694307,102.920419,17.0558,7.129178,99.999694,0.000427,0.001161,1.2667,1.9946,2.1052,2.6837,1.8637
1685,26,DIAMOND_11.tif,36,95.506477,29.639187,6.435796,0.030017,0.998396,-0.048005,109.543169,17.2410,6.435796,99.999843,0.001367,0.003876,2.3312,18.8512,4.3784,7.3800,3.1732
1686,65,DIAMOND_11.tif,89,95.281864,30.353206,6.450815,-0.417737,0.907715,0.039359,121.945819,17.6699,6.450815,99.999754,0.000699,0.001873,1.5214,4.2247,2.6691,4.0917,2.1900
1687,0,DIAMOND_11.tif,1,95.132153,30.815605,6.964495,-0.013464,0.999869,0.008965,89.159551,17.9484,6.964495,99.998640,0.002725,0.006616,6.5389,193.8738,8.8984,12.5805,9.1749
1688,13,DIAMOND_11.tif,19,94.747071,31.983592,6.955315,-0.765620,0.134900,-0.628990,145.888398,18.6530,6.955315,99.999788,0.001556,0.003320,2.9475,35.7805,5.3648,6.4651,5.1690
1689,21,DIAMOND_11.tif,30,94.504764,32.692847,6.960924,-0.801264,-0.010504,-0.598219,154.769175,19.0825,6.960924,99.999864,0.001682,0.003125,2.9763,28.1827,4.7784,6.6225,4.2739
1690,69,DIAMOND_11.tif,94,94.250206,33.419747,6.950851,0.792811,0.223153,0.567145,161.351675,19.5238,6.950851,99.999904,0.000835,0.001419,1.6246,3.9163,2.5596,3.7240,2.5617
1691,10,DIAMOND_11.tif,16,94.018938,34.065926,6.764239,-0.738880,0.334873,-0.584736,119.166841,19.9170,6.764239,100.000241,0.002298,0.003521,3.4750,44.9521,5.5565,6.9330,4.8288
1692,58,DIAMOND_11.tif,75,93.860692,34.499247,6.952004,-0.594403,-0.041991,-0.803070,138.136559,20.1813,6.952004,100.000138,0.001384,0.001974,1.9681,7.3225,3.0932,4.1138,3.0493
1693,17,DIAMOND_11.tif,24,93.601565,35.193844,6.599527,0.610093,0.278858,0.741637,179.649602,20.6061,6.599527,99.999298,0.001227,0.003714,3.2720,34.6917,5.0674,7.1263,4.3787
1694,50,DIAMOND_11.tif,65,93.377077,35.786806,6.617606,-0.669854,0.177288,-0.721017,121.943915,20.9694,6.617606,99.999870,0.001411,0.002633,2.7839,13.2921,3.4104,5.3330,3.1854
1695,12,DIAMOND_11.tif,18,92.978079,36.811201,6.965893,0.328968,0.724100,0.606185,161.557763,21.5992,6.965893,99.999938,0.002488,0.003286,4.4296,55.1674,5.4697,6.8900,5.8682
1696,6,DIAMOND_11.tif,10,92.899186,37.010292,6.613481,0.169817,0.876190,0.451057,106.233700,21.7219,6.613481,100.000103,0.002158,0.004622,3.4530,60.7001,6.0513,9.2148,6.4010
1697,10,DIAMOND_11.tif,16,92.453034,38.111128,6.989548,-0.601123,0.784695,0.151347,85.102782,22.4025,6.989548,100.000107,0.002215,0.003521,3.4750,44.9521,5.5565,6.9330,4.8288
1698,70,DIAMOND_11.tif,95,92.258497,38.580041,7.089901,0.466823,0.280927,0.838544,170.605189,22.6934,7.089901,100.000249,0.001460,0.001499,1.9947,5.1174,2.5304,3.2779,2.1007
1699,22,DIAMOND_11.tif,31,91.871072,39.491635,7.097899,-0.790492,-0.021649,-0.612089,169.595875,23.2609,7.097899,99.999415,0.001010,0.002945,2.5253,24.2589,4.7564,6.2282,3.9129
1700,44,DIAMOND_11.tif,57,91.798427,39.662039,6.644488,-0.686563,-0.211751,-0.695552,171.157842,23.3670,6.644488,100.000143,0.001536,0.002282,2.3842,12.0878,3.5350,4.8545,3.2090
1701,91,DIAMOND_11.tif,123,91.293345,40.810808,6.968179,0.351056,0.728675,0.588041,105.599672,24.0860,6.968179,99.999984,0.000504,0.000853,0.8947,0.6195,1.7441,3.8088,1.3476
1702,91,DIAMOND_11.tif,123,91.038100,41.377294,6.484602,0.142487,0.677599,0.721496,125.881216,24.4420,6.484602,100.000081,0.000607,0.000853,0.8947,0.6195,1.7441,3.8088,1.3476
1703,25,DIAMOND_11.tif,34,90.912582,41.652260,6.794351,-0.884715,0.267677,-0.381614,109.759680,24.6152,6.794351,100.000042,0.001534,0.002554,2.2688,18.2938,4.4457,5.4925,3.9077
1704,20,DIAMOND_11.tif,28,90.367143,42.821747,6.862527,-0.725550,-0.148820,-0.671885,157.132567,25.3546,6.862527,99.999612,0.001287,0.003341,2.7864,27.0696,4.8153,7.2531,3.5379
1705,95,DIAMOND_11.tif,130,90.030388,43.526334,6.663856,-0.564030,0.775229,-0.284413,93.771423,25.8020,6.663856,100.000063,0.000505,0.000520,0.7720,0.3081,1.2082,1.4787,1.0867
1706,21,DIAMOND_11.tif,30,89.696866,44.209916,6.724594,0.033080,0.714175,0.699185,119.587434,26.2378,6.724594,100.000223,0.001910,0.003125,2.9763,28.1827,4.7784,6.6225,4.2739
1707,80,DIAMOND_11.tif,109,89.610055,44.384944,6.533136,0.498465,0.436943,0.748741,143.001904,26.3498,6.533136,99.999926,0.000577,0.001111,1.0789,1.4050,2.0580,3.3662,1.6671
1708,92,DIAMOND_11.tif,126,89.130261,45.340953,7.041475,0.052565,0.925787,0.374373,115.289712,26.9626,7.041475,100.000027,0.000444,0.000751,0.7223,0.3678,1.4664,2.4982,1.0312
1709,73,DIAMOND_11.tif,99,88.872543,45.843456,6.770066,-0.726704,0.653991,-0.210232,111.659370,27.2862,6.770066,99.999757,0.000465,0.001677,1.2256,2.7484,2.4781,4.1438,1.6880
1710,59,DIAMOND_11.tif,79,88.390971,46.765430,6.515466,-0.657496,0.729894,-0.186961,95.116608,27.8822,6.515466,99.999846,0.000789,0.001565,1.6120,4.0482,2.9984,6.3629,2.3502
1711,46,DIAMOND_11.tif,60,88.143898,47.229631,7.008717,-0.578620,-0.144840,-0.802633,126.609685,28.1835,7.008717,99.999924,0.001115,0.002096,1.8506,8.4267,3.4726,5.0876,2.7590
1712,5,DIAMOND_11.tif,9,88.003580,47.491316,6.508191,-0.566343,0.821863,-0.061612,90.884784,28.3536,6.508191,100.000276,0.002133,0.006009,3.1391,40.8061,6.1473,13.2068,5.9658
1713,70,DIAMOND_11.tif,95,87.565372,48.293565,6.527251,-0.634149,-0.244169,-0.733646,156.490428,28.8774,6.527251,99.999814,0.001025,0.001499,1.9947,5.1174,2.5304,3.2779,2.1007
1714,68,DIAMOND_11.tif,93,87.120464,49.091718,7.039236,0.068924,0.670383,0.738807,90.567402,29.4009,7.039236,99.999860,0.000549,0.001412,1.3482,2.1485,2.6095,5.4768,1.9975
1715,50,DIAMOND_11.tif,65,86.899520,49.481589,6.857025,0.594682,0.623378,0.507694,133.477240,29.6577,6.857025,99.999771,0.001408,0.002633,2.7839,13.2921,3.4104,5.3330,3.1854
1716,43,DIAMOND_11.tif,56,99.997832,0.622687,7.578613,0.400855,0.896161,0.190292,121.044806,0.3568,7.578613,99.999771,0.000927,0.002704,1.9246,9.2034,3.5430,6.1170,2.4588
1717,86,DIAMOND_11.tif,117,99.994064,1.082004,7.584701,0.391542,0.794836,0.463605,120.854826,0.6200,7.584701,99.999917,0.000466,0.000977,0.8689,0.7673,1.7960,3.2118,1.3557
1718,33,DIAMOND_11.tif,46,99.985532,1.694187,7.484350,0.349271,0.923357,-0.159445,103.104606,0.9707,7.484350,99.999884,0.001059,0.002346,1.7205,10.9902,3.9084,5.2783,3.6731
1719,14,DIAMOND_11.tif,20,99.959013,2.873720,7.180781,-0.585416,-0.000815,-0.810732,151.694266,1.6467,7.180781,100.000313,0.003031,0.004076,4.4334,52.3335,5.3030,7.7099,5.7494
1720,30,DIAMOND_11.tif,42,99.953078,3.055615,7.612667,-0.390778,0.636027,-0.665404,135.843507,1.7510,7.612667,99.999773,0.001243,0.002952,2.1106,13.7130,4.0306,5.7484,3.2738
1721,73,DIAMOND_11.tif,99,99.932907,3.656892,7.354439,0.384290,0.858254,0.340178,89.276546,2.0957,7.354439,99.999794,0.000483,0.001677,1.2256,2.7484,2.4781,4.1438,1.6880
1722,17,DIAMOND_11.tif,24,99.895854,4.559032,7.314434,0.338282,0.838190,0.427788,127.340722,2.6130,7.314434,99.999832,0.001726,0.003714,3.2720,34.6917,5.0674,7.1263,4.3787
1723,69,DIAMOND_11.tif,94,99.862069,5.248855,7.640415,-0.043198,0.990579,0.129952,115.853192,3.0088,7.640415,99.999917,0.000832,0.001419,1.6246,3.9163,2.5596,3.7240,2.5617
1724,2,DIAMOND_11.tif,5,99.793732,6.418477,7.402460,0.535025,0.082400,0.840808,149.613862,3.6800,7.402460,99.999929,0.003550,0.004939,6.1317,172.9320,7.2822,10.2853,7.7068
1725,70,DIAMOND_11.tif,95,99.765189,6.848683,7.487495,0.556779,0.673157,0.486680,115.839207,3.9271,7.487495,99.999987,0.001140,0.001499,1.9947,5.1174,2.5304,3.2779,2.1007
1726,89,DIAMOND_11.tif,121,99.707930,7.636844,7.637709,0.291612,0.577603,0.762454,108.241140,4.3799,7.637709,99.999964,0.000522,0.001102,1.0614,0.9986,1.7715,3.3185,1.3554
1727,79,DIAMOND_11.tif,108,99.636845,8.511993,7.494372,-0.650339,0.144347,-0.745804,160.899681,4.8829,7.494372,99.999774,0.000503,0.001161,1.2667,1.9946,2.1052,2.6837,1.8637
1728,69,DIAMOND_11.tif,94,99.588983,9.057870,7.430823,0.282055,0.902022,0.326806,106.048933,5.1969,7.430823,100.000053,0.001016,0.001419,1.6246,3.9163,2.5596,3.7240,2.5617
1729,76,DIAMOND_11.tif,102,99.535559,9.626706,7.282826,-0.485798,0.363160,-0.795056,135.330683,5.5243,7.282826,100.000005,0.000917,0.001500,1.4710,2.5364,2.3662,4.0879,1.6961
1730,95,DIAMOND_11.tif,130,99.450254,10.470897,7.607451,0.776117,0.250392,0.578745,173.955481,6.0104,7.607451,99.999963,0.000402,0.000520,0.7720,0.3081,1.2082,1.4787,1.0867
1731,81,DIAMOND_11.tif,111,99.378878,11.127712,7.436002,-0.562240,0.611887,-0.556310,124.145239,6.3889,7.436002,99.999937,0.000551,0.001027,1.0254,1.0043,1.8804,3.7282,1.4915
1732,28,DIAMOND_11.tif,39,99.241320,12.289908,7.685000,-0.661208,0.676176,-0.324945,120.581335,7.0595,7.685000,99.999407,0.000813,0.002843,1.8815,12.9345,4.1524,6.2724,2.7754
1733,51,DIAMOND_11.tif,66,99.220697,12.460129,7.581611,-0.660969,0.452955,-0.598291,94.586898,7.1577,7.581611,100.000007,0.001309,0.001784,2.1914,9.0469,3.3613,4.8757,3.1654
1734,60,DIAMOND_11.tif,80,99.131195,13.152436,7.622381,0.679952,0.204086,0.704282,171.241647,7.5577,7.622381,99.999902,0.000742,0.002137,1.4643,4.1488,2.9714,4.2915,2.4134
1735,50,DIAMOND_11.tif,65,98.961558,14.372199,7.438860,-0.646161,-0.049144,-0.761618,149.546694,8.2633,7.438860,99.999750,0.001303,0.002633,2.7839,13.2921,3.4104,5.3330,3.1854
1736,43,DIAMOND_11.tif,56,98.852232,15.107708,7.362553,0.452803,0.675522,0.581927,113.990288,8.6893,7.362553,100.000033,0.001191,0.002704,1.9246,9.2034,3.5430,6.1170,2.4588
1737,63,DIAMOND_11.tif,86,98.730626,15.883659,7.687773,0.682105,0.036276,0.730354,176.261531,9.1394,7.687773,100.000136,0.001096,0.001898,1.6842,4.7862,2.7402,4.4393,2.0872
1738,85,DIAMOND_11.tif,116,98.665923,16.277627,7.347547,-0.826851,0.174137,-0.534784,115.270807,9.3681,7.347547,99.999627,0.000592,0.001015,1.7382,1.7991,1.8262,2.8805,2.4057
1739,79,DIAMOND_11.tif,108,98.588798,16.741256,7.698571,0.278096,0.867110,0.413259,102.142594,9.6374,7.698571,100.000103,0.000827,0.001161,1.2667,1.9946,2.1052,2.6837,1.8637
1740,6,DIAMOND_11.tif,10,98.430721,17.642720,7.218320,0.463020,0.626733,0.626752,130.775752,10.1618,7.218320,99.999362,0.001432,0.004622,3.4530,60.7001,6.0513,9.2148,6.4010
1741,62,DIAMOND_11.tif,85,98.307130,18.321671,7.292935,0.637804,0.429087,0.639601,135.937044,10.5572,7.292935,99.999877,0.000650,0.001843,1.2814,3.6631,2.7672,4.3609,2.4094
1742,57,DIAMOND_11.tif,72,98.019968,19.799447,7.746034,0.593639,0.316882,0.739715,145.060766,11.4197,7.746034,99.999661,0.000507,0.002106,1.3363,5.3831,3.1630,4.8559,2.6014
1743,87,DIAMOND_11.tif,118,97.924809,20.266727,7.627753,-0.123356,0.962009,0.243562,94.060190,11.6930,7.627753,100.000042,0.000617,0.001420,1.0508,1.0922,1.7911,2.9189,1.6823
1744,90,DIAMOND_11.tif,122,97.634814,21.621569,7.273582,-0.835466,-0.176886,-0.520295,156.565602,12.4868,7.273582,100.000246,0.001097,0.000910,1.5618,1.4736,1.7516,2.1607,1.7785
1745,63,DIAMOND_11.tif,86,97.623830,21.669962,7.804310,-0.725671,0.240867,-0.644504,139.461831,12.5153,7.804310,99.999997,0.000971,0.001898,1.6842,4.7862,2.7402,4.4393,2.0872
1746,20,DIAMOND_11.tif,28,97.398634,22.658851,7.441057,0.518953,0.606939,0.601925,130.623912,13.0964,7.441057,99.999587,0.001248,0.003341,2.7864,27.0696,4.8153,7.2531,3.5379
1747,71,DIAMOND_11.tif,97,97.146860,23.718164,7.363218,-0.228120,0.958807,0.169266,97.043283,13.7202,7.363218,100.000319,0.001510,0.001354,2.0459,4.2073,2.5244,4.2107,2.6742
1748,4,DIAMOND_11.tif,8,97.035332,24.163044,7.674752,-0.794836,0.143008,-0.589732,150.533202,13.9830,7.674752,99.998542,0.001373,0.004101,4.6158,73.3776,6.3488,8.7276,5.7689
1749,48,DIAMOND_11.tif,63,96.843787,24.925329,7.522298,-0.706870,0.456360,-0.540436,116.457531,14.4333,7.522298,99.999956,0.001132,0.002507,1.9949,8.9620,3.4174,5.5326,3.2778
1750,91,DIAMOND_11.tif,123,96.634033,25.726541,7.194185,0.440599,0.440568,0.782159,105.418136,14.9079,7.194185,99.999956,0.000478,0.000853,0.8947,0.6195,1.7441,3.8088,1.3476
1751,60,DIAMOND_11.tif,80,96.582609,25.918885,7.624308,-0.537898,0.842445,0.030866,93.322964,15.0219,7.624308,99.999944,0.000942,0.002137,1.4643,4.1488,2.9714,4.2915,2.4134
1752,59,DIAMOND_11.tif,79,96.230586,27.195749,7.641011,0.230262,0.794620,0.561746,94.592945,15.7808,7.641011,99.999673,0.000661,0.001565,1.6120,4.0482,2.9984,6.3629,2.3502
1753,86,DIAMOND_11.tif,117,96.015370,27.946967,7.680669,-0.616178,0.019485,-0.787366,122.718628,16.2286,7.680669,99.999921,0.000476,0.000977,0.8689,0.7673,1.7960,3.2118,1.3557
1754,33,DIAMOND_11.tif,46,95.849159,28.512979,7.183922,-0.737647,0.259361,-0.623385,131.233583,16.5666,7.183922,100.000256,0.001265,0.002346,1.7205,10.9902,3.9084,5.2783,3.6731
1755,21,DIAMOND_11.tif,30,95.726786,28.920251,7.674716,-0.685708,-0.162889,-0.709416,170.505969,16.8102,7.674716,99.999993,0.001765,0.003125,2.9763,28.1827,4.7784,6.6225,4.2739
1756,36,DIAMOND_11.tif,49,95.524003,29.582723,7.550400,0.513951,0.541481,0.665322,138.651103,17.2072,7.550400,99.999863,0.001428,0.002514,2.6690,14.7684,3.7620,5.7388,3.0158
1757,53,DIAMOND_11.tif,68,95.194264,30.627950,7.501048,-0.320668,0.947135,-0.010373,91.435442,17.8351,7.501048,100.000096,0.001767,0.002864,2.8584,12.9675,3.2293,5.8149,3.6615
1758,53,DIAMOND_11.tif,68,95.105051,30.902570,7.586664,-0.766046,-0.180223,-0.617004,154.468135,18.0006,7.586664,99.999698,0.001244,0.002864,2.8584,12.9675,3.2293,5.8149,3.6615
1759,17,DIAMOND_11.tif,24,94.879078,31.588907,7.177797,0.584180,0.263387,0.767698,169.438659,18.4146,7.177797,99.999493,0.001430,0.003714,3.2720,34.6917,5.0674,7.1263,4.3787
1760,32,DIAMOND_11.tif,45,94.517929,32.655486,7.374845,-0.295602,0.954972,0.025436,83.855289,19.0598,7.374845,100.000098,0.001440,0.002670,2.1119,12.6641,3.9129,5.6350,2.7141
1761,64,DIAMOND_11.tif,88,94.375623,33.064978,7.704163,-0.684506,-0.189853,-0.703852,175.977058,19.3082,7.704163,100.000255,0.001315,0.002124,1.8567,5.0007,2.7202,4.2654,2.6024
1762,91,DIAMOND_11.tif,123,94.192240,33.583197,7.336256,-0.620940,-0.020420,-0.783592,168.236621,19.6231,7.336256,100.000046,0.000546,0.000853,0.8947,0.6195,1.7441,3.8088,1.3476
1763,3,DIAMOND_11.tif,7,93.753899,34.789028,7.742048,-0.444721,0.762209,-0.470383,79.995707,20.3583,7.742048,100.000351,0.002308,0.004314,2.8709,58.8178,6.8335,8.9491,6.3495
1764,78,DIAMOND_11.tif,107,93.712382,34.899112,7.822417,-0.387284,0.903389,-0.184119,93.002269,20.4257,7.822417,99.999793,0.000396,0.001257,1.0492,1.5797,2.1114,3.1644,1.6405
1765,40,DIAMOND_11.tif,53,93.412788,35.692702,7.192696,-0.600064,0.182585,-0.778836,124.694060,20.9117,7.192696,99.999590,0.001006,0.001744,2.4428,10.0562,3.6011,4.7617,3.8130
1766,42,DIAMOND_11.tif,55,93.010561,36.728924,7.604346,-0.648527,0.563434,-0.511815,96.012211,21.5486,7.604346,99.999892,0.000773,0.002566,1.5202,7.5887,3.5473,5.7553,2.4714
1767,33,DIAMOND_11.tif,46,92.779769,37.307813,7.223858,-0.725273,0.408408,-0.554241,142.174305,21.9056,7.223858,99.999792,0.000933,0.002346,1.7205,10.9902,3.9084,5.2783,3.6731
1768,8,DIAMOND_11.tif,12,92.658114,37.608124,7.479438,-0.695587,0.424285,-0.579776,118.749176,22.0913,7.479438,99.999486,0.001740,0.004457,3.9078,33.8063,5.7696,7.9445,6.2466
1769,93,DIAMOND_11.tif,127,92.134556,38.874663,7.385809,0.538362,0.513135,0.668475,126.922483,22.8765,7.385809,100.000079,0.000365,0.001315,0.5114,0.3031,1.4226,3.4884,0.7241
1770,75,DIAMOND_11.tif,101,91.949496,39.309050,7.558295,0.550959,0.656137,0.515683,151.935942,23.1470,7.558295,99.999556,0.000424,0.001537,1.3371,2.8298,2.4174,3.5397,1.9346
1771,82,DIAMOND_11.tif,112,91.610589,40.093711,7.547239,-0.692394,-0.337832,-0.637542,171.356515,23.6368,7.547239,100.000028,0.000538,0.001063,0.9030,0.7351,1.8746,3.8780,1.5251
1772,35,DIAMOND_11.tif,48,91.498877,40.347969,7.218376,0.605399,0.379893,0.699409,171.804285,23.7959,7.218376,100.000016,0.001564,0.002437,2.6217,15.6426,3.8436,5.3474,3.4707
1773,87,DIAMOND_11.tif,118,91.073761,41.298296,7.755175,0.649610,0.561817,0.512219,145.088921,24.3924,7.755175,99.999896,0.000538,0.001420,1.0508,1.0922,1.7911,2.9189,1.6823
1774,5,DIAMOND_11.tif,9,90.894741,41.691943,7.489149,0.366892,0.538833,0.758320,142.925167,24.6402,7.489149,100.000360,0.002450,0.006009,3.1391,40.8061,6.1473,13.2068,5.9658
1775,47,DIAMOND_11.tif,61,90.548420,42.437827,7.611277,0.436776,0.526468,0.729424,140.299228,25.1113,7.611277,99.999928,0.000884,0.001989,1.5957,6.0222,3.4562,5.2254,2.4746
1776,94,DIAMOND_11.tif,129,90.125819,43.328235,7.492972,-0.276694,0.953347,0.120704,98.690379,25.6760,7.492972,99.999996,0.000312,0.000449,0.5504,0.1192,1.2118,1.9652,0.9777
1777,20,DIAMOND_11.tif,28,89.863354,43.869180,7.291610,-0.172157,0.935245,0.309319,103.850823,26.0205,7.291610,99.999636,0.001332,0.003341,2.7864,27.0696,4.8153,7.2531,3.5379
1778,87,DIAMOND_11.tif,118,89.383175,44.840153,7.832276,-0.797481,-0.039822,-0.602029,126.830133,26.6412,7.832276,99.999956,0.000628,0.001420,1.0508,1.0922,1.7911,2.9189,1.6823
1779,40,DIAMOND_11.tif,53,89.089401,45.420657,7.826821,-0.746958,0.013223,-0.664740,140.556812,27.0140,7.826821,99.999787,0.001215,0.001744,2.4428,10.0562,3.6011,4.7617,3.8130
1780,77,DIAMOND_11.tif,104,88.791085,46.001352,7.245569,-0.308654,0.749480,0.585673,107.840263,27.3880,7.245569,99.999906,0.000760,0.001103,1.4701,2.4381,2.1917,2.8805,2.0602
1781,76,DIAMOND_11.tif,102,88.416242,46.717811,7.801738,-0.741849,0.549008,-0.385033,96.392416,27.8513,7.801738,99.999929,0.000802,0.001500,1.4710,2.5364,2.3662,4.0879,1.6961
1782,84,DIAMOND_11.tif,114,88.182065,47.158463,7.539810,-0.631580,-0.192030,-0.751153,176.598003,28.1372,7.539810,99.999986,0.000576,0.000972,1.0243,1.0199,1.8594,4.2266,1.6501
1783,9,DIAMOND_11.tif,15,87.879990,47.718939,7.799505,0.378466,0.834476,0.400516,129.433876,28.5020,7.799505,99.999949,0.002372,0.003979,3.9470,49.2002,5.7090,7.4169,5.1537
1784,54,DIAMOND_11.tif,69,87.349963,48.681634,7.425888,-0.799918,-0.029711,-0.599373,127.554783,29.1317,7.425888,99.999588,0.001141,0.001772,2.6298,11.4450,3.2266,4.1702,3.0906
1785,94,DIAMOND_11.tif,129,87.298432,48.774801,7.431468,-0.532512,0.845184,-0.045766,100.319918,29.1927,7.431468,99.999987,0.000303,0.000449,0.5504,0.1192,1.2118,1.9652,0.9777
1786,69,DIAMOND_11.tif,94,86.734975,49.770075,7.530590,-0.712549,-0.337723,-0.614994,170.846954,29.8480,7.530590,100.000081,0.001051,0.001419,1.6246,3.9163,2.5596,3.7240,2.5617
1787,90,DIAMOND_11.tif,122,99.997735,0.676599,8.554603,0.839844,0.107621,0.532053,146.149188,0.3877,8.554603,100.000024,0.000890,0.000910,1.5618,1.4736,1.7516,2.1607,1.7785
1788,15,DIAMOND_11.tif,21,99.994762,0.986980,8.279052,0.534808,0.459964,0.708811,121.987070,0.5655,8.279052,99.999632,0.000957,0.003965,1.8995,20.6013,5.1918,8.8082,3.5099
1789,81,DIAMOND_11.tif,111,99.987013,1.607843,8.037782,-0.731278,0.426346,-0.532411,103.350756,0.9213,8.037782,99.999939,0.000545,0.001027,1.0254,1.0043,1.8804,3.7282,1.4915
1790,3,DIAMOND_11.tif,7,99.971730,2.368157,8.307863,-0.273741,0.790355,-0.548093,105.283827,1.3570,8.307863,99.999775,0.001679,0.004314,2.8709,58.8178,6.8335,8.9491,6.3495
1791,41,DIAMOND_11.tif,54,99.947033,3.259055,7.987578,-0.526950,0.668372,-0.524979,130.831238,1.8676,7.987578,100.000154,0.001546,0.002319,2.5103,9.7759,3.5999,5.6881,3.3332
1792,31,DIAMOND_11.tif,43,99.930827,3.704633,8.045319,0.667063,0.266753,0.695608,162.732679,2.1231,8.045319,99.999472,0.000852,0.002595,2.2881,14.1526,3.9969,5.4815,3.1181
1793,22,DIAMOND_11.tif,31,99.900118,4.461041,8.242401,0.123175,0.954431,-0.271826,89.669652,2.5568,8.242401,99.999673,0.001383,0.002945,2.5253,24.2589,4.7564,6.2282,3.9129
1794,15,DIAMOND_11.tif,21,99.856075,5.352656,8.548710,0.611110,0.583990,0.534322,134.988889,3.0683,8.548710,99.999433,0.000693,0.003965,1.8995,20.6013,5.1918,8.8082,3.5099
1795,71,DIAMOND_11.tif,97,99.814763,6.084166,8.428597,-0.719910,0.187186,-0.668349,159.870438,3.4881,8.428597,100.000020,0.001202,0.001354,2.0459,4.2073,2.5244,4.2107,2.6742
1796,35,DIAMOND_11.tif,48,99.749322,7.073611,7.930431,0.735180,0.296625,0.609528,168.983694,4.0563,7.930431,99.999816,0.001354,0.002437,2.6217,15.6426,3.8436,5.3474,3.4707
1797,29,DIAMOND_11.tif,41,99.705682,7.666060,8.042848,0.595004,0.561014,0.575529,120.809992,4.3966,8.042848,99.999958,0.001679,0.004448,2.6907,13.0309,4.0409,8.2103,2.9520
1798,2,DIAMOND_11.tif,5,99.628065,8.623022,7.960392,-0.522522,0.757403,-0.391551,112.937448,4.9467,7.960392,100.000539,0.004209,0.004939,6.1317,172.9320,7.2822,10.2853,7.7068
1799,20,DIAMOND_11.tif,28,99.565591,9.310745,8.128060,-0.100108,0.985839,0.134538,95.848062,5.3424,8.128060,99.999984,0.001681,0.003341,2.7864,27.0696,4.8153,7.2531,3.5379
1800,40,DIAMOND_11.tif,53,99.545730,9.525361,8.009695,0.286546,0.887294,0.361386,106.576897,5.4659,8.009695,100.000425,0.001874,0.001744,2.4428,10.0562,3.6011,4.7617,3.8130
1801,76,DIAMOND_11.tif,102,99.412151,10.824253,8.018015,-0.762425,0.551926,-0.337766,87.183917,6.2140,8.018015,99.999701,0.000471,0.001500,1.4710,2.5364,2.3662,4.0879,1.6961
1802,33,DIAMOND_11.tif,46,99.375692,11.153877,8.556772,-0.747622,0.388180,-0.538867,119.977878,6.4040,8.556772,99.999685,0.000786,0.002346,1.7205,10.9902,3.9084,5.2783,3.6731
1803,13,DIAMOND_11.tif,19,99.279674,11.979698,8.525995,-0.754275,0.599722,-0.267215,115.778747,6.8804,8.525995,99.999835,0.001695,0.003320,2.9475,35.7805,5.3648,6.4651,5.1690
1804,40,DIAMOND_11.tif,53,99.225301,12.419438,7.942437,-0.221463,0.969231,-0.107450,97.985083,7.1343,7.942437,99.999514,0.000963,0.001744,2.4428,10.0562,3.6011,4.7617,3.8130
1805,68,DIAMOND_11.tif,93,99.107575,13.329555,8.393393,-0.378886,0.585250,-0.716888,131.659687,7.6601,8.393393,99.999942,0.000720,0.001412,1.3482,2.1485,2.6095,5.4768,1.9975
1806,59,DIAMOND_11.tif,79,99.005341,14.068409,8.321233,-0.705023,0.341673,-0.621452,140.176476,8.0874,8.321233,99.999889,0.000835,0.001565,1.6120,4.0482,2.9984,6.3629,2.3502
1807,73,DIAMOND_11.tif,99,98.917814,14.672319,8.405925,-0.651805,0.297368,-0.697655,161.219932,8.4371,8.405925,100.000055,0.000742,0.001677,1.2256,2.7484,2.4781,4.1438,1.6880
1808,62,DIAMOND_11.tif,85,98.830410,15.249868,8.467772,-0.713035,0.001514,-0.701126,166.301998,8.7718,8.467772,100.000043,0.000786,0.001843,1.2814,3.6631,2.7672,4.3609,2.4094
1809,66,DIAMOND_11.tif,91,98.610117,16.613307,8.281170,-0.243872,0.966913,-0.074869,90.307294,9.5631,8.281170,99.999786,0.000733,0.001655,1.6486,3.4815,2.6461,4.8219,1.9912
1810,62,DIAMOND_11.tif,85,98.529940,17.082528,8.421817,-0.700943,0.429023,-0.569753,148.795322,9.8358,8.421817,99.999809,0.000692,0.001843,1.2814,3.6631,2.7672,4.3609,2.4094
1811,8,DIAMOND_11.tif,12,98.377196,17.938130,8.040573,-0.049422,0.980526,0.190070,82.430170,10.3338,8.040573,99.999246,0.001626,0.004457,3.9078,33.8063,5.7696,7.9445,6.2466
1812,68,DIAMOND_11.tif,93,98.271504,18.511730,7.946784,-0.635754,-0.143264,-0.758480,173.546647,10.6680,7.946784,99.999863,0.000659,0.001412,1.3482,2.1485,2.6095,5.4768,1.9975
1813,74,DIAMOND_11.tif,100,98.133159,19.232014,8.459204,0.248652,0.668164,0.701234,119.074867,11.0882,8.459204,99.999937,0.000670,0.001702,1.2176,2.6595,2.4300,3.7079,1.8246
1814,26,DIAMOND_11.tif,36,98.035937,19.717649,8.393137,-0.855897,-0.011332,-0.517022,147.933384,11.3720,8.393137,99.999153,0.001028,0.003876,2.3312,18.8512,4.3784,7.3800,3.1732
1815,95,DIAMOND_11.tif,130,97.929666,20.242829,8.418495,0.450433,0.849022,0.276173,77.744855,11.6790,8.418495,99.999958,0.000389,0.000520,0.7720,0.3081,1.2082,1.4787,1.0867
1816,72,DIAMOND_11.tif,98,97.668746,21.466946,8.113343,0.242955,0.949609,0.198031,96.265771,12.3961,8.113343,100.000068,0.000750,0.001574,1.2045,2.3662,2.4860,3.5061,1.6844
1817,76,DIAMOND_11.tif,102,97.536065,22.061744,8.068896,-0.454170,0.615281,-0.644329,128.630384,12.7453,8.068896,100.000023,0.000824,0.001500,1.4710,2.5364,2.3662,4.0879,1.6961
1818,20,DIAMOND_11.tif,28,97.443086,22.468874,8.564170,0.506487,0.703452,0.498624,131.966216,12.9846,8.564170,100.000027,0.001751,0.003341,2.7864,27.0696,4.8153,7.2531,3.5379
1819,3,DIAMOND_11.tif,7,97.161651,23.653090,8.169881,-0.727606,0.360869,-0.583406,156.776925,13.6820,8.169881,99.999276,0.001386,0.004314,2.8709,58.8178,6.8335,8.9491,6.3495
1820,27,DIAMOND_11.tif,37,97.048460,24.116048,7.972958,0.408200,0.442446,0.798508,119.834907,13.9551,7.972958,99.999936,0.001016,0.003142,1.8285,13.4607,4.3256,6.4516,2.9485
1821,4,DIAMOND_11.tif,8,96.916583,24.639146,7.982742,-0.160542,0.978081,0.132601,112.055366,14.2641,7.982742,99.999558,0.002361,0.004101,4.6158,73.3776,6.3488,8.7276,5.7689
1822,2,DIAMOND_11.tif,5,96.682045,25.541149,8.361895,-0.674149,-0.083712,-0.733836,169.752754,14.7981,8.361895,99.998841,0.002490,0.004939,6.1317,172.9320,7.2822,10.2853,7.7068
1823,78,DIAMOND_11.tif,107,96.416453,26.530905,8.152288,-0.745343,-0.009579,-0.666612,176.406194,15.3853,8.152288,100.000106,0.000726,0.001257,1.0492,1.5797,2.1114,3.1644,1.6405
1824,66,DIAMOND_11.tif,91,96.291591,26.979744,8.029856,0.457742,0.716514,0.526383,92.398753,15.6522,8.029856,99.999886,0.000926,0.001655,1.6486,3.4815,2.6461,4.8219,1.9912
1825,66,DIAMOND_11.tif,91,96.081647,27.717308,8.366037,-0.470945,0.510551,-0.719409,110.589714,16.0916,8.366037,99.999660,0.000625,0.001655,1.6486,3.4815,2.6461,4.8219,1.9912
1826,69,DIAMOND_11.tif,94,95.969624,28.103320,7.996899,-0.289438,0.948636,0.127733,101.359322,16.3219,7.996899,99.999827,0.000778,0.001419,1.6246,3.9163,2.5596,3.7240,2.5617
1827,39,DIAMOND_11.tif,52,95.777392,28.749989,8.409769,0.256406,0.545418,0.797982,145.882869,16.7084,8.409769,99.999354,0.000663,0.002257,1.9179,10.0615,3.6523,5.0876,2.8607
1828,72,DIAMOND_11.tif,98,95.448518,29.824795,8.331253,-0.843932,0.436301,-0.312123,113.633246,17.3525,8.331253,99.999690,0.000451,0.001574,1.2045,2.3662,2.4860,3.5061,1.6844
1829,51,DIAMOND_11.tif,66,95.361681,30.103251,8.323991,-0.715110,0.035641,-0.698102,115.392546,17.5196,8.323991,100.000280,0.001598,0.001784,2.1914,9.0469,3.3613,4.8757,3.1654
1830,49,DIAMOND_11.tif,64,95.030142,31.132861,8.132347,0.619021,0.572640,0.537490,122.921710,18.1393,8.132347,99.999915,0.000815,0.002085,1.4926,6.3090,3.4142,5.1443,2.8047
1831,47,DIAMOND_11.tif,61,94.588589,32.450811,8.026006,-0.303250,0.948322,0.093403,93.985759,18.9357,8.026006,100.000281,0.001217,0.001989,1.5957,6.0222,3.4562,5.2254,2.4746
1832,95,DIAMOND_11.tif,130,94.431835,32.903319,8.482539,0.414526,0.619752,0.666389,138.546203,19.2101,8.482539,100.000000,0.000443,0.000520,0.7720,0.3081,1.2082,1.4787,1.0867
1833,50,DIAMOND_11.tif,65,94.129737,33.757210,8.398570,-0.769173,0.469942,-0.433045,91.447392,19.7291,8.398570,99.999783,0.001407,0.002633,2.7839,13.2921,3.4104,5.3330,3.1854
1834,41,DIAMOND_11.tif,54,93.728375,34.855218,8.013402,-0.456359,0.889122,-0.034623,93.347261,20.3989,8.013402,99.999473,0.000913,0.002319,2.5103,9.7759,3.5999,5.6881,3.3332
1835,70,DIAMOND_11.tif,95,93.613158,35.165505,8.508539,0.291020,0.783903,0.548456,115.559502,20.5885,8.508539,100.000181,0.001331,0.001499,1.9947,5.1174,2.5304,3.2779,2.1007
1836,23,DIAMOND_11.tif,32,93.208672,36.222998,7.913329,-0.311028,0.920202,0.237675,118.867583,21.2373,7.913329,99.999810,0.001456,0.003253,2.5047,21.3131,4.6565,8.4243,3.7626
1837,1,DIAMOND_11.tif,2,93.007785,36.738126,8.006543,0.298802,0.513478,0.804399,151.830511,21.5540,8.006543,100.000690,0.003920,0.006119,5.6562,164.9708,8.6371,12.0537,8.6791
1838,57,DIAMOND_11.tif,72,92.728778,37.433887,8.183168,-0.741587,0.091896,-0.664533,142.979359,21.9835,8.183168,99.999611,0.000408,0.002106,1.3363,5.3831,3.1630,4.8559,2.6014
1839,10,DIAMOND_11.tif,16,92.611377,37.724097,8.132189,-0.689129,0.256689,-0.677652,120.005828,22.1629,8.132189,99.999874,0.001990,0.003521,3.4750,44.9521,5.5565,6.9330,4.8288
1840,8,DIAMOND_11.tif,12,92.230375,38.646196,8.395301,-0.593793,0.791404,-0.145223,93.966113,22.7346,8.395301,99.999853,0.002159,0.004457,3.9078,33.8063,5.7696,7.9445,6.2466
1841,80,DIAMOND_11.tif,109,91.988018,39.219441,8.051355,-0.764641,0.583933,-0.272667,98.559078,23.0912,8.051355,99.999800,0.000430,0.001111,1.0789,1.4050,2.0580,3.3662,1.6671
1842,64,DIAMOND_11.tif,88,91.675550,39.944447,8.050144,0.608231,0.375793,0.699167,166.500565,23.5435,8.050144,99.999826,0.000885,0.002124,1.8567,5.0007,2.7202,4.2654,2.6024
1843,7,DIAMOND_11.tif,11,91.498895,40.347014,7.922746,-0.254492,0.816191,0.518715,93.476851,23.7954,7.922746,99.999647,0.002144,0.003862,4.3101,56.5908,6.0473,7.9302,5.8421
1844,42,DIAMOND_11.tif,55,91.211156,40.994626,8.434015,-0.640720,0.622535,-0.449365,95.690264,24.2014,8.434015,100.000172,0.001051,0.002566,1.5202,7.5887,3.5473,5.7553,2.4714
1845,62,DIAMOND_11.tif,85,90.903553,41.671766,8.530228,-0.718904,-0.149315,-0.678883,159.210120,24.6275,8.530228,99.999961,0.000708,0.001843,1.2814,3.6631,2.7672,4.3609,2.4094
1846,84,DIAMOND_11.tif,114,90.519841,42.498873,8.276621,-0.738178,0.202957,-0.643352,170.707042,25.1500,8.276621,99.999980,0.000533,0.000972,1.0243,1.0199,1.8594,4.2266,1.6501
1847,89,DIAMOND_11.tif,121,90.254094,43.060423,7.905787,-0.757814,0.348371,-0.551685,144.839466,25.5059,7.905787,100.000007,0.000586,0.001102,1.0614,0.9986,1.7715,3.3185,1.3554
1848,76,DIAMOND_11.tif,102,89.764350,44.072288,8.520973,-0.123346,0.964124,0.235055,90.154409,26.1500,8.520973,100.000026,0.000928,0.001500,1.4710,2.5364,2.3662,4.0879,1.6961
1849,75,DIAMOND_11.tif,101,89.647955,44.308232,8.452347,-0.618188,0.189009,-0.762968,145.421954,26.3007,8.452347,99.999876,0.000675,0.001537,1.3371,2.8298,2.4174,3.5397,1.9346
1850,4,DIAMOND_11.tif,8,89.206050,45.190106,8.267491,-0.470514,0.881545,-0.038662,109.758427,26.8659,8.267491,99.999325,0.002123,0.004101,4.6158,73.3776,6.3488,8.7276,5.7689
1851,62,DIAMOND_11.tif,85,88.735768,46.108110,8.229717,-0.700879,0.077616,-0.709044,128.473703,27.4569,8.229717,99.999972,0.000718,0.001843,1.2814,3.6631,2.7672,4.3609,2.4094
1852,71,DIAMOND_11.tif,97,88.637323,46.297007,8.503634,-0.587246,0.039111,-0.808463,145.458582,27.5789,8.503634,99.999940,0.001139,0.001354,2.0459,4.2073,2.5244,4.2107,2.6742
1853,52,DIAMOND_11.tif,67,88.257263,47.017660,8.080870,-0.227016,0.967567,-0.110801,62.154753,28.0458,8.080870,100.000024,0.000740,0.002097,1.1861,4.6602,3.3404,4.9386,2.4029
1854,1,DIAMOND_11.tif,2,87.696919,48.053199,8.451871,-0.724637,0.627696,-0.284426,94.946121,28.7204,8.451871,99.999298,0.002699,0.006119,5.6562,164.9708,8.6371,12.0537,8.6791
1855,81,DIAMOND_11.tif,111,87.341926,48.696478,8.302549,-0.763605,0.038749,-0.644519,128.558750,29.1413,8.302549,99.999795,0.000379,0.001027,1.0254,1.0043,1.8804,3.7282,1.4915
1856,85,DIAMOND_11.tif,116,87.269848,48.825189,8.126020,-0.575139,0.816748,-0.046239,97.752208,29.2259,8.126020,99.999627,0.000627,0.001015,1.7382,1.7991,1.8262,2.8805,2.4057
1857,82,DIAMOND_11.tif,112,86.678272,49.868623,8.317779,-0.849217,0.328551,-0.413381,140.156614,29.9131,8.317779,100.000012,0.000625,0.001063,0.9030,0.7351,1.8746,3.8780,1.5251
1858,91,DIAMOND_11.tif,123,99.999332,0.350041,8.822289,0.699562,0.336656,0.630299,120.830120,0.2006,8.822289,99.999944,0.000455,0.000853,0.8947,0.6195,1.7441,3.8088,1.3476
1859,29,DIAMOND_11.tif,41,99.993843,1.122506,8.819166,0.792439,0.152907,0.590474,175.415561,0.6432,8.819166,100.000143,0.002200,0.004448,2.6907,13.0309,4.0409,8.2103,2.9520
1860,68,DIAMOND_11.tif,93,99.986753,1.620805,8.789423,0.679107,-0.275987,0.680180,176.450302,0.9287,8.789423,99.999889,0.000729,0.001412,1.3482,2.1485,2.6095,5.4768,1.9975
1861,1,DIAMOND_11.tif,2,99.969554,2.479310,9.003662,-0.528221,-0.069851,-0.846229,166.381105,1.4207,9.003662,100.000293,0.003625,0.006119,5.6562,164.9708,8.6371,12.0537,8.6791
1862,53,DIAMOND_11.tif,68,99.938950,3.468797,8.999633,0.180667,0.926572,0.329884,115.491271,1.9879,8.999633,99.999131,0.000920,0.002864,2.8584,12.9675,3.2293,5.8149,3.6615
1863,82,DIAMOND_11.tif,112,99.916394,4.090103,8.944459,-0.572859,0.588126,-0.570912,113.131188,2.3441,8.944459,100.000074,0.000581,0.001063,0.9030,0.7351,1.8746,3.8780,1.5251
1864,52,DIAMOND_11.tif,67,99.873264,5.028634,8.713073,0.714002,0.374271,0.591712,129.940528,2.8824,8.713073,99.999780,0.000614,0.002097,1.1861,4.6602,3.3404,4.9386,2.4029
1865,69,DIAMOND_11.tif,94,99.838909,5.673141,8.859253,0.081141,0.991757,0.099167,91.086427,3.2522,8.859253,99.999962,0.000909,0.001419,1.6246,3.9163,2.5596,3.7240,2.5617
1866,92,DIAMOND_11.tif,126,99.801579,6.298143,8.986969,-0.319651,0.702117,-0.636282,112.400988,3.6110,8.986969,100.000109,0.000558,0.000751,0.7223,0.3678,1.4664,2.4982,1.0312
1867,62,DIAMOND_11.tif,85,99.784156,6.560723,9.262169,-0.625445,0.041550,-0.779161,126.649028,3.7617,9.262169,99.999605,0.000682,0.001843,1.2814,3.6631,2.7672,4.3609,2.4094
1868,24,DIAMOND_11.tif,33,99.684728,7.928223,9.260427,0.022642,0.958140,0.285404,69.872332,4.5473,9.260427,99.999508,0.000981,0.002841,2.3388,18.9749,4.5889,6.0620,4.5251
1869,33,DIAMOND_11.tif,46,99.673733,8.069194,9.182740,0.670372,0.316736,0.671029,154.075328,4.6283,9.182740,99.999824,0.000851,0.002346,1.7205,10.9902,3.9084,5.2783,3.6731
1870,19,DIAMOND_11.tif,26,99.549345,9.480329,8.695174,-0.629309,0.444837,-0.637252,137.839179,5.4400,8.695174,99.999743,0.001466,0.002910,2.8154,28.5622,4.9632,6.3715,4.5700
1871,62,DIAMOND_11.tif,85,99.430041,10.661369,8.742591,-0.257444,0.921314,-0.291381,101.693167,6.1201,8.742591,99.999989,0.000733,0.001843,1.2814,3.6631,2.7672,4.3609,2.4094
1872,74,DIAMOND_11.tif,100,99.403913,10.900851,8.675241,0.543234,0.737714,0.400843,138.292120,6.2582,8.675241,99.999832,0.000675,0.001702,1.2176,2.6595,2.4300,3.7079,1.8246
1873,23,DIAMOND_11.tif,32,99.278818,11.986613,8.717242,-0.218078,0.960358,-0.173651,90.088231,6.8844,8.717242,99.999813,0.001279,0.003253,2.5047,21.3131,4.6565,8.4243,3.7626
1874,47,DIAMOND_11.tif,61,99.209167,12.552115,8.648795,0.103432,0.958269,0.266500,111.849478,7.2108,8.648795,100.000072,0.001042,0.001989,1.5957,6.0222,3.4562,5.2254,2.4746
1875,74,DIAMOND_11.tif,100,99.060899,13.671570,8.918189,-0.619395,0.639792,-0.454991,112.610306,7.8579,8.918189,99.999868,0.000608,0.001702,1.2176,2.6595,2.4300,3.7079,1.8246
1876,45,DIAMOND_11.tif,59,99.044610,13.787973,8.941045,0.420667,0.525741,0.739348,116.396492,7.9252,8.941045,99.999715,0.000900,0.002488,1.8303,8.5307,3.4820,5.4290,2.7115
1877,77,DIAMOND_11.tif,104,98.841728,15.177456,8.659508,-0.326795,0.837879,-0.437222,129.099237,8.7298,8.659508,100.000212,0.001054,0.001103,1.4701,2.4381,2.1917,2.8805,2.0602
1878,17,DIAMOND_11.tif,24,98.807248,15.395188,8.975748,0.606008,0.559354,0.565577,130.071577,8.8561,8.975748,99.999421,0.001468,0.003714,3.2720,34.6917,5.0674,7.1263,4.3787
1879,82,DIAMOND_11.tif,112,98.672736,16.239971,8.720597,0.526222,0.610680,0.591744,100.252128,9.3462,8.720597,100.000227,0.000735,0.001063,0.9030,0.7351,1.8746,3.8780,1.5251
1880,14,DIAMOND_11.tif,20,98.495620,17.281330,8.608030,0.741213,0.167811,0.649956,157.329554,9.9514,8.608030,100.000157,0.002822,0.004076,4.4334,52.3335,5.3030,7.7099,5.7494
1881,63,DIAMOND_11.tif,86,98.404438,17.793348,8.664261,0.467595,0.714437,0.520514,149.943010,10.2494,8.664261,100.000183,0.001135,0.001898,1.6842,4.7862,2.7402,4.4393,2.0872
1882,81,DIAMOND_11.tif,111,98.292900,18.399466,8.992851,0.489112,0.511476,0.706514,116.476643,10.6025,8.992851,100.000172,0.000774,0.001027,1.0254,1.0043,1.8804,3.7282,1.4915
1883,93,DIAMOND_11.tif,127,98.162910,19.077512,8.631679,0.665482,0.597393,0.447500,153.613928,10.9981,8.631679,99.999541,0.000195,0.001315,0.5114,0.3031,1.4226,3.4884,0.7241
1884,16,DIAMOND_11.tif,23,98.014064,19.827725,9.242967,-0.538755,0.093023,-0.837311,170.701519,11.4363,9.242967,99.999478,0.001126,0.003237,2.7689,29.7209,5.0816,6.9039,4.0796
1885,39,DIAMOND_11.tif,52,97.829079,20.725331,9.084395,-0.545260,0.576586,-0.608473,130.052885,11.9614,9.084395,100.000340,0.001622,0.002257,1.9179,10.0615,3.6523,5.0876,2.8607
1886,0,DIAMOND_11.tif,1,97.683106,21.407592,8.677416,-0.660357,0.637825,-0.396369,111.881616,12.3611,8.677416,100.001371,0.005306,0.006616,6.5389,193.8738,8.8984,12.5805,9.1749
1887,79,DIAMOND_11.tif,108,97.490976,22.258291,8.587311,-0.012296,0.979116,0.202928,93.292107,12.8608,8.587311,99.999610,0.000333,0.001161,1.2667,1.9946,2.1052,2.6837,1.8637
1888,70,DIAMOND_11.tif,95,97.390667,22.696669,8.869492,-0.483969,0.791535,-0.373156,93.633874,13.1185,8.869492,100.000404,0.001571,0.001499,1.9947,5.1174,2.5304,3.2779,2.1007
1889,69,DIAMOND_11.tif,94,97.147982,23.713047,8.955103,-0.851100,0.398170,-0.342184,102.049009,13.7172,8.955103,100.000195,0.001142,0.001419,1.6246,3.9163,2.5596,3.7240,2.5617
1890,12,DIAMOND_11.tif,18,97.063084,24.053565,9.244230,-0.694385,0.441697,-0.568096,117.993732,13.9183,9.244230,99.999081,0.001675,0.003286,4.4296,55.1674,5.4697,6.8900,5.8682
1891,54,DIAMOND_11.tif,69,96.792427,25.123868,9.194533,0.045514,0.986326,0.158396,116.148219,14.5508,9.194533,99.999914,0.001456,0.001772,2.6298,11.4450,3.2266,4.1702,3.0906
1892,18,DIAMOND_11.tif,25,96.730283,25.360069,9.013835,0.549398,0.217046,0.806878,158.899749,14.6908,9.013835,99.999404,0.001470,0.005001,3.3099,34.0561,5.0622,9.5853,4.0570
1893,79,DIAMOND_11.tif,108,96.554735,26.022357,9.194185,-0.526166,0.011325,-0.850306,175.278889,15.0833,9.194185,99.999899,0.000604,0.001161,1.2667,1.9946,2.1052,2.6837,1.8637
1894,91,DIAMOND_11.tif,123,96.327913,26.850217,8.743754,-0.083170,0.910913,0.404128,111.834828,15.5752,8.743754,100.000004,0.000511,0.000853,0.8947,0.6195,1.7441,3.8088,1.3476
1895,0,DIAMOND_11.tif,1,96.078510,27.733658,9.132218,0.592869,0.422188,0.685757,153.033046,16.1011,9.132218,100.001179,0.005021,0.006616,6.5389,193.8738,8.8984,12.5805,9.1749
1896,33,DIAMOND_11.tif,46,95.829292,28.577957,9.103253,-0.823593,0.485762,-0.292798,124.984961,16.6055,9.103253,99.999764,0.000854,0.002346,1.7205,10.9902,3.9084,5.2783,3.6731
1897,49,DIAMOND_11.tif,64,95.741467,28.870849,8.796386,-0.197029,0.893204,-0.404187,67.222395,16.7807,8.796386,99.999772,0.001035,0.002085,1.4926,6.3090,3.4142,5.1443,2.8047
1898,26,DIAMOND_11.tif,36,95.487946,29.699530,8.999886,-0.725063,0.176145,-0.665776,167.247638,17.2772,8.999886,100.000050,0.001536,0.003876,2.3312,18.8512,4.3784,7.3800,3.1732
1899,26,DIAMOND_11.tif,36,95.315591,30.248453,8.758963,0.704458,0.056282,0.707510,158.242948,17.6069,8.758963,100.000154,0.001519,0.003876,2.3312,18.8512,4.3784,7.3800,3.1732
1900,42,DIAMOND_11.tif,55,95.034842,31.118818,8.894801,-0.641159,0.081588,-0.763058,154.669473,18.1308,8.894801,100.000010,0.000915,0.002566,1.5202,7.5887,3.5473,5.7553,2.4714
1901,60,DIAMOND_11.tif,80,94.710254,32.092965,8.756520,-0.529453,0.669924,-0.520462,101.720211,18.7192,8.756520,99.999953,0.000772,0.002137,1.4643,4.1488,2.9714,4.2915,2.4134
1902,84,DIAMOND_11.tif,114,94.668696,32.215469,8.582727,-0.580055,0.723825,-0.373649,97.260221,18.7933,8.582727,99.999992,0.000588,0.000972,1.0243,1.0199,1.8594,4.2266,1.6501
1903,4,DIAMOND_11.tif,8,94.322455,33.216385,8.721744,-0.721232,0.252290,-0.645115,171.124515,19.4001,8.721744,100.000269,0.002833,0.004101,4.6158,73.3776,6.3488,8.7276,5.7689
1904,14,DIAMOND_11.tif,20,94.028243,34.040543,8.668411,0.614296,0.346899,0.708732,154.892978,19.9015,8.668411,100.000345,0.002979,0.004076,4.4334,52.3335,5.3030,7.7099,5.7494
1905,4,DIAMOND_11.tif,8,93.958082,34.231886,9.234358,-0.593677,0.804523,-0.017073,121.926947,20.0183,9.234358,99.999716,0.002363,0.004101,4.6158,73.3776,6.3488,8.7276,5.7689
1906,36,DIAMOND_11.tif,49,93.490747,35.488746,8.663971,-0.367363,0.825051,-0.429342,70.112429,20.7866,8.663971,99.999854,0.001346,0.002514,2.6690,14.7684,3.7620,5.7388,3.0158
1907,41,DIAMOND_11.tif,54,93.291515,36.008262,8.609573,0.698404,0.296988,0.651176,178.020179,21.1054,8.609573,99.999508,0.001070,0.002319,2.5103,9.7759,3.5999,5.6881,3.3332
1908,40,DIAMOND_11.tif,53,93.041185,36.650190,8.972482,-0.411518,0.891757,-0.188210,94.615020,21.5002,8.972482,99.999493,0.000942,0.001744,2.4428,10.0562,3.6011,4.7617,3.8130
1909,36,DIAMOND_11.tif,49,92.797245,37.263640,9.122260,-0.247292,0.957450,-0.148783,68.519528,21.8784,9.122260,99.999538,0.001044,0.002514,2.6690,14.7684,3.7620,5.7388,3.0158
1910,39,DIAMOND_11.tif,52,92.538506,37.901942,8.583937,-0.699224,-0.231398,-0.676417,134.705821,22.2730,8.583937,99.999661,0.000807,0.002257,1.9179,10.0615,3.6523,5.0876,2.8607
1911,21,DIAMOND_11.tif,30,92.154991,38.825972,9.032967,-0.213472,0.904948,0.368101,122.822196,22.8463,9.032967,99.999993,0.001872,0.003125,2.9763,28.1827,4.7784,6.6225,4.2739
1912,86,DIAMOND_11.tif,117,91.880310,39.471821,9.021811,-0.829931,0.074962,-0.552806,149.918167,23.2484,9.021811,100.000080,0.000594,0.000977,0.8689,0.7673,1.7960,3.2118,1.3557
1913,35,DIAMOND_11.tif,48,91.676425,39.942787,8.617820,-0.776214,0.283447,-0.563161,123.599267,23.5424,8.617820,99.999965,0.001519,0.002437,2.6217,15.6426,3.8436,5.3474,3.4707
1914,60,DIAMOND_11.tif,80,91.245794,40.916361,8.923156,-0.740438,0.663883,0.104938,93.621167,24.1524,8.923156,99.999717,0.000743,0.002137,1.4643,4.1488,2.9714,4.2915,2.4134
1915,27,DIAMOND_11.tif,37,91.186061,41.049039,8.864875,-0.579931,0.720863,-0.379521,112.968678,24.2357,8.864875,99.999607,0.000938,0.003142,1.8285,13.4607,4.3256,6.4516,2.9485
1916,25,DIAMOND_11.tif,34,90.743319,42.019674,9.179721,0.215421,0.888330,0.405541,115.227842,24.8470,9.179721,100.000015,0.001418,0.002554,2.2688,18.2938,4.4457,5.4925,3.9077
1917,52,DIAMOND_11.tif,67,90.537600,42.460103,9.255986,-0.531854,0.334458,-0.777990,117.845535,25.1255,9.255986,99.999587,0.000685,0.002097,1.1861,4.6602,3.3404,4.9386,2.4029
1918,48,DIAMOND_11.tif,63,90.159534,43.257965,8.780733,-0.868031,0.412225,-0.276754,102.113469,25.6314,8.780733,99.999966,0.001204,0.002507,1.9949,8.9620,3.4174,5.5326,3.2778
1919,66,DIAMOND_11.tif,91,89.761661,44.077918,9.130336,-0.610779,0.332327,-0.718685,102.175762,26.1536,9.130336,100.000093,0.001022,0.001655,1.6486,3.4815,2.6461,4.8219,1.9912
1920,37,DIAMOND_11.tif,50,89.431043,44.743631,8.586521,0.311494,0.586175,0.747911,162.034289,26.5795,8.586521,99.999520,0.001281,0.002543,2.7966,14.0539,3.6655,5.3763,2.9527
1921,31,DIAMOND_11.tif,43,89.245760,45.112140,9.163290,0.669336,0.000101,0.742960,178.142751,26.8158,9.163290,99.999554,0.001029,0.002595,2.2881,14.1526,3.9969,5.4815,3.1181
1922,5,DIAMOND_11.tif,9,88.771384,46.038858,8.955645,0.381912,0.655929,0.651077,128.455254,27.4123,8.955645,99.999675,0.001592,0.006009,3.1391,40.8061,6.1473,13.2068,5.9658
1923,32,DIAMOND_11.tif,45,88.552081,46.459001,8.990671,0.453183,0.832443,0.318848,110.753590,27.6838,8.990671,99.999549,0.001145,0.002670,2.1119,12.6641,3.9129,5.6350,2.7141
1924,90,DIAMOND_11.tif,122,88.231841,47.065320,9.239803,0.689045,0.326150,0.647181,161.672975,28.0767,9.239803,100.000011,0.000902,0.000910,1.5618,1.4736,1.7516,2.1607,1.7785
1925,7,DIAMOND_11.tif,11,88.005531,47.485583,8.986361,-0.605187,0.144512,-0.782857,164.847518,28.3502,8.986361,99.999270,0.001751,0.003862,4.3101,56.5908,6.0473,7.9302,5.8421
1926,49,DIAMOND_11.tif,64,87.545399,48.330091,9.278534,0.703969,0.373191,0.604281,174.369906,28.9012,9.278534,99.999973,0.000852,0.002085,1.4926,6.3090,3.4142,5.1443,2.8047
1927,1,DIAMOND_11.tif,2,87.015631,49.275292,8.823646,-0.570246,0.616658,-0.542726,104.382033,29.5221,8.823646,99.998873,0.002233,0.006119,5.6562,164.9708,8.6371,12.0537,8.6791
1928,86,DIAMOND_11.tif,117,86.711880,49.809947,8.887366,-0.651544,0.749442,-0.117588,86.108121,29.8744,8.887366,99.999905,0.000401,0.000977,0.8689,0.7673,1.7960,3.2118,1.3557
1929,38,DIAMOND_11.tif,51,100.000602,0.024768,9.929175,0.755986,-0.186734,0.627388,168.975253,0.0142,9.929175,100.000605,0.002110,0.002018,2.6315,13.7149,3.6601,4.6655,3.7508
1930,54,DIAMOND_11.tif,69,99.996169,0.821741,9.399488,0.282482,0.942634,-0.177892,65.573264,0.4708,9.399488,99.999546,0.001027,0.001772,2.6298,11.4450,3.2266,4.1702,3.0906
1931,68,DIAMOND_11.tif,93,99.978499,2.062998,9.783350,0.442909,0.802536,0.399710,87.845952,1.1821,9.783350,99.999781,0.000552,0.001412,1.3482,2.1485,2.6095,5.4768,1.9975
1932,14,DIAMOND_11.tif,20,99.958111,2.863119,9.394005,-0.649307,0.342460,-0.679059,140.419157,1.6407,9.394005,99.999107,0.001710,0.004076,4.4334,52.3335,5.3030,7.7099,5.7494
1933,41,DIAMOND_11.tif,54,99.947341,3.249323,9.477382,-0.643977,0.193246,-0.740236,135.772660,1.8620,9.477382,100.000145,0.001648,0.002319,2.5103,9.7759,3.5999,5.6881,3.3332
1934,32,DIAMOND_11.tif,45,99.907489,4.292436,9.780766,-0.454725,0.765913,-0.454535,97.858895,2.4601,9.780766,99.999657,0.000970,0.002670,2.1119,12.6641,3.9129,5.6350,2.7141
1935,17,DIAMOND_11.tif,24,99.874581,5.004600,9.748568,0.066521,0.964721,-0.254731,106.792316,2.8686,9.748568,99.999890,0.001760,0.003714,3.2720,34.6917,5.0674,7.1263,4.3787
1936,40,DIAMOND_11.tif,53,99.835245,5.740238,9.471451,-0.695877,-0.036688,-0.717223,178.465926,3.2907,9.471451,100.000132,0.001565,0.001744,2.4428,10.0562,3.6011,4.7617,3.8130
1937,2,DIAMOND_11.tif,5,99.787149,6.494703,9.305454,-0.423414,0.644494,-0.636669,131.578366,3.7239,9.305454,99.998282,0.001867,0.004939,6.1317,172.9320,7.2822,10.2853,7.7068
1938,0,DIAMOND_11.tif,1,99.776511,6.677887,9.558456,-0.254929,0.964224,-0.072684,72.561807,3.8290,9.558456,99.999732,0.003788,0.006616,6.5389,193.8738,8.8984,12.5805,9.1749
1939,87,DIAMOND_11.tif,118,99.699084,7.750544,9.421007,-0.688092,0.134900,-0.712974,147.226292,4.4452,9.421007,99.999892,0.000566,0.001420,1.0508,1.0922,1.7911,2.9189,1.6823
1940,70,DIAMOND_11.tif,95,99.635148,8.536645,9.984989,-0.705745,0.400113,-0.584665,133.433646,4.8971,9.984989,100.000185,0.001331,0.001499,1.9947,5.1174,2.5304,3.2779,2.1007
1941,85,DIAMOND_11.tif,116,99.597078,8.968953,9.736743,0.485099,0.607339,0.629141,104.086578,5.1457,9.736743,100.000100,0.001106,0.001015,1.7382,1.7991,1.8262,2.8805,2.4057
1942,74,DIAMOND_11.tif,100,99.523459,9.750373,9.988668,-0.667921,0.178443,-0.722523,148.465012,5.5954,9.988668,99.999943,0.000629,0.001702,1.2176,2.6595,2.4300,3.7079,1.8246
1943,57,DIAMOND_11.tif,72,99.467872,10.301775,9.911957,0.602214,0.396897,0.692684,129.986583,5.9130,9.911957,99.999921,0.000743,0.002106,1.3363,5.3831,3.1630,4.8559,2.6014
1944,90,DIAMOND_11.tif,122,99.358196,11.311051,9.932711,-0.649011,-0.059062,-0.758483,178.043351,6.4947,9.932711,99.999955,0.000862,0.000910,1.5618,1.4736,1.7516,2.1607,1.7785
1945,19,DIAMOND_11.tif,26,99.262584,12.116561,9.802119,-0.652644,0.445292,-0.613002,138.585381,6.9594,9.802119,99.999358,0.001098,0.002910,2.8154,28.5622,4.9632,6.3715,4.5700
1946,24,DIAMOND_11.tif,33,99.189998,12.698058,9.376948,-0.819282,0.474858,-0.321382,122.537705,7.2952,9.376948,99.999482,0.001009,0.002841,2.3388,18.9749,4.5889,6.0620,4.5251
1947,42,DIAMOND_11.tif,55,99.062133,13.664160,9.620360,-0.332565,0.907795,-0.255558,92.202164,7.8535,9.620360,100.000078,0.000963,0.002566,1.5202,7.5887,3.5473,5.7553,2.4714
1948,29,DIAMOND_11.tif,41,99.037767,13.834252,9.952068,0.197332,0.932037,0.303918,94.747037,7.9520,9.952068,99.999329,0.000943,0.004448,2.6907,13.0309,4.0409,8.2103,2.9520
1949,21,DIAMOND_11.tif,30,98.884077,14.896634,9.865463,-0.530467,0.726105,-0.437467,113.810178,8.5670,9.865463,99.999852,0.001666,0.003125,2.9763,28.1827,4.7784,6.6225,4.2739
1950,8,DIAMOND_11.tif,12,98.788627,15.517621,9.446876,-0.814853,0.184745,-0.549439,144.648279,8.9270,9.446876,99.999947,0.002379,0.004457,3.9078,33.8063,5.7696,7.9445,6.2466
1951,49,DIAMOND_11.tif,64,98.695980,16.094245,9.536830,0.550797,0.372033,0.747137,147.629435,9.2616,9.536830,99.999606,0.000574,0.002085,1.4926,6.3090,3.4142,5.1443,2.8047
1952,68,DIAMOND_11.tif,93,98.573806,16.828089,9.916611,0.472741,0.649535,0.595500,164.832345,9.6879,9.916611,99.999899,0.000688,0.001412,1.3482,2.1485,2.6095,5.4768,1.9975
1953,27,DIAMOND_11.tif,37,98.462028,17.470260,9.599485,0.125599,0.913982,0.385826,93.137634,10.0614,9.599485,99.999905,0.000951,0.003142,1.8285,13.4607,4.3256,6.4516,2.9485
1954,76,DIAMOND_11.tif,102,98.345575,18.114353,9.670668,-0.328975,0.874157,-0.357247,124.788462,10.4364,9.670668,99.999910,0.000684,0.001500,1.4710,2.5364,2.3662,4.0879,1.6961
1955,23,DIAMOND_11.tif,32,98.129479,19.250241,9.527535,-0.477269,0.358039,-0.802510,116.651998,11.0989,9.527535,99.999832,0.001409,0.003253,2.5047,21.3131,4.6565,8.4243,3.7626
1956,83,DIAMOND_11.tif,113,98.057235,19.615253,9.299651,-0.581061,0.419719,-0.697283,122.098723,11.3121,9.299651,99.999898,0.000703,0.000941,1.4266,1.4270,1.8641,2.4419,1.5819
1957,29,DIAMOND_11.tif,41,97.877568,20.494020,9.353392,0.356091,0.874566,0.329140,92.766031,11.8260,9.353392,100.000116,0.002100,0.004448,2.6907,13.0309,4.0409,8.2103,2.9520
1958,15,DIAMOND_11.tif,21,97.744955,21.113462,9.402471,0.526238,0.783198,0.331173,125.612672,12.1889,9.402471,99.999272,0.001028,0.003965,1.8995,20.6013,5.1918,8.8082,3.5099
1959,67,DIAMOND_11.tif,92,97.515656,22.149983,9.318055,-0.887988,0.168932,-0.427714,152.047955,12.7972,9.318055,99.999625,0.000775,0.001376,2.0946,4.5898,2.6204,4.5504,2.8789
1960,77,DIAMOND_11.tif,104,97.388561,22.703640,9.368498,-0.388907,0.726943,-0.565955,92.574997,13.1227,9.368498,99.999935,0.000801,0.001103,1.4701,2.4381,2.1917,2.8805,2.0602
1961,7,DIAMOND_11.tif,11,97.193533,23.522351,9.574262,0.050080,0.914910,0.400539,89.706706,13.6049,9.574262,99.999419,0.002042,0.003862,4.3101,56.5908,6.0473,7.9302,5.8421
1962,67,DIAMOND_11.tif,92,97.124635,23.809665,9.969400,0.324356,0.829185,0.455243,141.348083,13.7742,9.969400,100.000474,0.001673,0.001376,2.0946,4.5898,2.6204,4.5504,2.8789
1963,73,DIAMOND_11.tif,99,96.798150,25.101031,9.968486,0.259499,0.894008,0.365253,130.991286,14.5373,9.968486,99.999718,0.000648,0.001677,1.2256,2.7484,2.4781,4.1438,1.6880
1964,34,DIAMOND_11.tif,47,96.617196,25.790098,9.660163,-0.078730,0.934253,0.347810,87.421314,14.9455,9.660163,100.000059,0.001808,0.002302,2.9789,15.7966,3.8776,5.9808,3.6253
1965,26,DIAMOND_11.tif,36,96.552366,26.028545,9.536930,0.579577,0.460186,0.672547,153.193571,15.0871,9.536930,99.999223,0.000610,0.003876,2.3312,18.8512,4.3784,7.3800,3.1732
1966,25,DIAMOND_11.tif,34,96.296358,26.962585,9.484074,0.433948,0.852944,0.290131,105.807796,15.6420,9.484074,99.999847,0.001372,0.002554,2.2688,18.2938,4.4457,5.4925,3.9077
1967,42,DIAMOND_11.tif,55,96.159987,27.445215,9.562108,-0.016644,0.999163,0.037378,75.764013,15.9294,9.562108,99.999915,0.000889,0.002566,1.5202,7.5887,3.5473,5.7553,2.4714
1968,38,DIAMOND_11.tif,51,95.892276,28.364648,9.742113,0.460513,0.307428,0.832716,174.156000,16.4781,9.742113,99.999409,0.000927,0.002018,2.6315,13.7149,3.6601,4.6655,3.7508
1969,94,DIAMOND_11.tif,129,95.610699,29.301923,9.672449,-0.642735,-0.306468,-0.702118,170.463861,17.0388,9.672449,100.000042,0.000362,0.000449,0.5504,0.1192,1.2118,1.9652,0.9777
1970,41,DIAMOND_11.tif,54,95.404521,29.966365,9.634276,0.067542,0.863503,0.499801,124.520874,17.4374,9.634276,100.000028,0.001436,0.002319,2.5103,9.7759,3.5999,5.6881,3.3332
1971,72,DIAMOND_11.tif,98,95.301310,30.292607,9.526522,-0.558852,0.827769,-0.049841,115.246800,17.6335,9.526522,99.999908,0.000653,0.001574,1.2045,2.3662,2.4860,3.5061,1.6844
1972,55,DIAMOND_11.tif,70,95.061064,31.037784,9.444565,-0.255793,0.964968,0.058372,116.789802,18.0820,9.444565,99.999749,0.000746,0.002163,1.0843,3.8378,3.2022,5.5103,1.9921
1973,6,DIAMOND_11.tif,10,94.838293,31.711923,9.805952,-0.881178,0.018020,-0.472441,137.639710,18.4888,9.805952,99.999739,0.001995,0.004622,3.4530,60.7001,6.0513,9.2148,6.4010
1974,9,DIAMOND_11.tif,15,94.659858,32.240604,9.822105,-0.816071,0.240429,-0.525567,127.790427,18.8085,9.822105,99.999727,0.002173,0.003979,3.9470,49.2002,5.7090,7.4169,5.1537
1975,66,DIAMOND_11.tif,91,94.434198,32.895531,9.488229,-0.117532,0.863715,0.490085,113.334544,19.2054,9.488229,99.999668,0.000581,0.001655,1.6486,3.4815,2.6461,4.8219,1.9912
1976,25,DIAMOND_11.tif,34,94.133754,33.745635,9.558620,-0.640345,-0.106951,-0.760605,142.308435,19.7220,9.558620,99.999658,0.001028,0.002554,2.2688,18.2938,4.4457,5.4925,3.9077
1977,26,DIAMOND_11.tif,36,93.901799,34.386933,9.716418,-0.747293,0.319235,-0.582788,153.147957,20.1128,9.716418,100.000045,0.001557,0.003876,2.3312,18.8512,4.3784,7.3800,3.1732
1978,28,DIAMOND_11.tif,39,93.698796,34.936018,9.323699,0.035760,0.880991,0.471779,124.917409,20.4482,9.323699,99.999948,0.001108,0.002843,1.8815,12.9345,4.1524,6.2724,2.7754
1979,58,DIAMOND_11.tif,75,93.320087,35.934944,9.688380,-0.747083,-0.094955,-0.657913,144.226362,21.0603,9.688380,99.999794,0.000990,0.001974,1.9681,7.3225,3.0932,4.1138,3.0493
1980,47,DIAMOND_11.tif,61,93.147428,36.380488,9.336875,0.346455,0.806709,0.478737,104.695312,21.3341,9.336875,99.999916,0.000917,0.001989,1.5957,6.0222,3.4562,5.2254,2.4746
1981,59,DIAMOND_11.tif,79,92.872942,37.074963,9.795044,0.230260,0.911628,0.340461,113.318699,21.7619,9.795044,99.999681,0.000624,0.001565,1.6120,4.0482,2.9984,6.3629,2.3502
1982,65,DIAMOND_11.tif,89,92.593993,37.767313,9.642487,-0.699574,-0.198133,-0.686542,141.758348,22.1896,9.642487,100.000087,0.000939,0.001873,1.5214,4.2247,2.6691,4.0917,2.1900
1983,89,DIAMOND_11.tif,121,92.308093,38.459668,9.929050,-0.402816,0.833585,-0.377989,114.463625,22.6188,9.929050,99.999651,0.000348,0.001102,1.0614,0.9986,1.7715,3.3185,1.3554
1984,57,DIAMOND_11.tif,72,91.872726,39.488696,9.669525,0.409668,0.531008,0.741757,116.145469,23.2590,9.669525,99.999775,0.000605,0.002106,1.3363,5.3831,3.1630,4.8559,2.6014
1985,19,DIAMOND_11.tif,26,91.808912,39.635550,9.448220,-0.265118,0.946458,0.184198,96.555203,23.3507,9.448220,99.999266,0.000969,0.002910,2.8154,28.5622,4.9632,6.3715,4.5700
1986,14,DIAMOND_11.tif,20,91.371439,40.634396,9.653627,0.339105,0.910621,0.236171,95.338351,23.9755,9.653627,99.999470,0.002182,0.004076,4.4334,52.3335,5.3030,7.7099,5.7494
1987,34,DIAMOND_11.tif,47,91.001992,41.455834,9.656706,0.770765,0.361611,0.524555,169.341919,24.4916,9.656706,99.999743,0.001452,0.002302,2.9789,15.7966,3.8776,5.9808,3.6253
1988,33,DIAMOND_11.tif,46,90.794637,41.908270,9.575709,-0.133191,0.882699,0.450668,97.311319,24.7767,9.575709,99.999846,0.000912,0.002346,1.7205,10.9902,3.9084,5.2783,3.6731
1989,91,DIAMOND_11.tif,123,90.335711,42.888452,9.919668,0.609427,0.599591,0.518739,127.738971,25.3968,9.919668,99.999800,0.000326,0.000853,0.8947,0.6195,1.7441,3.8088,1.3476
1990,14,DIAMOND_11.tif,20,90.106083,43.366335,9.404519,0.485071,0.701032,0.522743,163.180305,25.7006,9.404519,99.998726,0.001491,0.004076,4.4334,52.3335,5.3030,7.7099,5.7494
1991,32,DIAMOND_11.tif,45,89.742507,44.116564,9.325019,-0.739835,0.089873,-0.666759,132.749027,26.1783,9.325019,99.999943,0.001162,0.002670,2.1119,12.6641,3.9129,5.6350,2.7141
1992,86,DIAMOND_11.tif,117,89.473652,44.659942,9.747576,-0.785878,0.315877,-0.531618,114.212159,26.5257,9.747576,100.000224,0.000717,0.000977,0.8689,0.7673,1.7960,3.2118,1.3557
1993,60,DIAMOND_11.tif,80,89.211498,45.180546,9.918981,-0.565461,0.712404,-0.415613,112.544391,26.8596,9.918981,99.999866,0.000774,0.002137,1.4643,4.1488,2.9714,4.2915,2.4134
1994,38,DIAMOND_11.tif,51,88.742299,46.095397,9.700352,-0.517355,0.843530,-0.144226,88.716373,27.4487,9.700352,99.999906,0.001463,0.002018,2.6315,13.7149,3.6601,4.6655,3.7508
1995,7,DIAMOND_11.tif,11,88.661314,46.251453,9.880569,-0.438473,0.889835,0.126233,106.780150,27.5494,9.880569,100.000128,0.002658,0.003862,4.3101,56.5908,6.0473,7.9302,5.8421
1996,44,DIAMOND_11.tif,57,88.135398,47.245415,9.315842,-0.736107,0.284964,-0.613956,87.772744,28.1938,9.315842,99.999888,0.001249,0.002282,2.3842,12.0878,3.5350,4.8545,3.2090
1997,11,DIAMOND_11.tif,17,87.698086,48.050951,9.555810,-0.703056,0.184121,-0.686885,109.043630,28.7189,9.555810,99.999241,0.001488,0.004078,3.6234,46.9468,5.4948,8.7637,5.3801
1998,40,DIAMOND_11.tif,53,87.568101,48.289154,9.510138,0.412752,0.226915,0.882125,177.770463,28.8744,9.510138,100.000073,0.001451,0.001744,2.4428,10.0562,3.6011,4.7617,3.8130
1999,58,DIAMOND_11.tif,75,87.031778,49.248754,9.614841,-0.823849,0.505832,-0.255746,80.249381,29.5043,9.614841,99.999851,0.000961,0.001974,1.9681,7.3225,3.0932,4.1138,3.0493
2000,66,DIAMOND_11.tif,91,86.725254,49.787221,9.394386,-0.776422,-0.053960,-0.627899,175.254769,29.8593,9.394386,100.000185,0.001170,0.001655,1.6486,3.4815,2.6461,4.8219,1.9912
