time_s,RF1_N,RF2_N,RF3_N,RM3_Nmm,F_normal_N,F_tangential_N,F_tangential_from_torque_N,F_magnitude_N
0,0,0,0,0,-0,-0,-0,0
9.15182263e-10,1.46290631e-06,-2.32175537e-07,3.40391361e-11,-7.28258283e-06,-1.4524516e-06,2.90490471e-07,2.91303313e-07,1.48121584e-06
1.82767146e-09,2.01135822e-06,-3.18618504e-07,1.6172387e-10,-9.99779695e-06,-1.99700801e-06,3.98796519e-07,3.99911878e-07,2.03643798e-06
2.74016787e-09,2.38521989e-06,-3.76875306e-07,3.86653015e-10,-1.18319304e-05,-2.36824097e-06,4.71957201e-07,4.73277214e-07,2.41481036e-06
3.60703001e-09,2.68804683e-06,-4.23572232e-07,6.53333609e-10,-1.33052854e-05,-2.66895831e-06,5.30726622e-07,5.32211416e-07,2.72121474e-06
4.51949367e-09,2.88143383e-06,-4.52718893e-07,9.19222198e-10,-1.42292947e-05,-2.86102506e-06,5.67583387e-07,5.69171789e-07,2.91678181e-06
5.43194156e-09,2.99316889e-06,-4.69002401e-07,1.13599918e-09,-1.47492192e-05,-2.97201958e-06,5.88322081e-07,5.89968768e-07,3.0296905e-06
6.34450137e-09,3.66151789e-06,-5.80832136e-07,1.60461744e-09,-1.82199983e-05,-3.63536198e-06,7.26789195e-07,7.28799932e-07,3.70730115e-06
7.21147186e-09,4.52432869e-06,-7.17509693e-07,2.12807483e-09,-2.25085132e-05,-4.49201697e-06,8.97860653e-07,9.00340528e-07,4.58087052e-06
8.12408096e-09,5.41813415e-06,-8.58997623e-07,2.71547318e-09,-2.69485499e-05,-5.37944948e-06,1.07497809e-06,1.077942e-06,5.4858055e-06
9.03668074e-09,6.61812965e-06,-1.06069297e-06,1.252351e-09,-3.32028212e-05,-6.57041944e-06,1.32449912e-06,1.32811285e-06,6.70258988e-06
9.90359883e-09,7.650312e-06,-1.22252288e-06,2.05980033e-09,-3.82911276e-05,-7.59530469e-06,1.52747588e-06,1.5316451e-06,7.74737634e-06
1.08161125e-08,8.34436651e-06,-1.32848402e-06,2.87837776e-09,-4.16411276e-05,-8.28456671e-06,1.66110703e-06,1.6656451e-06,8.44945741e-06
1.17285781e-08,8.97232349e-06,-1.41864552e-06,4.38547332e-09,-4.45294354e-05,-8.90841589e-06,1.776308e-06,1.78117742e-06,9.08378572e-06
1.26409958e-08,8.66673781e-06,-1.35750895e-06,5.61259306e-09,-4.26923434e-05,-8.60551947e-06,1.70300016e-06,1.70769374e-06,8.77241166e-06
1.35077798e-08,8.46748389e-06,-1.31673198e-06,6.66433486e-09,-4.14716051e-05,-8.40805558e-06,1.65428778e-06,1.6588642e-06,8.56925382e-06
1.44201451e-08,8.17987348e-06,-1.26437442e-06,7.24982474e-09,-3.98720622e-05,-8.12276896e-06,1.59047075e-06,1.59488249e-06,8.2770179e-06
1.5332466e-08,7.83266751e-06,-1.20515335e-06,7.16291648e-09,-3.80407037e-05,-7.77820893e-06,1.51741252e-06,1.52162815e-06,7.92484234e-06
1.62450835e-08,8.76887498e-06,-1.39316523e-06,8.04612288e-09,-4.36856135e-05,-8.70614906e-06,1.74271232e-06,1.74742454e-06,8.8788593e-06
1.71122316e-08,1.0169224e-05,-1.613927e-06,9.21722076e-09,-5.0618768e-05,-1.00965498e-05,2.01929652e-06,2.02475072e-06,1.02965024e-05
1.80249362e-08,1.15186112e-05,-1.82548217e-06,1.06967404e-08,-5.72702193e-05,-1.14363978e-05,2.28464358e-06,2.29080877e-06,1.16623713e-05
1.8937568e-08,1.30136577e-05,-2.10644043e-06,4.05668166e-09,-6.58029094e-05,-1.2919013e-05,2.62516301e-06,2.63211638e-06,1.31830344e-05
1.98044692e-08,1.44258838e-05,-2.3242012e-06,5.67504976e-09,-7.26729049e-05,-1.43214014e-05,2.89922358e-06,2.9069162e-06,1.46119153e-05
2.07169197e-08,1.56036203e-05,-2.49219283e-06,9.03215991e-09,-7.8062003e-05,-1.5491478e-05,3.11417773e-06,3.12248012e-06,1.58013947e-05
2.16292761e-08,1.60548316e-05,-2.52825362e-06,1.36178722e-08,-7.94194129e-05,-1.59408862e-05,3.16825331e-06,3.17677652e-06,1.6252688e-05
2.2541597e-08,1.49379903e-05,-2.31849003e-06,1.59725033e-08,-7.30477041e-05,-1.48333266e-05,2.91399577e-06,2.92190816e-06,1.51168517e-05
2.34082851e-08,1.43926418e-05,-2.20982906e-06,1.7991713e-08,-6.97805299e-05,-1.42927596e-05,2.7836136e-06,2.7912212e-06,1.4561312e-05
2.43205136e-08,1.36323897e-05,-2.07344283e-06,1.88458067e-08,-6.56031116e-05,-1.35385697e-05,2.61693448e-06,2.62412446e-06,1.37891831e-05
2.52326711e-08,1.27940539e-05,-1.93114079e-06,1.82271389e-08,-6.11988726e-05,-1.2706595e-05,2.44122178e-06,2.4479549e-06,1.29389896e-05
2.61447646e-08,1.35936298e-05,-2.16026115e-06,1.95847534e-08,-6.77319476e-05,-1.34963689e-05,2.70213337e-06,2.70927791e-06,1.37642247e-05
2.70111418e-08,1.55547496e-05,-2.46689228e-06,2.22733121e-08,-7.73775537e-05,-1.5443658e-05,3.08694311e-06,3.09510215e-06,1.57491678e-05
2.7923079e-08,1.74739107e-05,-2.7646347e-06,2.4249438e-08,-8.67584895e-05,-1.73493775e-05,3.46119334e-06,3.47033958e-06,1.76912789e-05
2.88350055e-08,1.89856692e-05,-3.00006081e-06,2.64267985e-08,-9.41700564e-05,-1.88505122e-05,3.75688535e-06,3.76680226e-06,1.92212564e-05
2.97013685e-08,2.12435043e-05,-3.45921626e-06,9.34639299e-09,-0.000107926047,-2.108818e-05,4.30596285e-06,4.31704189e-06,2.15233069e-05
3.06134069e-08,2.26955144e-05,-3.65075562e-06,1.60990776e-08,-0.000114180591,-2.25313691e-05,4.55541391e-06,4.56722366e-06,2.29872715e-05
3.15255626e-08,2.34113413e-05,-3.69203281e-06,2.51043133e-08,-0.000115935916,-2.32449728e-05,4.62528352e-06,4.63743665e-06,2.37006886e-05
3.2437864e-08,2.19811554e-05,-3.39160579e-06,3.24135918e-08,-0.000106982196,-2.18279448e-05,4.26790464e-06,4.27928782e-06,2.22412957e-05
3.33046764e-08,2.09682839e-05,-3.18370076e-06,3.55739935e-08,-0.000100762401,-2.08241975e-05,4.01966185e-06,4.03049606e-06,2.12086338e-05
3.42173188e-08,1.97127156e-05,-2.952876e-06,3.81685297e-08,-9.37243603e-05,-1.9578864e-05,3.73881239e-06,3.74897441e-06,1.9932689e-05
3.51300677e-08,1.83236243e-05,-2.71430372e-06,3.64585304e-08,-8.63576715e-05,-1.82004242e-05,3.4448821e-06,3.45430686e-06,1.85236061e-05
3.60428913e-08,1.87586629e-05,-2.990844e-06,3.62083199e-08,-9.37059158e-05,-1.86240561e-05,3.73859808e-06,3.74823663e-06,1.89956283e-05
3.69100732e-08,2.1441796e-05,-3.40731708e-06,4.26130669e-08,-0.000106825726,-2.12883885e-05,4.26203474e-06,4.27302904e-06,2.17108784e-05
3.78227973e-08,2.38886314e-05,-3.77897572e-06,4.77094844e-08,-0.000118586635,-2.37184043e-05,4.73124341e-06,4.7434654e-06,2.41857322e-05
3.87354433e-08,2.57448792e-05,-4.06359413e-06,4.91350889e-08,-0.0001275752,-2.55617856e-05,5.08986427e-06,5.10300801e-06,2.60636531e-05
3.96023552e-08,2.8432567e-05,-4.67796963e-06,1.7137447e-08,-0.000145643076,-2.82227551e-05,5.81122717e-06,5.82572306e-06,2.88148323e-05
4.05147098e-08,3.05848698e-05,-4.94806409e-06,3.00364817e-08,-0.000154568261,-3.03625354e-05,6.16717474e-06,6.18273043e-06,3.09825516e-05
4.14268904e-08,3.14365534e-05,-4.9475525e-06,4.80113478e-08,-0.000155416739,-3.12135582e-05,6.20072182e-06,6.21666957e-06,3.18235364e-05
4.23389501e-08,2.91916858e-05,-4.45997284e-06,5.80631969e-08,-0.000140963297,-2.89899842e-05,5.62376142e-06,5.63853187e-06,2.953048e-05
4.3205425e-08,2.77463278e-05,-4.14976375e-06,6.47193019e-08,-0.000131750188,-2.75581874e-05,5.25600156e-06,5.27000753e-06,2.80550073e-05
4.41173604e-08,2.58968066e-05,-3.80618303e-06,6.68210802e-08,-0.000121294383,-2.57238852e-05,4.83873454e-06,4.8517753e-06,2.61751043e-05
4.50292106e-08,2.39545752e-05,-3.47303103e-06,6.03595396e-08,-0.000111005371,-2.37965299e-05,4.42818049e-06,4.44021483e-06,2.42051082e-05
4.59409542e-08,2.37012082e-05,-3.7816917e-06,6.19854106e-08,-0.000118459022,-2.35310224e-05,4.72646229e-06,4.73836088e-06,2.40010896e-05
4.68068961e-08,2.68885342e-05,-4.26768975e-06,7.06306267e-08,-0.000133825015,-2.66963642e-05,5.33953063e-06,5.3530006e-06,2.72251985e-05
4.77183306e-08,2.99704243e-05,-4.73525415e-06,7.46972688e-08,-0.0001486236,-2.97570915e-05,5.92996377e-06,5.94494399e-06,3.03422897e-05
4.86297509e-08,3.23617423e-05,-5.10872997e-06,7.58857084e-08,-0.0001603727,-3.21315617e-05,6.39876806e-06,6.41490798e-06,3.27625892e-05
4.95412458e-08,3.53510477e-05,-5.8683363e-06,2.85478663e-08,-0.000182372853,-3.50880998e-05,7.27730712e-06,7.2949141e-06,3.58348261e-05
5.04072624e-08,3.73138137e-05,-6.09625158e-06,4.18809982e-08,-0.000190051782,-3.70401816e-05,7.5835298e-06,7.60207127e-06,3.78085536e-05
5.13190983e-08,3.88098269e-05,-6.14723331e-06,6.61568293e-08,-0.000192838197,-3.85329595e-05,7.69429532e-06,7.71352788e-06,3.92937084e-05
5.22310621e-08,3.65609485e-05,-5.56788018e-06,8.67242917e-08,-0.000176088535,-3.63090478e-05,7.02547446e-06,7.04354141e-06,3.69825873e-05
5.31430508e-08,3.4111803e-05,-5.0346307e-06,9.76465842e-08,-0.000160288095,-3.38831856e-05,6.39471182e-06,6.41152379e-06,3.44814754e-05
5.40093552e-08,3.21389016e-05,-4.64537288e-06,1.00590619e-07,-0.000148566789,-3.19274285e-05,5.92687036e-06,5.94267156e-06,3.24730443e-05
5.49210704e-08,2.9552335e-05,-4.20122387e-06,9.28190431e-08,-0.000134853384,-2.93606922e-05,5.37964154e-06,5.39413537e-06,2.98496131e-05
5.58327002e-08,2.81229386e-05,-4.5039078e-06,8.84795526e-08,-0.000140967764,-2.7920335e-05,5.62492275e-06,5.63871057e-06,2.84814447e-05
5.67440637e-08,3.221515e-05,-5.11715643e-06,1.02143211e-07,-0.000160427066,-3.19847496e-05,6.40132565e-06,6.41708262e-06,3.26191909e-05
5.76097037e-08,3.55922311e-05,-5.61323623e-06,1.08293222e-07,-0.000176235655,-3.53392916e-05,7.03205586e-06,7.0494262e-06,3.60323059e-05
5.85209037e-08,3.83794431e-05,-6.0472571e-06,1.08309344e-07,-0.00018989692,-3.81069179e-05,7.57718832e-06,7.59587681e-06,3.88530913e-05
5.94321925e-08,4.24338577e-05,-7.11724351e-06,4.28028351e-08,-0.000220727263,-4.21153014e-05,8.8084522e-06,8.82909051e-06,4.30266112e-05
6.03435808e-08,4.46248087e-05,-7.33343131e-06,6.30357988e-08,-0.00022834324,-4.42958545e-05,9.11208174e-06,9.13372962e-06,4.52234092e-05
6.12096684e-08,4.60211959e-05,-7.30481861e-06,9.33887989e-08,-0.000229039928,-4.5692269e-05,9.13933252e-06,9.16159712e-06,4.65974202e-05
6.2121579e-08,4.36598093e-05,-6.62862249e-06,1.21938157e-07,-0.000209757665,-4.33598119e-05,8.369247e-06,8.39030661e-06,4.4160304e-05
6.30337951e-08,4.07751577e-05,-5.96655218e-06,1.34973206e-07,-0.000190299092,-4.05039435e-05,7.59235098e-06,7.61196367e-06,4.12096038e-05
6.39007496e-08,3.81222526e-05,-5.43028136e-06,1.43462387e-07,-0.00017421777,-3.78746055e-05,6.95042122e-06,6.9687108e-06,3.85073328e-05
6.48136194e-08,3.51495946e-05,-4.90202137e-06,1.30851717e-07,-0.000158013223,-3.49254501e-05,6.30370917e-06,6.32052892e-06,3.54900118e-05
6.57265886e-08,3.24261855e-05,-5.20125195e-06,1.1842986e-07,-0.000162732729,-3.21922534e-05,6.49379307e-06,6.50930917e-06,3.28408976e-05
6.66395721e-08,3.76747448e-05,-6.01685997e-06,1.33924544e-07,-0.000188415506,-3.74039988e-05,7.51863508e-06,7.53662025e-06,3.81524172e-05
6.75068392e-08,4.15382565e-05,-6.57667306e-06,1.40684151e-07,-0.000206307071,-4.12420335e-05,8.23249964e-06,8.25228286e-06,4.20559053e-05
6.8419709e-08,4.44903853e-05,-7.00539158e-06,1.41433873e-07,-0.000220001704,-4.41746568e-05,8.7789289e-06,8.80006817e-06,4.503876e-05
6.93322804e-08,5.03869123e-05,-8.54092741e-06,4.78225708e-08,-0.000264323695,-5.00050622e-05,1.05490347e-05,1.05729478e-05,5.11056813e-05
7.02445533e-08,5.21127185e-05,-8.60211912e-06,9.24933232e-08,-0.000267596421,-5.17270409e-05,1.06791913e-05,1.07038568e-05,5.28179936e-05
7.11110246e-08,5.32182203e-05,-8.43811722e-06,1.39303154e-07,-0.000264616188,-5.28382167e-05,1.05595288e-05,1.05846475e-05,5.38832089e-05
7.20228854e-08,5.07355362e-05,-7.65704317e-06,1.67590585e-07,-0.000242591748,-5.03887531e-05,9.67979866e-06,9.70366993e-06,5.13103599e-05
7.29346823e-08,4.77293288e-05,-6.91430068e-06,1.80568662e-07,-0.000220995615,-4.74146521e-05,8.81743406e-06,8.83982459e-06,4.8227886e-05
7.38007842e-08,4.43736099e-05,-6.22886955e-06,1.89320517e-07,-0.000200477953,-4.40890274e-05,7.99835823e-06,8.0191181e-06,4.48090606e-05
7.47122897e-08,4.08493361e-05,-5.59040791e-06,1.76008356e-07,-0.00018096334,-4.05931043e-05,7.21947393e-06,7.23853358e-06,4.12304729e-05
7.56236531e-08,3.73969706e-05,-5.01471641e-06,1.59231504e-07,-0.000163089702,-3.71665218e-05,6.50618512e-06,6.52358809e-06,3.77320307e-05
7.653653e-08,4.22894045e-05,-6.73527893e-06,1.78723809e-07,-0.000211017628,-4.19862382e-05,8.42101656e-06,8.44070513e-06,4.28227703e-05
7.74038114e-08,4.709532e-05,-7.44152339e-06,1.90810724e-07,-0.000233518891,-4.67600672e-05,9.31888146e-06,9.34075564e-06,4.76799942e-05
7.83167593e-08,5.31374753e-05,-8.44322949e-06,1.84345552e-07,-0.000264650706,-5.27573319e-05,1.05614081e-05,1.05860282e-05,5.38043994e-05
7.92293022e-08,5.82499379e-05,-9.98843916e-06,7.52062661e-08,-0.000308419607,-5.78039131e-05,1.23098257e-05,1.23367843e-05,5.91001678e-05
8.01416391e-08,6.07120746e-05,-1.00671477e-05,1.33024542e-07,-0.000312873686,-6.02609329e-05,1.24869305e-05,1.25149474e-05,6.15412152e-05
8.1008082e-08,6.11338255e-05,-9.686878e-06,1.90858984e-07,-0.000303798995,-6.06975532e-05,1.21238305e-05,1.21519598e-05,6.18968227e-05
8.19199855e-08,5.76750535e-05,-8.67222298e-06,2.26713823e-07,-0.0002749532,-5.72821232e-05,1.09716731e-05,1.0998128e-05,5.83238429e-05
8.28317752e-08,5.46466363e-05,-7.82797997e-06,2.46300232e-07,-0.000250799669,-5.42898891e-05,1.0007001e-05,1.00319867e-05,5.52050069e-05
8.37434371e-08,5.04566888e-05,-6.93607444e-06,2.53703803e-07,-0.000224281408,-5.01389598e-05,8.94825571e-06,8.97125632e-06,5.09318264e-05
8.46093471e-08,4.67564059e-05,-6.24961558e-06,2.35208603e-07,-0.000203390751,-4.64690878e-05,8.1143741e-06,8.13563005e-06,4.71728154e-05
8.55206181e-08,4.29089559e-05,-5.60982289e-06,2.0636098e-07,-0.000183517259,-4.26503003e-05,7.32123621e-06,7.34069035e-06,4.32746022e-05
8.64332463e-08,4.70108716e-05,-7.46025171e-06,2.36352207e-07,-0.000233888713,-4.66749375e-05,9.33421776e-06,9.35554854e-06,4.75997192e-05
8.73005419e-08,5.2106996e-05,-8.17800719e-06,2.52928203e-07,-0.000256969361,-5.17382829e-05,1.02551897e-05,1.02787744e-05,5.2745453e-05
8.82134472e-08,6.07030488e-05,-9.66986318e-06,2.42513408e-07,-0.00030292524,-6.02678014e-05,1.20896028e-05,1.21170096e-05,6.14688962e-05
8.91259262e-08,6.44770553e-05,-1.1242244e-05,8.66346426e-08,-0.000346018263,-6.39759107e-05,1.38116459e-05,1.38407305e-05,6.54498756e-05
9.00381494e-08,6.83075123e-05,-1.15136527e-05,1.37398331e-07,-0.000356668374,-6.77924502e-05,1.42360149e-05,1.42667349e-05,6.92712011e-05
9.09044502e-08,6.96230345e-05,-1.11451245e-05,2.21396263e-07,-0.000348790054,-6.91216574e-05,1.39203884e-05,1.39516022e-05,7.05097848e-05
9.18161049e-08,6.44281754e-05,-9.70012115e-06,2.70719084e-07,-0.000307439826,-6.39887383e-05,1.22688019e-05,1.22975931e-05,6.51548573e-05
9.27278521e-08,6.16720499e-05,-8.85173813e-06,3.00233808e-07,-0.000283458852,-6.12687437e-05,1.13108819e-05,1.13383541e-05,6.23047763e-05
9.3639315e-08,5.75682097e-05,-7.90753802e-06,2.98297238e-07,-0.000255722261,-5.72059441e-05,1.02033272e-05,1.02288905e-05,5.81095251e-05
9.45050189e-08,5.31334881e-05,-7.05342245e-06,2.79609253e-07,-0.000229901983,-5.28089253e-05,9.17255328e-06,9.19607934e-06,5.36003406e-05
9.54161194e-08,4.84796619e-05,-6.26227938e-06,2.54311402e-07,-0.000205433578,-4.8190459e-05,8.19593963e-06,8.21734313e-06,4.88831099e-05
9.63290319e-08,5.20941285e-05,-8.33536251e-06,2.89186403e-07,-0.00026087329,-5.17191331e-05,1.04119046e-05,1.04349316e-05,5.27575598e-05
9.72428182e-08,5.81104941e-05,-9.17056059e-06,2.99012754e-07,-0.000287816016,-5.76972873e-05,1.14870251e-05,1.15126406e-05,5.88304183e-05
9.81101138e-08,6.81871315e-05,-1.09874682e-05,2.81784281e-07,-0.000343385502,-6.76932076e-05,1.37054373e-05,1.37354201e-05,6.90672771e-05
9.90225573e-08,7.23849007e-05,-1.27351495e-05,9.60012727e-08,-0.000391284673,-7.18177304e-05,1.56195868e-05,1.56513869e-05,7.34967149e-05
9.99347236e-08,7.67668826e-05,-1.30045701e-05,1.84293455e-07,-0.000402441074,-7.61854331e-05,1.60640243e-05,1.60976429e-05,7.78608185e-05
1.00800953e-07,7.77412206e-05,-1.2451279e-05,2.85810017e-07,-0.000389601773,-7.71811176e-05,1.55501389e-05,1.55840709e-05,7.87325436e-05
1.0171253e-07,7.21606848e-05,-1.07976111e-05,3.40573308e-07,-0.000342650455,-7.16711747e-05,1.36746319e-05,1.37060182e-05,7.29648465e-05
1.02624199e-07,6.65345651e-05,-9.43354189e-06,3.58344209e-07,-0.000302887842,-6.61041035e-05,1.2086669e-05,1.21155137e-05,6.72009559e-05
1.03535804e-07,6.30584109e-05,-8.5444226e-06,3.64156193e-07,-0.00027716253,-6.26662851e-05,1.10592518e-05,1.10865012e-05,6.3635705e-05
1.04401479e-07,5.84721674e-05,-7.59734894e-06,3.49319492e-07,-0.000248868135,-5.8121583e-05,9.92953492e-06,9.95472539e-06,5.89647022e-05
1.05312566e-07,5.29434037e-05,-6.65201514e-06,3.07512892e-07,-0.000219665118,-5.2635045e-05,8.76386571e-06,8.78660474e-06,5.3360546e-05
1.06223432e-07,5.4880813e-05,-8.76422746e-06,3.13344401e-07,-0.000274386752,-5.44864386e-05,1.09518642e-05,1.09754701e-05,5.55770951e-05
1.07133459e-07,6.31607109e-05,-9.94435868e-06,3.58861655e-07,-0.00031223119,-6.27125207e-05,1.2462159e-05,1.24892476e-05,6.3939772e-05
1.08043281e-07,7.27464212e-05,-1.17954933e-05,3.24661784e-07,-0.000368156645,-7.22165379e-05,1.46951391e-05,1.47262658e-05,7.36972243e-05
1.08907663e-07,7.74435102e-05,-1.25643637e-05,3.19299744e-07,-0.000392106944,-7.68791231e-05,1.5651228e-05,1.56842778e-05,7.84567554e-05
1.09817776e-07,8.44965034e-05,-1.44595097e-05,2.1791675e-07,-0.000446572813,-8.38506891e-05,1.78269025e-05,1.78629125e-05,8.57250488e-05
1.10728244e-07,8.54763639e-05,-1.37068782e-05,3.43264958e-07,-0.000428758736,-8.4859863e-05,1.71140571e-05,1.71503494e-05,8.65690772e-05
1.11639459e-07,7.97610046e-05,-1.18487169e-05,4.2697792e-07,-0.00037656416,-7.9223382e-05,1.50288287e-05,1.50625664e-05,8.06374123e-05
1.12505674e-07,7.42532284e-05,-1.03924413e-05,4.49618284e-07,-0.000334619224,-7.37782469e-05,1.33534656e-05,1.3384769e-05,7.49783096e-05
1.13418125e-07,6.78606739e-05,-9.05351226e-06,4.44417253e-07,-0.000294712227,-6.74443487e-05,1.17599736e-05,1.17884891e-05,6.84633818e-05
1.14331073e-07,6.30353461e-05,-8.12008147e-06,4.11835288e-07,-0.000266518327,-6.26602079e-05,1.06343278e-05,1.06607331e-05,6.35575345e-05
1.15244198e-07,5.7523961e-05,-7.20123126e-06,3.61230548e-07,-0.000237995933,-5.71899755e-05,9.49581594e-06,9.51983733e-06,5.79740831e-05
1.16111764e-07,6.03100816e-05,-9.64143419e-06,3.87381846e-07,-0.000301767752,-5.98762854e-05,1.20454821e-05,1.20707101e-05,6.10771091e-05
1.17024783e-07,6.77371791e-05,-1.06285916e-05,4.32241478e-07,-0.000333927543,-6.72579662e-05,1.33288545e-05,1.33571017e-05,6.85673335e-05
1.17937724e-07,7.90289196e-05,-1.28896572e-05,3.71948005e-07,-0.000401813653,-7.84502561e-05,1.60396608e-05,1.60725461e-05,8.00740391e-05
1.18804586e-07,8.51607037e-05,-1.39173544e-05,3.84633637e-07,-0.000433677109,-8.45360385e-05,1.73117419e-05,1.73470844e-05,8.62912867e-05
1.19716617e-07,9.15447308e-05,-1.58059447e-05,2.60666724e-07,-0.000487301324,-9.08394356e-05,1.94541145e-05,1.9492053e-05,9.28995887e-05
1.20628371e-07,9.37162258e-05,-1.51130653e-05,4.13983855e-07,-0.000472182815,-9.30369014e-05,1.88486259e-05,1.88873126e-05,9.49279048e-05
1.21539742e-07,8.77672719e-05,-1.30332301e-05,5.12689098e-07,-0.000414216105,-8.71758773e-05,1.65325596e-05,1.65686442e-05,8.8731178e-05
1.22405709e-07,8.21892027e-05,-1.14181148e-05,5.58432816e-07,-0.000368233596,-8.16668573e-05,1.4695673e-05,1.47293438e-05,8.29804207e-05
1.23317122e-07,7.51034386e-05,-9.88290867e-06,5.36411278e-07,-0.000322725042,-7.46481529e-05,1.28783399e-05,1.29090017e-05,7.5752796e-05
1.24228251e-07,6.76888885e-05,-8.54242899e-06,4.70555477e-07,-0.000281749351,-6.72931386e-05,1.12424295e-05,1.12699741e-05,6.82274149e-05
1.25139181e-07,6.47834167e-05,-8.01654369e-06,4.48631454e-07,-0.000265676412,-6.44110207e-05,1.0600777e-05,1.06270565e-05,6.52790727e-05
1.26004821e-07,6.42153464e-05,-1.02868726e-05,4.63203264e-07,-0.000321816944,-6.37526157e-05,1.28465731e-05,1.28726778e-05,6.5035721e-05
1.26917925e-07,7.31007967e-05,-1.14739778e-05,5.22547907e-07,-0.000360441831,-7.25834872e-05,1.4388052e-05,1.44176732e-05,7.39976466e-05
1.27830987e-07,8.57348787e-05,-1.40442062e-05,4.38674817e-07,-0.00043740301,-8.51046815e-05,1.7461453e-05,1.74961204e-05,8.68786601e-05
1.28743608e-07,9.15041455e-05,-1.50282513e-05,4.22009066e-07,-0.00046780784,-9.08299822e-05,1.86754201e-05,1.87123136e-05,9.27309823e-05
1.29610129e-07,9.96950985e-05,-1.75007335e-05,2.7753228e-07,-0.000537840766,-9.89155103e-05,2.14734754e-05,2.15136306e-05,0.000101219886
1.30521798e-07,0.000102193088,-1.66480932e-05,4.50439586e-07,-0.000519059948,-0.000101445598,2.072141e-05,2.07623979e-05,0.000103541243
1.31433168e-07,9.69850298e-05,-1.44261649e-05,5.90739091e-07,-0.000458292983,-9.63305594e-05,1.82929922e-05,1.83317193e-05,9.80538587e-05
1.32344752e-07,8.93423639e-05,-1.23016653e-05,6.37838241e-07,-0.000397502503,-8.87789642e-05,1.58645669e-05,1.59001001e-05,9.0187559e-05
1.33210591e-07,8.23114024e-05,-1.06850475e-05,6.5190693e-07,-0.000350017508,-8.18182741e-05,1.39680788e-05,1.40007003e-05,8.30045913e-05
1.34121848e-07,7.44879944e-05,-9.21894298e-06,5.71711325e-07,-0.000305492838,-7.40597526e-05,1.21902941e-05,1.22197135e-05,7.5058491e-05
1.3503282e-07,7.07869694e-05,-8.64666526e-06,5.18122192e-07,-0.000287458621,-7.0384573e-05,1.14704726e-05,1.14983448e-05,7.13149936e-05
1.35943822e-07,6.92330577e-05,-1.1105546e-05,5.45568241e-07,-0.000347314228,-6.87335753e-05,1.38652467e-05,1.38925691e-05,7.0120233e-05
1.36811337e-07,7.78169633e-05,-1.21729663e-05,6.1589526e-07,-0.000382642233,-7.72679292e-05,1.52750778e-05,1.53056893e-05,7.876573e-05
1.37724399e-07,9.12248506e-05,-1.49507259e-05,5.07790617e-07,-0.000465565012,-9.05540109e-05,1.8586788e-05,1.86226005e-05,9.24432552e-05
1.38636935e-07,9.93722279e-05,-1.64541161e-05,4.79457697e-07,-0.000511342078,-9.86347515e-05,2.04147838e-05,2.04536831e-05,0.000100726399
1.39503385e-07,0.000107399261,-1.90954743e-05,3.08020191e-07,-0.000585425645,-0.000106549737,2.33750249e-05,2.34170258e-05,0.000109084065
1.40415068e-07,0.000107579755,-1.78349092e-05,5.00849126e-07,-0.000554114464,-0.000106780497,2.21226859e-05,2.21645785e-05,0.000109049249
1.41326424e-07,0.000107598709,-1.63405439e-05,6.66907852e-07,-0.000516799628,-0.000106859194,2.06302739e-05,2.06719851e-05,0.000108834463
1.42237639e-07,9.70060792e-05,-1.3484756e-05,7.08640528e-07,-0.000434765447,-9.63892382e-05,1.73531781e-05,1.73906179e-05,9.79414121e-05
1.43103506e-07,8.97969658e-05,-1.16825368e-05,7.27292218e-07,-0.00038246598,-8.92579609e-05,1.52641128e-05,1.52986392e-05,9.05566435e-05
1.44014763e-07,8.14652158e-05,-9.98339783e-06,6.4418748e-07,-0.000331608928,-8.10008229e-05,1.32331519e-05,1.32643571e-05,8.20771868e-05
1.44925579e-07,7.69855687e-05,-9.3017552e-06,6.17792807e-07,-0.000310057832,-7.65520175e-05,1.23729164e-05,1.24023133e-05,7.75479343e-05
1.45836054e-07,7.37265873e-05,-1.18410544e-05,6.00824421e-07,-0.000370202149,-7.3194098e-05,1.477986e-05,1.4808086e-05,7.46738323e-05
1.46704807e-07,8.41479559e-05,-1.33220301e-05,6.90117474e-07,-0.000417712727,-8.35479074e-05,1.66763946e-05,1.67085091e-05,8.51987748e-05
1.47618536e-07,9.74515206e-05,-1.61918269e-05,5.99125883e-07,-0.000502825424,-9.67260694e-05,2.00758966e-05,2.01130169e-05,9.87893368e-05
1.48531043e-07,0.000107254047,-1.7889548e-05,5.670002e-07,-0.000555124599,-0.000106452864,2.21642562e-05,2.2204984e-05,0.000108737243
1.49443125e-07,0.000113335424,-2.04017506e-05,3.30550051e-07,-0.000624015811,-0.000112428915,2.49176395e-05,2.49606324e-05,0.00011515754
1.50309091e-07,0.000119477227,-1.99874339e-05,5.66007373e-07,-0.000619859609,-0.000118582373,2.47492608e-05,2.47943844e-05,0.000121138869
1.51220178e-07,0.000116088704,-1.74536726e-05,8.08137543e-07,-0.000553141057,-0.000115297885,2.20820215e-05,2.21256423e-05,0.000117396214
1.52131463e-07,0.000103957311,-1.40825923e-05,8.9294673e-07,-0.000456684647,-0.000103311003,1.82285114e-05,1.82673859e-05,0.000104910625
1.53042876e-07,9.67130763e-05,-1.21588864e-05,8.64036735e-07,-0.000401316618,-9.61494904e-05,1.60166521e-05,1.60526647e-05,9.74782243e-05
1.53908445e-07,8.74592515e-05,-1.0398483e-05,7.75136812e-07,-0.000348001282,-8.6973465e-05,1.38876026e-05,1.39200513e-05,8.80786578e-05
1.54819304e-07,8.2731407e-05,-9.83913469e-06,7.11017321e-07,-0.000329256087,-8.22717703e-05,1.31396383e-05,1.31702435e-05,8.33174641e-05
1.55729467e-07,7.74989894e-05,-9.04370518e-06,6.70189308e-07,-0.000304104266,-7.70753467e-05,1.21356042e-05,1.21641706e-05,7.80277586e-05
1.56638862e-07,8.88177383e-05,-1.40244201e-05,7.63603168e-07,-0.000439945143,-8.81858663e-05,1.75649643e-05,1.75978057e-05,8.99213995e-05
1.57501816e-07,0.000100861223,-1.67224152e-05,7.01126737e-07,-0.000519491034,-0.000100111827,2.07424123e-05,2.07796413e-05,0.000102240487
1.58410131e-07,0.000112801914,-1.88337799e-05,6.84346617e-07,-0.000584277383,-0.000111958534,2.33295883e-05,2.33710953e-05,0.000114365429
1.5931856e-07,0.000120754456,-2.2140317e-05,3.51568502e-07,-0.00067489763,-0.000119772488,2.69514974e-05,2.69959052e-05,0.000122767894
1.60227444e-07,0.000125955674,-2.14879583e-05,5.772024e-07,-0.000663843879,-0.000124995634,2.65076538e-05,2.65537552e-05,0.000127776748
1.61137379e-07,0.000125728868,-1.92448915e-05,8.29147552e-07,-0.000607577036,-0.000124858708,2.42573114e-05,2.43030814e-05,0.000127195918
1.62002621e-07,0.000112969079,-1.55186917e-05,9.54488996e-07,-0.000501618953,-0.000112258134,2.00238367e-05,2.00647581e-05,0.000114034002
1.62914489e-07,0.000104447259,-1.31854249e-05,9.79247488e-07,-0.000434732938,-0.000103836436,1.73516543e-05,1.73893175e-05,0.000105280788
1.63827337e-07,9.49571258e-05,-1.12302305e-05,8.93246067e-07,-0.000376315496,-9.44320808e-05,1.50185197e-05,1.50526199e-05,9.5623071e-05
1.64740626e-07,8.85374611e-05,-1.05056261e-05,7.93924244e-07,-0.000351736962,-8.80465276e-05,1.40377768e-05,1.40694785e-05,8.91621025e-05
1.65608242e-07,8.4272011e-05,-9.91826619e-06,7.58741692e-07,-0.000332759664,-8.38079775e-05,1.32803142e-05,1.33103866e-05,8.48570535e-05
1.66522739e-07,9.27190631e-05,-1.47339633e-05,8.49123808e-07,-0.00046157866,-9.20556964e-05,1.84299513e-05,1.84631464e-05,9.38862895e-05
1.67437122e-07,0.00010542354,-1.7538312e-05,7.02214834e-07,-0.000544444309,-0.000104637867,2.17401004e-05,2.17777723e-05,0.000106874732
1.68304211e-07,0.000121806792,-2.05839333e-05,7.24022016e-07,-0.000637045945,-0.000120886222,2.54384408e-05,2.54818378e-05,0.000123535894
1.69216449e-07,0.000126365761,-2.34643212e-05,4.10119981e-07,-0.000713595829,-0.00012532636,2.84988349e-05,2.85438332e-05,0.000128526449
1.70128047e-07,0.000135909184,-2.3284143e-05,7.08073514e-07,-0.000718714553,-0.000134869354,2.8700436e-05,2.87485821e-05,0.000137891113
1.71038934e-07,0.000135701019,-2.06264303e-05,9.86908617e-07,-0.000652107876,-0.000134767635,2.60365248e-05,2.6084315e-05,0.000137263215
1.71904418e-07,0.000120793185,-1.63608347e-05,1.11416534e-06,-0.000530512538,-0.000120042305,2.11781868e-05,2.12205015e-05,0.000121901238
1.72815675e-07,0.000111957408,-1.38358373e-05,1.15711509e-06,-0.000458522554,-0.000111314568,1.83018723e-05,1.83409022e-05,0.000112815028
1.73726846e-07,0.000101397593,-1.16572974e-05,1.06364371e-06,-0.000393449736,-0.000100850318,1.5702795e-05,1.57379895e-05,0.000102071033
1.7463779e-07,9.26178545e-05,-1.05933641e-05,9.03565251e-07,-0.000358016579,-9.21201486e-05,1.42886169e-05,1.43206632e-05,9.32260842e-05
1.75502564e-07,8.94292461e-05,-1.01452852e-05,8.68920665e-07,-0.000343605556,-8.89520091e-05,1.3713386e-05,1.37442222e-05,9.00070658e-05
1.76412044e-07,9.6438067e-05,-1.5192265e-05,9.61698902e-07,-0.000476749759,-9.57533982e-05,1.90366069e-05,1.90699904e-05,9.76321184e-05
1.77320146e-07,0.00010810815,-1.64974899e-05,1.09736754e-06,-0.00052111852,-0.000107361951,2.08074666e-05,2.08447408e-05,0.000109365184
1.78228106e-07,0.000126235464,-2.13221774e-05,9.03034618e-07,-0.000659916957,-0.000125281829,2.63531941e-05,2.63966783e-05,0.000128026728
1.79135952e-07,0.000133682755,-2.51798319e-05,4.47234896e-07,-0.000763790449,-0.000132568899,3.05055751e-05,3.0551618e-05,0.000136034198
1.80044324e-07,0.000141625773,-2.46571963e-05,7.67694075e-07,-0.000758737791,-0.000140526462,3.03009935e-05,3.03495117e-05,0.000143758221
1.80908202e-07,0.000142912308,-2.21841638e-05,1.04832861e-06,-0.000698251417,-0.000141910863,2.78813868e-05,2.79300567e-05,0.000144627673
1.81818621e-07,0.000129460255,-1.75932164e-05,1.2317247e-06,-0.000569999858,-0.00012865316,2.27561731e-05,2.27999943e-05,0.000130656022
1.82730318e-07,0.00011922347,-1.45565973e-05,1.34161087e-06,-0.000483819051,-0.000118545996,1.93126208e-05,1.9352762e-05,0.00012011632
1.83643181e-07,0.000108613101,-1.2266979e-05,1.20337825e-06,-0.000415923307,-0.000108035674,1.66005323e-05,1.66369323e-05,0.000109310259
1.84510938e-07,9.78917669e-05,-1.0448698e-05,1.03870707e-06,-0.000359691039,-9.73956275e-05,1.43549668e-05,1.43876416e-05,9.84532998e-05
1.85424327e-07,9.5039708e-05,-1.06003445e-05,9.91055913e-07,-0.000360601873,-9.45397856e-05,1.439244e-05,1.44240749e-05,9.56341758e-05
1.86337786e-07,0.000101794045,-1.61517728e-05,1.07364463e-06,-0.000506089185,-0.000101066722,2.02095292e-05,2.02435674e-05,0.000103073081
1.87205231e-07,0.000112141657,-1.71716765e-05,1.21054404e-06,-0.000541993883,-0.000111365272,2.16424112e-05,2.16797553e-05,0.000113455203
1.88118094e-07,0.00013188376,-2.24171272e-05,9.80022946e-07,-0.000692925591,-0.000130881821,2.76731396e-05,2.77170236e-05,0.000133778975
1.89030317e-07,0.000136633229,-2.6200607e-05,4.26957087e-07,-0.000792224891,-0.000135476192,3.16435211e-05,3.16889957e-05,0.000139123303
1.89941886e-07,0.000148229374,-2.63144047e-05,8.04533443e-07,-0.000806750264,-0.000147058511,3.222095e-05,3.22700106e-05,0.000150549136
1.90807256e-07,0.000150970809,-2.38037992e-05,1.16778017e-06,-0.000746790785,-0.00014989815,2.98219808e-05,2.98716314e-05,0.000152840341
1.91717859e-07,0.00013730675,-1.87161295e-05,1.38034329e-06,-0.000605920504,-0.000136448474,2.41919641e-05,2.42368202e-05,0.000138583341
1.92628946e-07,0.000126961517,-1.53577348e-05,1.45476736e-06,-0.000511594815,-0.000126245816,2.04225568e-05,2.04637926e-05,0.000127895282
1.93540018e-07,0.000115976807,-1.27730309e-05,1.33081403e-06,-0.000435953145,-0.000115373253,1.74006491e-05,1.74381258e-05,0.000116685651
1.94405217e-07,0.000105398685,-1.08633958e-05,1.2132989e-06,-0.000377586024,-0.000104879958,1.50695295e-05,1.5103441e-05,0.000105963995
1.95315295e-07,0.000101362144,-1.10322626e-05,1.11772658e-06,-0.00037773425,-0.000100839892,1.50768426e-05,1.510937e-05,0.000101966879
1.96227106e-07,0.000105593332,-1.6772774e-05,1.17161233e-06,-0.000525400741,-0.000104838136,2.09819646e-05,2.10160296e-05,0.000106923572
1.97141816e-07,0.000117260824,-1.7901817e-05,1.33534309e-06,-0.000565358438,-0.000116451147,2.25766798e-05,2.26143375e-05,0.000118626975
1.98009289e-07,0.000137310999,-2.34031395e-05,1.05441961e-06,-0.000722986821,-0.000136265289,2.88753949e-05,2.89194728e-05,0.000139295115
1.98921441e-07,0.000146226303,-2.4865536e-05,1.06559264e-06,-0.000768497528,-0.000145114981,3.06931387e-05,3.07399011e-05,0.000148329235
1.99833067e-07,0.00015770967,-2.84095713e-05,9.15894759e-07,-0.000868597766,-0.000156447439,3.46935514e-05,3.47439107e-05,0.000160250687
2.00743898e-07,0.000159541392,-2.5260937e-05,1.30985541e-06,-0.000791781757,-0.000158403608,3.1620685e-05,3.16712703e-05,0.000161534165
2.01608827e-07,0.000144411126,-1.9788491e-05,1.49580762e-06,-0.000639826059,-0.000143504284,2.55475671e-05,2.55930424e-05,0.000145768292
2.02519857e-07,0.000133864858,-1.62102315e-05,1.58103137e-06,-0.000539808185,-0.000133109544,2.15504316e-05,2.15923274e-05,0.000134852036
2.03430758e-07,0.000122895552,-1.34779266e-05,1.50415519e-06,-0.000460497802,-0.000122258275,1.8381657e-05,1.84199121e-05,0.000123641553
2.04341447e-07,0.000110853885,-1.1191757e-05,1.32220941e-06,-0.000391252834,-0.000110317663,1.56157779e-05,1.56501133e-05,0.000111425256
2.05206078e-07,0.000107865482,-1.15101675e-05,1.26238865e-06,-0.000396193907,-0.000107318917,1.58144294e-05,1.58477563e-05,0.000108485206
2.0611516e-07,0.000110543835,-1.77363927e-05,1.28778402e-06,-0.000554428669,-0.000109746145,2.21427798e-05,2.21771467e-05,0.000111965073
2.07022353e-07,0.000124324637,-1.92626412e-05,1.49909499e-06,-0.000606434245,-0.00012345489,2.42188926e-05,2.42573698e-05,0.000125816978
2.07929062e-07,0.000144481455,-2.49149762e-05,1.22022846e-06,-0.00076793629,-0.000143369552,3.0672764e-05,3.07174516e-05,0.000146619016
2.08834962e-07,0.000153163957,-2.6323054e-05,1.19768504e-06,-0.000811852748,-0.000151988801,3.24269231e-05,3.24741099e-05,0.000155414077
2.09741302e-07,0.000163276025,-3.01197415e-05,9.61515639e-07,-0.000916879973,-0.000161940953,3.66249484e-05,3.66751989e-05,0.000166033682
2.10603972e-07,0.00016523352,-2.72737798e-05,1.23206905e-06,-0.000847751216,-0.00016401069,3.38595421e-05,3.39100487e-05,0.000167473858
2.11513481e-07,0.00015613834,-2.20632555e-05,1.57830789e-06,-0.000708420877,-0.000155131151,2.82894755e-05,2.83368351e-05,0.000157697367
2.12424069e-07,0.000142228208,-1.74350807e-05,1.68857275e-06,-0.000578789681,-0.000141417223,2.31087459e-05,2.31515872e-05,0.000143302813
2.13335113e-07,0.000130228364,-1.43149537e-05,1.68266865e-06,-0.000488756108,-0.000129551749,1.95112488e-05,1.95502443e-05,0.00013102357
2.14200412e-07,0.00011886494,-1.19768692e-05,1.47917785e-06,-0.000418900803,-0.000118290914,1.67206188e-05,1.67560321e-05,0.00011947597
2.15110674e-07,0.000113577204,-1.21362846e-05,1.36927667e-06,-0.000417555042,-0.000113001032,1.66684536e-05,1.67022017e-05,0.000114231981
2.16019842e-07,0.000114051596,-1.8330742e-05,1.36398376e-06,-0.000572775956,-0.000113227333,2.28769268e-05,2.29110382e-05,0.000115523344
2.16927234e-07,0.000127624618,-1.96677902e-05,1.60156617e-06,-0.000619841623,-0.000126736031,2.47556816e-05,2.47936649e-05,0.000129141125
2.17833858e-07,0.000148219056,-2.55648793e-05,1.30339492e-06,-0.000787892728,-0.000147078174,3.14716115e-05,3.15157091e-05,0.000150413266
2.18740041e-07,0.000162749639,-2.81133362e-05,1.26363148e-06,-0.000866183196,-0.000161495223,3.45990982e-05,3.46473278e-05,0.00016516477
2.19639389e-07,0.000173268825,-3.22616943e-05,1.04207697e-06,-0.000980402343,-0.000171840105,3.91647933e-05,3.92160937e-05,0.00017624979
2.20501221e-07,0.000177498354,-2.91012384e-05,1.46013508e-06,-0.000905703811,-0.000176192635,3.61760015e-05,3.62281525e-05,0.000179874066
2.21410147e-07,0.000162916578,-2.26083903e-05,1.8241285e-06,-0.000728817482,-0.000161882168,2.91052315e-05,2.91526993e-05,0.000164487927
2.22320637e-07,0.000151072105,-1.81890337e-05,1.9744557e-06,-0.000606486399,-0.000150223896,2.42157573e-05,2.4259456e-05,0.000152175952
2.23231552e-07,0.000137315204,-1.47334631e-05,1.90748119e-06,-0.000506307348,-0.000136616186,2.02128215e-05,2.02522939e-05,0.000138116541
2.24142525e-07,0.000123498306,-1.19563374e-05,1.65619201e-06,-0.000423017162,-0.000122921395,1.68853887e-05,1.69206865e-05,0.000124086779
2.25007597e-07,0.000118544631,-1.216279e-05,1.54049701e-06,-0.00042318445,-0.000117963426,1.68935819e-05,1.6927378e-05,0.000119176911
2.25916892e-07,0.000116675787,-1.87936967e-05,1.45782417e-06,-0.000586949347,-0.000115830911,2.34444507e-05,2.34779739e-05,0.000118188694
2.26824284e-07,0.000131930894,-2.04349271e-05,1.75331456e-06,-0.000643303094,-0.000131008184,2.569441e-05,2.57321238e-05,0.000133515621
2.27730624e-07,0.000152064269,-2.63644106e-05,1.35450841e-06,-0.000811693259,-0.000150888339,3.24242707e-05,3.24677303e-05,0.000154338779
2.2863658e-07,0.000168757193,-2.93318408e-05,1.46792183e-06,-0.000902622472,-0.000167449244,3.60568662e-05,3.61048989e-05,0.000171293613
2.29542749e-07,0.000177543319,-3.34711731e-05,1.14025511e-06,-0.00101486838,-0.000176062814,4.05442388e-05,4.05947352e-05,0.00018067443
2.30403984e-07,0.000183817348,-3.10344403e-05,1.55484975e-06,-0.000960305915,-0.000182429268,3.83603495e-05,3.84122366e-05,0.000186425244
2.31312271e-07,0.000177118796,-2.53168491e-05,1.98928001e-06,-0.000810725323,-0.000175964716,3.23794611e-05,3.24290129e-05,0.000178930065
2.3222222e-07,0.000158807292,-1.92642328e-05,2.16664307e-06,-0.000641087245,-0.000157909899,2.55994214e-05,2.56434898e-05,0.000159986127
2.3313379e-07,0.000145819708,-1.55096677e-05,2.04638741e-06,-0.00053421699,-0.000145082846,2.13284947e-05,2.13686796e-05,0.000146656485
2.34000865e-07,0.000132328307,-1.26823716e-05,1.927227e-06,-0.000450005027,-0.000131715299,1.79639479e-05,1.80002011e-05,0.000132948627
2.34913799e-07,0.000124981801,-1.27956027e-05,1.6242293e-06,-0.000445436424,-0.000124370142,1.77833067e-05,1.7817457e-05,0.000125645598
2.35826519e-07,0.000119046068,-1.9241792e-05,1.63737911e-06,-0.000600494386,-0.000118181377,2.39869736e-05,2.40197754e-05,0.000120602213
2.3674022e-07,0.000133596113,-2.05960532e-05,1.86543616e-06,-0.000648965128,-0.000132665628,2.59219982e-05,2.59586051e-05,0.000135187273
2.37604993e-07,0.000156692768,-2.71683966e-05,1.64187827e-06,-0.000836391177,-0.000155480984,3.34127043e-05,3.34556471e-05,0.000159039118
2.38518197e-07,0.000171118416,-3.01609107e-05,1.58708485e-06,-0.000925660308,-0.000169775425,3.69796967e-05,3.70264123e-05,0.000173763378
2.39429227e-07,0.000184043922,-3.54829644e-05,1.11269276e-06,-0.00107161491,-0.000182477766,4.28143758e-05,4.28645965e-05,0.000187436507
2.4033946e-07,0.000193488115,-3.27207708e-05,1.67937128e-06,-0.0010121098,-0.000192024863,4.04320586e-05,4.04843921e-05,0.000196242502
2.41203963e-07,0.000184397548,-2.62073572e-05,2.22485892e-06,-0.000840243301,-0.000183202035,3.35603293e-05,3.36097321e-05,0.000186263875
2.42114623e-07,0.000166956685,-1.98402413e-05,2.3744235e-06,-0.000663629733,-0.000166029739,2.65008579e-05,2.65451893e-05,0.000168148171
2.43025283e-07,0.000154135647,-1.57891445e-05,2.36076357e-06,-0.000549522869,-0.000153380957,2.19402968e-05,2.19809148e-05,0.000154960214
2.43935887e-07,0.000138952892,-1.27796866e-05,2.08838287e-06,-0.00045906211,-0.000138330693,1.83260978e-05,1.83624844e-05,0.000139554963
2.44800759e-07,0.000130428118,-1.29553446e-05,1.81767882e-06,-0.000454869791,-0.000129805714,1.81607153e-05,1.81947916e-05,0.000131082565
2.4570997e-07,0.00012512556,-1.25087527e-05,1.71310296e-06,-0.000438374467,-0.000124525256,1.75024348e-05,1.75349787e-05,0.000125760921
2.46630862e-07,0.000137497045,-2.13842122e-05,1.90104026e-06,-0.000672539463,-0.000136531922,2.68655224e-05,2.69015785e-05,0.000139162983
2.47511281e-07,0.000154457608,-2.75326256e-05,1.43077307e-06,-0.00084319507,-0.000153233047,3.36872593e-05,3.37278028e-05,0.000156898838
2.48406991e-07,0.000164771016,-2.94306137e-05,1.53912197e-06,-0.000900980434,-0.000163462306,3.59961556e-05,3.60392174e-05,0.000167385835
2.49324842e-07,0.000179980372,-3.46740308e-05,1.01295757e-06,-0.00104726444,-0.000178449816,4.18435905e-05,4.18905774e-05,0.000183292795
2.50234564e-07,0.000187777623,-3.21939297e-05,1.64534288e-06,-0.000993146678,-0.000186340007,3.96772801e-05,3.97258671e-05,0.000190524518
2.51144684e-07,0.000187110476,-2.71819827e-05,2.03315471e-06,-0.000867264869,-0.000185873818,3.46426633e-05,3.46905948e-05,0.000189085494
2.52009386e-07,0.000167986771,-2.06132845e-05,2.20528045e-06,-0.000683927909,-0.000167028088,2.73144752e-05,2.73571163e-05,0.000169261118
2.52920131e-07,0.00015568902,-1.68499209e-05,2.14445117e-06,-0.000577539147,-0.000154890668,2.30623431e-05,2.31015659e-05,0.000156612865
2.5383045e-07,0.000141775105,-1.36194694e-05,1.93144888e-06,-0.000482838281,-0.000141117066,1.92780673e-05,1.93135312e-05,0.000142440867
2.54740371e-07,0.00012873231,-1.40988986e-05,1.67070777e-06,-0.000481692667,-0.000128065533,1.92355404e-05,1.92677067e-05,0.000129512848
2.55603908e-07,0.000128272426,-1.45075528e-05,1.63015216e-06,-0.00049143529,-0.000127589674,1.96254772e-05,1.96574116e-05,0.00012910051
2.56510788e-07,0.000142295568,-2.2972712e-05,1.74613604e-06,-0.000717008079,-0.000141263084,2.86446413e-05,2.86803232e-05,0.000144148615
2.57415564e-07,0.000160172262,-2.57010233e-05,2.02241654e-06,-0.000803140691,-0.000159016374,3.20856473e-05,3.21256276e-05,0.000162233739
2.58320682e-07,0.00017147779,-3.05797512e-05,1.45459296e-06,-0.000936384022,-0.000170117762,3.74125733e-05,3.74553609e-05,0.000174189177
2.59226084e-07,0.000182350952,-3.56588534e-05,8.66301775e-07,-0.0010741977,-0.000180779117,4.29224233e-05,4.29679081e-05,0.000185806819
2.60131714e-07,0.000197228568,-3.42931853e-05,1.53889823e-06,-0.0010550383,-0.000195699445,4.21527935e-05,4.22015321e-05,0.000200193653
2.61038792e-07,0.000193908272,-2.80659806e-05,2.14834881e-06,-0.000896129292,-0.000192630826,3.57977935e-05,3.58451717e-05,0.000195940636
2.61902329e-07,0.000173951645,-2.11651168e-05,2.35527455e-06,-0.000703662226,-0.000172966123,2.81043974e-05,2.81464891e-05,0.000175250347
2.62812961e-07,0.000164018231,-1.7722341e-05,2.3235491e-06,-0.000607663125,-0.000163178329,2.42671449e-05,2.4306525e-05,0.000164989273
2.63723621e-07,0.0001486072,-1.40521379e-05,2.03560148e-06,-0.000500475056,-0.000147926394,1.99836006e-05,2.00190023e-05,0.000149283978
2.6463411e-07,0.000133770634,-1.14847544e-05,1.79229835e-06,-0.00042141552,-0.000133204364,1.68249664e-05,1.68566208e-05,0.000134274698
2.65543349e-07,0.000133245951,-1.39298236e-05,1.70632188e-06,-0.000481965573,-0.000132582324,1.92470981e-05,1.92786229e-05,0.000133982965
2.66405294e-07,0.000147470098,-2.38788343e-05,1.88005288e-06,-0.000744805264,-0.000146397239,2.97569649e-05,2.97922106e-05,0.000149402688
2.67310071e-07,0.000165798963,-2.6999689e-05,2.09683981e-06,-0.000841193367,-0.000164586642,3.36082823e-05,3.36477347e-05,0.00016799606
2.68213199e-07,0.000181569514,-3.29649956e-05,1.70113958e-06,-0.00100606692,-0.00018010603,4.01994711e-05,4.02426766e-05,0.000184545586
2.69117805e-07,0.000190112405,-3.73792827e-05,7.58296039e-07,-0.00112492626,-0.000188465563,4.49518518e-05,4.49970504e-05,0.000193753742
2.70023662e-07,0.000204279553,-3.62571081e-05,1.62753429e-06,-0.00111113058,-0.000202666254,4.43971096e-05,4.44452232e-05,0.000207478583
2.70930713e-07,0.0002071817,-3.084532e-05,2.1973035e-06,-0.000978848315,-0.000205782493,3.91057053e-05,3.91539326e-05,0.000209476774
2.71839468e-07,0.000182750387,-2.23942243e-05,2.42258534e-06,-0.000743160956,-0.000181708677,2.96843776e-05,2.97264382e-05,0.000184133306
2.72704426e-07,0.000170634579,-1.84455657e-05,2.43034015e-06,-0.00063233322,-0.000169760464,2.52543745e-05,2.52933288e-05,0.000171645871
2.736152e-07,0.000155257731,-1.47433939e-05,2.14176498e-06,-0.000524385192,-0.000154543962,2.0940254e-05,2.09754077e-05,0.000155970887
2.74525803e-07,0.00014041565,-1.22843403e-05,1.89440016e-06,-0.000448030565,-0.00013981209,1.78896425e-05,1.79212226e-05,0.000140964707
2.75435099e-07,0.000138732576,-1.46812026e-05,1.86918123e-06,-0.000506211945,-0.000138034513,2.02172826e-05,2.02484778e-05,0.000139519744
2.76342547e-07,0.000151282904,-2.47858989e-05,1.94882227e-06,-0.000771253952,-0.000150170722,3.08157754e-05,3.08501581e-05,0.000153312282
2.77201963e-07,0.000170173313,-2.77906456e-05,2.12874761e-06,-0.00086530071,-0.000168925863,3.45735335e-05,3.46120284e-05,0.000172440737
2.78106e-07,0.000190790786,-3.49087859e-05,1.77011236e-06,-0.00106384081,-0.000189242195,4.25104591e-05,4.25536325e-05,0.000193966185
2.79009924e-07,0.000195755114,-3.44481086e-05,1.79085384e-06,-0.00105731655,-0.000194220974,4.22486705e-05,4.2292662e-05,0.000198771084
2.79915298e-07,0.000211109233,-3.85224703e-05,1.50572271e-06,-0.00117452687,-0.00020939988,4.69337741e-05,4.69810748e-05,0.000214600457
2.80821297e-07,0.000220814618,-3.43270513e-05,2.33943911e-06,-0.00107946771,-0.000219265274,4.31298228e-05,4.31787083e-05,0.000223479115
2.81729143e-07,0.000194132299,-2.46003601e-05,2.43713475e-06,-0.000809658552,-0.000192993262,3.23439038e-05,3.23863421e-05,0.000195699941
2.82638382e-07,0.000179923358,-1.97534991e-05,2.62447747e-06,-0.000674291805,-0.000178989509,2.69327137e-05,2.69716722e-05,0.000181023488
2.83504477e-07,0.000165281672,-1.57680915e-05,2.3829723e-06,-0.000560011424,-0.000164518909,2.23649828e-05,2.24004569e-05,0.000166049216
2.84416842e-07,0.000149128755,-1.30339467e-05,2.01424496e-06,-0.000475471403,-0.000148488249,1.89870806e-05,1.90188561e-05,0.000149710809
2.85329406e-07,0.000145572121,-1.56302503e-05,1.92133643e-06,-0.00053675269,-0.000144830636,2.143908e-05,2.14701076e-05,0.000146421442
2.86242511e-07,0.000157584174,-2.60234774e-05,2.01664807e-06,-0.000808457844,-0.000156417462,3.23043476e-05,3.23383138e-05,0.000159731212
2.87109998e-07,0.000170290747,-2.79156411e-05,2.27367968e-06,-0.000868491072,-0.000169038204,3.47031252e-05,3.47396429e-05,0.000172578652
2.88023784e-07,0.000206368029,-3.84701198e-05,1.9929621e-06,-0.00116840424,-0.000204664563,4.66918679e-05,4.67361696e-05,0.000209932574
2.88935894e-07,0.000204849639,-3.66080967e-05,2.04103958e-06,-0.00112035673,-0.000203221848,4.47706148e-05,4.48142691e-05,0.000208105005
2.89801847e-07,0.000218676418,-4.04190359e-05,1.68794156e-06,-0.0012294472,-0.00021688517,4.91314294e-05,4.91778878e-05,0.000222386877
2.90712336e-07,0.000225578304,-3.61370076e-05,2.01870034e-06,-0.00112940429,-0.00022395277,4.5128828e-05,4.51761717e-05,0.00022846341
2.91621774e-07,0.000208243146,-2.7150485e-05,2.43343379e-06,-0.000887484523,-0.000206990843,3.54562723e-05,3.54993809e-05,0.000210019709
2.92532263e-07,0.000188099802,-2.0620877e-05,2.64292066e-06,-0.000704121834,-0.000187124728,2.81263683e-05,2.81648734e-05,0.000189245188
2.93442923e-07,0.000173294422,-1.60254222e-05,2.47586809e-06,-0.000574440928,-0.000172514959,2.29425321e-05,2.29776371e-05,0.000174051431
2.9430737e-07,0.000156860217,-1.345902e-05,2.17268598e-06,-0.000493813597,-0.000156196528,1.97209898e-05,1.97525439e-05,0.000157451559
2.95217092e-07,0.000149176529,-1.60462278e-05,1.92301536e-06,-0.000550722587,-0.000148415526,2.19988625e-05,2.20289035e-05,0.000150049379
2.96135596e-07,0.000155451431,-2.64465471e-05,2.06621235e-06,-0.000816837884,-0.000154269507,3.26417919e-05,3.26735154e-05,0.000157698562
2.97036649e-07,0.00017758632,-2.99254771e-05,2.28540443e-06,-0.00092597818,-0.00017624757,3.70030986e-05,3.70391272e-05,0.000180104576
2.97916415e-07,0.000199325164,-3.75913041e-05,1.74257548e-06,-0.00113931473,-0.000197662474,4.55321157e-05,4.55725892e-05,0.000202846405
2.98804963e-07,0.000211087754,-3.86440406e-05,1.96924043e-06,-0.00117742363,-0.000209373557,4.70543882e-05,4.70969453e-05,0.000214604939
2.99715992e-07,0.000227092896,-4.2133961e-05,1.79901781e-06,-0.0012806782,-0.000225226337,5.1181552e-05,5.12271281e-05,0.00023097552
3.00626397e-07,0.000235337895,-3.73715775e-05,2.473108e-06,-0.00116998213,-0.000233655185,4.67526899e-05,4.67992853e-05,0.000238299551
3.01535152e-07,0.000211232327,-2.74522681e-05,2.60161596e-06,-0.000897964346,-0.000209965566,3.58773494e-05,3.59185738e-05,0.000213024627
3.02444448e-07,0.000197478468,-2.21514128e-05,2.63062702e-06,-0.000751720974,-0.000196434686,3.00307265e-05,3.0068839e-05,0.000198734372
3.03308724e-07,0.000181181618,-1.68332281e-05,2.54050019e-06,-0.000602491607,-0.000180363543,2.40650956e-05,2.40996643e-05,0.000181979643
3.04218815e-07,0.000161225951,-1.33726098e-05,2.20612264e-06,-0.000495993067,-0.000160562226,1.98092316e-05,1.98397227e-05,0.000161794626
3.05128822e-07,0.000155517482,-1.67622202e-05,1.95640382e-06,-0.000574933249,-0.000154722775,2.29678528e-05,2.29973299e-05,0.000156430454
3.06036242e-07,0.000159320829,-2.73535043e-05,2.0908135e-06,-0.000843335176,-0.000158099541,3.37027583e-05,3.3733407e-05,0.000161665433
3.06940791e-07,0.000180653224,-3.05957183e-05,2.39235692e-06,-0.000945749402,-0.000179285218,3.77954471e-05,3.78299761e-05,0.000183241394
3.07844203e-07,0.000204873984,-3.88680892e-05,2.00980321e-06,-0.00117672421,-0.000203155798,4.70297731e-05,4.70689684e-05,0.000208538047
3.08702056e-07,0.00021590534,-3.98956763e-05,2.16343687e-06,-0.0012134671,-0.000214137237,4.84976748e-05,4.85386839e-05,0.000219571085
3.0960652e-07,0.000229232945,-4.37679191e-05,1.68664258e-06,-0.00132357911,-0.000227299333,5.28997823e-05,5.29431645e-05,0.000233379987
3.10511894e-07,0.000239128814,-3.94719827e-05,2.21740606e-06,-0.00122619071,-0.000237359079,4.90030114e-05,4.90476284e-05,0.000242374801
3.11418859e-07,0.000223076844,-2.96669805e-05,2.38626308e-06,-0.00096512225,-0.000221712044,3.85639445e-05,3.860489e-05,0.000225053554
3.12327643e-07,0.000203130374,-2.26044067e-05,2.66370898e-06,-0.000768654223,-0.000202063956,3.0709374e-05,3.07461689e-05,0.000204401574
3.13238928e-07,0.000192387131,-1.82318508e-05,2.82872202e-06,-0.000648628687,-0.000191504163,2.59107006e-05,2.59451475e-05,0.000193269787
3.14105591e-07,0.000169559673,-1.50128099e-05,2.26989664e-06,-0.000545287505,-0.000168823691,2.17813796e-05,2.18115002e-05,0.000170238126
3.15018411e-07,0.000151494896,-1.71249594e-05,1.71501586e-06,-0.000579910353,-0.000150688901,2.31694413e-05,2.31964141e-05,0.000152469371
3.15931345e-07,0.00014135566,-2.55193609e-05,1.67338123e-06,-0.000779431604,-0.000140222088,3.11516668e-05,3.11772642e-05,0.000143650481
3.16845302e-07,0.000177157257,-3.1932992e-05,1.75901755e-06,-0.000975593168,-0.000175738571,3.89918498e-05,3.90237267e-05,0.000180020843
3.17713017e-07,0.000195276836,-3.79747435e-05,1.36723418e-06,-0.00114471174,-0.000193602051,4.57533584e-05,4.57884697e-05,0.000198939672
3.18625979e-07,0.000217136767,-4.06681575e-05,1.53573444e-06,-0.0012339371,-0.000215336788,4.9318782e-05,4.93574841e-05,0.000220917706
3.19536952e-07,0.000230610705,-4.32646957e-05,1.36807148e-06,-0.00131232303,-0.000228696115,5.24520571e-05,5.24929212e-05,0.000234638025
3.20401909e-07,0.000237155633,-3.89576853e-05,1.90871606e-06,-0.00121129141,-0.000235408042,4.84102192e-05,4.84516565e-05,0.000240341712
3.21311234e-07,0.00022204587,-3.01033688e-05,2.33513856e-06,-0.000974922907,-0.000220664443,3.89587558e-05,3.89969163e-05,0.000224089344
3.2221817e-07,0.000211414823,-2.41226808e-05,2.57528723e-06,-0.000814838742,-0.000210281064,3.25577232e-05,3.25935497e-05,0.000212802169
3.23127807e-07,0.000197141111,-1.79671642e-05,2.81022403e-06,-0.000646731234,-0.000196264924,2.58363342e-05,2.58692494e-05,0.000197978115
3.24037615e-07,0.000178207498,-1.43178522e-05,2.42080569e-06,-0.000536556123,-0.000177492389,2.14327986e-05,2.14622449e-05,0.000178798136
3.24901748e-07,0.000167947917,-1.74131001e-05,2.19504705e-06,-0.000603578053,-0.000167117239,2.41152968e-05,2.41431221e-05,0.00016886248
3.25809083e-07,0.000170738334,-2.05014894e-05,2.29141028e-06,-0.000683526683,-0.000169781921,2.73128027e-05,2.73410673e-05,0.000171980058
3.2671403e-07,0.000190704464,-3.3433611e-05,2.33382252e-06,-0.00102662586,-0.000189214933,4.10330122e-05,4.10650345e-05,0.000193627079
3.27614345e-07,0.000206741766,-4.05910505e-05,1.81110215e-06,-0.00122152024,-0.000204953186,4.88260476e-05,4.88608098e-05,0.000210696634
3.28516194e-07,0.000223246694,-4.2596439e-05,1.91692675e-06,-0.00128817663,-0.000221364717,5.14898531e-05,5.15270652e-05,0.000227282242
3.29419265e-07,0.000238810069,-4.60982046e-05,1.63282277e-06,-0.00139126927,-0.00023677561,5.56111866e-05,5.56507707e-05,0.000243224094
3.30323218e-07,0.000245810719,-4.16598814e-05,1.96608698e-06,-0.00128741225,-0.000243948146,5.14563649e-05,5.14964899e-05,0.000249323727
3.31228705e-07,0.000237052489,-3.34339056e-05,2.42402712e-06,-0.00107311888,-0.000235525873,4.28867333e-05,4.29247553e-05,0.000239410911
3.32136409e-07,0.00022035354,-2.59497701e-05,2.77823619e-06,-0.00086938974,-0.000219139567,3.47408045e-05,3.47755896e-05,0.00022189365
3.33000798e-07,0.000208575831,-2.18096066e-05,3.01087402e-06,-0.000754137815,-0.000207536841,3.01329698e-05,3.01655126e-05,0.000209734598
3.3391018e-07,0.000187357291,-1.55580765e-05,2.67970063e-06,-0.000576667604,-0.000186585268,2.3037925e-05,2.30667042e-05,0.000188021246
3.34821237e-07,0.000171483072,-1.7985134e-05,2.31673334e-06,-0.000621365907,-0.000170626691,2.48282417e-05,2.48546363e-05,0.000172439196
3.35733091e-07,0.000174298024,-2.12157138e-05,2.22556173e-06,-0.000704890292,-0.000173310202,2.81688054e-05,2.81956117e-05,0.000175598579
3.36623998e-07,0.00019234592,-3.44907785e-05,2.38338976e-06,-0.00105462619,-0.000190812801,4.21549748e-05,4.21850476e-05,0.000195428369
3.37513711e-07,0.000213937412,-3.80448728e-05,2.55007581e-06,-0.00116507139,-0.000212244896,4.65696556e-05,4.66028554e-05,0.000217308839
3.38442135e-07,0.000234788808,-4.48184946e-05,2.15886394e-06,-0.00135520159,-0.00023280874,5.41716927e-05,5.42080635e-05,0.000239037952
3.39310105e-07,0.000252339698,-4.9140006e-05,1.64375831e-06,-0.00148076203,-0.000250172777,5.91915958e-05,5.92304813e-05,0.000257085132
3.40220737e-07,0.000265114271,-4.51551859e-05,2.39177211e-06,-0.00139402435,-0.000263096482,5.57208098e-05,5.57609741e-05,0.000268942909
3.41130118e-07,0.000240183625,-3.36987177e-05,2.75669822e-06,-0.00108280557,-0.000238643914,4.32765456e-05,4.33122227e-05,0.000242551802
3.42040181e-07,0.000222730479,-2.61182468e-05,2.61921787e-06,-0.000875917962,-0.000221507868,3.50041985e-05,3.50367185e-05,0.00022427191
3.42904713e-07,0.000208092766,-2.14916872e-05,2.40346571e-06,-0.000745649333,-0.000207066876,2.97959873e-05,2.98259733e-05,0.000209213452
3.43814577e-07,0.000188065969,-1.59995361e-05,2.5323161e-06,-0.000588351279,-0.000187275726,2.35073711e-05,2.35340511e-05,0.000188762302
3.44724498e-07,0.000167057035,-1.7853059e-05,2.25568283e-06,-0.000613575859,-0.000166209475,2.45192781e-05,2.45430344e-05,0.000168023429
3.45632856e-07,0.000173721826,-1.94018776e-05,2.17052411e-06,-0.000658948207,-0.000172806999,2.63333783e-05,2.63579283e-05,0.00017481538
3.46538059e-07,0.000193418047,-3.5201414e-05,2.22813446e-06,-0.0010733977,-0.000191855652,4.29079155e-05,4.29359078e-05,0.000196607846
3.47443773e-07,0.000214866915,-3.85862804e-05,2.45541673e-06,-0.00117946567,-0.000213152005,4.71478004e-05,4.7178627e-05,0.000218317937
3.4830046e-07,0.000239188928,-4.60382798e-05,2.14303873e-06,-0.00139001815,-0.000237156563,5.55664601e-05,5.5600726e-05,0.000243588709
3.49201969e-07,0.000253139035,-4.81201132e-05,1.96112569e-06,-0.00145601085,-0.000251012259,5.82044837e-05,5.82404342e-05,0.000257679573
3.50105154e-07,0.000266534626,-4.757028e-05,2.24488463e-06,-0.00145570363,-0.000264419122,5.81907711e-05,5.82281454e-05,0.000270755753
3.51010016e-07,0.000261887297,-3.89117267e-05,2.65994117e-06,-0.00123473117,-0.000260121761,4.93533001e-05,4.93892469e-05,0.000264775667
3.51913883e-07,0.000231509504,-2.84387024e-05,2.68500253e-06,-0.000942625455,-0.000230187077,3.76738654e-05,3.77050182e-05,0.000233265127
3.52823207e-07,0.000224118092,-2.39507972e-05,2.7757776e-06,-0.000823091541,-0.000222981045,3.28939724e-05,3.29236616e-05,0.000225411323
3.53732702e-07,0.000200951195,-1.74851029e-05,2.46829222e-06,-0.000638329249,-0.000200091238,2.55070212e-05,2.553317e-05,0.000201725567
3.54644015e-07,0.000179752678,-1.36755243e-05,2.23157099e-06,-0.000521896174,-0.00017906202,2.08527753e-05,2.0875847e-05,0.000180285954
3.55510821e-07,0.000187250334,-2.15644613e-05,2.23543179e-06,-0.000726488011,-0.000186238206,2.90352283e-05,2.90595205e-05,0.000188501223
3.56423072e-07,0.000203596923,-3.84554005e-05,2.54031852e-06,-0.00116483739,-0.000201896261,4.65663457e-05,4.65934956e-05,0.000207212398
3.57335608e-07,0.00022287319,-4.09000495e-05,2.6538205e-06,-0.0012452323,-0.00022105935,4.97798843e-05,4.9809292e-05,0.000226610493
3.58203579e-07,0.000261058245,-5.19090972e-05,2.29877492e-06,-0.00155853888,-0.000258773616,6.23071209e-05,6.2341555e-05,0.000266178974
3.59116996e-07,0.000260143308,-4.91493811e-05,2.50853464e-06,-0.0014886721,-0.00025796977,5.95130245e-05,5.95468841e-05,0.000264757427
3.60027343e-07,0.000278121617,-5.0675073e-05,2.70345686e-06,-0.00154480548,-0.000275872687,6.17564366e-05,6.17922191e-05,0.000282713469
3.60936724e-07,0.000270509627,-4.08186279e-05,2.82244423e-06,-0.00129093626,-0.000268660938,5.16034772e-05,5.16374502e-05,0.000273586521
3.61800119e-07,0.000240742971,-3.02379376e-05,2.83463282e-06,-0.000996762537,-0.000239341207,3.98409016e-05,3.98705015e-05,0.000242651079
3.62706231e-07,0.000221762632,-2.48121014e-05,2.67629684e-06,-0.000842180627,-0.000220593026,3.36603943e-05,3.36872251e-05,0.000223162424
3.63614475e-07,0.000209689082,-1.88467984e-05,2.59756553e-06,-0.000681047444,-0.000208767682,2.72170498e-05,2.72418978e-05,0.000210550375
3.64523117e-07,0.000184708289,-1.42393437e-05,2.35955781e-06,-0.000540896261,-0.000183991121,2.16143153e-05,2.16358504e-05,0.000185271365
3.65431276e-07,0.000175561567,-2.13821368e-05,1.88878118e-06,-0.000710159948,-0.000174566079,2.83856235e-05,2.84063979e-05,0.000176868954
3.66341709e-07,0.000196023815,-3.75248055e-05,1.64749895e-06,-0.00113393774,-0.000194366425,4.53336515e-05,4.53575095e-05,0.000199589983
3.67225709e-07,0.000219181864,-4.13599118e-05,1.97289319e-06,-0.00125295436,-0.000217352586,5.00917651e-05,5.01181744e-05,0.000223058791
3.68137734e-07,0.000245106901,-4.86236095e-05,1.66849247e-06,-0.00146039482,-0.000242966416,5.83863776e-05,5.84157929e-05,0.00024988884
3.69004425e-07,0.00026570991,-4.99274465e-05,1.84685598e-06,-0.00151361269,-0.000263500805,6.05130723e-05,6.05445076e-05,0.000270366265
3.69914972e-07,0.00027649416,-4.93113876e-05,1.96569022e-06,-0.00150902511,-0.000274301065,6.03287611e-05,6.03610044e-05,0.000280863841
3.70825347e-07,0.000265544484,-3.98718803e-05,2.39365841e-06,-0.00126222824,-0.000263737627,5.04589342e-05,5.04891295e-05,0.000268531878
3.71735524e-07,0.000248706318,-3.08960625e-05,2.7935705e-06,-0.0010211136,-0.000247271866,4.0816949e-05,4.08445438e-05,0.000250633603
3.7264536e-07,0.000231722443,-2.4685678e-05,2.64841901e-06,-0.000848938886,-0.000230549925,3.39323583e-05,3.39575554e-05,0.00023304868
3.73509039e-07,0.000214412561,-1.78068876e-05,2.98484997e-06,-0.000659740763,-0.000213528968,2.63668596e-05,2.63896305e-05,0.000215171422
3.74418562e-07,0.000194104869,-1.40650873e-05,2.50819789e-06,-0.000545905903,-0.000193387152,2.18159612e-05,2.18362361e-05,0.000194629951
3.75326636e-07,0.000195156841,-2.14438114e-05,2.41448265e-06,-0.000731287291,-0.000194143213,2.92308508e-05,2.92514917e-05,0.000196346274
3.76231299e-07,0.000205454984,-3.96652031e-05,2.40067789e-06,-0.00119680248,-0.000203704457,4.78494832e-05,4.78720991e-05,0.000209262615
3.77137724e-07,0.000229150668,-4.41508455e-05,2.3362993e-06,-0.00133260188,-0.000227201809,5.32791122e-05,5.33040753e-05,0.000233376914
3.78036646e-07,0.000251391,-5.06528158e-05,1.95725374e-06,-0.00151731307,-0.000249164342,6.06652577e-05,6.06925227e-05,0.000256450724
3.78935198e-07,0.000267382216,-5.17446679e-05,2.02747151e-06,-0.00156060699,-0.000265099104,6.23957145e-05,6.24242797e-05,0.00027235064
3.79836109e-07,0.000281783374,-5.37025408e-05,2.10379767e-06,-0.0016239417,-0.000279410448,6.4927914e-05,6.49576681e-05,0.000286862787
3.80738527e-07,0.000282500172,-4.58315517e-05,2.45068395e-06,-0.0014280224,-0.000280441429,5.70918851e-05,5.71208959e-05,0.00028620427
3.81643304e-07,0.000248330325,-3.29100912e-05,2.34826689e-06,-0.00107097707,-0.000246815635,4.2814331e-05,4.28390829e-05,0.000250512552
3.82504254e-07,0.000234226376,-2.69356751e-05,2.56451153e-06,-0.000907588168,-0.00023296188,3.62806863e-05,3.63035267e-05,0.000235784017
3.83413038e-07,0.000225582393,-2.05697052e-05,2.90640378e-06,-0.000739888696,-0.000224579382,2.95741413e-05,2.95955478e-05,0.00022653692
3.84323073e-07,0.000200777708,-1.57699633e-05,2.46960576e-06,-0.000595124729,-0.000199986476,2.37863158e-05,2.38049892e-05,0.000201411217
3.85233477e-07,0.00020234879,-2.3458022e-05,2.51882466e-06,-0.000788753503,-0.000201248862,3.15310515e-05,3.15501401e-05,0.000203719553
3.86145018e-07,0.000213828025,-4.17585616e-05,2.61808123e-06,-0.00125742599,-0.000211987088,5.02759995e-05,5.02970396e-05,0.000217883125
3.87014694e-07,0.000230212827,-4.49464496e-05,2.65010317e-06,-0.00135347422,-0.000228231303,5.41165549e-05,5.41389687e-05,0.000234574406
3.87930157e-07,0.000288563722,-5.96325044e-05,2.59905414e-06,-0.00177880691,-0.000285948238,7.11242759e-05,7.11522764e-05,0.000294672382
3.88800345e-07,0.00027791271,-5.5170196e-05,2.50551898e-06,-0.00165665348,-0.00027548419,6.62396099e-05,6.6266139e-05,0.000283346965
3.89712199e-07,0.000294285011,-5.76600141e-05,2.28687577e-06,-0.00173524686,-0.000291743829,6.93821539e-05,6.94098743e-05,0.000299889271
3.90622176e-07,0.000300073327,-5.04899399e-05,2.56569479e-06,-0.00156191713,-0.000297814241,6.24492859e-05,6.24766853e-05,0.000304302183
3.91531046e-07,0.000280321256,-3.88029548e-05,2.97227757e-06,-0.00125016307,-0.000278545324,4.99817769e-05,5.00065228e-05,0.000283009735
3.92439659e-07,0.000257339416,-2.9311117e-05,3.07094501e-06,-0.000990013359,-0.00025596144,3.95785032e-05,3.96005344e-05,0.000259021519
3.93303054e-07,0.000234121428,-2.06654204e-05,3.1847328e-06,-0.000750766485,-0.000233107759,3.00112503e-05,3.00306594e-05,0.000235053281
3.94212009e-07,0.000214890752,-1.65202364e-05,2.89005288e-06,-0.000627944537,-0.000214058229,2.510036e-05,2.51177815e-05,0.000215544208
3.95120082e-07,0.00020224521,-2.28053959e-05,2.55333293e-06,-0.000772286556,-0.000201171463,3.08748053e-05,3.08914622e-05,0.000203542945
3.96027644e-07,0.000214155458,-3.03311044e-05,2.59011017e-06,-0.000972214038,-0.000212771236,3.88707769e-05,3.88885615e-05,0.000216308217
3.96943591e-07,0.000244221446,-4.81446041e-05,2.67283735e-06,-0.00144733174,-0.000242100825,5.78723466e-05,5.78932697e-05,0.00024893606
3.97812727e-07,0.00026677025,-5.53217396e-05,2.08487972e-06,-0.00164920546,-0.000264344583,6.59454528e-05,6.59682183e-05,0.000272454047
3.98729355e-07,0.000278872496,-5.60569606e-05,2.26163024e-06,-0.00167968543,-0.000276407747,6.71640465e-05,6.71874173e-05,0.000284459781
3.99640612e-07,0.000297420891,-5.9694521e-05,2.14529996e-06,-0.00178912573,-0.000294795842,7.15404352e-05,7.15650292e-05,0.000303359893
4.00505002e-07,0.00030738418,-5.37586238e-05,2.60168963e-06,-0.00165080733,-0.000304988534,6.60077114e-05,6.60322933e-05,0.000312060559
4.01413701e-07,0.000290043303,-4.14674723e-05,3.02274839e-06,-0.0013263803,-0.000288153042,5.30329413e-05,5.30552119e-05,0.000293008201
4.02321916e-07,0.000263970636,-3.07480695e-05,3.16553019e-06,-0.00103247527,-0.000262529893,4.12794844e-05,4.12990106e-05,0.000265774267
4.03229848e-07,0.0002398215,-2.14002521e-05,3.53045789e-06,-0.000774762128,-0.000238773887,3.09734363e-05,3.09904851e-05,0.000240800305
4.04138461e-07,0.000222303788,-1.74034794e-05,2.88223441e-06,-0.000657368568,-0.000221430015,2.6279339e-05,2.62947427e-05,0.000223002607
4.05000748e-07,0.000204118624,-2.22244944e-05,2.52613631e-06,-0.000759590941,-0.000203066608,3.0369285e-05,3.03836376e-05,0.000205340503
4.0590831e-07,0.000222485018,-3.18881393e-05,2.67554128e-06,-0.00101938681,-0.000221031868,4.075966e-05,4.07754723e-05,0.000224774543
4.06819936e-07,0.000243588322,-4.85419332e-05,2.93320568e-06,-0.00145655195,-0.000241452317,5.82440396e-05,5.82620781e-05,0.000248395236
4.07733722e-07,0.000264954462,-5.0558574e-05,2.92900791e-06,-0.00152831688,-0.000262720723,6.11134851e-05,6.1132675e-05,0.000269751025
4.08600442e-07,0.000304313697,-6.27203553e-05,2.20619063e-06,-0.001871538,-0.000301562133,7.48394879e-05,7.486152e-05,0.000310717776
4.09515138e-07,0.000300440646,-6.08541886e-05,2.06108803e-06,-0.00182103214,-0.000297766807,7.28199332e-05,7.28412857e-05,0.00030654863
4.10425741e-07,0.000311490527,-5.51489975e-05,2.36071446e-06,-0.00168956141,-0.000309035996,6.75611829e-05,6.75824564e-05,0.000316343695
4.1133481e-07,0.000295043341,-4.26576989e-05,2.94943925e-06,-0.001361034,-0.000293101485,5.44221641e-05,5.44413598e-05,0.000298125731
4.12242883e-07,0.00028700949,-3.36799603e-05,3.3058941e-06,-0.00112870452,-0.000285433074,4.51303384e-05,4.51481808e-05,0.000288997779
4.13105198e-07,0.000261830573,-2.50432313e-05,3.46400407e-06,-0.000887731614,-0.000260619675,3.54936297e-05,3.55092646e-05,0.000263048307
4.14013442e-07,0.000235799365,-1.80676616e-05,3.06127868e-06,-0.000687404361,-0.000234888237,2.7482669e-05,2.74961744e-05,0.000236510364
4.14921374e-07,0.000215099906,-2.332037e-05,2.48805554e-06,-0.000797897228,-0.000213995283,3.19034182e-05,3.19158891e-05,0.000216374674
4.15830726e-07,0.000224415577,-2.95491791e-05,2.72111379e-06,-0.000962820719,-0.000223054416,3.84997724e-05,3.85128288e-05,0.000226368968
4.16705262e-07,0.000245524541,-4.91902065e-05,2.83425902e-06,-0.00147461146,-0.000243361064,5.89692225e-05,5.89844584e-05,0.000250419667
4.1762658e-07,0.000267687195,-5.20295871e-05,3.00534157e-06,-0.00156772265,-0.000265392446,6.26926017e-05,6.27089059e-05,0.000272713301
4.1850916e-07,0.00030153236,-6.27462723e-05,2.69096108e-06,-0.00186931214,-0.000298781985,7.47541603e-05,7.47724855e-05,0.000308003409
4.19425135e-07,0.000312783552,-6.4332191e-05,2.38459234e-06,-0.00192018365,-0.000309960757,7.6788738e-05,7.68073462e-05,0.000319339736
4.20336562e-07,0.000319534069,-5.80360029e-05,2.79821961e-06,-0.00176964223,-0.000316957654,7.07675349e-05,7.07856892e-05,0.000324773812
4.21200781e-07,0.000318081933,-4.81090756e-05,3.22361529e-06,-0.00152018934,-0.000315903652,6.07904782e-05,6.08075736e-05,0.000321715699
4.22107831e-07,0.000285459188,-3.45442168e-05,3.45084845e-06,-0.00114865915,-0.00028384945,4.59319079e-05,4.59463662e-05,0.000287562444
4.23016303e-07,0.00026446284,-2.5844618e-05,3.52934285e-06,-0.000910308387,-0.000263217789,3.6399638e-05,3.64123355e-05,0.000265746109
4.23924632e-07,0.000245361472,-1.92394018e-05,3.17014883e-06,-0.000726175145,-0.000244395839,2.90358543e-05,2.90470058e-05,0.000246135037
4.24832194e-07,0.000226099728,-1.6782742e-05,2.57532793e-06,-0.000645519176,-0.000225247742,2.58108952e-05,2.5820767e-05,0.000226736366
4.25740581e-07,0.000232347826,-2.85950373e-05,2.71741101e-06,-0.000946854881,-0.000231018476,3.78635992e-05,3.78741953e-05,0.000234116579
4.2660929e-07,0.00025255559,-5.09699603e-05,3.03277102e-06,-0.0015260342,-0.000250315318,6.10287196e-05,6.10413682e-05,0.000257665404
4.27523304e-07,0.000264490023,-5.26209296e-05,3.0710512e-06,-0.00157921657,-0.000262174184,6.31556184e-05,6.31686626e-05,0.000269691242
4.2841728e-07,0.000297859544,-6.22915686e-05,2.51580809e-06,-0.00185418897,-0.00029513029,7.41529468e-05,7.41675589e-05,0.00030431378
4.2931174e-07,0.000319839251,-6.33838936e-05,2.93957874e-06,-0.00190346153,-0.000317048734,7.61233519e-05,7.6138461e-05,0.000326072547
4.30207763e-07,0.000332854514,-6.21212093e-05,2.86629211e-06,-0.00188493135,-0.00033010408,7.53821494e-05,7.5397254e-05,0.000338613921
4.3110586e-07,0.000318468519,-4.79676055e-05,3.52373058e-06,-0.0015169481,-0.000316295586,6.06645806e-05,6.06779242e-05,0.000322079968
4.32003958e-07,0.000289387826,-3.48485664e-05,3.5090377e-06,-0.0011601086,-0.000287762776,4.63931178e-05,4.6404344e-05,0.000291499657
4.32907342e-07,0.000270839984,-2.67675314e-05,3.5294936e-06,-0.000939666352,-0.000269552925,3.75768309e-05,3.75866541e-05,0.000272182393
4.33813113e-07,0.000253935897,-2.01462262e-05,3.32576337e-06,-0.000757334696,-0.000252927142,3.02848389e-05,3.02933878e-05,0.000254755513
4.34719823e-07,0.000236284395,-1.73748849e-05,2.85354326e-06,-0.000670432986,-0.000235400583,2.68098425e-05,2.68173194e-05,0.000236939538
4.35626731e-07,0.000242689654,-2.97175284e-05,2.72149327e-06,-0.000985171529,-0.000241307144,3.93987552e-05,3.94068612e-05,0.000244517496
4.36537675e-07,0.00025818139,-5.29503704e-05,3.22208166e-06,-0.00158105895,-0.000255857422,6.32325177e-05,6.32423582e-05,0.000263574949
4.37407948e-07,0.000274180609,-5.59759501e-05,3.34097945e-06,-0.0016726437,-0.000271722853,6.68954753e-05,6.69057481e-05,0.00027985617
4.38344443e-07,0.000300949061,-6.46051994e-05,3.02383773e-06,-0.0019149899,-0.000298124815,7.65882747e-05,7.65995961e-05,0.00030782026
4.39237226e-07,0.000322540378,-6.49462236e-05,3.18683078e-06,-0.0019450984,-0.000319685224,7.77924485e-05,7.78039359e-05,0.000329029578
4.40131657e-07,0.000343518681,-6.58616555e-05,2.66088523e-06,-0.00198894273,-0.000340610139,7.95460565e-05,7.95577094e-05,0.000349785537
4.41027822e-07,0.00032505361,-5.01771174e-05,3.2226892e-06,-0.00157863786,-0.000322787052,6.31356585e-05,6.31455146e-05,0.00032891941
4.41927398e-07,0.000294561672,-3.62595638e-05,3.30224839e-06,-0.00120044698,-0.000292876059,4.80098852e-05,4.8017879e-05,0.000296803369
4.42829304e-07,0.000274180638,-2.96723756e-05,3.30916328e-06,-0.00101549434,-0.000272774745,4.0612942e-05,4.06197738e-05,0.000275801419
4.43733825e-07,0.000266467046,-2.3148561e-05,3.29275372e-06,-0.000844794442,-0.000265328206,3.37858844e-05,3.37917777e-05,0.000267490906
4.44639454e-07,0.000244228897,-1.87607911e-05,2.92767254e-06,-0.00071293005,-0.000243283308,2.85123355e-05,2.8517202e-05,0.000244965901
4.45500092e-07,0.000251168822,-3.04096902e-05,3.05969797e-06,-0.00101087033,-0.00024975185,4.04294397e-05,4.04348131e-05,0.000253021517
4.46408308e-07,0.00026106491,-5.4466047e-05,3.27170414e-06,-0.00162172935,-0.000258678025,6.48622919e-05,6.48691738e-05,0.000266706096
4.4733946e-07,0.000277391955,-5.84077425e-05,3.4865418e-06,-0.00173652382,-0.000274834384,6.94537421e-05,6.94609527e-05,0.000283495885
4.48233578e-07,0.000306648493,-6.67473287e-05,2.87300713e-06,-0.00197411352,-0.000303734026,7.8956607e-05,7.89645407e-05,0.000313841932
4.49125366e-07,0.000322118227,-6.64004037e-05,2.8853583e-06,-0.00198090938,-0.000319205259,7.92285839e-05,7.92363752e-05,0.000328903468
4.50018575e-07,0.000340830011,-6.9406291e-05,2.51937695e-06,-0.00207470427,-0.000337781872,8.29803386e-05,8.29881709e-05,0.000347834266
4.50913944e-07,0.00033833264,-5.71292112e-05,3.07120058e-06,-0.00176549552,-0.000335777451,7.06132109e-05,7.06198206e-05,0.000343135767
4.51813207e-07,0.000330725888,-4.43445788e-05,3.3151166e-06,-0.00143849826,-0.000328688033,5.75346159e-05,5.75399306e-05,0.00033370203
4.52713721e-07,0.000297661521,-3.4991619e-05,3.6011993e-06,-0.00117177214,-0.000296024132,4.68669155e-05,4.68708854e-05,0.00029973282
4.53616394e-07,0.000279504253,-2.47421285e-05,3.6056515e-06,-0.000897560327,-0.000278291258,3.58995264e-05,3.59024131e-05,0.000280620386
4.54520773e-07,0.000267266936,-2.13606054e-05,2.9508426e-06,-0.000800838927,-0.000266198955,3.2031346e-05,3.20335571e-05,0.00026813541
4.55443939e-07,0.00026352951,-3.24577595e-05,3.22725509e-06,-0.00107431773,-0.00026202075,4.29701664e-05,4.29727091e-05,0.000265540437
4.56305258e-07,0.000269884185,-5.56526393e-05,3.33330877e-06,-0.00166011264,-0.000267442795,6.6400612e-05,6.64045056e-05,0.000275582657
4.57224502e-07,0.000293315999,-6.04916822e-05,3.44645719e-06,-0.00180442154,-0.000290662356,7.21728069e-05,7.21768616e-05,0.000299508593
4.58136299e-07,0.000314422912,-6.77146672e-05,2.97975862e-06,-0.00200596149,-0.000311463543,8.02340656e-05,8.02384596e-05,0.000321645648
4.59007936e-07,0.000329396571,-6.74933617e-05,2.8607792e-06,-0.00201539486,-0.000326434074,8.06117238e-05,8.06157943e-05,0.000336252344
4.59922092e-07,0.000353538286,-7.10789609e-05,2.02676961e-06,-0.00212909398,-0.000350413092,8.5159866e-05,8.51637591e-05,0.000360618422
4.60833547e-07,0.000358487247,-5.9542399e-05,2.84414864e-06,-0.00184582837,-0.000355819434,7.38304377e-05,7.3833135e-05,0.000363409538
4.61742871e-07,0.000315882557,-4.06814106e-05,3.54908298e-06,-0.00133205077,-0.000314003062,5.32808029e-05,5.32820309e-05,0.000318511166
4.62607233e-07,0.000306992064,-3.56300516e-05,3.49881725e-06,-0.00119695964,-0.000305321681,4.78779596e-05,4.78783855e-05,0.000309072596
4.63515505e-07,0.00030003229,-2.61733421e-05,3.45882222e-06,-0.000953748648,-0.000298745642,3.81504978e-05,3.81499459e-05,0.000301191604
4.64422357e-07,0.000265131122,-1.98007165e-05,3.15620309e-06,-0.000759656134,-0.000264127228,3.03872951e-05,3.03862453e-05,0.000265888213
4.65334807e-07,0.000264197704,-3.25892906e-05,3.05001481e-06,-0.00107819214,-0.00026268315,4.3128313e-05,4.31276858e-05,0.000266217564
4.66205478e-07,0.000266642106,-4.10441498e-05,2.82971655e-06,-0.00129184453,-0.000264787493,5.16741592e-05,5.16737811e-05,0.00026979741
4.67122874e-07,0.000288989773,-6.22856169e-05,3.06290099e-06,-0.00184482464,-0.000286267852,7.37923036e-05,7.37929856e-05,0.000295641622
4.68023728e-07,0.000309223164,-6.79898658e-05,2.9567675e-06,-0.00200754358,-0.000306256949,8.03011096e-05,8.0301743e-05,0.000316623324
4.68915943e-07,0.000334536599,-7.05710117e-05,3.02253216e-06,-0.00209731702,-0.000331446917,8.38924583e-05,8.38926807e-05,0.000341912473
4.6980864e-07,0.000353601703,-7.38960662e-05,2.46065088e-06,-0.00219942955,-0.000350363805,8.79772539e-05,8.79771821e-05,0.000361249011
4.70703071e-07,0.000360662147,-6.3847765e-05,3.21225048e-06,-0.00195545191,-0.000357820426,7.82193327e-05,7.82180764e-05,0.000366284097
4.71600373e-07,0.000332800118,-4.78447764e-05,3.61517073e-06,-0.00152781419,-0.000330620633,6.11149609e-05,6.11125678e-05,0.00033624115
4.72544912e-07,0.000319259241,-3.84885934e-05,3.45310241e-06,-0.00128053827,-0.000317464735,5.12247711e-05,5.12215309e-05,0.000321589426
4.73401769e-07,0.00030840587,-3.08176532e-05,3.76998855e-06,-0.00107804907,-0.000306926801,4.31259477e-05,4.31219628e-05,0.000309964709
4.74305466e-07,0.000276608509,-2.23624393e-05,3.0799963e-06,-0.000835041748,-0.000275492993,3.34059418e-05,3.34016699e-05,0.000277528075
4.75210101e-07,0.000263569847,-3.21939988e-05,3.02617536e-06,-0.00106761139,-0.000262071603,4.27082297e-05,4.27044556e-05,0.000265545996
4.76115957e-07,0.000278092659,-4.36373884e-05,3.16345358e-06,-0.00136798876,-0.000276125184,5.47232235e-05,5.47195505e-05,0.000281513332
4.7703611e-07,0.000304077956,-6.67159693e-05,4.06104346e-06,-0.00197049114,-0.000301166799,7.88224786e-05,7.88196456e-05,0.000311337302
4.77902176e-07,0.00031471171,-6.68515131e-05,3.71995452e-06,-0.0019844959,-0.000311786626,7.93831508e-05,7.93798361e-05,0.000321755222
4.78837478e-07,0.000346868241,-7.35361609e-05,3.36639164e-06,-0.00218361174,-0.000343650121,8.73483698e-05,8.73444695e-05,0.000354593395
4.79728953e-07,0.000358057354,-7.59267932e-05,2.47163462e-06,-0.00225450657,-0.000354734684,9.01845351e-05,9.01802629e-05,0.000366027397
4.80622305e-07,0.00035721701,-6.46239059e-05,3.07176379e-06,-0.00197129278,-0.000354347007,7.88570841e-05,7.8851711e-05,0.00036302848
4.81518725e-07,0.000348687463,-5.08551457e-05,3.82167536e-06,-0.00161879172,-0.000346374887,6.47582465e-05,6.47516688e-05,0.000352397216
4.8241759e-07,0.000327977701,-3.97231379e-05,3.4326913e-06,-0.00131999434,-0.000326126852,5.28069735e-05,5.27997734e-05,0.000330392318
4.83317137e-07,0.000320748193,-3.36647827e-05,3.17531112e-06,-0.00116141292,-0.000319145397,4.64643611e-05,4.64565167e-05,0.000322525664
4.84219299e-07,0.000284469163,-2.22653453e-05,3.15466082e-06,-0.000840386667,-0.000283351241,3.36232678e-05,3.36154667e-05,0.000285356622
4.8512311e-07,0.000270983786,-2.98469658e-05,3.16606952e-06,-0.00101630657,-0.000269573468,4.06595526e-05,4.0652263e-05,0.000272640932
4.86028398e-07,0.000285552087,-4.3926575e-05,3.59282126e-06,-0.00138258177,-0.000283567081,5.53104763e-05,5.53032709e-05,0.000288933291
4.86941303e-07,0.000310181727,-6.79511577e-05,3.95545158e-06,-0.00200735312,-0.000307216294,8.03007648e-05,8.02941248e-05,0.000317562135
4.87812144e-07,0.000333889038,-7.23123376e-05,4.3601226e-06,-0.00213997695,-0.00033073024,8.56064958e-05,8.55990779e-05,0.000341657686
4.88729768e-07,0.000354178686,-7.65903605e-05,3.42393923e-06,-0.00226710876,-0.000350832584,9.06924663e-05,9.06843506e-05,0.000362381496
4.89643924e-07,0.000364695123,-7.89105761e-05,2.38900225e-06,-0.00233556936,-0.000361247824,9.34313712e-05,9.34227742e-05,0.000373142223
4.9051016e-07,0.000370774302,-7.05641214e-05,2.69574662e-06,-0.00213312381,-0.00036765591,8.53346951e-05,8.53249524e-05,0.000377438929
4.9142011e-07,0.000350971997,-5.41450281e-05,3.25201404e-06,-0.00170315744,-0.000348526033,6.81368544e-05,6.81262976e-05,0.00035513885
4.92328866e-07,0.000334394252,-4.29260508e-05,3.19345509e-06,-0.00140631991,-0.000332410188,5.6263918e-05,5.62527962e-05,0.000337153318
4.93236541e-07,0.000321976928,-3.61624589e-05,3.36069229e-06,-0.00122494169,-0.000320273268,4.90091757e-05,4.89976676e-05,0.000324018764
4.94143194e-07,0.000294900063,-2.59482549e-05,3.09804591e-06,-0.000942724466,-0.000293626521,3.77203562e-05,3.77089786e-05,0.000296055665
4.95012102e-07,0.000273772981,-2.17137622e-05,3.11802182e-06,-0.000815830368,-0.000272685673,3.26443927e-05,3.26332147e-05,0.000274650423
4.95927509e-07,0.000288125273,-3.89122652e-05,3.23478548e-06,-0.00125980086,-0.000286338728,5.04030773e-05,5.03920345e-05,0.000290759009
4.96845587e-07,0.000315673737,-7.12949404e-05,3.63804861e-06,-0.00209627859,-0.000312570194,8.38614946e-05,8.38511437e-05,0.00032364504
4.97720521e-07,0.000332645403,-7.52873675e-05,3.84901614e-06,-0.00221295725,-0.00032936863,8.85294138e-05,8.85182898e-05,0.000341080586
4.98605857e-07,0.000361975195,-8.06788303e-05,3.56727901e-06,-0.0023769252,-0.000358459361,9.50894429e-05,9.5077008e-05,0.000370874428
4.99536839e-07,0.000377608958,-7.94193911e-05,3.18940147e-06,-0.00236106571,-0.000374130982,9.44561949e-05,9.44426283e-05,0.00038588358
5.00425756e-07,0.000383874489,-7.52687993e-05,3.08772451e-06,-0.00226362376,-0.000380557481,9.05594775e-05,9.05449502e-05,0.000391196305
5.01317629e-07,0.000367647503,-5.92758734e-05,3.12642078e-06,-0.00184788019,-0.000364983021,7.39304378e-05,7.39152078e-05,0.000372408499
5.02212799e-07,0.000344542699,-4.56891539e-05,3.40558563e-06,-0.00148537999,-0.000342440023,5.94306406e-05,5.94151998e-05,0.000347575558
5.03110243e-07,0.000330964191,-3.73533985e-05,3.89986735e-06,-0.00126357074,-0.000329205717,5.05585574e-05,5.05428296e-05,0.000333088248
5.04010075e-07,0.000309537834,-2.63542279e-05,3.77672359e-06,-0.000967392756,-0.000308236349,3.87113592e-05,3.86957102e-05,0.000310680672
5.04911384e-07,0.000287202682,-2.14226711e-05,3.47303444e-06,-0.000821883499,-0.000286116272,3.28905793e-05,3.287534e-05,0.00028802148
5.05812693e-07,0.000293124438,-3.93271112e-05,3.31493789e-06,-0.00127507013,-0.000291317305,5.10175048e-05,5.10028051e-05,0.000295769415
5.06721449e-07,0.000307397684,-6.87879583e-05,3.53488076e-06,-0.00202529482,-0.000304401014,8.1025564e-05,8.10117926e-05,0.000315020023
5.07608149e-07,0.000344910921,-7.71928535e-05,4.14089709e-06,-0.00227270462,-0.000341548138,9.09238655e-05,9.09081846e-05,0.000353467717
5.08501444e-07,0.000362533261,-8.02024515e-05,3.58060083e-06,-0.00236547412,-0.00035903603,9.46357618e-05,9.46189649e-05,0.000371316064
5.09432368e-07,0.000381677062,-8.01393544e-05,3.09442635e-06,-0.00238299952,-0.000378167042,9.53382631e-05,9.53199808e-05,0.000390011886
5.1032066e-07,0.000380076148,-7.6687902e-05,2.91003948e-06,-0.00229516882,-0.000376705429,9.1825552e-05,9.18067526e-05,0.000387746542
5.11212249e-07,0.00038566874,-6.65166444e-05,3.2038281e-06,-0.00204664469,-0.00038270029,8.18860743e-05,8.18657875e-05,0.000391375913
5.12107249e-07,0.000366882072,-5.19617934e-05,3.58480656e-06,-0.00166427519,-0.000364510688,6.65915992e-05,6.65710075e-05,0.000370560836
5.13042494e-07,0.000345219043,-4.12843146e-05,3.36948165e-06,-0.00137589965,-0.000343291972,5.50563713e-05,5.5035986e-05,0.000347695176
5.13941245e-07,0.000314823788,-2.65758317e-05,3.8296962e-06,-0.000978111755,-0.000313509213,3.91441676e-05,3.91244702e-05,0.000315966706
5.14842043e-07,0.000298179773,-2.26786979e-05,3.53811197e-06,-0.000864130736,-0.000297034355,3.45845679e-05,3.45652294e-05,0.000299061898
5.15744659e-07,0.000305213209,-4.15296781e-05,3.50354048e-06,-0.00134206982,-0.000303308327,5.37017318e-05,5.36827929e-05,0.0003080456
5.16606235e-07,0.000318510603,-7.20918833e-05,3.9223105e-06,-0.0021188308,-0.000315372922,8.47712445e-05,8.47532321e-05,0.000326590919
5.17527724e-07,0.000346503191,-7.85356606e-05,4.08488859e-06,-0.00230773585,-0.000343085437,9.23292723e-05,9.2309434e-05,0.00035531535
5.18400043e-07,0.000373687304,-8.52532685e-05,3.50039863e-06,-0.0025026761,-0.000369979173,0.000100128581,0.000100107044,0.000383304805
5.19316529e-07,0.000385937805,-8.27128242e-05,3.06314746e-06,-0.00245142868,-0.000382321465,9.80800586e-05,9.80571471e-05,0.000394713546
5.20230515e-07,0.000397918106,-8.24759045e-05,2.58871523e-06,-0.00245745643,-0.000394301657,9.83224127e-05,9.82982572e-05,0.000406383803
5.21141658e-07,0.000395592535,-6.76872369e-05,3.56714258e-06,-0.00208567781,-0.000392569336,8.34525764e-05,8.34271125e-05,0.000401357372
5.22004996e-07,0.0003669055,-5.1073097e-05,3.72976342e-06,-0.00164198992,-0.000364569636,6.57045506e-05,6.56795967e-05,0.000370461899
5.2291341e-07,0.000351364841,-4.18382006e-05,3.49994662e-06,-0.00139576755,-0.000349410705,5.58555805e-05,5.58307022e-05,0.00035386429
5.23820347e-07,0.000329962611,-2.9437897e-05,3.88275976e-06,-0.00106462184,-0.000328521475,4.26093349e-05,4.25848737e-05,0.000331295926
5.2473581e-07,0.000301059248,-2.30601017e-05,3.38292716e-06,-0.000876444101,-0.000299896275,3.5080815e-05,3.5057764e-05,0.000301960069
5.25604491e-07,0.000304595218,-3.99911878e-05,3.49823858e-06,-0.00130292948,-0.000302752353,5.21397591e-05,5.21171791e-05,0.000307229197
5.26527629e-07,0.00032310051,-7.23509802e-05,3.92925949e-06,-0.00212978735,-0.000319948797,8.52136814e-05,8.51914939e-05,0.000331125419
5.27415864e-07,0.000353223411,-8.15140011e-05,4.11374504e-06,-0.00238874112,-0.00034968118,9.55739676e-05,9.55496449e-05,0.000362530321
5.2831939e-07,0.000362300314,-8.27130789e-05,3.81078235e-06,-0.00242774538,-0.000358702871,9.71350656e-05,9.71098151e-05,0.000371641619
5.29206147e-07,0.000384639599,-8.3459694e-05,3.34071956e-06,-0.00246867514,-0.000380994431,9.87744166e-05,9.87470057e-05,0.000393604246
5.30139232e-07,0.00038863832,-8.13188963e-05,2.59058015e-06,-0.00241917558,-0.000385075562,9.67952375e-05,9.67670232e-05,0.000397063242
5.31030082e-07,0.000396557938,-7.07290747e-05,3.29706813e-06,-0.00216251099,-0.000393412325,8.65305868e-05,8.65004398e-05,0.00040282958
5.31923547e-07,0.000378679193,-5.60240951e-05,3.44182877e-06,-0.00177730923,-0.000376135924,7.11224106e-05,7.1092369e-05,0.000382816505
5.3281957e-07,0.00037013067,-4.61993513e-05,3.5651999e-06,-0.00152333092,-0.000367987124,6.09636759e-05,6.0933237e-05,0.000373019844
5.33716388e-07,0.000348077505,-3.10531541e-05,3.52190204e-06,-0.00112294394,-0.000346557285,4.49477025e-05,4.49177576e-05,0.000349477684
5.34616163e-07,0.00031391668,-2.37309523e-05,3.71197939e-06,-0.00090593833,-0.000312716595,3.62652891e-05,3.62375332e-05,0.000314834272
5.35517302e-07,0.00031675247,-4.26824554e-05,3.52766574e-06,-0.00138219621,-0.000314792259,5.53150344e-05,5.52878482e-05,0.000319634735
5.3642043e-07,0.000326033129,-5.66056115e-05,4.02115757e-06,-0.00173926807,-0.000323508716,6.95981807e-05,6.9570723e-05,0.000330934987
5.373455e-07,0.000351261959,-8.3931016e-05,4.37498329e-06,-0.00244706054,-0.000347624641,9.7910612e-05,9.78824217e-05,0.000361176577
5.38215829e-07,0.000373992749,-8.70666336e-05,4.51175811e-06,-0.00254805828,-0.000370211858,0.000101952711,0.000101922331,0.000384020222
5.39132145e-07,0.000396133313,-8.74596517e-05,3.98907287e-06,-0.0025799491,-0.000392318996,0.000103230801,0.000103197964,0.000405692871
5.40044653e-07,0.000410437817,-8.81147353e-05,2.87828948e-06,-0.00261057238,-0.000406585861,0.000104457388,0.000104422895,0.000419799586
5.40909923e-07,0.000416874187,-7.84805816e-05,3.40454608e-06,-0.00237629912,-0.000413402346,9.50883267e-05,9.50519647e-05,0.000424210891
5.41817599e-07,0.000386225962,-5.82768225e-05,3.60759691e-06,-0.00184100051,-0.000383586571,7.36751263e-05,7.36400206e-05,0.000390614511
5.42723967e-07,0.000369626097,-4.6739824e-05,3.59154069e-06,-0.0015362195,-0.000367461341,6.14835387e-05,6.14487799e-05,0.000372586852
5.43631643e-07,0.000356498262,-3.33057578e-05,3.86122474e-06,-0.00118750951,-0.000354881226,4.75352449e-05,4.75003803e-05,0.000358071492
5.44500722e-07,0.000327131595,-2.68441818e-05,3.52170946e-06,-0.000996795716,-0.000325796443,3.99044839e-05,3.98718286e-05,0.000328250046
5.45416924e-07,0.000316101097,-4.10065149e-05,3.70390785e-06,-0.00133958529,-0.000314208427,5.36143865e-05,5.35834115e-05,0.000318771324
5.46326874e-07,0.000323503162,-5.52737329e-05,3.76002686e-06,-0.0017033763,-0.000321034034,6.81661958e-05,6.8135052e-05,0.000328212765
5.47204195e-07,0.000358529564,-8.40032808e-05,4.1030994e-06,-0.0024560052,-0.000354883543,9.82734457e-05,9.82402079e-05,0.00036826191
5.48119715e-07,0.000368609879,-8.39058557e-05,4.64687901e-06,-0.00246361643,-0.000364959691,9.85792036e-05,9.85446572e-05,0.000378067493
5.49001015e-07,0.000397202617,-8.80663865e-05,3.95196776e-06,-0.00259605306,-0.000393363181,0.000103879811,0.000103842122,0.000406867577
5.49929268e-07,0.000410398527,-9.0440888e-05,2.75798448e-06,-0.0026685195,-0.000406453581,0.000106780109,0.00010674078,0.000420254817
5.50815855e-07,0.000416794821,-8.03783041e-05,3.1461816e-06,-0.002423506,-0.000413247155,9.69813574e-05,9.69402399e-05,0.000424486152
5.51704773e-07,0.000396267191,-6.26022811e-05,3.53931091e-06,-0.00195895345,-0.000393446796,7.83986671e-05,7.8358138e-05,0.000401197282
5.52640188e-07,0.000367940898,-4.80602175e-05,3.2881901e-06,-0.00156741578,-0.000365724689,6.2735486e-05,6.26966311e-05,0.00037108099
5.53533312e-07,0.000364070002,-4.06193067e-05,2.99140811e-06,-0.00137765869,-0.000362154445,5.51457325e-05,5.51063474e-05,0.000366341156
5.5442888e-07,0.000333410047,-2.66188472e-05,3.43689408e-06,-0.000997329364,-0.000332078885,3.99304008e-05,3.98931745e-05,0.000334488617
5.55326096e-07,0.000308919436,-3.65123524e-05,3.36507105e-06,-0.00122006214,-0.000307212229,4.8836629e-05,4.88024857e-05,0.000311087919
5.56225359e-07,0.000322896638,-5.57358653e-05,4.07700236e-06,-0.00171422097,-0.000320409515,6.86037041e-05,6.85688388e-05,0.000327697036
5.57145086e-07,0.000359336787,-8.79535073e-05,4.24650625e-06,-0.00255538942,-0.000355532154,0.000102252793,0.000102215577,0.000369968619
5.58029683e-07,0.0003774621,-9.26456269e-05,4.47656112e-06,-0.00269066542,-0.000373455334,0.000107665978,0.000107626617,0.000388691251
5.58902912e-07,0.000415410323,-9.72818307e-05,4.42969531e-06,-0.00284430105,-0.000411187803,0.000113815998,0.000113772042,0.000426672137
5.59818432e-07,0.000413499307,-9.0338508e-05,3.87501086e-06,-0.00266893115,-0.000409555975,0.000106801809,0.000106757246,0.00042327029
5.60731337e-07,0.000419029559,-8.43694506e-05,3.33635057e-06,-0.00252531702,-0.000415320501,0.000101058677,0.000101012681,0.000427451876
5.61640547e-07,0.000409366505,-6.87982392e-05,3.42010094e-06,-0.0021266765,-0.000406287859,8.51135019e-05,8.50670598e-05,0.000415121464
5.62544187e-07,0.000385151623,-5.33947314e-05,3.60998547e-06,-0.0017177246,-0.000382708323,6.87539782e-05,6.87089842e-05,0.000388851902
5.63409742e-07,0.000362973689,-4.30999753e-05,3.59639193e-06,-0.00143843016,-0.00036095981,5.75805761e-05,5.75372064e-05,0.000365541299
5.64329241e-07,0.000334986486,-3.06844486e-05,3.37672395e-06,-0.00110036763,-0.000333491481,4.40557908e-05,4.40147053e-05,0.000336405831
5.65243965e-07,0.000321731932,-2.80057411e-05,3.4956945e-06,-0.00102022546,-0.00032035465,4.08491852e-05,4.08090185e-05,0.000322967456
5.66110714e-07,0.000336486468,-4.79896153e-05,4.02995238e-06,-0.00153414998,-0.000334298242,6.14070985e-05,6.13659993e-05,0.000339915264
5.6702379e-07,0.000364153209,-8.66995033e-05,4.44041279e-06,-0.00252875383,-0.00036039487,0.000101192397,0.000101150153,0.000374358226
5.67940788e-07,0.000397065538,-9.483131e-05,4.36427172e-06,-0.00276468811,-0.000392955687,0.000110633842,0.000110587524,0.000408256128
5.68810549e-07,0.000420826982,-9.72593261e-05,4.32911338e-06,-0.00284901285,-0.00041660103,0.00011401012,0.000113960514,0.000431941508
5.69724875e-07,0.00042611215,-8.96804995e-05,3.62850278e-06,-0.00266493764,-0.000422185043,0.000106648706,0.000106597506,0.000435462194
5.70635677e-07,0.000436820701,-8.76173654e-05,3.08338531e-06,-0.0026240577,-0.000432967531,0.00010501545,0.000104962308,0.000445531856
5.71544263e-07,0.000427116407,-7.08310617e-05,3.4515906e-06,-0.0021950237,-0.000423942273,8.78545052e-05,8.78009479e-05,0.000432963483
5.72405554e-07,0.000389019318,-5.37751403e-05,3.63224126e-06,-0.0017309679,-0.000386557712,6.92887494e-05,6.92387158e-05,0.000392735266
5.73316299e-07,0.0003722822,-4.41642587e-05,3.75746049e-06,-0.00147418352,-0.000370218315,5.90162493e-05,5.89673407e-05,0.000374911505
5.74236026e-07,0.000346336572,-3.03338456e-05,3.89856677e-06,-0.00110281631,-0.000344846509,4.41593507e-05,4.41126525e-05,0.000347684285
5.75109084e-07,0.000323137851,-2.64236314e-05,3.91055528e-06,-0.000982007594,-0.000321822711,3.93245628e-05,3.92803038e-05,0.00032423999
5.76025968e-07,0.00033927281,-4.96756547e-05,4.30553109e-06,-0.0015789466,-0.000337014932,6.32032133e-05,6.31578639e-05,0.000342917261
5.76908462e-07,0.000355176569,-8.79574727e-05,4.22959192e-06,-0.00255113142,-0.000351375105,0.000102090391,0.000102045257,0.000365930051
5.77841718e-07,0.000388737797,-9.61951882e-05,4.05724404e-06,-0.00279034651,-0.000384580067,0.000111663608,0.00011161386,0.000400483521
5.78732852e-07,0.000417086121,-9.92355126e-05,3.89729166e-06,-0.002894531,-0.000412784135,0.000115835131,0.00011578124,0.000428746671
5.79612561e-07,0.000434011949,-9.56051299e-05,3.18331286e-06,-0.0028206876,-0.0004298416,0.000112884505,0.000112827504,0.000444428673
5.80538426e-07,0.000444571488,-9.24431224e-05,2.6033747e-06,-0.00275220419,-0.000440519139,0.000110147296,0.000110088168,0.000454088445
5.81423024e-07,0.000434206595,-7.58099122e-05,2.69433804e-06,-0.00232634065,-0.000430827688,9.3112905e-05,9.30536259e-05,0.000440783132
5.82311827e-07,0.000407992688,-5.89686388e-05,4.13548469e-06,-0.00187949231,-0.00040530822,7.52368261e-05,7.51796924e-05,0.000412252878
5.83202961e-07,0.000388243527,-4.86859972e-05,3.94712606e-06,-0.00160293083,-0.000385986053,6.41726537e-05,6.41172333e-05,0.000391304156
5.84141503e-07,0.000353525887,-3.32274285e-05,4.01665511e-06,-0.00118216057,-0.000351914362,4.7338115e-05,4.72864229e-05,0.000355106672
5.85038151e-07,0.000329284434,-2.722916e-05,3.80325582e-06,-0.00100815785,-0.000327932166,4.03752448e-05,4.0326314e-05,0.00033043022
5.85936164e-07,0.000313037832,-4.85421588e-05,3.73089483e-06,-0.00152440101,-0.000310846266,6.10215047e-05,6.09760405e-05,0.000316801113
5.86836791e-07,0.000359119382,-8.84794936e-05,4.00833915e-06,-0.00256799068,-0.000355293889,0.000102769664,0.000102719627,0.000369880275
5.8771144e-07,0.000386802276,-9.61272599e-05,3.69905729e-06,-0.00278660445,-0.00038264881,0.000111518334,0.000111464178,0.000398585165
5.88604394e-07,0.000407880842,-9.59678728e-05,3.7576533e-06,-0.00280360482,-0.000403716889,0.000112201992,0.000112144193,0.00041903548
5.8953043e-07,0.000427697989,-9.29246307e-05,3.42256271e-06,-0.00274730497,-0.000423639882,0.000109953659,0.000109892199,0.000437689697
5.90413265e-07,0.000445387181,-9.2464812e-05,2.71184831e-06,-0.00275342353,-0.000441333312,0.000110201587,0.000110136941,0.000454892115
5.91342655e-07,0.000441430951,-7.79533293e-05,2.68787176e-06,-0.00238694856,-0.000437960552,9.55435048e-05,9.54779424e-05,0.00044826915
5.92230606e-07,0.000413339701,-6.03849257e-05,3.1137929e-06,-0.00192007644,-0.000410594321,7.68658037e-05,7.68030575e-05,0.000417738846
5.93121058e-07,0.000389095076,-4.88637888e-05,3.18267348e-06,-0.00160810386,-0.000386829811,6.4384356e-05,6.43241545e-05,0.000392164222
5.94013613e-07,0.000367106899,-3.46799097e-05,3.36609287e-06,-0.00123186142,-0.000365426426,4.933253e-05,4.92744567e-05,0.000368756698
5.9490975e-07,0.000346144836,-2.81214652e-05,3.80245774e-06,-0.00104713603,-0.000344743398,4.19410726e-05,4.18854412e-05,0.000347306094
5.95807251e-07,0.000351556897,-5.13880077e-05,4.49605341e-06,-0.0016337519,-0.000349220717,6.5405429e-05,6.53500762e-05,0.000355321254
5.96706855e-07,0.000370487804,-7.06605788e-05,4.79456503e-06,-0.0021340528,-0.000367365783,8.54196184e-05,8.53621121e-05,0.000377196392
5.97635164e-07,0.000405915023,-0.00010414033,5.00227816e-06,-0.00300570088,-0.000401425832,0.000120289301,0.000120228035,0.000419090965
5.98532324e-07,0.000419911055,-0.000102052538,5.56780014e-06,-0.0029674687,-0.000415494158,0.00011876287,0.000118698748,0.000432170123
5.99409987e-07,0.00043697597,-9.87937019e-05,4.53620214e-06,-0.00290303631,-0.000432675741,0.000116189056,0.000116121452,0.000448027645
6.00334545e-07,0.000445577811,-9.73290225e-05,3.31808837e-06,-0.00287499954,-0.000441329273,0.00011506953,0.000114999982,0.00045609597
6.01217835e-07,0.000466017722,-8.89819639e-05,3.26798317e-06,-0.00268680672,-0.000462086628,0.000107546526,0.000107472269,0.000474448086
6.02103853e-07,0.000431557884,-6.80301819e-05,3.07967548e-06,-0.00212908094,-0.000428492202,8.52334774e-05,8.51632375e-05,0.000436897926
6.03036995e-07,0.000411979301,-5.30552279e-05,3.09720713e-06,-0.00173547782,-0.000409528118,6.94875673e-05,6.9419113e-05,0.00041539306
6.03927333e-07,0.000388135726,-3.74626507e-05,3.12779184e-06,-0.00132220273,-0.000386327152,5.29539738e-05,5.28881093e-05,0.000389952016
6.04821082e-07,0.000369259418,-3.04139048e-05,3.63048025e-06,-0.00112730893,-0.000367747818,4.51560152e-05,4.50923573e-05,0.000370527602
6.05716764e-07,0.000366211112,-5.28182354e-05,3.64628409e-06,-0.00168396137,-0.000363806016,6.7420525e-05,6.73584547e-05,0.000370018432
6.06614947e-07,0.000371208676,-6.95416529e-05,4.54930205e-06,-0.00210670661,-0.000368130825,8.43304148e-05,8.42682645e-05,0.000377693817
6.07539505e-07,0.000395142619,-0.000103245999,4.54801739e-06,-0.00297251693,-0.000390697808,0.000118964903,0.000118900677,0.000408433728
6.08421885e-07,0.000429108943,-0.000107973385,5.55316456e-06,-0.00312441075,-0.000424447917,0.000125046798,0.00012497643,0.000442519575
6.09335643e-07,0.000450218562,-0.000105382169,4.83669874e-06,-0.00308067747,-0.000445644272,0.000123301815,0.000123227099,0.000462412747
6.10201027e-07,0.000464319775,-0.000105243824,3.57834688e-06,-0.00309124566,-0.000459739739,0.000123727479,0.000123649826,0.000476111248
6.11111318e-07,0.000471077044,-9.40780956e-05,3.90566538e-06,-0.00281901495,-0.000466938113,0.0001128409,0.000112760598,0.000480395175
6.12017345e-07,0.000439233496,-7.09046581e-05,3.42822386e-06,-0.00220840215,-0.000436046726,8.84125969e-05,8.83360859e-05,0.000444932902
6.12922975e-07,0.000418241194,-5.64240727e-05,3.57130284e-06,-0.00182574766,-0.000415650285,7.31041263e-05,7.30299065e-05,0.000422045171
6.13842815e-07,0.00039794491,-3.86610373e-05,3.82098415e-06,-0.00136178511,-0.000396080568,5.45436645e-05,5.44714043e-05,0.000399836751
6.14712519e-07,0.000366186927,-3.0112702e-05,3.75711829e-06,-0.00111661945,-0.000364689829,4.47321864e-05,4.46647778e-05,0.000367442181
6.15629119e-07,0.000359191967,-5.08770827e-05,3.66291988e-06,-0.00162837643,-0.000356870111,6.5200234e-05,6.51350571e-05,0.00036279576
6.16505361e-07,0.000370996684,-6.87266729e-05,3.84288978e-06,-0.00208602566,-0.000367951592,8.35076093e-05,8.34410265e-05,0.000377328323
6.17432761e-07,0.000403079524,-0.000103361308,4.98981035e-06,-0.00298317592,-0.000398623754,0.000119397512,0.000119327037,0.000416150888
6.18304512e-07,0.000430028769,-0.000109856475,5.19031437e-06,-0.00317224208,-0.000425291705,0.000126965166,0.000126889683,0.000443869493
6.19222305e-07,0.000466895086,-0.000112736081,5.31720525e-06,-0.0032808485,-0.000462013379,0.000131316728,0.00013123394,0.000480342293
6.20142771e-07,0.000466562575,-0.000103245598,5.05296748e-06,-0.00304341852,-0.000462060652,0.00012182054,0.000121736741,0.000477876367
6.21023048e-07,0.000476513262,-9.75244548e-05,4.05435321e-06,-0.00291038142,-0.000472232164,0.000116501894,0.000116415257,0.000486407592
6.21906452e-07,0.000453509158,-7.63992939e-05,3.48808453e-06,-0.0023597395,-0.000450091242,9.44737119e-05,9.43895802e-05,0.000459912573
6.22836865e-07,0.000418053067,-5.83820183e-05,3.36003745e-06,-0.00187434966,-0.000415384011,7.50529827e-05,7.49739865e-05,0.000422123343
6.23726237e-07,0.000406157458,-4.96895263e-05,3.62593437e-06,-0.00164534932,-0.000403845524,6.58917464e-05,6.58139726e-05,0.000409201756
6.24618963e-07,0.000380608137,-3.30322473e-05,4.16794455e-06,-0.00120379287,-0.000378982753,4.8226091e-05,4.81517147e-05,0.000382061585
6.25514247e-07,0.00036256187,-4.53859502e-05,4.15281465e-06,-0.001494442,-0.000360456905,5.98482541e-05,5.97776799e-05,0.000365415161
6.26411236e-07,0.000380764483,-6.04346424e-05,4.23522033e-06,-0.00188847911,-0.00037804317,7.56128192e-05,7.55391642e-05,0.000385553984
6.27320787e-07,0.00041846247,-0.000109704655,4.68372718e-06,-0.00315682427,-0.000413740729,0.000126350939,0.000126272971,0.000432629042
6.28240059e-07,0.000431599474,-0.000112354654,4.92871959e-06,-0.00323608262,-0.000426761252,0.000129524157,0.000129443305,0.000446011173
6.29108797e-07,0.000465473044,-0.000113527247,5.22511527e-06,-0.00329905911,-0.000460560836,0.000132050394,0.000131962365,0.000479146003
6.30025966e-07,0.000463660981,-0.000103581697,4.26661791e-06,-0.00304879062,-0.000459147939,0.000122040336,0.000121951625,0.000475109332
6.30902434e-07,0.000477166439,-0.000100165991,4.08780807e-06,-0.00297688018,-0.000472779185,0.000119167437,0.000119075207,0.000487583579
6.31826083e-07,0.000459053117,-8.05937743e-05,3.89423667e-06,-0.00246990449,-0.000455463032,9.88865364e-05,9.87961795e-05,0.000466090427
6.32709543e-07,0.000433602516,-6.27023765e-05,3.58846887e-06,-0.00199762057,-0.000430748254,7.99916972e-05,7.99048226e-05,0.000438127387
6.33639445e-07,0.00041176955,-5.06622491e-05,3.81773134e-06,-0.0016751095,-0.000409414228,6.70881149e-05,6.70043798e-05,0.000414892035
6.34529101e-07,0.000379950303,-3.37622478e-05,3.96012638e-06,-0.00122126227,-0.000378296253,4.89292012e-05,4.88504907e-05,0.00038146796
6.35420975e-07,0.000372711394,-3.32361415e-05,3.77048536e-06,-0.00120089937,-0.000371084174,4.81140366e-05,4.80359746e-05,0.000374209355
6.36315065e-07,0.000384327665,-6.01521824e-05,4.50119751e-06,-0.00188485195,-0.000381614798,7.54730745e-05,7.53940782e-05,0.000389032517
6.37217397e-07,0.000416626077,-0.000111771922,5.09434085e-06,-0.00320652034,-0.000411823136,0.000128343116,0.000128260814,0.000431388691
6.38101994e-07,0.000419510325,-0.000115267838,4.8450047e-06,-0.00329671288,-0.000414565277,0.000131951574,0.000131868515,0.000435085119
6.39015241e-07,0.000475555775,-0.000123738108,5.40214751e-06,-0.00356403319,-0.000470227176,0.000142656289,0.000142561328,0.000491419981
6.39925702e-07,0.000470734085,-0.000111110625,4.30876207e-06,-0.00324377161,-0.000465914308,0.000129846091,0.000129750865,0.000483688655
6.40837925e-07,0.000485682714,-0.000107048232,3.11300391e-06,-0.00315713743,-0.000481013433,0.000126384733,0.000126285497,0.00049734969
6.41700694e-07,0.000475665845,-8.93965771e-05,3.57372301e-06,-0.00270619593,-0.000471710454,0.00010834663,0.000108247837,0.000484006731
6.42609223e-07,0.000449702056,-6.88292566e-05,4.21427376e-06,-0.00216655922,-0.000446589907,8.67574864e-05,8.66623688e-05,0.000454958422
6.43527642e-07,0.000411890505,-5.30876168e-05,4.16761532e-06,-0.00173569727,-0.000409438098,6.95163795e-05,6.94278907e-05,0.000415318495
6.44401098e-07,0.000387931359,-3.86413631e-05,3.77772972e-06,-0.00135097431,-0.000386075813,5.41235708e-05,5.40389726e-05,0.000389869421
6.45314401e-07,0.00040053617,-4.04162129e-05,3.83697807e-06,-0.00140781864,-0.000398599566,5.6401059e-05,5.63127454e-05,0.000402588395
6.46225487e-07,0.000391518173,-6.06492649e-05,4.59803823e-06,-0.00190430158,-0.000388779677,7.62573031e-05,7.61720631e-05,0.000396214532
6.47141349e-07,0.000400464662,-0.000103556689,5.322579e-06,-0.00298509863,-0.00039600317,0.00011948817,0.000119403945,0.000413671685
6.48017306e-07,0.000429917098,-0.000116489166,5.52176743e-06,-0.00333744334,-0.000424914886,0.000133588085,0.000133497734,0.000445453619
6.4893959e-07,0.000474370434,-0.000122456986,6.10144207e-06,-0.00353070907,-0.000469094015,0.000141328791,0.000141228363,0.000489959437
6.49807475e-07,0.000483548472,-0.000114716189,4.91058972e-06,-0.00334644411,-0.000478574261,0.00013396121,0.000133857764,0.000496994007
6.50720779e-07,0.000488616468,-0.000109974251,3.10938253e-06,-0.00323300809,-0.00048382783,0.000129425731,0.000129320323,0.000500849336
6.51629819e-07,0.000486568169,-9.56734439e-05,2.96790972e-06,-0.00287369872,-0.000482353049,0.000115054452,0.000114947949,0.00049589394
6.52545168e-07,0.000473876717,-7.63238131e-05,3.925697e-06,-0.0023776798,-0.000470445527,9.52127766e-05,9.51071922e-05,0.000479999873
6.53413906e-07,0.000436417526,-5.89539995e-05,4.24074869e-06,-0.00190650625,-0.000433710907,7.63588889e-05,7.62602501e-05,0.000440401879
6.54333633e-07,0.000405270373,-4.05572609e-05,4.70179657e-06,-0.00141595327,-0.000403324343,5.67313119e-05,5.66381309e-05,0.000407321831
6.55203223e-07,0.000393857044,-3.61477869e-05,3.94140579e-06,-0.00129443349,-0.000392096475,5.18689535e-05,5.17773395e-05,0.000395532007
6.56119312e-07,0.00039457716,-6.28622438e-05,4.62358366e-06,-0.0019625118,-0.000391747722,7.85908386e-05,7.8500472e-05,0.000399579998
6.57046485e-07,0.000410299457,-8.40642169e-05,5.18190609e-06,-0.00250779232,-0.000406609589,0.000100404577,0.000100311693,0.000418854735
6.57922101e-07,0.000438888499,-0.00011755083,6.13238399e-06,-0.00337275234,-0.000433836656,0.00013500766,0.000134910094,0.000454399514
6.58824717e-07,0.000479624578,-0.000122743688,6.5900781e-06,-0.00354295061,-0.000474332491,0.000141825373,0.000141718024,0.000495125416
6.59700845e-07,0.000484851451,-0.000113718837,5.69728081e-06,-0.00332267676,-0.000479916081,0.000133016761,0.00013290707,0.000498041527
6.60624835e-07,0.000501271512,-0.000112342947,3.9399647e-06,-0.00330461049,-0.000496378029,0.000132298598,0.00013218442,0.000513721315
6.61507556e-07,0.000496695575,-9.43323394e-05,3.31277533e-06,-0.00285011251,-0.000492525984,0.000114119409,0.0001140045,0.000505584868
6.62437742e-07,0.000459990813,-7.10737295e-05,3.17733907e-06,-0.00223258487,-0.000456780679,8.94116044e-05,8.93033948e-05,0.000465460115
6.63326318e-07,0.000435864029,-5.877066e-05,3.22857204e-06,-0.00190124579,-0.000433165185,7.6153562e-05,7.60498317e-05,0.000439820265
6.64217737e-07,0.000421086297,-4.24252576e-05,4.10211578e-06,-0.00147821149,-0.000419052915,5.92302825e-05,5.91284595e-05,0.000423237994
6.65113078e-07,0.000394702976,-3.50063856e-05,3.56173973e-06,-0.00126664154,-0.000392987374,5.07622934e-05,5.06656617e-05,0.000396268309
6.66009441e-07,0.000385650201,-6.25859248e-05,3.91066442e-06,-0.00194662181,-0.000382838952,7.79577574e-05,7.78648723e-05,0.000390715201
6.66915867e-07,0.000401750411,-8.31478028e-05,4.32057959e-06,-0.00247628009,-0.000398104028,9.91470249e-05,9.90512036e-05,0.000410287237
6.67836389e-07,0.000441249897,-0.000117152144,5.70667817e-06,-0.00336500257,-0.000436212107,0.000134703724,0.000134600103,0.000456572735
6.68735709e-07,0.000467291655,-0.000115567171,6.25356324e-06,-0.00335126766,-0.000462296417,0.000134161411,0.000134050706,0.000481410811
6.69612518e-07,0.000487564277,-0.000111786983,6.06178719e-06,-0.00327696162,-0.000482703991,0.000131194936,0.000131078465,0.000500251936
6.70534519e-07,0.000479690119,-0.000105166211,4.26383303e-06,-0.0031037319,-0.000475100892,0.000124264578,0.000124149276,0.00049110154
6.71417297e-07,0.000479468115,-9.32497496e-05,3.54663757e-06,-0.00280580553,-0.000475355597,0.00011234877,0.000112232221,0.000488464705
6.72303486e-07,0.000474949309,-7.95196174e-05,2.54809152e-06,-0.00245829998,-0.000471389464,9.84489169e-05,9.8331999e-05,0.000481566931
6.73232364e-07,0.000456630863,-6.50374641e-05,2.55038708e-06,-0.00207829685,-0.000453664803,8.32458052e-05,8.3131874e-05,0.00046124627
6.74122361e-07,0.000450138352,-4.73268265e-05,3.07849814e-06,-0.00162939122,-0.000447885721,6.5289703e-05,6.51756488e-05,0.000452629917
6.75010483e-07,0.000399582234,-3.31549381e-05,4.20462129e-06,-0.00122511818,-0.000397936766,4.91074452e-05,4.9004727e-05,0.000400977418
6.75904971e-07,0.000412184192,-6.58732097e-05,4.01710395e-06,-0.00205498375,-0.000409220263,8.23034895e-05,8.219935e-05,0.000417434097
6.76804689e-07,0.000431121705,-8.72954261e-05,4.82562791e-06,-0.00260894839,-0.000427285968,0.000104465869,0.000104357935,0.000439897378
6.77722369e-07,0.000440293166,-0.000120776414,5.9267486e-06,-0.00345446821,-0.00043511121,0.000138286837,0.000138178729,0.000456596256
6.78600941e-07,0.000478708011,-0.000126548985,6.6716093e-06,-0.00363681791,-0.000473264486,0.000145590973,0.000145472717,0.000495197451
6.79511004e-07,0.000507014105,-0.000123283564,5.46230831e-06,-0.00358334463,-0.00050167852,0.000143460107,0.000143333785,0.000521816037
6.80423568e-07,0.000505349715,-0.000113501752,4.19308299e-06,-0.00333731086,-0.00050040663,0.000133619561,0.000133492434,0.000517956141
6.8133312e-07,0.000516641303,-0.000105196756,4.15361455e-06,-0.00314103719,-0.000512021297,0.000125772751,0.000125641488,0.000527258803
6.8223892e-07,0.000497214671,-8.24392409e-05,3.92864467e-06,-0.00255320803,-0.000493520262,0.000102256582,0.000102128321,0.000504017948
6.8310095e-07,0.000475269568,-6.7307752e-05,4.0330815e-06,-0.00215338753,-0.000472197811,8.62596266e-05,8.6135501e-05,0.000480028917
6.84016584e-07,0.000435487978,-4.71114581e-05,4.33651758e-06,-0.00160933158,-0.000433255679,6.44886483e-05,6.43732632e-05,0.00043805031
6.84931308e-07,0.00042333547,-4.12923982e-05,4.09836684e-06,-0.00145187194,-0.000421345592,5.81882723e-05,5.80748776e-05,0.00042536429
6.8580789e-07,0.000406108709,-6.30724899e-05,3.92329048e-06,-0.0019788614,-0.000403261639,7.92620555e-05,7.9154456e-05,0.000410996125
6.86733017e-07,0.000422651356,-8.35990359e-05,4.72183592e-06,-0.00250806636,-0.00041897021,0.000100433712,0.000100322654,0.000430865713
6.87601585e-07,0.000448490726,-0.000122486061,5.28773899e-06,-0.00350518641,-0.000443233845,0.00014032293,0.000140207456,0.000464945939
6.88522675e-07,0.000486806297,-0.000131019959,6.74936291e-06,-0.00375640811,-0.000481177503,0.000150382216,0.000150256325,0.000504174726
6.89435751e-07,0.000515442574,-0.000128150845,6.19536286e-06,-0.0037131533,-0.000509905608,0.000148660543,0.000148526132,0.000531170471
6.90301874e-07,0.000517000502,-0.000115610543,4.96407756e-06,-0.00340141077,-0.000511963769,0.000136192572,0.000136056431,0.000529792374
6.91210516e-07,0.00052545144,-0.000110594759,3.76210937e-06,-0.00328448555,-0.000520608524,0.000131518749,0.000131379422,0.000536977253
6.92114838e-07,0.000514269574,-8.91744785e-05,4.08333608e-06,-0.00273825205,-0.000510292185,0.000109668446,0.000109530082,0.000521959726
6.93020922e-07,0.000471457955,-6.74350595e-05,4.54917335e-06,-0.00215264456,-0.000468384156,8.62344083e-05,8.61057825e-05,0.000476278055
6.9393775e-07,0.00044029011,-5.48591961e-05,4.1764647e-06,-0.00180752331,-0.000437744143,7.2422223e-05,7.23009324e-05,0.000443714272
6.94811092e-07,0.000415970135,-4.08273809e-05,3.99635974e-06,-0.00143282476,-0.000414004743,5.74290921e-05,5.73129905e-05,0.000417988037
6.95732865e-07,0.000406003121,-5.62482273e-05,4.24395785e-06,-0.00180815195,-0.000403429032,7.24390292e-05,7.23260781e-05,0.000409902925
6.96603763e-07,0.000424240861,-8.11758873e-05,4.90171942e-06,-0.00244898302,-0.000420655344,9.80760648e-05,9.7959321e-05,0.000431965114
6.9752366e-07,0.000445130136,-0.000124187718,5.52676602e-06,-0.00354422792,-0.000439807895,0.000141888839,0.000141769117,0.000462162279
6.9844458e-07,0.000464625075,-0.000132227098,6.22377047e-06,-0.00376440561,-0.00045896575,0.000150701378,0.000150576225,0.000483114066
6.99315251e-07,0.000521614274,-0.000134104557,7.63900698e-06,-0.00386785995,-0.000515834287,0.000154856295,0.000154714398,0.000538631449
7.00230771e-07,0.000502635958,-0.000113935712,5.15621514e-06,-0.00334516075,-0.000497677689,0.000133944653,0.00013380643,0.00051541327
7.0110633e-07,0.00052764453,-0.000115847593,3.63128675e-06,-0.0034177308,-0.000522589802,0.000136855081,0.000136709232,0.000540224584
7.02026796e-07,0.000509616686,-9.34030395e-05,3.54302097e-06,-0.00283911731,-0.000505473922,0.000113707559,0.000113564692,0.0005181176
7.02908267e-07,0.000474209752,-7.17506919e-05,3.2904527e-06,-0.00226305006,-0.000470961172,9.06566312e-05,9.05220024e-05,0.000479618471
7.03835269e-07,0.000446556252,-5.86296046e-05,3.63038089e-06,-0.00190780277,-0.000443854496,7.64401944e-05,7.63121108e-05,0.00045040326
7.04719355e-07,0.000443925586,-4.66822021e-05,3.77833248e-06,-0.00160670455,-0.000441703703,6.43971499e-05,6.4268182e-05,0.000446389326
7.05609125e-07,0.000425622071,-4.34190806e-05,4.36686651e-06,-0.00150699948,-0.000423545319,6.04046932e-05,6.02799794e-05,0.000427853285
7.06501282e-07,0.000431741908,-7.28875893e-05,4.75478373e-06,-0.00224924041,-0.000428481834,9.00943585e-05,8.99696164e-05,0.000437877019
7.07403274e-07,0.000443712139,-0.000123889928,5.69207259e-06,-0.00353524787,-0.000438402941,0.000141534582,0.000141409915,0.000460718543
7.08331754e-07,0.00048012886,-0.000137259485,6.48476407e-06,-0.0039053678,-0.000474255892,0.000156349726,0.000156214712,0.000499405587
7.09202027e-07,0.000520808098,-0.000142064397,7.75763237e-06,-0.00406575808,-0.000514710447,0.000162777529,0.000162630323,0.000539892164
7.10109248e-07,0.000522677088,-0.00012620812,6.56926113e-06,-0.00367148407,-0.000517212024,0.000147008676,0.000146859363,0.000537738769
7.11019538e-07,0.000521906477,-0.000117964497,4.16611283e-06,-0.00346476864,-0.000516771686,0.00013874083,0.000138590746,0.00053508817
7.11926759e-07,0.000516634376,-0.000101089921,3.21936818e-06,-0.00303796446,-0.000512178605,0.000121668925,0.000121518578,0.000526441464
7.12836766e-07,0.000496345107,-7.98088513e-05,3.28909368e-06,-0.00248617725,-0.000492756581,9.95935231e-05,9.94470902e-05,0.000502731276
7.13705731e-07,0.000449416286,-6.22616717e-05,3.72624959e-06,-0.00200124411,-0.000446566998,8.0183727e-05,8.00497644e-05,0.000453723923
7.14622786e-07,0.000439705007,-4.77433241e-05,4.05293986e-06,-0.00162889855,-0.000437444066,6.5288645e-05,6.5155942e-05,0.000442307975
7.15543706e-07,0.000428034458,-4.34974645e-05,3.0434353e-06,-0.00151122792,-0.000425952642,6.05794842e-05,6.04491169e-05,0.000430249683
7.16416992e-07,0.000427305175,-6.85270788e-05,4.39712767e-06,-0.00213578204,-0.000424223024,8.55599139e-05,8.54312815e-05,0.000432787485
7.1734371e-07,0.000429830077,-8.90130032e-05,4.7728322e-06,-0.00265005836,-0.000425926688,0.000106130421,0.000106002335,0.00043897607
7.1822177e-07,0.000442948076,-0.000124601691,5.03736055e-06,-0.00355214044,-0.000437611026,0.000142215221,0.000142085617,0.000460167311
7.19139166e-07,0.000481958006,-0.00012764179,5.30010584e-06,-0.0036667739,-0.000476468181,0.00014681287,0.000146670956,0.000498602083
7.20005517e-07,0.000498410838,-0.000118439166,5.17488979e-06,-0.00345318508,-0.000493275859,0.000138275545,0.000138127403,0.000512316288
7.20918308e-07,0.000501899049,-0.000111338341,3.11733857e-06,-0.00327924127,-0.000497045237,0.00013131989,0.000131169651,0.00051410952
7.21827689e-07,0.000480159011,-9.30394308e-05,2.17513639e-06,-0.0028005254,-0.00047605435,0.000112166248,0.000112021016,0.00048909482
7.22736218e-07,0.000456251146,-7.25519785e-05,3.34525384e-06,-0.00226498395,-0.000452984888,9.07391242e-05,9.05993581e-05,0.000461995767
7.23621724e-07,0.000407583371,-5.20023896e-05,3.67930056e-06,-0.00170333718,-0.000405177807,6.82597808e-05,6.81334874e-05,0.00041090387
7.24540712e-07,0.000357031706,-3.18862731e-05,3.09986081e-06,-0.00115065381,-0.000355471008,4.61382276e-05,4.60261526e-05,0.000358466152
7.25415873e-07,0.00032813393,-2.37341628e-05,2.7871215e-06,-0.000918327773,-0.000326922345,3.68370354e-05,3.67331109e-05,0.000329002971
7.26338328e-07,0.000308352755,-3.68431211e-05,3.51992662e-06,-0.0012261899,-0.000306632774,4.91444719e-05,4.90475958e-05,0.000310565979
7.27213035e-07,0.000304634712,-4.84596894e-05,4.31567378e-06,-0.00151270174,-0.000302453166,6.06030661e-05,6.05080696e-05,0.000308495177
7.2813026e-07,0.000342144223,-7.78129324e-05,5.5354426e-06,-0.0022831962,-0.000338758857,9.14328101e-05,9.13278479e-05,0.000350924726
7.29040607e-07,0.000349767972,-7.68756727e-05,5.9952813e-06,-0.00226733973,-0.000346413988,9.08011686e-05,9.06935893e-05,0.000358166786
7.29919748e-07,0.000374543422,-7.86088349e-05,5.12070483e-06,-0.0023351952,-0.000371100313,9.35236983e-05,9.34078079e-05,0.00038273796
7.30800025e-07,0.000358731049,-6.95389681e-05,2.98771442e-06,-0.0020929228,-0.000355663286,8.38287601e-05,8.37169122e-05,0.000365421073
7.31726743e-07,0.00033046797,-5.18756533e-05,3.03621755e-06,-0.00162362389,-0.000328129158,6.50493524e-05,6.49449555e-05,0.000334528596
7.32608441e-07,0.00028331831,-3.58184043e-05,1.38397866e-06,-0.00117572397,-0.000281659331,4.7119464e-05,4.70289588e-05,0.000285576852
7.33530499e-07,0.00025986589,-2.70248547e-05,1.66761083e-06,-0.000932783296,-0.000258577319,3.73951016e-05,3.73113318e-05,0.000261272663
7.34417767e-07,0.00023798582,-2.0023188e-05,2.70546343e-06,-0.000736167829,-0.000236994742,2.9524066e-05,2.94467132e-05,0.000238841994
7.35307822e-07,0.00021769575,-1.23077843e-05,2.44972603e-06,-0.000523299212,-0.000217029436,2.10034475e-05,2.09319685e-05,0.000218057153
7.36243408e-07,0.000190232968,-1.16188839e-05,2.18306877e-06,-0.00047885711,-0.00018961617,1.92168798e-05,1.91542844e-05,0.000190599964
7.37134656e-07,0.000179339113,-1.36530007e-05,1.97494796e-06,-0.000518868503,-0.000178649686,2.08137315e-05,2.07547401e-05,0.000179868903
7.38044207e-07,0.00019371073,-2.24296273e-05,2.96089183e-06,-0.000752368884,-0.000192658836,3.01580491e-05,3.00947553e-05,0.000195027439
7.3891988e-07,0.000213632782,-2.57321426e-05,2.54179668e-06,-0.000854616286,-0.000212432887,3.42545924e-05,3.41846514e-05,0.000215191936
7.39843131e-07,0.000221030583,-2.59873068e-05,2.20432707e-06,-0.000868317904,-0.000219814567,3.48053856e-05,3.47327162e-05,0.000222563963
7.40718917e-07,0.000215779146,-2.85535316e-05,1.95960729e-06,-0.000927216257,-0.000214464709,3.71595562e-05,3.70886503e-05,0.000217668978
7.41641259e-07,0.000187053723,-1.86277721e-05,2.30062142e-06,-0.00065077137,-0.000186159188,2.60930257e-05,2.60308548e-05,0.000187993038
7.42517273e-07,0.000136818344,-9.48072102e-06,2.01121588e-06,-0.000372461654,-0.000136329776,1.49444119e-05,1.48984662e-05,0.000137161176
7.43442911e-07,8.49747667e-05,-3.64700736e-06,1.52524149e-06,-0.000175334528,-8.47609545e-05,7.04217449e-06,7.01338111e-06,8.50666679e-05
7.44322847e-07,5.92546421e-05,-1.63366542e-06,1.07125368e-06,-9.95425216e-05,-5.91419155e-05,4.00191235e-06,3.98170087e-06,5.92868371e-05
7.45203067e-07,5.52994934e-05,-1.62301399e-06,9.85773113e-07,-9.53548297e-05,-5.51903565e-05,3.83310567e-06,3.81419319e-06,5.53320874e-05
7.46129388e-07,5.96633945e-05,-1.88464185e-06,1.06689617e-06,-0.000106214342,-5.95403046e-05,4.26903376e-06,4.24857368e-06,5.97026866e-05
7.47003753e-07,6.04867055e-05,-1.12344492e-06,9.51164736e-07,-8.80124426e-05,-6.03933968e-05,3.54136936e-06,3.5204977e-06,6.05046146e-05
7.47919671e-07,8.60814907e-05,-5.25360247e-06,1.52723305e-06,-0.000216556131,-8.58025467e-05,8.69174165e-06,8.66224524e-06,8.62551786e-05
7.48833145e-07,0.000104927065,-7.50867139e-06,2.17581032e-06,-0.000291566248,-0.000104542868,1.16986287e-05,1.16626499e-05,0.000105217885
7.49743151e-07,9.82016281e-05,-7.06809078e-06,1.99638498e-06,-0.000273891899,-9.78404291e-05,1.09894548e-05,1.0955676e-05,9.84759018e-05
7.50601998e-07,6.96372881e-05,-4.17802721e-06,1.37467271e-06,-0.000173383669,-6.94145092e-05,6.95943402e-06,6.93534676e-06,6.97760527e-05
7.51508878e-07,3.8897866e-05,-1.81676671e-06,8.29051601e-07,-8.39318236e-05,-3.87941006e-05,3.37081326e-06,3.35727294e-06,3.89490943e-05
7.5241752e-07,1.80459901e-05,-7.4802756e-07,3.27597093e-07,-3.6569174e-05,-1.80016422e-05,1.46907635e-06,1.46276696e-06,1.80644575e-05
7.5332764e-07,2.10446269e-05,-8.98132498e-07,3.13829247e-07,-4.32899033e-05,-2.09918777e-05,1.73897471e-06,1.73159613e-06,2.1066121e-05
7.54235884e-07,4.14194401e-05,-1.86080479e-06,7.34024411e-07,-8.75273181e-05,-4.13118966e-05,3.51565217e-06,3.50109272e-06,4.14677152e-05
7.55139752e-07,6.04609013e-05,-2.36202254e-06,7.81268511e-07,-0.00011891441,-6.03180833e-05,4.77792436e-06,4.75657638e-06,6.05120659e-05
7.5604072e-07,6.20650098e-05,-1.9204208e-06,8.20595005e-07,-0.000109469991,-6.19385681e-05,4.40082309e-06,4.37879964e-06,6.21001356e-05
7.56939357e-07,4.6185356e-05,-1.43557781e-06,7.02241209e-07,-8.16228276e-05,-4.60910049e-05,3.28135114e-06,3.2649131e-06,4.62129975e-05
7.57803264e-07,3.4396111e-05,-2.59444914e-06,3.37245552e-07,-9.88925603e-05,-3.42648475e-05,3.96785144e-06,3.95570241e-06,3.44954686e-05
7.58714918e-07,2.60604393e-05,-2.15880755e-06,2.75201046e-07,-7.97500834e-05,-2.59532644e-05,3.19922035e-06,3.19000334e-06,2.61511507e-05
7.59627142e-07,2.54307797e-05,-2.17533443e-06,3.36151658e-07,-7.95384549e-05,-2.53234476e-05,3.19055434e-06,3.1815382e-06,2.55258621e-05
7.60538285e-07,2.74298618e-05,-1.30538524e-06,5.14943395e-07,-5.97850085e-05,-2.73557194e-05,2.40124298e-06,2.39140034e-06,2.74657335e-05
7.61401679e-07,2.74645372e-05,-1.20950324e-06,6.11890755e-07,-5.74233163e-05,-2.73942013e-05,2.30682432e-06,2.29693265e-06,2.74979656e-05
7.6230998e-07,1.99785463e-05,-7.80421658e-07,4.8921197e-07,-3.92875154e-05,-1.99313571e-05,1.57872617e-06,1.57150062e-06,1.99997675e-05
7.63219077e-07,1.26438654e-05,-4.10783429e-07,3.17874367e-07,-2.27870223e-05,-1.26173247e-05,9.16074604e-07,9.11480893e-07,1.26545296e-05
7.64129538e-07,1.18133057e-05,-3.15388661e-07,2.5947682e-07,-1.95807988e-05,-1.17912442e-05,7.87542614e-07,7.83231953e-07,1.18203634e-05
7.65039431e-07,1.76516842e-05,-4.23942907e-07,4.11084955e-07,-2.80754648e-05,-1.76206115e-05,1.1294829e-06,1.12301859e-06,1.76615592e-05
7.65902712e-07,2.20074089e-05,-4.96598147e-07,4.28217419e-07,-3.42044405e-05,-2.19699467e-05,1.37626255e-06,1.36817762e-06,2.20171757e-05
7.6680584e-07,7.83943033e-05,-2.4384437e-05,5.47515867e-07,-0.000686776126,-7.73564788e-05,2.7499868e-05,2.7471045e-05,8.21009581e-05
7.67718063e-07,3.88956141e-05,-7.46377646e-06,6.24309848e-07,-0.000224984949,-3.85660303e-05,9.01321594e-06,8.99939798e-06,3.9610182e-05
7.68631537e-07,4.10853791e-05,-8.16953889e-06,5.98922497e-07,-0.000244784111,-4.07258207e-05,9.80598108e-06,9.79136443e-06,4.18940144e-05
7.69536939e-07,2.58961754e-05,-4.83704525e-06,3.36746837e-07,-0.000146487029,-2.5682031e-05,5.86874695e-06,5.85948117e-06,2.6346201e-05
7.70441488e-07,9.46852924e-06,-1.32549224e-06,1.60168383e-07,-4.24909158e-05,-9.40794988e-06,1.70307216e-06,1.69963663e-06,9.56219795e-06
7.71314376e-07,0,0,0,0,-0,-0,-0,0
7.72244562e-07,0,0,0,0,-0,-0,-0,0
7.73128818e-07,0,0,0,0,-0,-0,-0,0
7.74013245e-07,0,0,0,0,-0,-0,-0,0
7.74921205e-07,4.1099458e-05,-1.6883836e-05,6.15466661e-07,-0.000462456024,-4.03914095e-05,1.85138707e-05,1.8498241e-05,4.44365634e-05
7.75839169e-07,0,0,0,0,-0,-0,-0,0
7.7672064e-07,0,0,0,0,-0,-0,-0,0
7.77604043e-07,0,0,0,0,-0,-0,-0,0
7.78533945e-07,0,0,0,0,-0,-0,-0,0
7.79416837e-07,0,0,0,0,-0,-0,-0,0
7.8030007e-07,0,0,0,0,-0,-0,-0,0
7.81229915e-07,0,0,0,0,-0,-0,-0,0
7.82113204e-07,0,0,0,0,-0,-0,-0,0
7.83044072e-07,0,0,0,0,-0,-0,-0,0
7.83929295e-07,0,0,0,0,-0,-0,-0,0
7.84814631e-07,0,0,0,0,-0,-0,-0,0
7.85700024e-07,0,0,0,0,-0,-0,-0,0
7.86633223e-07,0,0,0,0,-0,-0,-0,0
7.87503609e-07,1.67370581e-05,-3.51105155e-06,-1.7403293e-08,-0.000104280836,-1.65832656e-05,4.17754689e-06,4.17123345e-06,1.71013713e-05
7.88427542e-07,0,0,0,0,-0,-0,-0,0
7.89314754e-07,0,0,0,0,-0,-0,-0,0
7.90245565e-07,0,0,0,0,-0,-0,-0,0
7.91129537e-07,0,0,0,0,-0,-0,-0,0
7.92036076e-07,7.88263878e-06,-2.97558881e-06,4.09156399e-07,-8.2131286e-05,-7.7573417e-06,3.28843014e-06,3.28525144e-06,8.43549239e-06
7.92904416e-07,0,0,0,0,-0,-0,-0,0
7.93819481e-07,7.67353049e-06,-9.41405176e-07,2.50060822e-07,-3.11124895e-05,-7.62974632e-06,1.24751153e-06,1.24449958e-06,7.73510467e-06
7.94737389e-07,2.09738516e-07,-3.78442344e-08,8.55783799e-09,-1.15299372e-06,-2.08057382e-07,4.62012667e-08,4.61197487e-08,2.13297135e-07
7.95602602e-07,8.73754652e-06,-1.19168067e-06,3.31175869e-07,-3.84174527e-05,-8.6829029e-06,1.54013612e-06,1.53669811e-06,8.82465294e-06
7.96511813e-07,1.02885479e-05,-2.4614526e-06,2.91803474e-07,-7.16736249e-05,-1.01818863e-05,2.87091587e-06,2.866945e-06,1.05829162e-05
7.97419943e-07,1.57720194e-06,-3.78277207e-07,4.36056133e-08,-1.10108967e-05,-1.5608133e-06,4.41045881e-07,4.4043587e-07,1.62251689e-06
7.9832364e-07,6.27263898e-06,-1.87678506e-06,3.64416394e-07,-5.3089072e-05,-6.19257016e-06,2.12612249e-06,2.12356288e-06,6.55752402e-06
7.99200052e-07,0,0,0,0,-0,-0,-0,0
8.00131716e-07,0,0,0,0,-0,-0,-0,0
8.01016768e-07,0,0,0,0,-0,-0,-0,0
8.01901592e-07,0,0,0,0,-0,-0,-0,0
8.02832744e-07,0,0,0,0,-0,-0,-0,0
8.03717455e-07,0,0,0,0,-0,-0,-0,0
8.04632748e-07,2.25248095e-05,-9.79937886e-06,5.93497134e-07,-0.000267074589,-2.21149215e-05,1.06922925e-05,1.06829836e-05,2.45712659e-05
8.05500463e-07,0,0,0,0,-0,-0,-0,0
8.06431501e-07,0,0,0,0,-0,-0,-0,0
8.07315644e-07,0,0,0,0,-0,-0,-0,0
8.0824617e-07,0,0,0,0,-0,-0,-0,0
8.09130142e-07,0,0,0,0,-0,-0,-0,0
8.10014114e-07,0,0,0,0,-0,-0,-0,0
8.10945039e-07,0,0,0,0,-0,-0,-0,0
8.1182958e-07,0,0,0,0,-0,-0,-0,0
8.12714234e-07,0,0,0,0,-0,-0,-0,0
8.13645272e-07,0,0,0,0,-0,-0,-0,0
8.14528164e-07,2.43765635e-06,-1.11422048e-06,1.05030338e-07,-3.02444514e-05,-2.39114955e-06,1.21080948e-06,1.20977806e-06,2.68229139e-06
8.15435556e-07,1.33369249e-05,-7.70767656e-06,2.71566535e-07,-0.000205733115,-1.30180319e-05,8.23484599e-06,8.22932459e-06,1.54063491e-05
8.16311513e-07,0,0,0,0,-0,-0,-0,0
8.17241983e-07,0,0,0,0,-0,-0,-0,0
8.18125898e-07,0,0,0,0,-0,-0,-0,0
8.1901004e-07,0,0,0,0,-0,-0,-0,0
8.19941135e-07,0,0,0,0,-0,-0,-0,0
8.2082579e-07,0,0,0,0,-0,-0,-0,0
8.2171033e-07,0,0,0,0,-0,-0,-0,0
8.22635911e-07,2.29995135e-06,-9.45133252e-07,6.79634482e-08,-2.58836681e-05,-2.26031638e-06,1.03635077e-06,1.03534672e-06,2.48750318e-06
8.23540631e-07,2.1314263e-06,-8.50975709e-07,7.77829285e-08,-2.33648607e-05,-2.09569143e-06,9.35529338e-07,9.34594427e-07,2.29634229e-06
8.24417668e-07,0,0,0,0,-0,-0,-0,0
8.2534126e-07,1.16829033e-05,-5.6220847e-06,2.61185903e-07,-0.000151992775,-1.14487348e-05,6.08477916e-06,6.07971102e-06,1.29678943e-05
8.26204712e-07,0,0,0,0,-0,-0,-0,0
8.2713558e-07,0,0,0,0,-0,-0,-0,0
8.28019836e-07,0,0,0,0,-0,-0,-0,0
8.28904206e-07,0,0,0,0,-0,-0,-0,0
8.29834448e-07,2.11231463e-06,-9.75732519e-07,5.23308543e-08,-2.64622777e-05,-2.07160611e-06,1.05942209e-06,1.05849111e-06,2.32737311e-06
8.3070006e-07,3.11797362e-06,-1.46104708e-06,7.82318352e-08,-3.95797106e-05,-3.05705327e-06,1.58456408e-06,1.58318842e-06,3.44420358e-06
8.31625982e-07,0,0,0,0,-0,-0,-0,0
8.3251075e-07,0,0,0,0,-0,-0,-0,0
8.33441959e-07,0,0,0,0,-0,-0,-0,0
8.34308707e-07,6.94883192e-06,-3.17244098e-06,2.68845156e-07,-8.61170047e-05,-6.8164098e-06,3.44778253e-06,3.44468019e-06,7.64348903e-06
8.35228718e-07,0,0,0,0,-0,-0,-0,0
8.36101492e-07,5.20912408e-06,-2.58226123e-06,1.839379e-07,-6.96546485e-05,-5.10169443e-06,2.7885051e-06,2.78618594e-06,5.81694765e-06
8.37011328e-07,1.97928193e-06,-9.7466318e-07,6.3057719e-08,-2.63037455e-05,-1.93872259e-06,1.05303372e-06,1.05214982e-06,2.20714783e-06
8.37921334e-07,4.40795202e-06,-2.18122773e-06,1.31630586e-07,-5.88445437e-05,-4.31720028e-06,2.35575405e-06,2.35378175e-06,4.91987012e-06
8.38833216e-07,3.47564281e-07,-1.75832042e-07,8.83731488e-09,-4.73586761e-06,-3.40254861e-07,1.8959026e-07,1.89434704e-07,3.89609978e-07
8.39743166e-07,6.79408686e-07,-3.37550915e-07,1.67260943e-08,-9.10361723e-06,-6.65366795e-07,3.64450011e-07,3.64144689e-07,7.58825767e-07
8.40612643e-07,5.8739829e-07,-2.88667223e-07,1.75987633e-08,-7.79152833e-06,-5.75384824e-07,3.11925987e-07,3.11661133e-07,6.54732948e-07
8.41522649e-07,2.72299371e-06,-1.32497416e-06,8.15859735e-08,-3.57893296e-05,-2.66783077e-06,1.43280503e-06,1.43157318e-06,3.02934111e-06
8.42432542e-07,3.69594045e-06,-1.79134145e-06,1.11129502e-07,-4.84007578e-05,-3.62134954e-06,1.93770676e-06,1.93603031e-06,4.10867737e-06
8.43341979e-07,8.06524213e-07,-3.88058766e-07,2.93500779e-08,-1.0490844e-05,-7.90360868e-07,4.20000726e-07,4.19633761e-07,8.95506749e-07
8.44206056e-07,1.69765315e-06,-7.98936696e-07,7.15590929e-08,-2.16352491e-05,-1.66434626e-06,8.66185651e-07,8.65409966e-07,1.87761731e-06
8.45126408e-07,0,0,0,0,-0,-0,-0,0
8.46038233e-07,5.33916e-06,-2.64313098e-06,2.546887e-07,-7.13021582e-05,-5.22919219e-06,2.85452621e-06,2.85208633e-06,5.96302249e-06
8.46914077e-07,0,0,0,0,-0,-0,-0,0
8.47840624e-07,0,0,0,0,-0,-0,-0,0
8.48720504e-07,0,0,0,0,-0,-0,-0,0
8.49600951e-07,0,0,0,0,-0,-0,-0,0
8.50529318e-07,0,0,0,0,-0,-0,-0,0
8.51411698e-07,0,0,0,0,-0,-0,-0,0
8.5233853e-07,0,0,0,0,-0,-0,-0,0
8.53218125e-07,0,0,0,0,-0,-0,-0,0
8.54145185e-07,0,0,0,0,-0,-0,-0,0
8.55026542e-07,0,0,0,0,-0,-0,-0,0
8.55908809e-07,0,0,0,0,-0,-0,-0,0
8.56837232e-07,0,0,0,0,-0,-0,-0,0
8.57720295e-07,0,0,0,0,-0,-0,-0,0
8.58604608e-07,0,0,0,0,-0,-0,-0,0
8.5953576e-07,0,0,0,0,-0,-0,-0,0
8.60420471e-07,0,0,0,0,-0,-0,-0,0
8.61305352e-07,0,0,0,0,-0,-0,-0,0
8.62236504e-07,0,0,0,0,-0,-0,-0,0
8.63120761e-07,0,0,0,0,-0,-0,-0,0
8.64004903e-07,0,0,0,0,-0,-0,-0,0
8.64935714e-07,0,0,0,0,-0,-0,-0,0
8.658198e-07,0,0,0,0,-0,-0,-0,0
8.66703999e-07,0,0,0,0,-0,-0,-0,0
8.6763481e-07,0,0,0,0,-0,-0,-0,0
8.68519123e-07,0,0,0,0,-0,-0,-0,0
8.6940355e-07,0,0,0,0,-0,-0,-0,0
8.70334759e-07,0,0,0,0,-0,-0,-0,0
8.71219356e-07,0,0,0,0,-0,-0,-0,0
8.72103897e-07,0,0,0,0,-0,-0,-0,0
8.73035106e-07,0,0,0,0,-0,-0,-0,0
8.73920101e-07,0,0,0,0,-0,-0,-0,0
8.74805096e-07,0,0,0,0,-0,-0,-0,0
8.75736475e-07,0,0,0,0,-0,-0,-0,0
8.76621129e-07,0,0,0,0,-0,-0,-0,0
8.77506011e-07,0,0,0,0,-0,-0,-0,0
8.78437504e-07,0,0,0,0,-0,-0,-0,0
8.79313461e-07,0,0,0,0,-0,-0,-0,0
8.80223809e-07,0,0,0,0,-0,-0,-0,0
8.81134667e-07,0,0,0,0,-0,-0,-0,0
8.82002837e-07,0,0,0,0,-0,-0,-0,0
8.82930067e-07,0,0,0,0,-0,-0,-0,0
8.83841949e-07,0,0,0,0,-0,-0,-0,0
8.84710118e-07,0,0,0,0,-0,-0,-0,0
8.85620409e-07,0,0,0,0,-0,-0,-0,0
8.86530927e-07,0,0,0,0,-0,-0,-0,0
8.87441274e-07,0,0,0,0,-0,-0,-0,0
8.88306545e-07,0,0,0,0,-0,-0,-0,0
8.89217006e-07,0,0,0,0,-0,-0,-0,0
8.90127296e-07,0,0,0,0,-0,-0,-0,0
8.9103753e-07,0,0,0,0,-0,-0,-0,0
8.91903085e-07,0,0,0,0,-0,-0,-0,0
8.92812807e-07,0,0,0,0,-0,-0,-0,0
8.9372196e-07,0,0,0,0,-0,-0,-0,0
8.94630887e-07,0,0,0,0,-0,-0,-0,0
8.95539813e-07,0,0,0,0,-0,-0,-0,0
8.96403606e-07,0,0,0,0,-0,-0,-0,0
8.97311679e-07,0,0,0,0,-0,-0,-0,0
8.98221629e-07,0,0,0,0,-0,-0,-0,0
8.99131749e-07,0,0,0,0,-0,-0,-0,0
9.00043631e-07,0,0,0,0,-0,-0,-0,0
9.00908958e-07,0,0,0,0,-0,-0,-0,0
9.01819362e-07,0,0,0,0,-0,-0,-0,0
9.02730051e-07,0,0,0,0,-0,-0,-0,0
9.03641478e-07,0,0,0,0,-0,-0,-0,0
9.04506692e-07,0,0,0,0,-0,-0,-0,0
9.05417494e-07,0,0,0,0,-0,-0,-0,0
9.06327386e-07,0,0,0,0,-0,-0,-0,0
9.07236711e-07,0,0,0,0,-0,-0,-0,0
9.08101924e-07,0,0,0,0,-0,-0,-0,0
9.09019832e-07,0,0,0,0,-0,-0,-0,0
9.09931089e-07,0,0,0,0,-0,-0,-0,0
9.1084047e-07,0,0,0,0,-0,-0,-0,0
9.11704717e-07,0,0,0,0,-0,-0,-0,0
9.12615121e-07,0,0,0,0,-0,-0,-0,0
9.1352689e-07,0,0,0,0,-0,-0,-0,0
9.1443826e-07,0,0,0,0,-0,-0,-0,0
9.1530427e-07,0,0,0,0,-0,-0,-0,0
9.16216038e-07,0,0,0,0,-0,-0,-0,0
9.17127636e-07,0,0,0,0,-0,-0,-0,0
9.18039348e-07,0,0,0,0,-0,-0,-0,0
9.18905357e-07,0,0,0,0,-0,-0,-0,0
9.19829176e-07,0,0,0,0,-0,-0,-0,0
9.20713376e-07,0,0,0,0,-0,-0,-0,0
9.21643789e-07,0,0,0,0,-0,-0,-0,0
9.22525373e-07,0,0,0,0,-0,-0,-0,0
9.23443451e-07,1.60388172e-05,-5.78791696e-06,7.63300818e-07,-0.000160395866,-1.57945329e-05,6.42466887e-06,6.41583465e-06,1.70682825e-05
9.2430048e-07,1.07561309e-05,-3.69573149e-06,4.80224116e-07,-0.000102923841,-1.05997373e-05,4.12290582e-06,4.11695364e-06,1.13834704e-05
9.25203551e-07,7.64792458e-06,-1.90547598e-06,2.06152009e-07,-5.51370977e-05,-7.56560834e-06,2.20978722e-06,2.20548391e-06,7.88442057e-06
9.26107191e-07,2.40914906e-05,-6.38185838e-06,5.40135886e-07,-0.000183164084,-2.38170137e-05,7.34015624e-06,7.32656335e-06,2.49282928e-05
9.27009751e-07,1.73072112e-05,-4.56830821e-06,4.74579366e-07,-0.000131175868,-1.71106837e-05,5.25675791e-06,5.24703471e-06,1.79062622e-05
9.27911003e-07,1.99418791e-05,-5.29604949e-06,5.95897689e-07,-0.000151951404,-1.97141423e-05,6.08927569e-06,6.07805618e-06,2.06417484e-05
9.28812597e-07,2.85704627e-05,-8.34792991e-06,1.15639511e-06,-0.000236693857,-2.82137813e-05,9.48376624e-06,9.46775428e-06,2.9787523e-05
9.2971402e-07,5.15393658e-05,-1.78934861e-05,1.78147627e-06,-0.000497790403,-5.07825912e-05,1.99401981e-05,1.99116161e-05,5.45862321e-05
9.3061567e-07,5.77074134e-05,-1.32001924e-05,1.76643016e-06,-0.00038668554,-5.71333867e-05,1.54973147e-05,1.54674216e-05,5.92242426e-05
9.31520276e-07,5.1638388e-05,-1.39939584e-05,1.77362119e-06,-0.000400465127,-5.10374737e-05,1.60477495e-05,1.60186051e-05,5.35303626e-05
9.32425337e-07,5.58398206e-05,-1.51750528e-05,2.12344207e-06,-0.000434108544,-5.51883144e-05,1.73959116e-05,1.73643418e-05,5.79040309e-05
9.3333108e-07,5.24530406e-05,-1.35398423e-05,2.27594091e-06,-0.000389919936,-5.18696344e-05,1.5626574e-05,1.55967975e-05,5.42201872e-05
9.34238074e-07,5.87436662e-05,-1.40435277e-05,2.24936957e-06,-0.000408699765,-5.81350862e-05,1.63814145e-05,1.63479906e-05,6.0440869e-05
9.35144442e-07,5.69263284e-05,-1.30920498e-05,2.04843718e-06,-0.000383139006,-5.63572511e-05,1.53580235e-05,1.53255602e-05,5.84483082e-05
9.36004596e-07,6.13274387e-05,-1.29190994e-05,1.97782811e-06,-0.000383151957,-6.07617572e-05,1.53612089e-05,1.53260783e-05,6.27046224e-05
9.36908691e-07,8.24054441e-05,-1.72545188e-05,3.68477163e-06,-0.00051223021,-8.16495318e-05,2.05360558e-05,2.04892084e-05,8.42730869e-05
9.37811933e-07,6.47483248e-05,-1.10884876e-05,3.64806397e-06,-0.000340792845,-6.42531118e-05,1.36688603e-05,1.36317138e-05,6.57921613e-05
9.38718188e-07,4.73446926e-05,-5.50640561e-06,1.57306783e-06,-0.000184191027,-4.70866244e-05,7.39528381e-06,7.36764108e-06,4.76897784e-05
9.39623703e-07,6.26006513e-05,-1.48501313e-05,2.35920947e-06,-0.000432650617,-6.19567306e-05,1.73416111e-05,1.73060247e-05,6.43811604e-05
9.40527514e-07,7.87585523e-05,-2.41666257e-05,2.9050475e-06,-0.000681306177,-7.77291465e-05,2.72967971e-05,2.72522471e-05,8.24340625e-05
9.4143445e-07,7.24683487e-05,-2.31110662e-05,2.63828724e-06,-0.000648741145,-7.14861856e-05,2.59905408e-05,2.59496458e-05,7.61100749e-05
9.42342126e-07,7.35052745e-05,-2.1903139e-05,2.80442259e-06,-0.000619581377,-7.25705862e-05,2.48250458e-05,2.47832551e-05,7.67504896e-05
9.43243947e-07,7.58034876e-05,-2.15680302e-05,2.84366774e-06,-0.000613469281,-7.48803617e-05,2.45821091e-05,2.45387712e-05,7.88633952e-05
9.44134058e-07,6.81264864e-05,-1.14434724e-05,9.22222262e-06,-0.000352974195,-6.76143757e-05,1.41586517e-05,1.41189678e-05,6.9693763e-05
9.45038494e-07,5.80404121e-05,-9.54230563e-06,1.875002e-06,-0.000295540114,-5.76123955e-05,1.18556702e-05,1.18216046e-05,5.88494747e-05
9.45942304e-07,5.93904333e-05,-9.05077923e-06,1.47724177e-06,-0.000284589332,-5.89809927e-05,1.14185235e-05,1.13835733e-05,6.00942794e-05
9.468028e-07,5.57540006e-05,-7.04051627e-06,2.6015789e-06,-0.00023078658,-5.54278578e-05,9.26444997e-06,9.23146319e-06,5.62569611e-05
9.47709395e-07,5.187227e-05,-4.8227248e-06,3.59792807e-06,-0.000171558859,-5.16379201e-05,6.89320468e-06,6.86235435e-06,5.22200742e-05
9.48617526e-07,4.07402222e-05,-3.41714644e-06,2.53979647e-06,-0.00012548198,-4.05709849e-05,5.04358745e-06,5.0192792e-06,4.09620942e-05
9.49524178e-07,3.98462216e-05,-3.6670242e-06,2.71084787e-06,-0.000130843095,-3.9667707e-05,5.25751485e-06,5.23372379e-06,4.01063229e-05
9.50432252e-07,3.05251087e-05,-4.48947503e-06,2.81064331e-06,-0.000142212157,-3.03211608e-05,5.70656271e-06,5.68848627e-06,3.09812422e-05
9.51341235e-07,3.16001242e-05,-6.05159266e-06,3.0437368e-06,-0.000182296018,-3.13328483e-05,7.31041996e-06,7.29184074e-06,3.23180129e-05
9.52208779e-07,3.13496239e-05,-6.12794247e-06,3.01525165e-06,-0.000183956596,-3.10794952e-05,7.37669136e-06,7.35826383e-06,3.20849239e-05
9.53124243e-07,3.0778574e-05,-6.14142164e-06,2.79752999e-06,-0.000183730925,-3.05083631e-05,7.36732384e-06,7.34923698e-06,3.15097422e-05
9.5404198e-07,2.54083807e-05,-5.34788251e-06,2.01553166e-06,-0.000158618757,-2.51741984e-05,6.359669e-06,6.34475029e-06,2.60431953e-05
9.54911229e-07,4.17443225e-05,-2.04531752e-05,1.01759324e-05,-0.000552074402,-4.08930227e-05,2.21061425e-05,2.20829761e-05,4.75864523e-05
9.55839596e-07,4.10451275e-06,-5.51996813e-08,6.41874294e-07,-5.41988766e-06,-4.09902218e-06,2.1929226e-07,2.16795506e-07,4.15476528e-06
9.56720214e-07,7.83309588e-06,-2.58280892e-07,2.27358419e-06,-1.41662604e-05,-7.81650176e-06,5.71314583e-07,5.66650415e-07,8.16047089e-06
9.57643465e-07,0,0,0,0,-0,-0,-0,0
9.58527949e-07,0,0,0,0,-0,-0,-0,0
9.59412318e-07,0,0,0,0,-0,-0,-0,0
9.60343073e-07,0,0,0,0,-0,-0,-0,0
9.61227784e-07,0,0,0,0,-0,-0,-0,0
9.62112381e-07,1.12563312e-05,-3.04427658e-06,2.47686991e-08,-8.71315933e-05,-1.11255887e-05,3.49197467e-06,3.48526373e-06,1.16607557e-05
9.6304359e-07,6.40726171e-07,-1.99011751e-07,1.44840726e-07,-5.60237686e-06,-6.32255311e-07,2.24474776e-07,2.24095074e-07,6.8637784e-07
9.63926141e-07,0,0,0,0,-0,-0,-0,0
9.64810397e-07,0,0,0,0,-0,-0,-0,0
9.65741378e-07,0,0,0,0,-0,-0,-0,0
9.66625862e-07,0,0,0,0,-0,-0,-0,0
9.675108e-07,0,0,0,0,-0,-0,-0,0
9.68442237e-07,0,0,0,0,-0,-0,-0,0
9.69326834e-07,0,0,0,0,-0,-0,-0,0
9.70211431e-07,0,0,0,0,-0,-0,-0,0
9.71142413e-07,0,0,0,0,-0,-0,-0,0
9.72026555e-07,0,0,0,0,-0,-0,-0,0
9.72910698e-07,0,0,0,0,-0,-0,-0,0
9.73841566e-07,0,0,0,0,-0,-0,-0,0
9.74725936e-07,0,0,0,0,-0,-0,-0,0
9.75643502e-07,0,0,0,0,-0,-0,-0,0
9.76526167e-07,0,0,0,0,-0,-0,-0,0
9.77410764e-07,0,0,0,0,-0,-0,-0,0
9.78341973e-07,0,0,0,0,-0,-0,-0,0
9.79226456e-07,0,0,0,0,-0,-0,-0,0
9.80110713e-07,0,0,0,0,-0,-0,-0,0
9.81041239e-07,0,0,0,0,-0,-0,-0,0
9.81925382e-07,0,0,0,0,-0,-0,-0,0
9.82809411e-07,0,0,0,0,-0,-0,-0,0
9.83739938e-07,0,0,0,0,-0,-0,-0,0
9.8462408e-07,0,0,0,0,-0,-0,-0,0
9.85541419e-07,0,0,0,0,-0,-0,-0,0
9.86426357e-07,0,0,0,0,-0,-0,-0,0
9.8731141e-07,0,0,0,0,-0,-0,-0,0
9.88242732e-07,0,0,0,0,-0,-0,-0,0
9.89127329e-07,0,0,0,0,-0,-0,-0,0
9.9001204e-07,0,0,0,0,-0,-0,-0,0
9.90943477e-07,0,0,0,0,-0,-0,-0,0
9.91828415e-07,0,0,0,0,-0,-0,-0,0
9.92713467e-07,0,0,0,0,-0,-0,-0,0
9.93645131e-07,0,0,0,0,-0,-0,-0,0
9.94530183e-07,0,0,0,0,-0,-0,-0,0
9.95415348e-07,0,0,0,0,-0,-0,-0,0
9.96327117e-07,1.38449877e-05,-3.79304925e-06,6.75297883e-07,-0.000108370616,-1.36822317e-05,4.34366705e-06,4.33482463e-06,1.4371045e-05
9.97200004e-07,0,0,0,0,-0,-0,-0,0
9.98131782e-07,0,0,0,0,-0,-0,-0,0
9.99016606e-07,0,0,0,0,-0,-0,-0,0
9.99901658e-07,0,0,0,0,-0,-0,-0,0
1.00083309e-06,0,0,0,0,-0,-0,-0,0
1.00171781e-06,0,0,0,0,-0,-0,-0,0
1.00263071e-06,8.80363928e-07,-3.02650591e-07,5.29388124e-08,-8.42612371e-06,-8.67556935e-07,3.3761367e-07,3.37044949e-07,9.32437957e-07
1.00351326e-06,0,0,0,0,-0,-0,-0,0
1.00444413e-06,0,0,0,0,-0,-0,-0,0
1.00532839e-06,0,0,0,0,-0,-0,-0,0
1.00621298e-06,0,0,0,0,-0,-0,-0,0
1.00714431e-06,0,0,0,0,-0,-0,-0,0
1.00802913e-06,0,0,0,0,-0,-0,-0,0
1.0089143e-06,0,0,0,0,-0,-0,-0,0
1.00984607e-06,0,0,0,0,-0,-0,-0,0
1.0107218e-06,0,0,0,0,-0,-0,-0,0
1.01160686e-06,0,0,0,0,-0,-0,-0,0
1.01253818e-06,0,0,0,0,-0,-0,-0,0
1.01342289e-06,0,0,0,0,-0,-0,-0,0
1.01429998e-06,1.01233582e-06,-3.49038004e-07,8.537355e-08,-9.71433928e-06,-9.97568257e-07,3.89241446e-07,3.88573571e-07,1.07421598e-06
1.01522846e-06,0,0,0,0,-0,-0,-0,0
1.01614432e-06,3.20625554e-06,-1.16948308e-06,1.84422134e-07,-3.23661843e-05,-3.15692403e-06,1.29676365e-06,1.29464737e-06,3.41786144e-06
1.01700539e-06,1.39966801e-06,-5.25354608e-07,8.02282116e-08,-1.44995574e-05,-1.37753984e-06,5.80906172e-07,5.79982297e-07,1.49716551e-06
1.01792818e-06,0,0,0,0,-0,-0,-0,0
1.01880744e-06,0,0,0,0,-0,-0,-0,0
1.01972444e-06,2.15214027e-06,-7.97505777e-07,1.03246087e-07,-2.20375532e-05,-2.11852706e-06,8.82930514e-07,8.81502128e-07,2.29747317e-06
1.02060312e-06,0,0,0,0,-0,-0,-0,0
1.02153456e-06,0,0,0,0,-0,-0,-0,0
1.02241938e-06,0,0,0,0,-0,-0,-0,0
1.02330409e-06,0,0,0,0,-0,-0,-0,0
1.02423485e-06,0,0,0,0,-0,-0,-0,0
1.0251191e-06,0,0,0,0,-0,-0,-0,0
1.02600313e-06,0,0,0,0,-0,-0,-0,0
1.02693389e-06,0,0,0,0,-0,-0,-0,0
1.02781814e-06,0,0,0,0,-0,-0,-0,0
1.02874651e-06,0,0,0,0,-0,-0,-0,0
1.02963099e-06,0,0,0,0,-0,-0,-0,0
1.03051536e-06,0,0,0,0,-0,-0,-0,0
1.03144612e-06,0,0,0,0,-0,-0,-0,0
1.0323306e-06,0,0,0,0,-0,-0,-0,0
1.03321497e-06,0,0,0,0,-0,-0,-0,0
1.03414573e-06,0,0,0,0,-0,-0,-0,0
1.03502987e-06,0,0,0,0,-0,-0,-0,0
1.03591412e-06,0,0,0,0,-0,-0,-0,0
1.03684488e-06,0,0,0,0,-0,-0,-0,0
1.03772902e-06,0,0,0,0,-0,-0,-0,0
1.0386135e-06,0,0,0,0,-0,-0,-0,0
1.03953312e-06,0,0,0,0,-0,-0,-0,0
1.04041771e-06,0,0,0,0,-0,-0,-0,0
1.0413022e-06,0,0,0,0,-0,-0,-0,0
1.0422284e-06,0,0,0,0,-0,-0,-0,0
1.04314609e-06,0,0,0,0,-0,-0,-0,0
1.04402966e-06,0,0,0,0,-0,-0,-0,0
1.04491312e-06,0,0,0,0,-0,-0,-0,0
1.04584353e-06,0,0,0,0,-0,-0,-0,0
1.04672006e-06,0,0,0,0,-0,-0,-0,0
1.04764229e-06,1.40665861e-05,-4.9702744e-06,6.88125112e-07,-0.000137974712,-1.38565764e-05,5.52881213e-06,5.51898847e-06,1.49347243e-05
1.04850596e-06,3.50039977e-06,-1.28831266e-06,1.84627339e-07,-3.562044e-05,-3.44608106e-06,1.4272608e-06,1.4248176e-06,3.73451942e-06
1.04943354e-06,0,0,0,0,-0,-0,-0,0
1.05031847e-06,0,0,0,0,-0,-0,-0,0
1.0512033e-06,0,0,0,0,-0,-0,-0,0
1.05213439e-06,0,0,0,0,-0,-0,-0,0
1.05300887e-06,0,0,0,0,-0,-0,-0,0
1.05393929e-06,0,0,0,0,-0,-0,-0,0
1.0548232e-06,0,0,0,0,-0,-0,-0,0
1.0557045e-06,0,0,0,0,-0,-0,-0,0
1.056624e-06,0,0,0,0,-0,-0,-0,0
1.05754077e-06,2.41870612e-06,-8.02928469e-07,8.80346036e-08,-2.24321575e-05,-2.38466284e-06,8.99008659e-07,8.972863e-07,2.55001637e-06
1.05840184e-06,2.16111084e-06,-7.30244608e-07,8.27796924e-08,-2.036355e-05,-2.13018019e-06,8.16081874e-07,8.14542e-07,2.2826541e-06
1.05931235e-06,0,0,0,0,-0,-0,-0,0
1.06024413e-06,0,0,0,0,-0,-0,-0,0
1.0611277e-06,0,0,0,0,-0,-0,-0,0
1.06201253e-06,0,0,0,0,-0,-0,-0,0
1.06294078e-06,0,0,0,0,-0,-0,-0,0
1.06381447e-06,0,0,0,0,-0,-0,-0,0
1.06472419e-06,0,0,0,0,-0,-0,-0,0
1.06564505e-06,0,0,0,0,-0,-0,-0,0
1.06652146e-06,0,0,0,0,-0,-0,-0,0
1.06744551e-06,0,0,0,0,-0,-0,-0,0
1.0683118e-06,0,0,0,0,-0,-0,-0,0
1.06923221e-06,0,0,0,0,-0,-0,-0,0
1.07010851e-06,0,0,0,0,-0,-0,-0,0
1.07101846e-06,0,0,0,0,-0,-0,-0,0
1.07192818e-06,0,0,0,0,-0,-0,-0,0
1.07280175e-06,0,0,0,0,-0,-0,-0,0
1.07371307e-06,0,0,0,0,-0,-0,-0,0
1.07462654e-06,0,0,0,0,-0,-0,-0,0
1.07553865e-06,0,0,0,0,-0,-0,-0,0
1.07640562e-06,6.65163861e-06,-1.09803273e-06,-1.18036798e-08,-3.40132501e-05,-6.60240842e-06,1.36314902e-06,1.36053e-06,6.74166978e-06
1.07731501e-06,0,0,0,0,-0,-0,-0,0
1.07822632e-06,0,0,0,0,-0,-0,-0,0
1.07913525e-06,0,0,0,0,-0,-0,-0,0
1.08004519e-06,0,0,0,0,-0,-0,-0,0
1.08091035e-06,0,0,0,0,-0,-0,-0,0
1.08182144e-06,0,0,0,0,-0,-0,-0,0
1.08273252e-06,0,0,0,0,-0,-0,-0,0
1.08364088e-06,0,0,0,0,-0,-0,-0,0
1.08450581e-06,0,0,0,0,-0,-0,-0,0
1.08541371e-06,0,0,0,0,-0,-0,-0,0
1.08632355e-06,0,0,0,0,-0,-0,-0,0
1.08723236e-06,0,0,0,0,-0,-0,-0,0
1.08814197e-06,0,0,0,0,-0,-0,-0,0
1.08900451e-06,0,0,0,0,-0,-0,-0,0
1.08991526e-06,0,0,0,0,-0,-0,-0,0
1.09082612e-06,0,0,0,0,-0,-0,-0,0
1.09173448e-06,0,0,0,0,-0,-0,-0,0
1.0926434e-06,0,0,0,0,-0,-0,-0,0
1.09350663e-06,0,0,0,0,-0,-0,-0,0
1.09441532e-06,0,0,0,0,-0,-0,-0,0
1.09532414e-06,0,0,0,0,-0,-0,-0,0
1.09623375e-06,0,0,0,0,-0,-0,-0,0
1.09714438e-06,0,0,0,0,-0,-0,-0,0
1.09800999e-06,0,0,0,0,-0,-0,-0,0
1.09892119e-06,0,0,0,0,-0,-0,-0,0
1.09983171e-06,0,0,0,0,-0,-0,-0,0
1.10074325e-06,0,0,0,0,-0,-0,-0,0
1.10160897e-06,0,0,0,0,-0,-0,-0,0
1.10251949e-06,0,0,0,0,-0,-0,-0,0
1.1034308e-06,0,0,0,0,-0,-0,-0,0
1.10434212e-06,0,0,0,0,-0,-0,-0,0
1.1052075e-06,0,0,0,0,-0,-0,-0,0
1.10611802e-06,0,0,0,0,-0,-0,-0,0
1.10702842e-06,0,0,0,0,-0,-0,-0,0
1.10793906e-06,0,0,0,0,-0,-0,-0,0
1.10880364e-06,0,0,0,0,-0,-0,-0,0
1.10971371e-06,0,0,0,0,-0,-0,-0,0
1.11062411e-06,0,0,0,0,-0,-0,-0,0
1.11153474e-06,0,0,0,0,-0,-0,-0,0
1.11244447e-06,0,0,0,0,-0,-0,-0,0
1.11330939e-06,0,0,0,0,-0,-0,-0,0
1.11422003e-06,0,0,0,0,-0,-0,-0,0
1.11512497e-06,0,0,0,0,-0,-0,-0,0
1.11603447e-06,0,0,0,0,-0,-0,-0,0
1.11694442e-06,0,0,0,0,-0,-0,-0,0
1.11780889e-06,0,0,0,0,-0,-0,-0,0
1.11871873e-06,0,0,0,0,-0,-0,-0,0
1.11962868e-06,0,0,0,0,-0,-0,-0,0
1.12053783e-06,0,0,0,0,-0,-0,-0,0
1.12140174e-06,0,0,0,0,-0,-0,-0,0
1.12231112e-06,0,0,0,0,-0,-0,-0,0
1.12322039e-06,0,0,0,0,-0,-0,-0,0
1.12412999e-06,5.95159008e-06,-1.77866752e-06,1.30172538e-07,-5.02629337e-05,-5.87570172e-06,2.0152449e-06,2.01051735e-06,6.213053e-06
1.12503972e-06,3.9989493e-07,-1.14608746e-07,7.44466444e-09,-3.25475617e-06,-3.94991929e-07,1.30508603e-07,1.30190247e-07,4.16060744e-07
1.12590396e-06,1.09927555e-06,-3.01853447e-07,2.44912606e-08,-8.6173286e-06,-1.08632533e-06,3.45571294e-07,3.44693144e-07,1.14022895e-06
1.12681403e-06,4.18599166e-06,-1.20227878e-06,1.16928931e-07,-3.41342238e-05,-4.13456498e-06,1.36871211e-06,1.36536895e-06,4.35679616e-06
1.12772341e-06,6.01881038e-06,-1.8050888e-06,1.87392672e-07,-5.09881793e-05,-5.94181168e-06,2.04433314e-06,2.03952717e-06,6.28645687e-06
1.12863188e-06,8.06223034e-06,-2.53297026e-06,2.64805777e-07,-7.11728135e-05,-7.95448962e-06,2.85334737e-06,2.84691254e-06,8.45491682e-06
1.12954024e-06,1.31131128e-05,-4.27408395e-06,4.07824103e-07,-0.000119614619,-1.29317059e-05,4.79504979e-06,4.78458474e-06,1.37981101e-05
1.13040323e-06,1.49360912e-05,-4.9813284e-06,3.87106354e-07,-0.000139067619,-1.4724944e-05,5.57462822e-06,5.56270475e-06,1.57496129e-05
1.13131057e-06,1.58498769e-05,-5.45321609e-06,3.80773599e-07,-0.000151750675,-1.56191283e-05,6.08268012e-06,6.07002701e-06,1.67660715e-05
1.13221608e-06,1.58617768e-05,-5.51199673e-06,3.62673205e-07,-0.000153230401,-1.5628668e-05,6.14188962e-06,6.12921605e-06,1.67961187e-05
1.13312103e-06,1.956097e-05,-6.62067987e-06,3.92879684e-07,-0.000184548669,-1.92805668e-05,7.3976142e-06,7.38194678e-06,2.06547647e-05
1.13402234e-06,2.44224193e-05,-8.03825606e-06,5.36584707e-07,-0.000224721312,-2.40814395e-05,9.0084626e-06,8.9888525e-06,2.57168437e-05
1.13492672e-06,2.71264944e-05,-8.38267442e-06,6.96485529e-07,-0.000235971907,-2.67695785e-05,9.46073963e-06,9.4388763e-06,2.84007222e-05
1.13583292e-06,2.99322783e-05,-9.4759971e-06,6.04378272e-07,-0.000266031391,-2.95293968e-05,1.06653892e-05,1.06412556e-05,3.14022464e-05
1.13673912e-06,4.25635371e-05,-1.43801281e-05,1.03222089e-06,-0.00040091094,-4.19544391e-05,1.6070713e-05,1.60364376e-05,4.49389392e-05
1.13760029e-06,5.54134676e-05,-1.95510802e-05,1.48840979e-06,-0.00054266979,-5.45873081e-05,2.17513891e-05,2.17067916e-05,5.8780205e-05
1.13850626e-06,7.09505839e-05,-2.52807022e-05,2.06614345e-06,-0.000701014826,-6.98828726e-05,2.80977469e-05,2.8040593e-05,7.53483126e-05
1.13941132e-06,8.19921843e-05,-2.74699341e-05,2.45959882e-06,-0.000766511599,-8.08280949e-05,3.0726774e-05,3.0660464e-05,8.65064459e-05
1.14031479e-06,9.64545616e-05,-2.91640881e-05,-3.80570356e-07,-0.000822993228,-9.52111557e-05,3.29979137e-05,3.29197291e-05,0.000100767908
1.14121883e-06,8.39919667e-05,-2.30738297e-05,2.38541065e-06,-0.000658642559,-8.3002075e-05,2.64141559e-05,2.63457024e-05,8.7136343e-05
1.14212378e-06,8.2364757e-05,-2.22831568e-05,2.47605954e-06,-0.000637297111,-8.14077853e-05,2.55590444e-05,2.54918844e-05,8.53617194e-05
1.14303145e-06,0,0,0,0,-0,-0,-0,0
1.14394129e-06,0,0,0,0,-0,-0,-0,0
1.1448152e-06,0,0,0,0,-0,-0,-0,0
1.14573822e-06,0,0,0,0,-0,-0,-0,0
1.14661009e-06,0,0,0,0,-0,-0,-0,0
1.14751958e-06,0,0,0,0,-0,-0,-0,0
1.14842987e-06,0,0,0,0,-0,-0,-0,0
1.14934096e-06,0,0,0,0,-0,-0,-0,0
1.15020532e-06,0,0,0,0,-0,-0,-0,0
1.15111516e-06,0,0,0,0,-0,-0,-0,0
1.15202363e-06,0,0,0,0,-0,-0,-0,0
1.15293551e-06,0,0,0,0,-0,-0,-0,0
1.15380419e-06,0,0,0,0,-0,-0,-0,0
1.15471289e-06,0,0,0,0,-0,-0,-0,0
1.15562455e-06,0,0,0,0,-0,-0,-0,0
1.15653654e-06,0,0,0,0,-0,-0,-0,0
1.15740499e-06,0,0,0,0,-0,-0,-0,0
1.15832552e-06,0,0,0,0,-0,-0,-0,0
1.15924081e-06,0,0,0,0,-0,-0,-0,0
1.16011245e-06,0,0,0,0,-0,-0,-0,0
1.16102569e-06,0,0,0,0,-0,-0,-0,0
1.16193746e-06,0,0,0,0,-0,-0,-0,0
1.16280239e-06,0,0,0,0,-0,-0,-0,0
1.16371257e-06,0,0,0,0,-0,-0,-0,0
1.16462752e-06,0,0,0,0,-0,-0,-0,0
1.16553576e-06,0,0,0,0,-0,-0,-0,0
1.16644401e-06,0,0,0,0,-0,-0,-0,0
1.16730769e-06,0,0,0,0,-0,-0,-0,0
1.16821798e-06,0,0,0,0,-0,-0,-0,0
1.1691277e-06,0,0,0,0,-0,-0,-0,0
1.17003594e-06,0,0,0,0,-0,-0,-0,0
1.17094407e-06,0,0,0,0,-0,-0,-0,0
1.17180628e-06,0,0,0,0,-0,-0,-0,0
1.1727135e-06,0,0,0,0,-0,-0,-0,0
1.17362276e-06,0,0,0,0,-0,-0,-0,0
1.17453203e-06,0,0,0,0,-0,-0,-0,0
1.17544073e-06,0,0,0,0,-0,-0,-0,0
1.17630452e-06,0,0,0,0,-0,-0,-0,0
1.17721504e-06,0,0,0,0,-0,-0,-0,0
1.17812556e-06,0,0,0,0,-0,-0,-0,0
1.1790346e-06,0,0,0,0,-0,-0,-0,0
1.17994455e-06,0,0,0,0,-0,-0,-0,0
1.18081061e-06,0,0,0,0,-0,-0,-0,0
1.18172261e-06,0,0,0,0,-0,-0,-0,0
1.18263779e-06,0,0,0,0,-0,-0,-0,0
1.18351215e-06,0,0,0,0,-0,-0,-0,0
1.184437e-06,0,0,0,0,-0,-0,-0,0
1.18532159e-06,0,0,0,0,-0,-0,-0,0
1.18623848e-06,0,0,0,0,-0,-0,-0,0
1.18710841e-06,0,0,0,0,-0,-0,-0,0
1.1880395e-06,0,0,0,0,-0,-0,-0,0
1.18890398e-06,0,0,0,0,-0,-0,-0,0
1.18981325e-06,0,0,0,0,-0,-0,-0,0
1.19072183e-06,0,0,0,0,-0,-0,-0,0
1.19163622e-06,0,0,0,0,-0,-0,-0,0
1.19254321e-06,0,0,0,0,-0,-0,-0,0
1.19341576e-06,0,0,0,0,-0,-0,-0,0
1.19432536e-06,0,0,0,0,-0,-0,-0,0
1.19524077e-06,0,0,0,0,-0,-0,-0,0
1.19610661e-06,5.60363242e-06,-1.97722693e-06,1.27726207e-06,-5.48708194e-05,-5.52008212e-06,2.19973089e-06,2.19483278e-06,6.07795368e-06
1.19702133e-06,2.7405697e-06,-1.02458694e-06,5.97351061e-07,-2.82742039e-05,-2.69740499e-06,1.13336093e-06,1.13096816e-06,2.9861897e-06
1.19792969e-06,2.37794666e-06,-9.19063723e-07,5.03540093e-07,-2.52836344e-05,-2.33929181e-06,1.01342107e-06,1.01134538e-06,2.59862676e-06
1.19884351e-06,3.3128938e-06,-1.30634282e-06,6.94183086e-07,-3.58721336e-05,-3.25800405e-06,1.43777831e-06,1.43488534e-06,3.62817958e-06
1.19971332e-06,2.34079789e-06,-9.2516234e-07,5.02328533e-07,-2.53995731e-05,-2.30192888e-06,1.01802926e-06,1.01598293e-06,2.56663088e-06
1.2006326e-06,0,0,0,0,-0,-0,-0,0
1.20150617e-06,0,0,0,0,-0,-0,-0,0
1.20243442e-06,0,0,0,0,-0,-0,-0,0
1.20331924e-06,0,0,0,0,-0,-0,-0,0
1.20420395e-06,0,0,0,0,-0,-0,-0,0
1.20513505e-06,0,0,0,0,-0,-0,-0,0
1.20601464e-06,0,0,0,0,-0,-0,-0,0
1.20694551e-06,0,0,0,0,-0,-0,-0,0
1.20782818e-06,0,0,0,0,-0,-0,-0,0
1.20870993e-06,0,0,0,0,-0,-0,-0,0
1.20964012e-06,0,0,0,0,-0,-0,-0,0
1.21052483e-06,1.8086788e-06,-4.71303395e-07,1.54930557e-08,-1.35629316e-05,-1.78838494e-06,5.43254263e-07,5.42517264e-07,1.86914043e-06
1.21140965e-06,0,0,0,0,-0,-0,-0,0
1.21234109e-06,0,0,0,0,-0,-0,-0,0
1.21322603e-06,0,0,0,0,-0,-0,-0,0
1.21411085e-06,0,0,0,0,-0,-0,-0,0
1.21503933e-06,0,0,0,0,-0,-0,-0,0
1.21591518e-06,0,0,0,0,-0,-0,-0,0
1.21683263e-06,0,0,0,0,-0,-0,-0,0
1.217717e-06,0,0,0,0,-0,-0,-0,0
1.21863991e-06,0,0,0,0,-0,-0,-0,0
1.21952451e-06,0,0,0,0,-0,-0,-0,0
1.22040899e-06,0,0,0,0,-0,-0,-0,0
1.22133713e-06,0,0,0,0,-0,-0,-0,0
1.22222139e-06,0,0,0,0,-0,-0,-0,0
1.22310564e-06,1.44125479e-05,-6.92330559e-06,2.81408006e-06,-0.000187031066,-1.4124161e-05,7.49411588e-06,7.48124265e-06,1.62349236e-05
1.22403651e-06,1.15073835e-05,-9.74722934e-06,1.238805e-06,-0.000254743733,-1.11083936e-05,1.01996052e-05,1.01897493e-05,1.51315232e-05
1.22491895e-06,3.9458946e-06,-4.06106255e-06,3.61683874e-07,-0.000105307459,-3.78033912e-06,4.21560784e-06,4.21229837e-06,5.67389888e-06
1.22583265e-06,1.38977321e-05,-1.48565732e-05,1.40475447e-06,-0.000384716492,-1.32925109e-05,1.54004506e-05,1.53886597e-05,2.03921078e-05
1.2267119e-06,0,0,0,0,-0,-0,-0,0
1.22764277e-06,0,0,0,0,-0,-0,-0,0
1.22852748e-06,0,0,0,0,-0,-0,-0,0
1.22940924e-06,0,0,0,0,-0,-0,-0,0
1.23034033e-06,0,0,0,0,-0,-0,-0,0
1.23122481e-06,0,0,0,0,-0,-0,-0,0
1.2321093e-06,0,0,0,0,-0,-0,-0,0
1.23304039e-06,0,0,0,0,-0,-0,-0,0
1.23392488e-06,0,0,0,0,-0,-0,-0,0
1.23480913e-06,0,0,0,0,-0,-0,-0,0
1.23574023e-06,0,0,0,0,-0,-0,-0,0
1.23662198e-06,0,0,0,0,-0,-0,-0,0
1.23750692e-06,0,0,0,0,-0,-0,-0,0
1.23843836e-06,0,0,0,0,-0,-0,-0,0
1.2393233e-06,0,0,0,0,-0,-0,-0,0
1.24020835e-06,0,0,0,0,-0,-0,-0,0
1.24114013e-06,0,0,0,0,-0,-0,-0,0
1.24202529e-06,0,0,0,0,-0,-0,-0,0
1.24291057e-06,0,0,0,0,-0,-0,-0,0
1.24383928e-06,1.73103865e-06,-5.15129557e-07,-6.96866039e-07,-1.45584372e-05,-1.70905432e-06,5.83940591e-07,5.82337489e-07,1.93583975e-06
1.24472388e-06,0,0,0,0,-0,-0,-0,0
1.24560836e-06,0,0,0,0,-0,-0,-0,0
1.24653889e-06,0,0,0,0,-0,-0,-0,0
1.24742314e-06,0,0,0,0,-0,-0,-0,0
1.24830115e-06,0,0,0,0,-0,-0,-0,0
1.24922883e-06,0,0,0,0,-0,-0,-0,0
1.25010877e-06,0,0,0,0,-0,-0,-0,0
1.25103986e-06,0,0,0,0,-0,-0,-0,0
1.25192435e-06,0,0,0,0,-0,-0,-0,0
1.25280678e-06,0,0,0,0,-0,-0,-0,0
1.25373299e-06,0,0,0,0,-0,-0,-0,0
1.25460792e-06,0,0,0,0,-0,-0,-0,0
1.25553333e-06,0,0,0,0,-0,-0,-0,0
1.25641679e-06,0,0,0,0,-0,-0,-0,0
1.25730116e-06,5.68033056e-06,-9.02598742e-07,-6.51926797e-08,-2.81677221e-05,-5.63969258e-06,1.1290294e-06,1.12670888e-06,5.751964e-06
1.25822862e-06,0,0,0,0,-0,-0,-0,0
1.25913539e-06,0,0,0,0,-0,-0,-0,0
1.26000032e-06,0,0,0,0,-0,-0,-0,0
1.26091379e-06,0,0,0,0,-0,-0,-0,0
1.26182942e-06,0,0,0,0,-0,-0,-0,0
1.26270425e-06,0,0,0,0,-0,-0,-0,0
1.26361999e-06,0,0,0,0,-0,-0,-0,0
1.26454142e-06,0,0,0,0,-0,-0,-0,0
1.26540453e-06,0,0,0,0,-0,-0,-0,0
1.2663229e-06,0,0,0,0,-0,-0,-0,0
1.2672316e-06,0,0,0,0,-0,-0,-0,0
1.26810528e-06,0,0,0,0,-0,-0,-0,0
1.26903376e-06,0,0,0,0,-0,-0,-0,0
1.26990551e-06,0,0,0,0,-0,-0,-0,0
1.27082183e-06,0,0,0,0,-0,-0,-0,0
1.27170199e-06,0,0,0,0,-0,-0,-0,0
1.27261853e-06,0,0,0,0,-0,-0,-0,0
1.27353189e-06,0,0,0,0,-0,-0,-0,0
1.2744448e-06,0,0,0,0,-0,-0,-0,0
1.27531496e-06,0,0,0,0,-0,-0,-0,0
1.27623048e-06,0,0,0,0,-0,-0,-0,0
1.27714338e-06,0,0,0,0,-0,-0,-0,0
1.27800786e-06,0,0,0,0,-0,-0,-0,0
1.27891963e-06,0,0,0,0,-0,-0,-0,0
1.27983026e-06,0,0,0,0,-0,-0,-0,0
1.28073759e-06,0,0,0,0,-0,-0,-0,0
1.28160411e-06,0,0,0,0,-0,-0,-0,0
1.28251634e-06,0,0,0,0,-0,-0,-0,0
1.28343129e-06,0,0,0,0,-0,-0,-0,0
1.28434385e-06,0,0,0,0,-0,-0,-0,0
1.28520799e-06,0,0,0,0,-0,-0,-0,0
1.28611714e-06,0,0,0,0,-0,-0,-0,0
1.28702618e-06,0,0,0,0,-0,-0,-0,0
1.28793658e-06,0,0,0,0,-0,-0,-0,0
1.2888097e-06,0,0,0,0,-0,-0,-0,0
1.28971919e-06,0,0,0,0,-0,-0,-0,0
1.29062721e-06,0,0,0,0,-0,-0,-0,0
1.29154205e-06,0,0,0,0,-0,-0,-0,0
1.29240345e-06,0,0,0,0,-0,-0,-0,0
1.29331158e-06,0,0,0,0,-0,-0,-0,0
1.29421653e-06,0,0,0,0,-0,-0,-0,0
1.29512148e-06,0,0,0,0,-0,-0,-0,0
1.29602654e-06,0,0,0,0,-0,-0,-0,0
1.29693262e-06,0,0,0,0,-0,-0,-0,0
1.29783848e-06,0,0,0,0,-0,-0,-0,0
1.29874252e-06,0,0,0,0,-0,-0,-0,0
1.29960415e-06,0,0,0,0,-0,-0,-0,0
1.30051239e-06,0,0,0,0,-0,-0,-0,0
1.3014178e-06,0,0,0,0,-0,-0,-0,0
1.30232229e-06,0,0,0,0,-0,-0,-0,0
1.30322667e-06,0,0,0,0,-0,-0,-0,0
1.30413196e-06,0,0,0,0,-0,-0,-0,0
1.30503804e-06,0,0,0,0,-0,-0,-0,0
1.30594424e-06,0,0,0,0,-0,-0,-0,0
1.30680439e-06,0,0,0,0,-0,-0,-0,0
1.307709e-06,0,0,0,0,-0,-0,-0,0
1.3086144e-06,0,0,0,0,-0,-0,-0,0
1.30952071e-06,0,0,0,0,-0,-0,-0,0
1.31042634e-06,0,0,0,0,-0,-0,-0,0
1.31133152e-06,0,0,0,0,-0,-0,-0,0
1.31223567e-06,0,0,0,0,-0,-0,-0,0
1.31313902e-06,0,0,0,0,-0,-0,-0,0
1.31404113e-06,0,0,0,0,-0,-0,-0,0
1.3149363e-06,0,0,0,0,-0,-0,-0,0
1.31583363e-06,0,0,0,0,-0,-0,-0,0
1.31673471e-06,0,0,0,0,-0,-0,-0,0
1.31763704e-06,0,0,0,0,-0,-0,-0,0
1.3185404e-06,0,0,0,0,-0,-0,-0,0
1.31944489e-06,0,0,0,0,-0,-0,-0,0
1.32030539e-06,0,0,0,0,-0,-0,-0,0
1.32121215e-06,0,0,0,0,-0,-0,-0,0
1.32211869e-06,0,0,0,0,-0,-0,-0,0
1.32302443e-06,0,0,0,0,-0,-0,-0,0
1.32393075e-06,0,0,0,0,-0,-0,-0,0
1.32483615e-06,0,0,0,0,-0,-0,-0,0
1.32574019e-06,0,0,0,0,-0,-0,-0,0
1.32663968e-06,0,0,0,0,-0,-0,-0,0
1.32753405e-06,0,0,0,0,-0,-0,-0,0
1.32842831e-06,0,0,0,0,-0,-0,-0,0
1.32932314e-06,0,0,0,0,-0,-0,-0,0
1.33022149e-06,0,0,0,0,-0,-0,-0,0
1.3311236e-06,0,0,0,0,-0,-0,-0,0
1.3320207e-06,0,0,0,0,-0,-0,-0,0
1.33292383e-06,0,0,0,0,-0,-0,-0,0
1.33382775e-06,0,0,0,0,-0,-0,-0,0
1.33472429e-06,0,0,0,0,-0,-0,-0,0
1.3356215e-06,0,0,0,0,-0,-0,-0,0
1.33651827e-06,0,0,0,0,-0,-0,-0,0
1.3374206e-06,0,0,0,0,-0,-0,-0,0
1.33832475e-06,0,0,0,0,-0,-0,-0,0
1.33922902e-06,0,0,0,0,-0,-0,-0,0
1.34013374e-06,0,0,0,0,-0,-0,-0,0
1.34103868e-06,0,0,0,0,-0,-0,-0,0
1.34194443e-06,0,0,0,0,-0,-0,-0,0
1.34280526e-06,0,0,0,0,-0,-0,-0,0
1.34371044e-06,0,0,0,0,-0,-0,-0,0
1.34461527e-06,0,0,0,0,-0,-0,-0,0
1.34551976e-06,0,0,0,0,-0,-0,-0,0
1.34642437e-06,0,0,0,0,-0,-0,-0,0
1.34732932e-06,0,0,0,0,-0,-0,-0,0
1.34823381e-06,0,0,0,0,-0,-0,-0,0
1.34913898e-06,0,0,0,0,-0,-0,-0,0
1.35004473e-06,0,0,0,0,-0,-0,-0,0
1.35090431e-06,0,0,0,0,-0,-0,-0,0
1.35180915e-06,0,0,0,0,-0,-0,-0,0
1.35271387e-06,0,0,0,0,-0,-0,-0,0
1.35361881e-06,0,0,0,0,-0,-0,-0,0
1.35452387e-06,0,0,0,0,-0,-0,-0,0
1.3554295e-06,0,0,0,0,-0,-0,-0,0
1.35633582e-06,0,0,0,0,-0,-0,-0,0
1.35724258e-06,0,0,0,0,-0,-0,-0,0
1.3581049e-06,0,0,0,0,-0,-0,-0,0
1.35901314e-06,0,0,0,0,-0,-0,-0,0
1.35992309e-06,0,0,0,0,-0,-0,-0,0
1.3608319e-06,0,0,0,0,-0,-0,-0,0
1.36173708e-06,0,0,0,0,-0,-0,-0,0
1.36264043e-06,0,0,0,0,-0,-0,-0,0
1.36354322e-06,0,0,0,0,-0,-0,-0,0
1.36440167e-06,0,0,0,0,-0,-0,-0,0
1.36530593e-06,0,0,0,0,-0,-0,-0,0
1.3662119e-06,0,0,0,0,-0,-0,-0,0
1.36711913e-06,0,0,0,0,-0,-0,-0,0
1.36802635e-06,0,0,0,0,-0,-0,-0,0
1.36893379e-06,0,0,0,0,-0,-0,-0,0
1.36984136e-06,0,0,0,0,-0,-0,-0,0
1.37070629e-06,0,0,0,0,-0,-0,-0,0
1.37161453e-06,0,0,0,0,-0,-0,-0,0
1.3725205e-06,0,0,0,0,-0,-0,-0,0
1.37341544e-06,0,0,0,0,-0,-0,-0,0
1.37431448e-06,0,0,0,0,-0,-0,-0,0
1.37521863e-06,0,0,0,0,-0,-0,-0,0
1.3761229e-06,0,0,0,0,-0,-0,-0,0
1.37702773e-06,0,0,0,0,-0,-0,-0,0
1.37793268e-06,0,0,0,0,-0,-0,-0,0
1.3788391e-06,4.82684345e-06,-7.60280386e-07,-1.31654076e-07,-2.37424374e-05,-4.79257938e-06,9.52694499e-07,9.49697496e-07,4.8881261e-06
1.37973609e-06,0,0,0,0,-0,-0,-0,0
1.38064343e-06,0,0,0,0,-0,-0,-0,0
1.38150619e-06,0,0,0,0,-0,-0,-0,0
1.38241455e-06,0,0,0,0,-0,-0,-0,0
1.38332211e-06,0,0,0,0,-0,-0,-0,0
1.38422922e-06,0,0,0,0,-0,-0,-0,0
1.38513462e-06,0,0,0,0,-0,-0,-0,0
1.38603923e-06,0,0,0,0,-0,-0,-0,0
1.38694281e-06,0,0,0,0,-0,-0,-0,0
1.38780149e-06,0,0,0,0,-0,-0,-0,0
1.3887061e-06,0,0,0,0,-0,-0,-0,0
1.3896115e-06,0,0,0,0,-0,-0,-0,0
1.39051735e-06,0,0,0,0,-0,-0,-0,0
1.39141662e-06,0,0,0,0,-0,-0,-0,0
1.39231759e-06,0,0,0,0,-0,-0,-0,0
1.39322458e-06,0,0,0,0,-0,-0,-0,0
1.39413021e-06,0,0,0,0,-0,-0,-0,0
1.39503709e-06,0,0,0,0,-0,-0,-0,0
1.39594431e-06,0,0,0,0,-0,-0,-0,0
1.3968056e-06,0,0,0,0,-0,-0,-0,0
1.39774284e-06,0,0,0,0,-0,-0,-0,0
1.39863812e-06,0,0,0,0,-0,-0,-0,0
1.39953102e-06,0,0,0,0,-0,-0,-0,0
1.40042187e-06,0,0,0,0,-0,-0,-0,0
1.40131783e-06,0,0,0,0,-0,-0,-0,0
1.40222153e-06,0,0,0,0,-0,-0,-0,0
1.40312432e-06,0,0,0,0,-0,-0,-0,0
1.40402562e-06,0,0,0,0,-0,-0,-0,0
1.40492625e-06,0,0,0,0,-0,-0,-0,0
1.40582767e-06,0,0,0,0,-0,-0,-0,0
1.40672944e-06,0,0,0,0,-0,-0,-0,0
1.40763075e-06,0,0,0,0,-0,-0,-0,0
1.40853126e-06,0,0,0,0,-0,-0,-0,0
1.40943143e-06,0,0,0,0,-0,-0,-0,0
1.41033445e-06,0,0,0,0,-0,-0,-0,0
1.41123439e-06,0,0,0,0,-0,-0,-0,0
1.41213422e-06,0,0,0,0,-0,-0,-0,0
1.41303451e-06,0,0,0,0,-0,-0,-0,0
1.4139348e-06,0,0,0,0,-0,-0,-0,0
1.41483611e-06,0,0,0,0,-0,-0,-0,0
1.41573787e-06,0,0,0,0,-0,-0,-0,0
1.41664009e-06,0,0,0,0,-0,-0,-0,0
1.41754219e-06,0,0,0,0,-0,-0,-0,0
1.41844441e-06,0,0,0,0,-0,-0,-0,0
1.41930173e-06,0,0,0,0,-0,-0,-0,0
1.42020542e-06,0,0,0,0,-0,-0,-0,0
1.421109e-06,0,0,0,0,-0,-0,-0,0
1.42201213e-06,0,0,0,0,-0,-0,-0,0
1.42291469e-06,0,0,0,0,-0,-0,-0,0
1.4238168e-06,0,0,0,0,-0,-0,-0,0
1.42471811e-06,0,0,0,0,-0,-0,-0,0
1.42561908e-06,0,0,0,0,-0,-0,-0,0
1.42651959e-06,0,0,0,0,-0,-0,-0,0
1.42742067e-06,0,0,0,0,-0,-0,-0,0
1.42832255e-06,0,0,0,0,-0,-0,-0,0
1.42922659e-06,0,0,0,0,-0,-0,-0,0
1.43013131e-06,0,0,0,0,-0,-0,-0,0
1.43103614e-06,0,0,0,0,-0,-0,-0,0
1.43194177e-06,0,0,0,0,-0,-0,-0,0
1.43280079e-06,0,0,0,0,-0,-0,-0,0
1.43370471e-06,5.12461884e-06,-8.1709976e-07,3.28781269e-09,-2.54560164e-05,-5.08784441e-06,1.02137626e-06,1.01824065e-06,5.18935266e-06
1.43460841e-06,0,0,0,0,-0,-0,-0,0
1.43551097e-06,0,0,0,0,-0,-0,-0,0
1.43641159e-06,0,0,0,0,-0,-0,-0,0
1.43731199e-06,0,0,0,0,-0,-0,-0,0
1.43821296e-06,0,0,0,0,-0,-0,-0,0
1.43911188e-06,0,0,0,0,-0,-0,-0,0
1.44000376e-06,0,0,0,0,-0,-0,-0,0
1.44094201e-06,0,0,0,0,-0,-0,-0,0
1.44183332e-06,0,0,0,0,-0,-0,-0,0
1.44273258e-06,0,0,0,0,-0,-0,-0,0
1.44363389e-06,0,0,0,0,-0,-0,-0,0
1.44452486e-06,0,0,0,0,-0,-0,-0,0
1.44541514e-06,0,0,0,0,-0,-0,-0,0
1.44630519e-06,0,0,0,0,-0,-0,-0,0
1.44723958e-06,0,0,0,0,-0,-0,-0,0
1.44812941e-06,0,0,0,0,-0,-0,-0,0
1.44902003e-06,0,0,0,0,-0,-0,-0,0
1.44991191e-06,0,0,0,0,-0,-0,-0,0
1.45080514e-06,0,0,0,0,-0,-0,-0,0
1.45169997e-06,0,0,0,0,-0,-0,-0,0
1.45263868e-06,0,0,0,0,-0,-0,-0,0
1.45353704e-06,0,0,0,0,-0,-0,-0,0
1.45443232e-06,0,0,0,0,-0,-0,-0,0
1.45532761e-06,0,0,0,0,-0,-0,-0,0
1.45622005e-06,0,0,0,0,-0,-0,-0,0
1.45711169e-06,0,0,0,0,-0,-0,-0,0
1.45800243e-06,0,0,0,0,-0,-0,-0,0
1.45893773e-06,0,0,0,0,-0,-0,-0,0
1.45983006e-06,0,0,0,0,-0,-0,-0,0
1.46072966e-06,0,0,0,0,-0,-0,-0,0
1.46162859e-06,0,0,0,0,-0,-0,-0,0
1.46252739e-06,0,0,0,0,-0,-0,-0,0
1.46342632e-06,0,0,0,0,-0,-0,-0,0
1.46432512e-06,0,0,0,0,-0,-0,-0,0
1.4652245e-06,0,0,0,0,-0,-0,-0,0
1.46612399e-06,0,0,0,0,-0,-0,-0,0
1.46701097e-06,0,0,0,0,-0,-0,-0,0
1.46791035e-06,0,0,0,0,-0,-0,-0,0
1.46880961e-06,0,0,0,0,-0,-0,-0,0
1.46970933e-06,0,0,0,0,-0,-0,-0,0
1.47060871e-06,0,0,0,0,-0,-0,-0,0
1.47150786e-06,0,0,0,0,-0,-0,-0,0
1.47240678e-06,0,0,0,0,-0,-0,-0,0
1.47330627e-06,0,0,0,0,-0,-0,-0,0
1.47420633e-06,0,0,0,0,-0,-0,-0,0
1.47510616e-06,0,0,0,0,-0,-0,-0,0
1.47600588e-06,0,0,0,0,-0,-0,-0,0
1.4769056e-06,0,0,0,0,-0,-0,-0,0
1.47780588e-06,0,0,0,0,-0,-0,-0,0
1.47870594e-06,0,0,0,0,-0,-0,-0,0
1.47960361e-06,0,0,0,0,-0,-0,-0,0
1.48053766e-06,0,0,0,0,-0,-0,-0,0
1.48142772e-06,0,0,0,0,-0,-0,-0,0
1.48231675e-06,0,0,0,0,-0,-0,-0,0
1.4832043e-06,0,0,0,0,-0,-0,-0,0
1.48413699e-06,0,0,0,0,-0,-0,-0,0
1.48502556e-06,0,0,0,0,-0,-0,-0,0
1.48591312e-06,0,0,0,0,-0,-0,-0,0
1.48680681e-06,0,0,0,0,-0,-0,-0,0
1.48771289e-06,0,0,0,0,-0,-0,-0,0
1.48861e-06,0,0,0,0,-0,-0,-0,0
1.48951881e-06,0,0,0,0,-0,-0,-0,0
1.49041557e-06,0,0,0,0,-0,-0,-0,0
1.49131984e-06,9.10204926e-06,-5.17154058e-06,7.81874678e-06,-0.000138207499,-8.88796213e-06,5.53138879e-06,5.52829995e-06,1.30661752e-05
1.49224331e-06,0,0,0,0,-0,-0,-0,0
1.49310051e-06,0,0,0,0,-0,-0,-0,0
1.494e-06,0,0,0,0,-0,-0,-0,0
1.4949369e-06,0,0,0,0,-0,-0,-0,0
1.49582979e-06,0,0,0,0,-0,-0,-0,0
1.49672337e-06,0,0,0,0,-0,-0,-0,0
1.49761752e-06,0,0,0,0,-0,-0,-0,0
1.49851121e-06,0,0,0,0,-0,-0,-0,0
1.49940558e-06,0,0,0,0,-0,-0,-0,0
1.50030019e-06,0,0,0,0,-0,-0,-0,0
1.50124413e-06,4.75699653e-06,-8.982297e-06,9.99754866e-06,-0.000229092781,-4.39399537e-06,9.16534125e-06,9.16371122e-06,1.42569862e-05
1.50210064e-06,0,0,0,0,-0,-0,-0,0
1.50303811e-06,0,0,0,0,-0,-0,-0,0
1.50393112e-06,0,0,0,0,-0,-0,-0,0
1.50482424e-06,0,0,0,0,-0,-0,-0,0
1.5057168e-06,0,0,0,0,-0,-0,-0,0
1.50660901e-06,0,0,0,0,-0,-0,-0,0
1.50750088e-06,0,0,0,0,-0,-0,-0,0
1.50843687e-06,0,0,0,0,-0,-0,-0,0
1.50932885e-06,0,0,0,0,-0,-0,-0,0
1.51022118e-06,0,0,0,0,-0,-0,-0,0
1.51111362e-06,0,0,0,0,-0,-0,-0,0
1.51200641e-06,0,0,0,0,-0,-0,-0,0
1.51294387e-06,0,0,0,0,-0,-0,-0,0
1.51383608e-06,0,0,0,0,-0,-0,-0,0
1.5147283e-06,0,0,0,0,-0,-0,-0,0
1.51562085e-06,0,0,0,0,-0,-0,-0,0
1.51651352e-06,0,0,0,0,-0,-0,-0,0
1.51740562e-06,0,0,0,0,-0,-0,-0,0
1.51834195e-06,0,0,0,0,-0,-0,-0,0
1.51923371e-06,0,0,0,0,-0,-0,-0,0
1.52012501e-06,0,0,0,0,-0,-0,-0,0
1.5210162e-06,0,0,0,0,-0,-0,-0,0
1.52190717e-06,0,0,0,0,-0,-0,-0,0
1.52284338e-06,0,0,0,0,-0,-0,-0,0
1.52373514e-06,0,0,0,0,-0,-0,-0,0
1.52462769e-06,0,0,0,0,-0,-0,-0,0
1.52552104e-06,0,0,0,0,-0,-0,-0,0
1.52641508e-06,0,0,0,0,-0,-0,-0,0
1.52730979e-06,0,0,0,0,-0,-0,-0,0
1.52820473e-06,0,0,0,0,-0,-0,-0,0
1.5291439e-06,0,0,0,0,-0,-0,-0,0
1.53003828e-06,0,0,0,0,-0,-0,-0,0
1.53093231e-06,0,0,0,0,-0,-0,-0,0
1.531826e-06,0,0,0,0,-0,-0,-0,0
1.53271867e-06,0,0,0,0,-0,-0,-0,0
1.53361179e-06,0,0,0,0,-0,-0,-0,0
1.53450571e-06,0,0,0,0,-0,-0,-0,0
1.53539997e-06,0,0,0,0,-0,-0,-0,0
1.53633846e-06,0,0,0,0,-0,-0,-0,0
1.53723215e-06,0,0,0,0,-0,-0,-0,0
1.5381263e-06,0,0,0,0,-0,-0,-0,0
1.53902135e-06,0,0,0,0,-0,-0,-0,0
1.53991709e-06,0,0,0,0,-0,-0,-0,0
1.54081306e-06,0,0,0,0,-0,-0,-0,0
1.54170868e-06,0,0,0,0,-0,-0,-0,0
1.54260442e-06,0,0,0,0,-0,-0,-0,0
1.54354473e-06,0,0,0,0,-0,-0,-0,0
1.54443978e-06,0,0,0,0,-0,-0,-0,0
1.54533438e-06,0,0,0,0,-0,-0,-0,0
1.54622967e-06,0,0,0,0,-0,-0,-0,0
1.54712461e-06,0,0,0,0,-0,-0,-0,0
1.54801978e-06,0,0,0,0,-0,-0,-0,0
1.54891541e-06,0,0,0,0,-0,-0,-0,0
1.5498116e-06,0,0,0,0,-0,-0,-0,0
1.55070791e-06,0,0,0,0,-0,-0,-0,0
1.5516033e-06,0,0,0,0,-0,-0,-0,0
1.55254327e-06,0,0,0,0,-0,-0,-0,0
1.55343821e-06,0,0,0,0,-0,-0,-0,0
1.5543327e-06,0,0,0,0,-0,-0,-0,0
1.55522798e-06,0,0,0,0,-0,-0,-0,0
1.55612383e-06,0,0,0,0,-0,-0,-0,0
1.5570206e-06,0,0,0,0,-0,-0,-0,0
1.55791804e-06,0,0,0,0,-0,-0,-0,0
1.55881526e-06,0,0,0,0,-0,-0,-0,0
1.5597127e-06,0,0,0,0,-0,-0,-0,0
1.5606106e-06,0,0,0,0,-0,-0,-0,0
1.56150884e-06,0,0,0,0,-0,-0,-0,0
1.5624064e-06,0,0,0,0,-0,-0,-0,0
1.56330339e-06,0,0,0,0,-0,-0,-0,0
1.56420003e-06,0,0,0,0,-0,-0,-0,0
1.56513613e-06,0,0,0,0,-0,-0,-0,0
1.56602994e-06,0,0,0,0,-0,-0,-0,0
1.56692374e-06,0,0,0,0,-0,-0,-0,0
1.56781846e-06,0,0,0,0,-0,-0,-0,0
1.5687142e-06,0,0,0,0,-0,-0,-0,0
1.56961005e-06,0,0,0,0,-0,-0,-0,0
1.57050636e-06,0,0,0,0,-0,-0,-0,0
1.57140266e-06,0,0,0,0,-0,-0,-0,0
1.57234422e-06,0,0,0,0,-0,-0,-0,0
1.57324087e-06,0,0,0,0,-0,-0,-0,0
1.5741374e-06,0,0,0,0,-0,-0,-0,0
1.57503382e-06,0,0,0,0,-0,-0,-0,0
1.5759307e-06,0,0,0,0,-0,-0,-0,0
1.57682803e-06,0,0,0,0,-0,-0,-0,0
1.5777249e-06,0,0,0,0,-0,-0,-0,0
1.57862144e-06,0,0,0,0,-0,-0,-0,0
1.57951797e-06,0,0,0,0,-0,-0,-0,0
1.58041405e-06,0,0,0,0,-0,-0,-0,0
1.5813099e-06,0,0,0,0,-0,-0,-0,0
1.58220564e-06,0,0,0,0,-0,-0,-0,0
1.58310081e-06,0,0,0,0,-0,-0,-0,0
1.58404032e-06,0,0,0,0,-0,-0,-0,0
1.58493435e-06,0,0,0,0,-0,-0,-0,0
1.58582861e-06,0,0,0,0,-0,-0,-0,0
1.58672299e-06,0,0,0,0,-0,-0,-0,0
1.58761736e-06,0,0,0,0,-0,-0,-0,0
1.58851151e-06,0,0,0,0,-0,-0,-0,0
1.58940611e-06,0,0,0,0,-0,-0,-0,0
1.59030105e-06,0,0,0,0,-0,-0,-0,0
1.5912409e-06,0,0,0,0,-0,-0,-0,0
1.59213562e-06,0,0,0,0,-0,-0,-0,0
1.59302897e-06,0,0,0,0,-0,-0,-0,0
1.59392187e-06,0,0,0,0,-0,-0,-0,0
1.5948151e-06,0,0,0,0,-0,-0,-0,0
1.59570834e-06,0,0,0,0,-0,-0,-0,0
1.59660181e-06,0,0,0,0,-0,-0,-0,0
1.59754097e-06,1.38097214e-08,-8.85531222e-08,-3.65961095e-10,-2.22560925e-06,-1.02574947e-08,8.90345307e-08,8.902437e-08,8.96242031e-08
1.59843535e-06,0,0,0,0,-0,-0,-0,0
1.59933018e-06,0,0,0,0,-0,-0,-0,0
1.60022466e-06,0,0,0,0,-0,-0,-0,0
1.60111938e-06,0,0,0,0,-0,-0,-0,0
1.60201387e-06,0,0,0,0,-0,-0,-0,0
1.60290779e-06,0,0,0,0,-0,-0,-0,0
1.60380137e-06,0,0,0,0,-0,-0,-0,0
1.60474042e-06,0,0,0,0,-0,-0,-0,0
1.60563525e-06,0,0,0,0,-0,-0,-0,0
1.60653042e-06,0,0,0,0,-0,-0,-0,0
1.60742547e-06,0,0,0,0,-0,-0,-0,0
1.60832133e-06,0,0,0,0,-0,-0,-0,0
1.60921707e-06,0,0,0,0,-0,-0,-0,0
1.61011371e-06,0,0,0,0,-0,-0,-0,0
1.61101025e-06,0,0,0,0,-0,-0,-0,0
1.61190678e-06,0,0,0,0,-0,-0,-0,0
1.6128032e-06,0,0,0,0,-0,-0,-0,0
1.61370053e-06,0,0,0,0,-0,-0,-0,0
1.6146422e-06,0,0,0,0,-0,-0,-0,0
1.61553896e-06,0,0,0,0,-0,-0,-0,0
1.61643561e-06,0,0,0,0,-0,-0,-0,0
1.61733203e-06,0,0,0,0,-0,-0,-0,0
1.61822845e-06,0,0,0,0,-0,-0,-0,0
1.61912442e-06,0,0,0,0,-0,-0,-0,0
1.62001993e-06,0,0,0,0,-0,-0,-0,0
1.62091521e-06,0,0,0,0,-0,-0,-0,0
1.62181084e-06,0,0,0,0,-0,-0,-0,0
1.62270737e-06,0,0,0,0,-0,-0,-0,0
1.62360368e-06,0,0,0,0,-0,-0,-0,0
1.62454467e-06,0,0,0,0,-0,-0,-0,0
1.62544052e-06,0,0,0,0,-0,-0,-0,0
1.62633592e-06,0,0,0,0,-0,-0,-0,0
1.62723086e-06,0,0,0,0,-0,-0,-0,0
1.62812546e-06,0,0,0,0,-0,-0,-0,0
1.62901949e-06,0,0,0,0,-0,-0,-0,0
1.6299133e-06,0,0,0,0,-0,-0,-0,0
1.63080711e-06,0,0,0,0,-0,-0,-0,0
1.63170034e-06,0,0,0,0,-0,-0,-0,0
1.63263803e-06,0,0,0,0,-0,-0,-0,0
1.63353025e-06,0,0,0,0,-0,-0,-0,0
1.63442269e-06,0,0,0,0,-0,-0,-0,0
1.63531502e-06,0,0,0,0,-0,-0,-0,0
1.63620734e-06,0,0,0,0,-0,-0,-0,0
1.63714367e-06,0,0,0,0,-0,-0,-0,0
1.63803566e-06,0,0,0,0,-0,-0,-0,0
1.63892844e-06,0,0,0,0,-0,-0,-0,0
1.63982145e-06,0,0,0,0,-0,-0,-0,0
1.64071469e-06,0,0,0,0,-0,-0,-0,0
1.6416077e-06,0,0,0,0,-0,-0,-0,0
1.64250105e-06,0,0,0,0,-0,-0,-0,0
1.64343965e-06,0,0,0,0,-0,-0,-0,0
1.64433357e-06,0,0,0,0,-0,-0,-0,0
1.64522737e-06,0,0,0,0,-0,-0,-0,0
1.64612061e-06,0,0,0,0,-0,-0,-0,0
1.64701373e-06,0,0,0,0,-0,-0,-0,0
1.6479072e-06,0,0,0,0,-0,-0,-0,0
1.648801e-06,0,0,0,0,-0,-0,-0,0
1.64973915e-06,0,0,0,0,-0,-0,-0,0
1.65063273e-06,0,0,0,0,-0,-0,-0,0
1.65152676e-06,0,0,0,0,-0,-0,-0,0
1.65242091e-06,0,0,0,0,-0,-0,-0,0
1.65331471e-06,6.70491943e-07,-1.66290562e-07,-1.74646395e-10,-4.81011784e-06,-6.63305772e-07,1.92970073e-07,1.92404714e-07,6.90805347e-07
1.65420806e-06,0,0,0,0,-0,-0,-0,0
1.65510119e-06,0,0,0,0,-0,-0,-0,0
1.65603979e-06,0,0,0,0,-0,-0,-0,0
1.65693382e-06,0,0,0,0,-0,-0,-0,0
1.65782876e-06,0,0,0,0,-0,-0,-0,0
1.6587237e-06,0,0,0,0,-0,-0,-0,0
1.65961876e-06,0,0,0,0,-0,-0,-0,0
1.66051427e-06,0,0,0,0,-0,-0,-0,0
1.66140944e-06,0,0,0,0,-0,-0,-0,0
1.66230382e-06,0,0,0,0,-0,-0,-0,0
1.66324219e-06,0,0,0,0,-0,-0,-0,0
1.66413622e-06,0,0,0,0,-0,-0,-0,0
1.6650306e-06,0,0,0,0,-0,-0,-0,0
1.66592474e-06,0,0,0,0,-0,-0,-0,0
1.66681946e-06,0,0,0,0,-0,-0,-0,0
1.66771406e-06,0,0,0,0,-0,-0,-0,0
1.668609e-06,0,0,0,0,-0,-0,-0,0
1.66950417e-06,0,0,0,0,-0,-0,-0,0
1.67044357e-06,0,0,0,0,-0,-0,-0,0
1.67133794e-06,0,0,0,0,-0,-0,-0,0
1.67223175e-06,0,0,0,0,-0,-0,-0,0
1.67312544e-06,0,0,0,0,-0,-0,-0,0
1.67401879e-06,0,0,0,0,-0,-0,-0,0
1.67491191e-06,0,0,0,0,-0,-0,-0,0
1.67580549e-06,0,0,0,0,-0,-0,-0,0
1.67674364e-06,0,0,0,0,-0,-0,-0,0
1.67763721e-06,0,0,0,0,-0,-0,-0,0
1.67853113e-06,0,0,0,0,-0,-0,-0,0
1.67942528e-06,0,0,0,0,-0,-0,-0,0
1.68031966e-06,0,0,0,0,-0,-0,-0,0
1.68121392e-06,0,0,0,0,-0,-0,-0,0
1.68210795e-06,0,0,0,0,-0,-0,-0,0
1.68300176e-06,0,0,0,0,-0,-0,-0,0
1.68394035e-06,0,0,0,0,-0,-0,-0,0
1.68483405e-06,0,0,0,0,-0,-0,-0,0
1.68572763e-06,0,0,0,0,-0,-0,-0,0
1.68662064e-06,0,0,0,0,-0,-0,-0,0
1.68751319e-06,0,0,0,0,-0,-0,-0,0
1.68840586e-06,0,0,0,0,-0,-0,-0,0
1.68934321e-06,0,0,0,0,-0,-0,-0,0
1.69023622e-06,0,0,0,0,-0,-0,-0,0
1.69112957e-06,0,0,0,0,-0,-0,-0,0
1.69202247e-06,0,0,0,0,-0,-0,-0,0
1.69291593e-06,0,0,0,0,-0,-0,-0,0
1.69380951e-06,0,0,0,0,-0,-0,-0,0
1.6947032e-06,0,0,0,0,-0,-0,-0,0
1.69564134e-06,2.60422638e-07,4.36487202e-09,-2.5235497e-10,-1.4733078e-07,-2.60388876e-07,6.05274732e-09,5.89323122e-09,2.60459337e-07
1.69653481e-06,0,0,0,0,-0,-0,-0,0
1.69742782e-06,0,0,0,0,-0,-0,-0,0
1.69832026e-06,0,0,0,0,-0,-0,-0,0
1.69921248e-06,0,0,0,0,-0,-0,-0,0
1.70010412e-06,0,0,0,0,-0,-0,-0,0
1.70103965e-06,0,0,0,0,-0,-0,-0,0
1.70193027e-06,0,0,0,0,-0,-0,-0,0
1.70282055e-06,0,0,0,0,-0,-0,-0,0
1.70371061e-06,0,0,0,0,-0,-0,-0,0
1.70460032e-06,0,0,0,0,-0,-0,-0,0
1.70553449e-06,0,0,0,0,-0,-0,-0,0
1.70642511e-06,0,0,0,0,-0,-0,-0,0
1.70731596e-06,0,0,0,0,-0,-0,-0,0
1.70820738e-06,0,0,0,0,-0,-0,-0,0
1.70914393e-06,0,0,0,0,-0,-0,-0,0
1.71003592e-06,0,0,0,0,-0,-0,-0,0
1.7109279e-06,0,0,0,0,-0,-0,-0,0
1.71181989e-06,0,0,0,0,-0,-0,-0,0
1.71271222e-06,0,0,0,0,-0,-0,-0,0
1.71360466e-06,0,0,0,0,-0,-0,-0,0
1.71454246e-06,0,0,0,0,-0,-0,-0,0
1.71543604e-06,0,0,0,0,-0,-0,-0,0
1.71633008e-06,0,0,0,0,-0,-0,-0,0
1.71722411e-06,0,0,0,0,-0,-0,-0,0
1.71811791e-06,0,0,0,0,-0,-0,-0,0
1.71901149e-06,0,0,0,0,-0,-0,-0,0
1.71990541e-06,0,0,0,0,-0,-0,-0,0
1.7208439e-06,0,0,0,0,-0,-0,-0,0
1.7217377e-06,0,0,0,0,-0,-0,-0,0
1.72263174e-06,0,0,0,0,-0,-0,-0,0
1.72352679e-06,0,0,0,0,-0,-0,-0,0
1.72442299e-06,0,0,0,0,-0,-0,-0,0
1.72531963e-06,0,0,0,0,-0,-0,-0,0
1.72621685e-06,0,0,0,0,-0,-0,-0,0
1.72711418e-06,0,0,0,0,-0,-0,-0,0
1.72801208e-06,0,0,0,0,-0,-0,-0,0
1.72891055e-06,0,0,0,0,-0,-0,-0,0
1.72980924e-06,0,0,0,0,-0,-0,-0,0
1.73070748e-06,0,0,0,0,-0,-0,-0,0
1.73160549e-06,0,0,0,0,-0,-0,-0,0
1.73250339e-06,0,0,0,0,-0,-0,-0,0
1.73340027e-06,0,0,0,0,-0,-0,-0,0
1.73434182e-06,0,0,0,0,-0,-0,-0,0
1.73523836e-06,0,0,0,0,-0,-0,-0,0
1.73613478e-06,0,0,0,0,-0,-0,-0,0
1.73703131e-06,0,0,0,0,-0,-0,-0,0
1.73792819e-06,0,0,0,0,-0,-0,-0,0
1.73882586e-06,0,0,0,0,-0,-0,-0,0
1.73972307e-06,0,0,0,0,-0,-0,-0,0
1.74061972e-06,5.76929369e-06,-9.17235468e-07,-4.19347712e-09,-2.86209925e-05,-5.72799924e-06,1.14721199e-06,1.1448397e-06,5.84175386e-06
1.74151614e-06,0,0,0,0,-0,-0,-0,0
1.74241234e-06,0,0,0,0,-0,-0,-0,0
1.74330796e-06,0,0,0,0,-0,-0,-0,0
1.74420256e-06,0,0,0,0,-0,-0,-0,0
1.74514116e-06,0,0,0,0,-0,-0,-0,0
1.74603497e-06,0,0,0,0,-0,-0,-0,0
1.74692877e-06,0,0,0,0,-0,-0,-0,0
1.74782258e-06,0,0,0,0,-0,-0,-0,0
1.74871627e-06,0,0,0,0,-0,-0,-0,0
1.74961031e-06,0,0,0,0,-0,-0,-0,0
1.75050479e-06,0,0,0,0,-0,-0,-0,0
1.75144453e-06,0,0,0,0,-0,-0,-0,0
1.75233959e-06,0,0,0,0,-0,-0,-0,0
1.75323476e-06,0,0,0,0,-0,-0,-0,0
1.75412981e-06,2.83891222e-06,-4.92779577e-07,1.51798858e-08,-1.50873466e-05,-2.81693547e-06,6.05911616e-07,6.03493863e-07,2.88140326e-06
1.75502464e-06,0,0,0,0,-0,-0,-0,0
1.75591913e-06,0,0,0,0,-0,-0,-0,0
1.75681328e-06,0,0,0,0,-0,-0,-0,0
1.75770674e-06,0,0,0,0,-0,-0,-0,0
1.75864454e-06,0,0,0,0,-0,-0,-0,0
1.75953733e-06,0,0,0,0,-0,-0,-0,0
1.76043e-06,0,0,0,0,-0,-0,-0,0
1.76132301e-06,0,0,0,0,-0,-0,-0,0
1.76221602e-06,0,0,0,0,-0,-0,-0,0
1.76310948e-06,0,0,0,0,-0,-0,-0,0
1.76400283e-06,0,0,0,0,-0,-0,-0,0
1.76494098e-06,0,0,0,0,-0,-0,-0,0
1.76583455e-06,0,0,0,0,-0,-0,-0,0
1.76672859e-06,0,0,0,0,-0,-0,-0,0
1.76762273e-06,0,0,0,0,-0,-0,-0,0
1.76851745e-06,0,0,0,0,-0,-0,-0,0
1.76941262e-06,0,0,0,0,-0,-0,-0,0
1.77030813e-06,0,0,0,0,-0,-0,-0,0
1.77120398e-06,0,0,0,0,-0,-0,-0,0
1.77210006e-06,0,0,0,0,-0,-0,-0,0
1.77304128e-06,0,0,0,0,-0,-0,-0,0
1.77393792e-06,0,0,0,0,-0,-0,-0,0
1.77483423e-06,0,0,0,0,-0,-0,-0,0
1.7757302e-06,0,0,0,0,-0,-0,-0,0
1.7766265e-06,0,0,0,0,-0,-0,-0,0
1.77752304e-06,0,0,0,0,-0,-0,-0,0
1.77841946e-06,0,0,0,0,-0,-0,-0,0
1.77931554e-06,0,0,0,0,-0,-0,-0,0
1.78021139e-06,0,0,0,0,-0,-0,-0,0
1.78110747e-06,0,0,0,0,-0,-0,-0,0
1.78200366e-06,0,0,0,0,-0,-0,-0,0
1.78294374e-06,0,0,0,0,-0,-0,-0,0
1.78383823e-06,0,0,0,0,-0,-0,-0,0
1.78473215e-06,0,0,0,0,-0,-0,-0,0
1.78562573e-06,0,0,0,0,-0,-0,-0,0
1.78651999e-06,0,0,0,0,-0,-0,-0,0
1.78741448e-06,0,0,0,0,-0,-0,-0,0
1.78830919e-06,0,0,0,0,-0,-0,-0,0
1.78920448e-06,0,0,0,0,-0,-0,-0,0
1.79014421e-06,0,0,0,0,-0,-0,-0,0
1.79103938e-06,0,0,0,0,-0,-0,-0,0
1.79193421e-06,0,0,0,0,-0,-0,-0,0
1.79282847e-06,0,0,0,0,-0,-0,-0,0
1.79372228e-06,0,0,0,0,-0,-0,-0,0
1.79461529e-06,0,0,0,0,-0,-0,-0,0
1.79550761e-06,0,0,0,0,-0,-0,-0,0
1.79640006e-06,0,0,0,0,-0,-0,-0,0
1.79733684e-06,0,0,0,0,-0,-0,-0,0
1.79822871e-06,0,0,0,0,-0,-0,-0,0
1.7991207e-06,0,0,0,0,-0,-0,-0,0
1.79999995e-06,0,0,0,0,-0,-0,-0,0
