time_s,ALLIE_mJ,ALLKE_mJ,ALLAE_mJ,ALLSE_mJ,ALLPD_mJ,ALLDMD_mJ,ALLWK_mJ,ALLVD_mJ,ETOTAL_mJ
0,0,0.00873762928,0,0,0,0,0,0,0.00873762928
9.03363273e-10,2.03938689e-12,0.00873762928,4.97401057e-13,1.54198572e-12,0,0,1.53177943e-10,2.26343182e-13,0.00873762928
1.80602311e-09,7.76171315e-12,0.00873762928,1.68861539e-12,6.07309819e-12,0,0,5.37236644e-10,4.15937819e-13,0.00873762928
2.70212497e-09,1.70162235e-11,0.00873762928,3.78720623e-12,1.32290168e-11,0,0,1.12488463e-09,5.76513609e-13,0.00873762928
3.60474495e-09,2.92069424e-11,0.00873762928,6.98641188e-12,2.2220531e-11,0,0,1.88835636e-09,7.12549106e-13,0.00873762928
4.50079574e-09,4.26609512e-11,0.00873762928,1.1666567e-11,3.09943841e-11,0,0,2.78877343e-09,8.24487722e-13,0.00873762928
5.40335643e-09,5.67740993e-11,0.00873762928,1.77368328e-11,3.90372665e-11,0,0,3.80664655e-09,9.06968457e-13,0.00873762928
6.30600949e-09,7.3328156e-11,0.00873762928,2.33236763e-11,5.00044797e-11,0,0,4.96645436e-09,1.08723132e-12,0.00873762928
7.20217841e-09,9.432468e-11,0.00873762928,2.6895805e-11,6.7428875e-11,0,0,6.36854347e-09,1.30580876e-12,0.00873762928
8.10490608e-09,1.21432156e-10,0.00873762928,2.99994959e-11,9.14326601e-11,0,0,8.05501266e-09,1.55263855e-12,0.00873762928
9.00109409e-09,1.59942518e-10,0.00873762928,3.44759464e-11,1.25466568e-10,0,0,1.00367927e-08,1.83941144e-12,0.00873762928
9.90379156e-09,2.11819756e-10,0.00873762928,4.26371716e-11,1.69182585e-10,0,0,1.23984094e-08,2.14939264e-12,0.00873762928
1.08064393e-08,2.76615314e-10,0.00873762928,5.53948415e-11,2.21220486e-10,0,0,1.51318975e-08,2.48683713e-12,0.00873762928
1.17024914e-08,3.2844924e-10,0.00873762928,6.80613135e-11,2.60387933e-10,0,0,1.81365127e-08,2.67570384e-12,0.00873762928
1.26050219e-08,3.72264691e-10,0.00873762928,8.5597987e-11,2.8666669e-10,0,0,2.1303137e-08,2.78540537e-12,0.00873762928
1.35009595e-08,4.10520451e-10,0.00873762928,1.06338015e-10,3.04182457e-10,0,0,2.44948577e-08,2.82501821e-12,0.00873762928
1.44033852e-08,4.42131665e-10,0.00873762928,1.29126279e-10,3.13005372e-10,0,0,2.76795511e-08,2.84690609e-12,0.00873762928
1.53057638e-08,4.66447325e-10,0.00873762928,1.51008983e-10,3.15438314e-10,0,0,3.07712114e-08,2.87249478e-12,0.00873762928
1.62019056e-08,4.9669141e-10,0.00873762928,1.63944788e-10,3.32746608e-10,0,0,3.38688402e-08,3.11493886e-12,0.00873762928
1.71047905e-08,5.46991674e-10,0.00873762928,1.61872696e-10,3.85118992e-10,0,0,3.73540487e-08,3.4447948e-12,0.00873762928
1.80010922e-08,6.16536266e-10,0.00873762928,1.59651042e-10,4.56885252e-10,0,0,4.12094749e-08,3.83848465e-12,0.00873762928
1.89038847e-08,7.06138259e-10,0.00873762928,1.625306e-10,5.43607659e-10,0,0,4.55207747e-08,4.22732899e-12,0.00873762928
1.98000603e-08,8.619227e-10,0.00873762928,1.8714176e-10,6.74780898e-10,0,0,5.03520816e-08,4.77917619e-12,0.00873762928
2.07026876e-08,1.03165509e-09,0.00873762928,2.18239621e-10,8.13415502e-10,0,0,5.57473641e-08,5.27689134e-12,0.00873762928
2.16052118e-08,1.13759113e-09,0.00873762928,2.46027226e-10,8.91563934e-10,0,0,6.14518569e-08,5.5147358e-12,0.00873762928
2.25010908e-08,1.20682109e-09,0.00873762928,2.84975044e-10,9.21846044e-10,0,0,6.71514471e-08,5.61841242e-12,0.00873762928
2.34034232e-08,1.25450816e-09,0.00873762928,3.31957711e-10,9.22550425e-10,0,0,7.27896818e-08,5.72225253e-12,0.00873762928
2.43056739e-08,1.28259359e-09,0.00873762928,3.82467391e-10,9.00126196e-10,0,0,7.82182639e-08,5.8248701e-12,0.00873762928
2.52013201e-08,1.2932615e-09,0.00873762928,4.30026487e-10,8.63234983e-10,0,0,8.33107237e-08,5.93362729e-12,0.00873762928
2.61034394e-08,1.31097466e-09,0.00873762928,4.57175353e-10,8.53799309e-10,0,0,8.83207463e-08,6.2971863e-12,0.00873762928
2.70055445e-08,1.37824585e-09,0.00873762928,4.31655323e-10,9.46590584e-10,0,0,9.38292928e-08,6.79789905e-12,0.00873762928
2.79011338e-08,1.49253077e-09,0.00873762928,4.0978132e-10,1.08274945e-09,0,0,9.97984344e-08,7.35474182e-12,0.00873762928
2.880331e-08,1.64502811e-09,0.00873762928,4.03079597e-10,1.24194854e-09,0,0,1.06317472e-07,7.91010833e-12,0.00873762928
2.97055234e-08,1.93339078e-09,0.00873762928,4.47633236e-10,1.48575763e-09,0,0,1.1358788e-07,8.81935931e-12,0.00873762928
3.06012424e-08,2.25817276e-09,0.00873762928,5.05840259e-10,1.7523325e-09,0,0,1.21517701e-07,9.56364068e-12,0.00873762928
3.15035784e-08,2.45365461e-09,0.00873762928,5.57775215e-10,1.89587923e-09,0,0,1.2989868e-07,9.98902436e-12,0.00873762928
3.24060103e-08,2.54471066e-09,0.00873762928,6.24978402e-10,1.91973215e-09,0,0,1.38221012e-07,1.0206112e-11,0.00873762928
3.33020012e-08,2.58770871e-09,0.00873762928,7.04761693e-10,1.88294691e-09,0,0,1.46227123e-07,1.04264713e-11,0.00873762928
3.42046143e-08,2.59430077e-09,0.00873762928,7.93222266e-10,1.80107862e-09,0,0,1.53891833e-07,1.06793645e-11,0.00873762928
3.51007756e-08,2.56451105e-09,0.00873762928,8.75711004e-10,1.68879999e-09,0,0,1.60991249e-07,1.09470766e-11,0.00873762928
3.60036267e-08,2.54370502e-09,0.00873762928,9.2267638e-10,1.62102864e-09,0,0,1.67844746e-07,1.15308318e-11,0.00873762928
3.69000084e-08,2.62045674e-09,0.00873762928,8.66149374e-10,1.75430737e-09,0,0,1.75329689e-07,1.22907197e-11,0.00873762928
3.78028737e-08,2.78210299e-09,0.00873762928,8.08219602e-10,1.97388328e-09,0,0,1.83492389e-07,1.31543014e-11,0.00873762928
3.8705668e-08,3.00713188e-09,0.00873762928,7.8293888e-10,2.22419283e-09,0,0,1.92265048e-07,1.39610493e-11,0.00873762928
3.96018329e-08,3.42152151e-09,0.00873762928,8.34573244e-10,2.58694821e-09,0,0,2.01890728e-07,1.53486893e-11,0.00873762928
4.05044247e-08,3.98785005e-09,0.00873762928,9.368053e-10,3.05104453e-09,0,0,2.12520035e-07,1.65678981e-11,0.00873762928
4.14003338e-08,4.28705826e-09,0.00873762928,1.01483544e-09,3.27222294e-09,0,0,2.23503008e-07,1.73402161e-11,0.00873762928
4.23025881e-08,4.396703e-09,0.00873762928,1.11509835e-09,3.28160477e-09,0,0,2.3440812e-07,1.78381684e-11,0.00873762928
4.32046754e-08,4.43351977e-09,0.00873762928,1.24283206e-09,3.19068749e-09,0,0,2.44882074e-07,1.83757575e-11,0.00873762928
4.41000871e-08,4.39324754e-09,0.00873762928,1.36796274e-09,3.02528469e-09,0,0,2.54680998e-07,1.89217201e-11,0.00873762928
4.50019293e-08,4.30375735e-09,0.00873762928,1.49271873e-09,2.81103874e-09,0,0,2.63827957e-07,1.95154795e-11,0.00873762928
4.59036649e-08,4.21555324e-09,0.00873762928,1.57654823e-09,2.63900479e-09,0,0,2.72433653e-07,2.04278712e-11,0.00873762928
4.68053187e-08,4.28530766e-09,0.00873762928,1.4750946e-09,2.81021317e-09,0,0,2.81949553e-07,2.16256006e-11,0.00873762928
4.77004924e-08,4.46844828e-09,0.00873763021,1.36067146e-09,3.1077767e-09,0,0,2.92110911e-07,2.28509659e-11,0.00873762928
4.86022991e-08,4.80439555e-09,0.00873763021,1.32029609e-09,3.48409968e-09,0,0,3.03069129e-07,2.41648732e-11,0.00873762928
4.95041839e-08,5.35037969e-09,0.00873762928,1.37264433e-09,3.97773547e-09,0,0,3.15104302e-07,2.60303324e-11,0.00873762928
5.04061255e-08,6.1689005e-09,0.00873762928,1.51731094e-09,4.65158978e-09,0,0,3.28311216e-07,2.77671896e-11,0.00873762928
5.1301658e-08,6.65867761e-09,0.00873762928,1.64064673e-09,5.01803088e-09,0,0,3.41945025e-07,2.90337684e-11,0.00873762928
5.22038235e-08,6.78878198e-09,0.00873762928,1.77949366e-09,5.0092881e-09,0,0,3.55442438e-07,2.9886961e-11,0.00873762928
5.31058042e-08,6.7981949e-09,0.00873763021,1.94424432e-09,4.85395057e-09,0,0,3.68323867e-07,3.07546835e-11,0.00873762928
5.40011023e-08,6.71539269e-09,0.00873763021,2.14108331e-09,4.57430938e-09,0,0,3.80280682e-07,3.16362908e-11,0.00873762928
5.49028023e-08,6.54981669e-09,0.00873763021,2.32149344e-09,4.22832303e-09,0,0,3.91377938e-07,3.25563951e-11,0.00873762928
5.58044029e-08,6.35318287e-09,0.00873762928,2.44319542e-09,3.90998744e-09,0,0,4.016388e-07,3.37562374e-11,0.00873762928
5.67058471e-08,6.38039399e-09,0.00873763021,2.29926922e-09,4.08112477e-09,0,0,4.13073536e-07,3.5486631e-11,0.00873762928
5.76008361e-08,6.58025057e-09,0.00873763021,2.11559503e-09,4.46465576e-09,0,0,4.25240472e-07,3.72844949e-11,0.00873762928
5.85024793e-08,7.00097669e-09,0.00873763021,2.0300035e-09,4.97097341e-09,0,0,4.38362406e-07,3.92294947e-11,0.00873762928
5.94042042e-08,7.79973774e-09,0.00873763021,2.0990345e-09,5.70070346e-09,0,0,4.5275732e-07,4.15046157e-11,0.00873762928
6.03060073e-08,8.80162343e-09,0.00873763021,2.25851848e-09,6.54310561e-09,0,0,4.6852395e-07,4.39388977e-11,0.00873762928
6.12014119e-08,9.59808233e-09,0.00873763021,2.45663179e-09,7.14145054e-09,0,0,4.84823431e-07,4.58669318e-11,0.00873762928
6.21035525e-08,9.73984182e-09,0.00873763021,2.63546385e-09,7.10437797e-09,0,0,5.00945703e-07,4.71934401e-11,0.00873762928
6.30058778e-08,9.73687619e-09,0.00873763021,2.86235124e-09,6.87452495e-09,0,0,5.16281887e-07,4.849212e-11,0.00873762928
6.39018296e-08,9.60260316e-09,0.00873763021,3.12481774e-09,6.47778542e-09,0,0,5.30438115e-07,4.98842842e-11,0.00873762928
6.48044889e-08,9.34444166e-09,0.00873763021,3.38039374e-09,5.96404837e-09,0,0,5.43494991e-07,5.12693291e-11,0.00873762928
6.57007462e-08,8.98435903e-09,0.00873763021,3.56479979e-09,5.41955947e-09,0,0,5.55244355e-07,5.27204634e-11,0.00873762928
6.66035831e-08,9.00308894e-09,0.00873763021,3.40364226e-09,5.59944668e-09,0,0,5.68591702e-07,5.5284409e-11,0.00873762928
6.75000251e-08,9.23995813e-09,0.00873763021,3.1215488e-09,6.11840933e-09,0,0,5.82804489e-07,5.77897348e-11,0.00873762928
6.84030965e-08,9.69978231e-09,0.00873763021,2.97963854e-09,6.72014311e-09,0,0,5.98119584e-07,6.03576772e-11,0.00873762928
6.93061466e-08,1.08493374e-08,0.00873763021,3.0952596e-09,7.75407827e-09,0,0,6.14869521e-07,6.37023628e-11,0.00873762928
7.02023613e-08,1.20929915e-08,0.00873763021,3.26095795e-09,8.83203377e-09,0,0,6.33153888e-07,6.69715325e-11,0.00873762928
7.11047932e-08,1.31181892e-08,0.00873763021,3.5021166e-09,9.61607238e-09,0,0,6.52236793e-07,6.97342392e-11,0.00873762928
7.20003541e-08,1.32562112e-08,0.00873763021,3.68731978e-09,9.56889146e-09,0,0,6.70794975e-07,7.16997503e-11,0.00873762928
7.29021608e-08,1.32114311e-08,0.00873763021,3.9885113e-09,9.22292021e-09,0,0,6.8851682e-07,7.36014791e-11,0.00873762928
7.38037542e-08,1.29844819e-08,0.00873763021,4.30639169e-09,8.67809025e-09,0,0,7.04888464e-07,7.5643429e-11,0.00873762928
7.47051843e-08,1.26198021e-08,0.00873763021,4.63706762e-09,7.98273359e-09,0,0,7.19789341e-07,7.76620435e-11,0.00873762928
7.56064793e-08,1.20872574e-08,0.00873763021,4.85277329e-09,7.23448368e-09,0,0,7.33232127e-07,7.96928981e-11,0.00873762928
7.65026087e-08,1.20001076e-08,0.00873763021,4.67739314e-09,7.32271399e-09,0,0,7.48102934e-07,8.31458929e-11,0.00873762928
7.74056161e-08,1.22359411e-08,0.00873763021,4.28876579e-09,7.94717536e-09,0,0,7.6435515e-07,8.66350047e-11,0.00873762928
7.8302179e-08,1.28898145e-08,0.00873763021,4.12781276e-09,8.76200179e-09,0,0,7.81620486e-07,9.04216008e-11,0.00873762928
7.92053001e-08,1.4517938e-08,0.00873763021,4.27980407e-09,1.02381339e-08,0,0,8.0087068e-07,9.5134095e-11,0.00873762928
8.01015574e-08,1.62289453e-08,0.00873763021,4.50231497e-09,1.17266294e-08,0,0,8.22062475e-07,9.99742303e-11,0.00873762928
8.10039893e-08,1.75477002e-08,0.00873763021,4.80052442e-09,1.27471749e-08,0,0,8.44069348e-07,1.0446953e-10,0.00873762928
8.19060517e-08,1.73644121e-08,0.00873763021,4.94026242e-09,1.24241506e-08,0,0,8.65443496e-07,1.07958288e-10,0.00873762928
8.28012503e-08,1.72765731e-08,0.00873763021,5.33044053e-09,1.19461339e-08,0,0,8.85484553e-07,1.10815551e-10,0.00873762928
8.3702723e-08,1.69758945e-08,0.00873763021,5.73193581e-09,1.12439587e-08,0,0,9.04095316e-07,1.1378698e-10,0.00873762928
8.46040109e-08,1.6472665e-08,0.00873763021,6.11692297e-09,1.0355742e-08,0,0,9.20963771e-07,1.16615093e-10,0.00873762928
8.55051638e-08,1.57958269e-08,0.00873763021,6.38335207e-09,9.41247436e-09,0,0,9.36112372e-07,1.19457971e-10,0.00873762928
8.64010374e-08,1.55874194e-08,0.00873763021,6.24400398e-09,9.34341493e-09,0,0,9.52491291e-07,1.23850749e-10,0.00873762928
8.73040165e-08,1.57723097e-08,0.00873763021,5.7433529e-09,1.00289563e-08,0,0,9.70713131e-07,1.28446295e-10,0.00873762928
8.82005864e-08,1.69088157e-08,0.00873763021,5.61628832e-09,1.12925278e-08,0,0,9.90277954e-07,1.34634415e-10,0.00873762928
8.91037573e-08,1.889995e-08,0.00873763021,5.75775294e-09,1.31421967e-08,0,0,1.01207343e-06,1.40870537e-10,0.00873762928
9.00000572e-08,2.11980833e-08,0.00873763021,6.06898221e-09,1.51291015e-08,0,0,1.03622961e-06,1.46971504e-10,0.00873762928
9.09024749e-08,2.28754384e-08,0.00873763021,6.41048592e-09,1.64649521e-08,0,0,1.06120422e-06,1.52698035e-10,0.00873762928
9.18044663e-08,2.25942927e-08,0.00873763021,6.57173738e-09,1.60225557e-08,0,0,1.08535744e-06,1.57345956e-10,0.00873762928
9.27061166e-08,2.17594653e-08,0.00873763021,6.82516177e-09,1.49343045e-08,0,0,1.10791336e-06,1.61643129e-10,0.00873762928
9.36009599e-08,2.09979252e-08,0.00873763021,7.2420856e-09,1.375584e-08,0,0,1.12833129e-06,1.6587115e-10,0.00873762928
9.45021341e-08,2.03970885e-08,0.00873763021,7.73756437e-09,1.26595241e-08,0,0,1.14691625e-06,1.69834771e-10,0.00873762928
9.54031592e-08,1.9549395e-08,0.00873763021,8.05130274e-09,1.14980923e-08,0,0,1.16355693e-06,1.73602618e-10,0.00873762928
9.63061666e-08,1.91894767e-08,0.00873763021,7.92815236e-09,1.12613243e-08,0,0,1.18124251e-06,1.79070536e-10,0.00873762928
9.72035323e-08,1.93439664e-08,0.00873763021,7.29505878e-09,1.20489076e-08,0,0,1.20100219e-06,1.85694932e-10,0.00873762928
9.81005996e-08,2.11487272e-08,0.00873763021,7.2569688e-09,1.3891758e-08,0,0,1.22270728e-06,1.93687372e-10,0.00873762928
9.90038629e-08,2.33478286e-08,0.00873763021,7.33157046e-09,1.60162585e-08,0,0,1.24679548e-06,2.01702155e-10,0.00873762928
9.9900177e-08,2.64239528e-08,0.00873763021,7.82050424e-09,1.86034494e-08,0,0,1.27373858e-06,2.09489343e-10,0.00873762928
1.00802559e-07,2.86748296e-08,0.00873763021,8.24677482e-09,2.04280557e-08,0,0,1.30156786e-06,2.16896695e-10,0.00873762928
1.01704494e-07,2.84340533e-08,0.00873763021,8.49059667e-09,1.99434567e-08,0,0,1.32842217e-06,2.22877661e-10,0.00873762928
1.02606045e-07,2.74921454e-08,0.00873763021,8.7878016e-09,1.8704343e-08,0,0,1.35342134e-06,2.28369823e-10,0.00873762928
1.03500767e-07,2.58420201e-08,0.00873763021,9.06880793e-09,1.67732122e-08,0,0,1.37585016e-06,2.34012865e-10,0.00873762928
1.04401813e-07,2.41638229e-08,0.00873763021,9.33190059e-09,1.48319215e-08,0,0,1.39596659e-06,2.39216286e-10,0.00873762928
1.05302689e-07,2.32214532e-08,0.00873763021,9.71923964e-09,1.35022136e-08,0,0,1.4139265e-06,2.44756687e-10,0.00873762928
1.06203238e-07,2.31170034e-08,0.00873763021,9.84827508e-09,1.32687283e-08,0,0,1.43263344e-06,2.52061205e-10,0.00873762928
1.07103673e-07,2.36728503e-08,0.00873763021,9.2399004e-09,1.44329491e-08,0,0,1.45424588e-06,2.59688548e-10,0.00873762928
1.08004286e-07,2.56169024e-08,0.00873763021,9.07201958e-09,1.65448828e-08,0,0,1.47806054e-06,2.68511796e-10,0.00873762928
1.08905098e-07,2.82995369e-08,0.00873763021,9.14979204e-09,1.91497449e-08,0,0,1.5042616e-06,2.77247725e-10,0.00873762928
1.0980596e-07,3.20443831e-08,0.00873763021,9.77876802e-09,2.22656169e-08,0,0,1.53384667e-06,2.86277863e-10,0.00873762928
1.10700562e-07,3.48946401e-08,0.00873763021,1.03593987e-08,2.45352414e-08,0,0,1.56410647e-06,2.94406222e-10,0.00873762928
1.11602048e-07,3.46629747e-08,0.00873763021,1.05995612e-08,2.40634126e-08,0,0,1.59350441e-06,3.01150299e-10,0.00873762928
1.12503876e-07,3.37883925e-08,0.00873763021,1.1044154e-08,2.27442403e-08,0,0,1.62082904e-06,3.07311454e-10,0.00873762928
1.13406003e-07,3.18746238e-08,0.00873763021,1.13789396e-08,2.04956834e-08,0,0,1.64549112e-06,3.1397665e-10,0.00873762928
1.14301876e-07,2.96347871e-08,0.00873763021,1.15779155e-08,1.80568716e-08,0,0,1.66724965e-06,3.20119709e-10,0.00873762928
1.15204564e-07,2.85053829e-08,0.00873763021,1.2076022e-08,1.6429361e-08,0,0,1.68683061e-06,3.2678793e-10,0.00873762928
1.16100878e-07,2.8295581e-08,0.00873763021,1.23002462e-08,1.59953348e-08,0,0,1.70666522e-06,3.34990646e-10,0.00873762928
1.170039e-07,2.87684401e-08,0.00873763021,1.16074297e-08,1.71610104e-08,0,0,1.73026376e-06,3.43947593e-10,0.00873762928
1.17900576e-07,3.10834167e-08,0.00873763021,1.13894894e-08,1.969393e-08,0,0,1.75608398e-06,3.54381802e-10,0.00873762928
1.18803932e-07,3.40957342e-08,0.00873763021,1.14388206e-08,2.26569128e-08,0,0,1.78469429e-06,3.64959951e-10,0.00873762928
1.1970036e-07,3.83901124e-08,0.00873763021,1.20403403e-08,2.63497721e-08,0,0,1.81672419e-06,3.76006254e-10,0.00873762928
1.20602778e-07,4.21575059e-08,0.00873763021,1.27921131e-08,2.93653919e-08,0,0,1.8502285e-06,3.86085025e-10,0.00873762928
1.21504655e-07,4.21107593e-08,0.00873763021,1.30823334e-08,2.90284241e-08,0,0,1.88251659e-06,3.94533878e-10,0.00873762928
1.22406078e-07,4.11418313e-08,0.00873763021,1.36677212e-08,2.74741083e-08,0,0,1.91237223e-06,4.02212846e-10,0.00873762928
1.2330058e-07,3.89295636e-08,0.00873763021,1.40083785e-08,2.49211869e-08,0,0,1.93908181e-06,4.10215778e-10,0.00873762928
1.24201406e-07,3.62247512e-08,0.00873763021,1.42802943e-08,2.19444551e-08,0,0,1.96289852e-06,4.17716112e-10,0.00873762928
1.25102019e-07,3.45175728e-08,0.00873763021,1.47402091e-08,1.97773655e-08,0,0,1.98408839e-06,4.25338431e-10,0.00873762928
1.26003187e-07,3.41021575e-08,0.00873763021,1.50938213e-08,1.9008338e-08,0,0,2.00518957e-06,4.34758451e-10,0.00873762928
1.2690623e-07,3.46705455e-08,0.00873763021,1.42437031e-08,2.04268442e-08,0,0,2.03080049e-06,4.45648352e-10,0.00873762928
1.27802934e-07,3.68210422e-08,0.00873763021,1.38544429e-08,2.29665993e-08,0,0,2.05866581e-06,4.58000887e-10,0.00873762928
1.28706361e-07,4.06833429e-08,0.00873763021,1.39498297e-08,2.67335132e-08,0,0,2.08980941e-06,4.71601869e-10,0.00873762928
1.29602924e-07,4.57857183e-08,0.00873763021,1.46735619e-08,3.11121546e-08,0,0,2.12451096e-06,4.85421592e-10,0.00873762928
1.30505413e-07,5.01954212e-08,0.00873763021,1.5551926e-08,3.46434952e-08,0,0,2.16103149e-06,4.98345809e-10,0.00873762928
1.31400782e-07,5.02279001e-08,0.00873763021,1.58084283e-08,3.44194717e-08,0,0,2.1958931e-06,5.09057019e-10,0.00873762928
1.32302176e-07,4.90899481e-08,0.00873763021,1.64937202e-08,3.25962297e-08,0,0,2.22818881e-06,5.18840026e-10,0.00873762928
1.33203201e-07,4.65152361e-08,0.00873763021,1.68819447e-08,2.96332896e-08,0,0,2.25720191e-06,5.28771582e-10,0.00873762928
1.34103971e-07,4.33718554e-08,0.00873763021,1.72263999e-08,2.61454574e-08,0,0,2.28279077e-06,5.38268652e-10,0.00873762928
1.35004512e-07,4.10528571e-08,0.00873763021,1.76906827e-08,2.33621762e-08,0,0,2.3055261e-06,5.47759338e-10,0.00873762928
1.35905353e-07,4.05476612e-08,0.00873763021,1.82672384e-08,2.22804228e-08,0,0,2.32754564e-06,5.58923741e-10,0.00873762928
1.36801873e-07,4.07637657e-08,0.00873763021,1.72423587e-08,2.3521407e-08,0,0,2.35467246e-06,5.72412173e-10,0.00873762928
1.37705143e-07,4.31846203e-08,0.00873763021,1.67305103e-08,2.64541118e-08,0,0,2.38459052e-06,5.87341342e-10,0.00873762928
1.38602061e-07,4.73081947e-08,0.00873763021,1.68077552e-08,3.05004413e-08,0,0,2.41774706e-06,6.03499251e-10,0.00873762928
1.39505204e-07,5.3474853e-08,0.00873763021,1.76458457e-08,3.58290073e-08,0,0,2.45517367e-06,6.20060336e-10,0.00873762928
1.40401156e-07,5.87911835e-08,0.00873763021,1.86139513e-08,4.0177234e-08,0,0,2.49448271e-06,6.35760777e-10,0.00873762928
1.41303019e-07,5.9268725e-08,0.00873763021,1.89899101e-08,4.02788167e-08,0,0,2.53256849e-06,6.49352794e-10,0.00873762928
1.42204343e-07,5.80350878e-08,0.00873763021,1.96857055e-08,3.83493806e-08,0,0,2.56745602e-06,6.61651511e-10,0.00873762928
1.43105225e-07,5.52567485e-08,0.00873763021,2.02657606e-08,3.49909897e-08,0,0,2.59870171e-06,6.736946e-10,0.00873762928
1.44005824e-07,5.15449976e-08,0.00873763021,2.06810817e-08,3.08639159e-08,0,0,2.62616322e-06,6.85345058e-10,0.00873762928
1.44906238e-07,4.84522822e-08,0.00873763021,2.10950706e-08,2.73572116e-08,0,0,2.65040921e-06,6.96848579e-10,0.00873762928
1.45800229e-07,4.72953552e-08,0.00873763021,2.1609031e-08,2.5686326e-08,0,0,2.67309883e-06,7.0970968e-10,0.00873762928
1.46704963e-07,4.76930708e-08,0.00873763114,2.06692263e-08,2.70238445e-08,0,0,2.70233159e-06,7.26297911e-10,0.00873762928
1.47602748e-07,5.0203532e-08,0.00873763021,1.99290078e-08,3.02745242e-08,0,0,2.73392993e-06,7.44125983e-10,0.00873762928
1.4850005e-07,5.45798109e-08,0.00873763021,1.99759889e-08,3.4603822e-08,0,0,2.76938636e-06,7.64599384e-10,0.00873762928
1.4940332e-07,6.15194153e-08,0.00873763021,2.08107203e-08,4.07086915e-08,0,0,2.80925269e-06,7.84613319e-10,0.00873762928
1.50305922e-07,6.78753409e-08,0.00873763021,2.20224035e-08,4.58529392e-08,0,0,2.85187571e-06,8.03757061e-10,0.00873762928
1.51201306e-07,6.91698148e-08,0.00873763114,2.25241674e-08,4.66456456e-08,0,0,2.89278773e-06,8.20730317e-10,0.00873762928
1.52102629e-07,6.78827661e-08,0.00873763114,2.32296138e-08,4.46531523e-08,0,0,2.9304108e-06,8.36139824e-10,0.00873762928
1.53003498e-07,6.46765272e-08,0.00873763021,2.38824001e-08,4.07941272e-08,0,0,2.96392341e-06,8.51045012e-10,0.00873762928
1.53904082e-07,6.05428383e-08,0.00873763021,2.44498111e-08,3.60930237e-08,0,0,2.99324006e-06,8.65601368e-10,0.00873762928
1.54804411e-07,5.66322882e-08,0.00873763021,2.48472976e-08,3.17849889e-08,0,0,3.01904242e-06,8.79741779e-10,0.00873762928
1.55704512e-07,5.48402461e-08,0.00873763114,2.54361172e-08,2.94041289e-08,0,0,3.042956e-06,8.9444907e-10,0.00873762928
1.56603889e-07,5.53848061e-08,0.00873763114,2.46455318e-08,3.0739276e-08,0,0,3.07353912e-06,9.14727627e-10,0.00873762928
1.57503436e-07,5.77008166e-08,0.00873763114,2.3591463e-08,3.41093553e-08,0,0,3.10687074e-06,9.3596364e-10,0.00873762928
1.58403168e-07,6.2818728e-08,0.00873763021,2.36035156e-08,3.92152124e-08,0,0,3.14482031e-06,9.60098223e-10,0.00873762928
1.59303127e-07,7.05603398e-08,0.00873763021,2.45121221e-08,4.60482177e-08,0,0,3.18677894e-06,9.83660708e-10,0.00873762928
1.60203228e-07,7.7708421e-08,0.00873763114,2.57863011e-08,5.19221182e-08,0,0,3.23229301e-06,1.00663788e-09,0.00873762928
1.61103898e-07,7.97522119e-08,0.00873763114,2.64334279e-08,5.33187823e-08,0,0,3.27643306e-06,1.02767261e-09,0.00873762928
1.62005108e-07,7.83307925e-08,0.00873763114,2.72037735e-08,5.11270244e-08,0,0,3.31667752e-06,1.04689157e-09,0.00873762928
1.62900321e-07,7.51591571e-08,0.00873763114,2.79616188e-08,4.71975383e-08,0,0,3.35219943e-06,1.06470566e-09,0.00873762928
1.6380244e-07,7.04496088e-08,0.00873763021,2.85857578e-08,4.18638493e-08,0,0,3.38337895e-06,1.08239828e-09,0.00873762928
1.64704957e-07,6.54917827e-08,0.00873763021,2.89731972e-08,3.65185819e-08,0,0,3.41053055e-06,1.09916787e-09,0.00873762928
1.65601193e-07,6.3373264e-08,0.00873763114,2.96334495e-08,3.37398163e-08,0,0,3.43559941e-06,1.11678944e-09,0.00873762928
1.66505771e-07,6.36526565e-08,0.00873763114,2.89370998e-08,3.47155584e-08,0,0,3.46721527e-06,1.1411373e-09,0.00873762928
1.67403783e-07,6.577595e-08,0.00873763114,2.75261147e-08,3.82498371e-08,0,0,3.50222604e-06,1.16619647e-09,0.00873762928
1.68301298e-07,7.19302591e-08,0.00873763114,2.75920886e-08,4.43381722e-08,0,0,3.54238182e-06,1.19492405e-09,0.00873762928
1.69204739e-07,7.90789798e-08,0.00873763021,2.81114687e-08,5.09675075e-08,0,0,3.58675334e-06,1.22260047e-09,0.00873762928
1.70100847e-07,8.82955078e-08,0.00873763114,2.98230667e-08,5.84724411e-08,0,0,3.63517074e-06,1.25014377e-09,0.00873762928
1.71002739e-07,9.1258606e-08,0.00873763114,3.06689856e-08,6.05896204e-08,0,0,3.68246606e-06,1.27459521e-09,0.00873762928
1.71903906e-07,8.95759982e-08,0.00873763114,3.14989528e-08,5.80770418e-08,0,0,3.72544878e-06,1.29721456e-09,0.00873762928
1.72804604e-07,8.6192621e-08,0.00873763114,3.2331716e-08,5.38609086e-08,0,0,3.76344724e-06,1.31851785e-09,0.00873762928
1.73704933e-07,8.0947359e-08,0.00873763021,3.30016903e-08,4.79456688e-08,0,0,3.79636072e-06,1.33950206e-09,0.00873762928
1.74605077e-07,7.48826636e-08,0.00873763114,3.32634329e-08,4.16192343e-08,0,0,3.82476037e-06,1.35923384e-09,0.00873762928
1.75504923e-07,7.24007023e-08,0.00873763114,3.42900961e-08,3.81106062e-08,0,0,3.85128124e-06,1.37979694e-09,0.00873762928
1.76404058e-07,7.23500904e-08,0.00873763207,3.37016708e-08,3.86484196e-08,0,0,3.88328908e-06,1.40676815e-09,0.00873762928
1.7730315e-07,7.42197273e-08,0.00873763114,3.19228697e-08,4.2296854e-08,0,0,3.91993763e-06,1.43646139e-09,0.00873762928
1.78202384e-07,8.13354077e-08,0.00873763114,3.19275308e-08,4.94078805e-08,0,0,3.96217229e-06,1.47030355e-09,0.00873762928
1.7910196e-07,8.87147209e-08,0.00873763114,3.24834062e-08,5.62313147e-08,0,0,4.00832459e-06,1.5041971e-09,0.00873762928
1.8000155e-07,9.93560576e-08,0.00873763114,3.43314888e-08,6.50245653e-08,0,0,4.06001845e-06,1.53663604e-09,0.00873762928
1.8090175e-07,1.03722094e-07,0.00873763207,3.549426e-08,6.8227834e-08,0,0,4.11040628e-06,1.56576807e-09,0.00873762928
1.81802648e-07,1.01880801e-07,0.00873763207,3.63120947e-08,6.5568706e-08,0,0,4.15626528e-06,1.59225688e-09,0.00873762928
1.82704113e-07,9.86982585e-08,0.00873763114,3.73344413e-08,6.13638136e-08,0,0,4.19673324e-06,1.6165379e-09,0.00873762928
1.83606062e-07,9.28052231e-08,0.00873763114,3.81536402e-08,5.46515864e-08,0,0,4.23160418e-06,1.64019875e-09,0.00873762928
1.84501886e-07,8.59550724e-08,0.00873763114,3.85227246e-08,4.74323514e-08,0,0,4.26125098e-06,1.66244196e-09,0.00873762928
1.85404545e-07,8.26460251e-08,0.00873763114,3.95347577e-08,4.31112674e-08,0,0,4.28907651e-06,1.68591674e-09,0.00873762928
1.86300909e-07,8.21636661e-08,0.00873763207,3.91227033e-08,4.30409628e-08,0,0,4.3215864e-06,1.71578496e-09,0.00873762928
1.87204222e-07,8.41208347e-08,0.00873763207,3.69667887e-08,4.7154046e-08,0,0,4.36036134e-06,1.75121484e-09,0.00873762928
1.88101311e-07,9.1683205e-08,0.00873763114,3.69128728e-08,5.47703323e-08,0,0,4.40442409e-06,1.79059723e-09,0.00873762928
1.8900495e-07,9.93200615e-08,0.00873763114,3.72239626e-08,6.20960989e-08,0,0,4.45291471e-06,1.82768922e-09,0.00873762928
1.89901272e-07,1.11198801e-07,0.00873763114,3.93413231e-08,7.18574782e-08,0,0,4.50756124e-06,1.86489824e-09,0.00873762928
1.90803263e-07,1.17110893e-07,0.00873763207,4.07113774e-08,7.6399516e-08,0,0,4.56124644e-06,1.89919169e-09,0.00873762928
1.91704444e-07,1.15104847e-07,0.00873763207,4.14957206e-08,7.36091295e-08,0,0,4.60999354e-06,1.93075889e-09,0.00873762928
1.92605071e-07,1.11857645e-07,0.00873763207,4.27767652e-08,6.90808832e-08,0,0,4.65280073e-06,1.9601476e-09,0.00873762928
1.9350523e-07,1.05373424e-07,0.00873763114,4.34998206e-08,6.18736067e-08,0,0,4.68947383e-06,1.98848005e-09,0.00873762928
1.94405246e-07,9.78428787e-08,0.00873763114,4.39249419e-08,5.39179368e-08,0,0,4.7206313e-06,2.01540629e-09,0.00873762928
1.95304935e-07,9.34259816e-08,0.00873763207,4.50160904e-08,4.84098912e-08,0,0,4.74931403e-06,2.04289274e-09,0.00873762928
1.96200816e-07,9.23441377e-08,0.00873763207,4.48077664e-08,4.75363677e-08,0,0,4.78196398e-06,2.07707496e-09,0.00873762928
1.97105962e-07,9.44047471e-08,0.00873763207,4.23831601e-08,5.2021587e-08,0,0,4.82246105e-06,2.11810813e-09,0.00873762928
1.98004059e-07,1.01491914e-07,0.00873763207,4.18717079e-08,5.96202057e-08,0,0,4.86812087e-06,2.16248308e-09,0.00873762928
1.98901404e-07,1.10458878e-07,0.00873763114,4.2294463e-08,6.8164411e-08,0,0,4.91863511e-06,2.20566387e-09,0.00873762928
1.99804461e-07,1.23127663e-07,0.00873763114,4.44429062e-08,7.86847636e-08,0,0,4.97621022e-06,2.24866059e-09,0.00873762928
2.00700057e-07,1.31344578e-07,0.00873763207,4.62630751e-08,8.50815027e-08,0,0,5.03279716e-06,2.28862662e-09,0.00873762928
2.01601353e-07,1.29312298e-07,0.008737633,4.70227981e-08,8.22894961e-08,0,0,5.08454877e-06,2.32564901e-09,0.00873762928
2.02502022e-07,1.25653131e-07,0.00873763207,4.844755e-08,7.72055913e-08,0,0,5.1298116e-06,2.35973574e-09,0.00873762928
2.0340228e-07,1.18741795e-07,0.00873763114,4.93605015e-08,6.93812936e-08,0,0,5.16837963e-06,2.39206654e-09,0.00873762928
2.04302324e-07,1.10666583e-07,0.00873763114,4.99194499e-08,6.07471264e-08,0,0,5.20090907e-06,2.42362441e-09,0.00873762928
2.05202042e-07,1.04961778e-07,0.00873763207,5.09677136e-08,5.39940643e-08,0,0,5.23054905e-06,2.45545895e-09,0.00873762928
2.06101106e-07,1.03516157e-07,0.008737633,5.11190024e-08,5.23676746e-08,2.94796895e-11,0,5.26342683e-06,2.49347543e-09,0.00873762928
2.07006025e-07,1.0525283e-07,0.008737633,4.84777445e-08,5.67456055e-08,2.94796895e-11,0,5.3057347e-06,2.54105093e-09,0.00873762928
2.07904691e-07,1.12865926e-07,0.00873763207,4.76575899e-08,6.51788596e-08,2.94796895e-11,0,5.3530548e-06,2.59238297e-09,0.00873762928
2.08803613e-07,1.22084131e-07,0.00873763114,4.79699516e-08,7.40847028e-08,2.94796895e-11,0,5.40600377e-06,2.64408984e-09,0.00873762928
2.09702606e-07,1.3594746e-07,0.00873763207,5.02281523e-08,8.56898268e-08,2.94796895e-11,0,5.46565207e-06,2.69515965e-09,0.00873762928
2.10602124e-07,1.46363519e-07,0.008737633,5.25063655e-08,9.38276727e-08,2.94796895e-11,0,5.52583379e-06,2.74325629e-09,0.00873762928
2.11502496e-07,1.44459577e-07,0.008737633,5.32171853e-08,9.1212911e-08,2.94796895e-11,0,5.58054217e-06,2.78716605e-09,0.00873762928
2.12403066e-07,1.40633617e-07,0.008737633,5.47190773e-08,8.58850626e-08,2.94796895e-11,0,5.62830201e-06,2.82827006e-09,0.00873762928
2.13303196e-07,1.33217782e-07,0.00873763207,5.56222624e-08,7.75660283e-08,2.94796895e-11,0,5.6687677e-06,2.86688473e-09,0.00873762928
2.14203112e-07,1.24393409e-07,0.00873763114,5.64089788e-08,6.79549501e-08,2.94796895e-11,0,5.70266866e-06,2.90359892e-09,0.00873762928
2.15102773e-07,1.17531748e-07,0.00873763207,5.75234189e-08,5.9978845e-08,2.94796895e-11,0,5.73321267e-06,2.93970737e-09,0.00873762928
2.16001823e-07,1.15336924e-07,0.008737633,5.80649591e-08,5.70108298e-08,2.61133781e-10,0,5.76592902e-06,2.98194869e-09,0.00873762928
2.16906457e-07,1.16556002e-07,0.00873763394,5.51117409e-08,6.11831226e-08,2.61133781e-10,0,5.80975802e-06,3.03628145e-09,0.00873762928
2.17804867e-07,1.23865377e-07,0.00873763207,5.37267724e-08,6.98774656e-08,2.61133781e-10,0,5.85835232e-06,3.09307402e-09,0.00873762928
2.18703434e-07,1.35266689e-07,0.00873763207,5.42158816e-08,8.07896754e-08,2.61133781e-10,0,5.91382286e-06,3.15103565e-09,0.00873762928
2.19602185e-07,1.49397778e-07,0.00873763207,5.6423314e-08,9.27133357e-08,2.61133781e-10,0,5.97561666e-06,3.20737303e-09,0.00873762928
2.20501377e-07,1.60929417e-07,0.008737633,5.87764823e-08,1.018918e-07,2.61133781e-10,0,6.03905664e-06,3.26209193e-09,0.00873762928
2.21401464e-07,1.60525701e-07,0.00873763394,5.97064513e-08,1.00558118e-07,2.61133781e-10,0,6.0970724e-06,3.31261885e-09,0.00873762928
2.22301978e-07,1.56822509e-07,0.008737633,6.1594875e-08,9.49665022e-08,2.61133781e-10,0,6.14755345e-06,3.36020811e-09,0.00873762928
2.23202065e-07,1.49181091e-07,0.00873763207,6.26175876e-08,8.63023146e-08,2.61192235e-10,0,6.19017283e-06,3.4038703e-09,0.00873762928
2.24101967e-07,1.39802452e-07,0.00873763114,6.34129123e-08,7.60982317e-08,2.9131017e-10,0,6.22573998e-06,3.44617845e-09,0.00873762928
2.25001628e-07,1.27272443e-07,0.008737633,6.24389926e-08,6.45021103e-08,3.31344591e-10,0,6.25725306e-06,3.54636009e-09,0.00873762928
2.25900592e-07,1.25272422e-07,0.00873763394,6.34231441e-08,6.11039184e-08,7.45358109e-10,0,6.29059741e-06,3.68210529e-09,0.00873762928
2.26804801e-07,1.25650971e-07,0.00873763394,6.06466415e-08,6.42482902e-08,7.56046836e-10,0,6.33610307e-06,3.7635699e-09,0.00873762928
2.27702998e-07,1.31987974e-07,0.008737633,5.92391451e-08,7.19927797e-08,7.56046836e-10,0,6.38522079e-06,3.83971388e-09,0.00873762928
2.2860138e-07,1.42852514e-07,0.00873763207,5.94347398e-08,8.26617281e-08,7.56046836e-10,0,6.44179545e-06,3.91412014e-09,0.00873762928
2.29506426e-07,1.58967055e-07,0.00873763207,6.19279206e-08,9.62830882e-08,7.56046836e-10,0,6.50480797e-06,3.98635169e-09,0.00873762928
2.30405348e-07,1.72653074e-07,0.00873763394,6.49955112e-08,1.06901517e-07,7.56046836e-10,0,6.57000373e-06,4.05207423e-09,0.00873762928
2.31305236e-07,1.73398959e-07,0.00873763394,6.5736522e-08,1.06906384e-07,7.56046836e-10,0,6.62981756e-06,4.11096357e-09,0.00873762928
2.32205878e-07,1.70623892e-07,0.00873763394,6.80208245e-08,1.01847021e-07,7.56046836e-10,0,6.68192433e-06,4.16632817e-09,0.00873762928
2.33100664e-07,1.6450096e-07,0.00873763207,6.97428746e-08,9.39812921e-08,7.76791409e-10,0,6.72563465e-06,4.21780832e-09,0.00873762928
2.34002513e-07,1.54204812e-07,0.00873763207,7.03605849e-08,8.29976869e-08,8.46540615e-10,0,6.76219088e-06,4.27059188e-09,0.00873762928
2.34904775e-07,1.42308551e-07,0.008737633,6.9587081e-08,7.16567214e-08,1.06474685e-09,0,6.79465984e-06,4.41259429e-09,0.00873762928
2.35800783e-07,1.37530492e-07,0.00873763394,6.95974052e-08,6.67752005e-08,1.15788368e-09,0,6.82798009e-06,4.48279724e-09,0.00873762928
2.36704082e-07,1.40955407e-07,0.00873763487,6.80162984e-08,7.11077206e-08,1.83139526e-09,0,6.87625152e-06,4.57130866e-09,0.00873762928
2.37601355e-07,1.46921494e-07,0.00873763394,6.6304132e-08,7.87859662e-08,1.83139526e-09,0,6.92765934e-06,4.6529971e-09,0.00873762928
2.38505436e-07,1.58552908e-07,0.00873763207,6.67874858e-08,8.99340264e-08,1.83139526e-09,0,6.98710483e-06,4.7352402e-09,0.00873762928
2.39402226e-07,1.73625921e-07,0.00873763207,6.85766111e-08,1.03217921e-07,1.83139526e-09,0,7.05195635e-06,4.80898876e-09,0.00873762928
2.40304445e-07,1.89160247e-07,0.00873763394,7.21620026e-08,1.15166841e-07,1.83139526e-09,0,7.12092515e-06,4.87760188e-09,0.00873762928
2.41205669e-07,1.91748271e-07,0.00873763487,7.33196757e-08,1.16597199e-07,1.83139526e-09,0,7.18453202e-06,4.94054353e-09,0.00873762928
2.42106069e-07,1.88754484e-07,0.00873763487,7.54913074e-08,1.11431788e-07,1.83139526e-09,0,7.23946823e-06,5.00001951e-09,0.00873762928
2.43005985e-07,1.82989439e-07,0.008737633,7.74756685e-08,1.03598062e-07,1.91570715e-09,0,7.28549367e-06,5.05633047e-09,0.00873762928
2.43905475e-07,1.69662073e-07,0.00873763207,7.69992567e-08,9.05508202e-08,2.11199236e-09,0,7.32356011e-06,5.1692437e-09,0.00873762928
2.44804596e-07,1.59560443e-07,0.008737633,7.70086359e-08,8.01110716e-08,2.4407325e-09,0,7.35721369e-06,5.23704902e-09,0.00873762928
2.45703148e-07,1.50662615e-07,0.00873763487,7.58459606e-08,7.2323509e-08,2.49314858e-09,0,7.39169036e-06,5.30986499e-09,0.00873762928
2.46601104e-07,1.47080968e-07,0.0087376358,7.20297848e-08,7.21210398e-08,2.9301499e-09,0,7.43957753e-06,5.4926077e-09,0.00873762928
2.4750608e-07,1.52731801e-07,0.00873763394,7.02243668e-08,7.95772905e-08,2.9301499e-09,0,7.49250785e-06,5.604194e-09,0.00873762928
2.48403808e-07,1.63687034e-07,0.008737633,7.05493122e-08,9.02075712e-08,2.9301499e-09,0,7.55244037e-06,5.70349457e-09,0.00873762928
2.49300541e-07,1.77125301e-07,0.00873763207,7.25353146e-08,1.01659829e-07,2.9301499e-09,0,7.61613046e-06,5.79229553e-09,0.00873762928
2.50202817e-07,1.89498522e-07,0.00873763394,7.53170184e-08,1.11251346e-07,2.9301499e-09,0,7.68414975e-06,5.87472604e-09,0.00873762928
2.51104041e-07,1.93640332e-07,0.00873763487,7.70441062e-08,1.13666076e-07,2.9301499e-09,0,7.74761793e-06,5.94933169e-09,0.00873762928
2.52004526e-07,1.89887913e-07,0.00873763487,7.83873091e-08,1.08570454e-07,2.9301499e-09,0,7.80271512e-06,6.02035843e-09,0.00873762928
2.529043e-07,1.84321905e-07,0.00873763394,7.9750663e-08,1.01498337e-07,3.07290726e-09,0,7.84985878e-06,6.08680972e-09,0.00873762928
2.53803591e-07,1.75543505e-07,0.00873763207,8.05027653e-08,9.17452141e-08,3.29552563e-09,0,7.88918078e-06,6.14816686e-09,0.00873762928
2.54702599e-07,1.65467014e-07,0.008737633,8.05335461e-08,8.12455454e-08,3.68792552e-09,0,7.92325136e-06,6.2085137e-09,0.00873762928
2.5560081e-07,1.589015e-07,0.00873763487,8.01487374e-08,7.496525e-08,3.7875183e-09,0,7.95945652e-06,6.27425223e-09,0.00873762928
2.56504023e-07,1.61397139e-07,0.0087376358,7.91654742e-08,7.76037794e-08,4.62788829e-09,0,8.00835824e-06,6.35597219e-09,0.00873762928
2.57400757e-07,1.66344222e-07,0.00873763487,7.68542776e-08,8.48620587e-08,4.62788829e-09,0,8.0629261e-06,6.43704645e-09,0.00873762928
2.5830434e-07,1.77838103e-07,0.008737633,7.69503927e-08,9.6259825e-08,4.62788829e-09,0,8.12553481e-06,6.52148691e-09,0.00873762928
2.59201897e-07,1.91254884e-07,0.008737633,7.87651189e-08,1.07861879e-07,4.62788829e-09,0,8.19137313e-06,6.60003163e-09,0.00873762928
2.60106191e-07,2.05644525e-07,0.00873763394,8.15691692e-08,1.19447463e-07,4.62788829e-09,0,8.26292853e-06,6.67353994e-09,0.00873762928
2.61004942e-07,2.11570637e-07,0.0087376358,8.36555856e-08,1.23287151e-07,4.62788829e-09,0,8.32982096e-06,6.74245992e-09,0.00873762928
2.61904717e-07,2.08603367e-07,0.0087376358,8.49072563e-08,1.19043733e-07,4.65238026e-09,0,8.38825326e-06,6.80860879e-09,0.00873762928
2.62804491e-07,2.03137546e-07,0.00873763394,8.68094361e-08,1.11319252e-07,5.0088671e-09,0,8.43810631e-06,6.87225032e-09,0.00873762928
2.63703782e-07,1.94007072e-07,0.00873763207,8.78249864e-08,1.00787759e-07,5.3943392e-09,0,8.47931551e-06,6.93085278e-09,0.00873762928
2.64602846e-07,1.81928499e-07,0.008737633,8.71879919e-08,8.91495162e-08,5.590993e-09,0,8.51409186e-06,6.98855507e-09,0.00873762928
2.65500972e-07,1.76118348e-07,0.00873763487,8.74948185e-08,8.26206943e-08,6.00283245e-09,0,8.55174585e-06,7.05220726e-09,0.00873762928
2.66404101e-07,1.7840371e-07,0.0087376358,8.69033343e-08,8.44686951e-08,7.03168457e-09,0,8.60124692e-06,7.13270776e-09,0.00873762928
2.67300408e-07,1.83252993e-07,0.0087376358,8.42730401e-08,9.1948273e-08,7.03168457e-09,0,8.65869242e-06,7.21655047e-09,0.00873762928
2.68203621e-07,1.95985436e-07,0.008737633,8.42411367e-08,1.04712612e-07,7.03168457e-09,0,8.72383953e-06,7.30294847e-09,0.00873762928
2.69100923e-07,2.05878607e-07,0.008737633,8.43683523e-08,1.14478574e-07,7.03168457e-09,0,8.79176696e-06,7.3860722e-09,0.00873762928
2.70004875e-07,2.22978414e-07,0.00873763394,8.82888642e-08,1.2765787e-07,7.03168457e-09,0,8.86684575e-06,7.4655917e-09,0.00873762928
2.70903286e-07,2.32350743e-07,0.0087376358,9.12311293e-08,1.34087941e-07,7.03168457e-09,0,8.93798278e-06,7.53930873e-09,0.00873762928
2.71802776e-07,2.30068082e-07,0.00873763673,9.26575936e-08,1.30212896e-07,7.19758475e-09,0,9.00061514e-06,7.60935492e-09,0.00873762928
2.72702522e-07,2.24509606e-07,0.00873763487,9.45795975e-08,1.22084941e-07,7.84507481e-09,0,9.05383877e-06,7.6772082e-09,0.00873762928
2.73601614e-07,2.15266056e-07,0.008737633,9.59472999e-08,1.10954893e-07,8.36386693e-09,0,9.09774826e-06,7.7395752e-09,0.00873762928
2.74500451e-07,2.02537322e-07,0.008737633,9.55462411e-08,9.83029835e-08,8.68808758e-09,0,9.13453823e-06,7.80065079e-09,0.00873762928
2.75404801e-07,1.96307155e-07,0.00873763487,9.61732241e-08,9.08577391e-08,9.27619137e-09,0,9.17363741e-06,7.86695242e-09,0.00873762928
2.7630125e-07,1.9862857e-07,0.00873763673,9.636193e-08,9.1723166e-08,1.05434719e-08,0,9.22303661e-06,7.94746846e-09,0.00873762928
2.77203355e-07,2.03815588e-07,0.0087376358,9.37937585e-08,9.94783562e-08,1.05434719e-08,0,9.28379814e-06,8.04094036e-09,0.00873762928
2.78106086e-07,2.16003201e-07,0.00873763394,9.33261646e-08,1.12133563e-07,1.05434719e-08,0,9.35144544e-06,8.14175749e-09,0.00873762928
2.79002819e-07,2.28293544e-07,0.008737633,9.32800219e-08,1.24470048e-07,1.05434719e-08,0,9.42291354e-06,8.23497093e-09,0.00873762928
2.79906288e-07,2.47017852e-07,0.00873763394,9.6961152e-08,1.39513233e-07,1.05434719e-08,0,9.50125741e-06,8.32419733e-09,0.00873762928
2.80804159e-07,2.56220488e-07,0.00873763673,9.94855824e-08,1.46191425e-07,1.05434719e-08,0,9.57609063e-06,8.40776782e-09,0.00873762928
2.81703194e-07,2.55577874e-07,0.00873763673,1.0149973e-07,1.4302546e-07,1.1052677e-08,0,9.64205083e-06,8.4879348e-09,0.00873762928
2.82603111e-07,2.4962759e-07,0.0087376358,1.03529018e-07,1.34219889e-07,1.18786927e-08,0,9.69800567e-06,8.56555982e-09,0.00873762928
2.83503738e-07,2.39870303e-07,0.008737633,1.05030772e-07,1.22195971e-07,1.26435733e-08,0,9.74413251e-06,8.63808136e-09,0.00873762928
2.84404933e-07,2.26124399e-07,0.008737633,1.0455647e-07,1.08586271e-07,1.29816593e-08,0,9.782294e-06,8.72410943e-09,0.00873762928
2.85306498e-07,2.18625047e-07,0.00873763487,1.05220224e-07,9.97655931e-08,1.36392408e-08,0,9.82181155e-06,8.80561668e-09,0.00873762928
2.86202152e-07,2.20036767e-07,0.00873763673,1.056938e-07,9.92457174e-08,1.50972497e-08,0,9.87105432e-06,8.91113849e-09,0.00873762928
2.87104939e-07,2.25885202e-07,0.00873763673,1.03317745e-07,1.07470207e-07,1.50972497e-08,0,9.93462345e-06,9.03254271e-09,0.00873762928
2.88001559e-07,2.37971051e-07,0.00873763487,1.02310651e-07,1.20563143e-07,1.50972497e-08,0,1.00042207e-05,9.15533782e-09,0.00873762928
2.88905085e-07,2.50024925e-07,0.008737633,1.02035997e-07,1.32891685e-07,1.50972497e-08,0,1.00793377e-05,9.27509447e-09,0.00873762928
2.89801591e-07,2.70186746e-07,0.00873763394,1.05841437e-07,1.49248052e-07,1.50972497e-08,0,1.01600908e-05,9.38305789e-09,0.00873762928
2.90703298e-07,2.83514765e-07,0.00873763673,1.09107148e-07,1.59306751e-07,1.51008592e-08,0,1.02399154e-05,9.48361123e-09,0.00873762928
2.91603868e-07,2.82505425e-07,0.00873763766,1.1113783e-07,1.55471326e-07,1.58962514e-08,0,1.03103448e-05,9.57827684e-09,0.00873762928
2.92503501e-07,2.76439579e-07,0.0087376358,1.13521942e-07,1.45995344e-07,1.69222805e-08,0,1.03698967e-05,9.66912772e-09,0.00873762928
2.93402479e-07,2.60484569e-07,0.00873763394,1.12408394e-07,1.30481595e-07,1.75945889e-08,0,1.04191222e-05,9.79232251e-09,0.00873762928
2.94300889e-07,2.44403196e-07,0.00873763394,1.12365839e-07,1.13945468e-07,1.80918871e-08,0,1.04596102e-05,1.01588578e-08,0.00873762928
2.9520487e-07,2.33531139e-07,0.0087376358,1.12425226e-07,1.02412656e-07,1.86932656e-08,0,1.05003892e-05,1.05535269e-08,0.00873762928
2.96103877e-07,2.18111595e-07,0.00873763766,1.07124876e-07,9.18312963e-08,1.91554186e-08,0,1.05485251e-05,1.10250333e-08,0.00873762928
2.97001804e-07,2.25472419e-07,0.00873763766,1.06527715e-07,9.97748728e-08,1.91698355e-08,0,1.06109701e-05,1.13087246e-08,0.00873762928
2.97905785e-07,2.37442521e-07,0.00873763673,1.05791969e-07,1.1248072e-07,1.91698355e-08,0,1.06795724e-05,1.14894174e-08,0.00873762928
2.98802689e-07,2.51961268e-07,0.00873763394,1.06202208e-07,1.26589214e-07,1.91698355e-08,0,1.07527176e-05,1.16453061e-08,0.00873762928
2.9970542e-07,2.69077418e-07,0.00873763487,1.08778529e-07,1.4112905e-07,1.91698355e-08,0,1.08303902e-05,1.17802976e-08,0.00873762928
3.00600533e-07,2.83912442e-07,0.00873763673,1.12494774e-07,1.52247821e-07,1.91698355e-08,0,1.09073608e-05,1.18968284e-08,0.00873762928
3.01501018e-07,2.8772476e-07,0.00873763766,1.15677494e-07,1.52200769e-07,1.98464978e-08,0,1.0977622e-05,1.20025661e-08,0.00873762928
3.02400593e-07,2.8759527e-07,0.00873763673,1.19355988e-07,1.47118882e-07,2.11204156e-08,0,1.1038479e-05,1.21020136e-08,0.00873762928
3.03305882e-07,2.83719373e-07,0.00873763487,1.22508141e-07,1.39059068e-07,2.21521592e-08,0,1.10900346e-05,1.21959163e-08,0.00873762928
3.04204207e-07,2.73863463e-07,0.00873763394,1.2405539e-07,1.26950994e-07,2.28570745e-08,0,1.11314066e-05,1.22838291e-08,0.00873762928
3.05101707e-07,2.67120583e-07,0.00873763487,1.25623401e-07,1.17662395e-07,2.38347866e-08,0,1.11719401e-05,1.23765469e-08,0.00873762928
3.06004637e-07,2.66837958e-07,0.00873763766,1.26777834e-07,1.14295716e-07,2.57644057e-08,0,1.12198959e-05,1.25000899e-08,0.00873763021
3.06905605e-07,2.58716227e-07,0.00873763859,1.20585128e-07,1.12316897e-07,2.5814197e-08,0,1.12855732e-05,1.32071225e-08,0.00873762928
3.07800377e-07,2.67682225e-07,0.00873763766,1.19184378e-07,1.22683659e-07,2.5814197e-08,0,1.1356753e-05,1.35269653e-08,0.00873762928
3.08702226e-07,2.83170607e-07,0.00873763487,1.19032755e-07,1.38323671e-07,2.5814197e-08,0,1.14352506e-05,1.37941054e-08,0.00873762928
3.09604644e-07,3.02813788e-07,0.00873763487,1.21448167e-07,1.55551447e-07,2.5814197e-08,0,1.15176672e-05,1.40197933e-08,0.00873762928
3.10501264e-07,3.21348836e-07,0.00873763673,1.25309199e-07,1.7019606e-07,2.58435939e-08,0,1.16002429e-05,1.42104151e-08,0.00873762928
3.11405586e-07,3.24817677e-07,0.00873763859,1.28065722e-07,1.69675715e-07,2.70762488e-08,0,1.16757374e-05,1.4378565e-08,0.00873762928
3.12304451e-07,3.24009562e-07,0.00873763766,1.31823953e-07,1.63713381e-07,2.84722379e-08,0,1.17406644e-05,1.45275676e-08,0.00873762928
3.13204112e-07,3.18136273e-07,0.0087376358,1.35165223e-07,1.53033355e-07,2.99376808e-08,0,1.17952641e-05,1.52986566e-08,0.00873762928
3.14104597e-07,3.05273261e-07,0.00873763487,1.36228977e-07,1.38271957e-07,3.07723198e-08,0,1.18389698e-05,1.60582569e-08,0.00873763021
3.15005707e-07,2.96725915e-07,0.0087376358,1.37982411e-07,1.26757527e-07,3.19859694e-08,0,1.18800772e-05,1.64253748e-08,0.00873762928
3.15900877e-07,2.80598442e-07,0.00873763859,1.33499654e-07,1.14687182e-07,3.24116272e-08,0,1.19261304e-05,1.68205911e-08,0.00873763021
3.16805824e-07,2.89676876e-07,0.00873763952,1.33413437e-07,1.2309134e-07,3.31720962e-08,0,1.19954257e-05,1.72547683e-08,0.00873762928
3.17705059e-07,3.01482117e-07,0.00873763766,1.3224647e-07,1.36063562e-07,3.31720962e-08,0,1.20695959e-05,1.74945267e-08,0.00873762928
3.18603156e-07,3.18195049e-07,0.0087376358,1.32098066e-07,1.52924869e-07,3.31720962e-08,0,1.21523835e-05,1.77038082e-08,0.00873762928
3.19506512e-07,3.39978897e-07,0.00873763487,1.34604704e-07,1.72185935e-07,3.31882433e-08,0,1.2239444e-05,1.78882011e-08,0.00873762928
3.20401938e-07,3.60418767e-07,0.00873763673,1.39118995e-07,1.87851427e-07,3.34483374e-08,0,1.23273603e-05,1.80500024e-08,0.00873762928
3.2130248e-07,3.63927001e-07,0.00873763859,1.41818745e-07,1.8736263e-07,3.47456144e-08,0,1.24075304e-05,1.81948803e-08,0.00873762928
3.22201885e-07,3.60236015e-07,0.00873763859,1.44918914e-07,1.78756864e-07,3.6560234e-08,0,1.24764238e-05,1.83314199e-08,0.00873762928
3.23100295e-07,3.52945506e-07,0.00873763673,1.48221829e-07,1.6672702e-07,3.79966423e-08,0,1.25346405e-05,1.84595805e-08,0.00873762928
3.24004645e-07,3.40458797e-07,0.00873763487,1.49643938e-07,1.51802411e-07,3.90124555e-08,0,1.25808665e-05,1.85797528e-08,0.00873762928
3.24901833e-07,3.28623941e-07,0.00873763487,1.51325267e-07,1.36566769e-07,4.07319121e-08,0,1.26224913e-05,1.8697996e-08,0.00873762928
3.25804336e-07,3.12134887e-07,0.00873763859,1.46960033e-07,1.24171777e-07,4.100308e-08,0,1.26700652e-05,1.91509457e-08,0.00873762928
3.26704708e-07,3.20807885e-07,0.00873763952,1.47493111e-07,1.307573e-07,4.25574846e-08,0,1.27401099e-05,1.96025365e-08,0.00873762928
3.27604567e-07,3.30731694e-07,0.00873763859,1.45097104e-07,1.43077102e-07,4.25574846e-08,0,1.28162856e-05,1.98717824e-08,0.00873762928
3.28504854e-07,3.4774834e-07,0.00873763673,1.45137406e-07,1.60052252e-07,4.25586748e-08,0,1.2901869e-05,2.01141486e-08,0.00873762928
3.29405992e-07,3.69184619e-07,0.0087376358,1.46695612e-07,1.79930325e-07,4.25586748e-08,0,1.29909677e-05,2.03222736e-08,0.00873762928
3.30301276e-07,3.92040562e-07,0.00873763673,1.51538032e-07,1.97316737e-07,4.31857892e-08,0,1.30820936e-05,2.05062598e-08,0.00873762928
3.31204234e-07,3.95232462e-07,0.00873763952,1.53790452e-07,1.96814597e-07,4.462742e-08,0,1.31661518e-05,2.0672271e-08,0.00873762928
3.32101905e-07,3.87167887e-07,0.00873763952,1.56324333e-07,1.84574532e-07,4.62690259e-08,0,1.32378664e-05,2.08267732e-08,0.00873762928
3.33000514e-07,3.7523111e-07,0.00873763766,1.5863418e-07,1.6880152e-07,4.77953925e-08,0,1.32982932e-05,2.1270651e-08,0.00873762928
3.33900033e-07,3.61943108e-07,0.0087376358,1.59544001e-07,1.53640769e-07,4.87583378e-08,0,1.33457843e-05,2.15599751e-08,0.00873762928
3.34800291e-07,3.48296879e-07,0.0087376358,1.60733236e-07,1.37026589e-07,5.05370537e-08,0,1.33874109e-05,2.17254286e-08,0.00873762928
3.35700946e-07,3.44858165e-07,0.00873763766,1.61170917e-07,1.3282272e-07,5.08645179e-08,0,1.34364609e-05,2.18759304e-08,0.00873762928
3.36605581e-07,3.53628167e-07,0.00873763952,1.60985252e-07,1.39732137e-07,5.29107851e-08,0,1.35071123e-05,2.20500347e-08,0.00873762928
3.37505242e-07,3.66250362e-07,0.00873763952,1.58861184e-07,1.54478371e-07,5.29107851e-08,0,1.35864902e-05,2.2221311e-08,0.00873762928
3.38403851e-07,3.85533838e-07,0.00873763673,1.58656292e-07,1.73856947e-07,5.30206172e-08,0,1.36757153e-05,2.23935199e-08,0.00873762928
3.39300897e-07,4.09789266e-07,0.0087376358,1.60826573e-07,1.95855677e-07,5.31070121e-08,0,1.37681927e-05,2.25552963e-08,0.00873762928
3.40203059e-07,4.30768267e-07,0.00873763673,1.64111711e-07,2.12359723e-07,5.42968301e-08,0,1.38639143e-05,2.27045849e-08,0.00873762928
3.41103487e-07,4.30681467e-07,0.00873763952,1.64987995e-07,2.09615678e-07,5.60777984e-08,0,1.39510794e-05,2.28470629e-08,0.00873762928
3.42002608e-07,4.2192778e-07,0.00873763952,1.67773521e-07,1.9629347e-07,5.78607811e-08,0,1.40256425e-05,2.29841426e-08,0.00873762928
3.42900705e-07,4.1079619e-07,0.00873763859,1.69972694e-07,1.81378226e-07,5.94452594e-08,0,1.40884931e-05,2.31115127e-08,0.00873762928
3.43804487e-07,3.96069282e-07,0.0087376358,1.71346457e-07,1.6380703e-07,6.09157809e-08,0,1.41380433e-05,2.32331203e-08,0.00873762928
3.44701306e-07,3.79575027e-07,0.0087376358,1.71303768e-07,1.46020767e-07,6.22504928e-08,0,1.41788496e-05,2.33487452e-08,0.00873762928
3.45602842e-07,3.7697086e-07,0.00873763766,1.72980293e-07,1.40750032e-07,6.32405488e-08,0,1.42288163e-05,2.34815243e-08,0.00873762928
3.46504265e-07,3.87604388e-07,0.00873764046,1.74031072e-07,1.46658166e-07,6.69151561e-08,0,1.42980662e-05,2.37202364e-08,0.00873762928
3.47401794e-07,3.9839469e-07,0.00873763952,1.71022663e-07,1.60456892e-07,6.69151561e-08,0,1.43787938e-05,2.39396254e-08,0.00873762928
3.48306457e-07,4.13615879e-07,0.00873763766,1.70210654e-07,1.76470508e-07,6.69347173e-08,0,1.44686264e-05,2.41392382e-08,0.00873762928
3.49205379e-07,4.38984273e-07,0.0087376358,1.71999162e-07,1.99916087e-07,6.70690383e-08,0,1.45629638e-05,2.43185347e-08,0.00873762928
3.5010504e-07,4.64056512e-07,0.0087376358,1.75761912e-07,2.2033386e-07,6.79607481e-08,0,1.46619423e-05,2.44814871e-08,0.00873762928
3.51005838e-07,4.74801197e-07,0.00873763859,1.79768577e-07,2.24654471e-07,7.03781566e-08,0,1.47541796e-05,2.46319818e-08,0.00873762928
3.51901519e-07,4.65166892e-07,0.00873764046,1.81305552e-07,2.11624354e-07,7.22369791e-08,0,1.48333002e-05,2.48286671e-08,0.00873762928
3.52804761e-07,4.57486806e-07,0.00873763859,1.85934269e-07,1.96911373e-07,7.46411715e-08,0,1.4900641e-05,2.56440895e-08,0.00873762928
3.53702575e-07,4.41652219e-07,0.00873763673,1.87474669e-07,1.77769664e-07,7.6407872e-08,0,1.49534571e-05,2.60750834e-08,0.00873762928
3.54601298e-07,4.23800401e-07,0.00873763487,1.8735993e-07,1.58555281e-07,7.78851899e-08,0,1.49961552e-05,2.62749147e-08,0.00873762928
3.55500561e-07,4.21153203e-07,0.00873763766,1.90136475e-07,1.5155949e-07,7.94572586e-08,0,1.50471669e-05,2.64399169e-08,0.00873762928
3.56402495e-07,4.31550006e-07,0.00873764046,1.91580554e-07,1.56807943e-07,8.31615097e-08,0,1.51163122e-05,2.66963038e-08,0.00873762928
3.57300763e-07,4.44386473e-07,0.00873764046,1.88860596e-07,1.72364381e-07,8.31615097e-08,0,1.52012008e-05,2.69234892e-08,0.00873762928
3.58206165e-07,4.64419486e-07,0.00873763859,1.88517319e-07,1.92638169e-07,8.32639984e-08,0,1.52956854e-05,2.71279816e-08,0.00873762928
3.59103808e-07,4.87476029e-07,0.0087376358,1.89254365e-07,2.14792223e-07,8.34294269e-08,0,1.53949513e-05,2.73093281e-08,0.00873762928
3.60005856e-07,5.13688178e-07,0.0087376358,1.92582121e-07,2.36552196e-07,8.45538537e-08,0,1.54983045e-05,2.74765881e-08,0.00873762928
3.60906029e-07,5.24605639e-07,0.00873763859,1.96265916e-07,2.41251058e-07,8.70886794e-08,0,1.55948874e-05,2.76301257e-08,0.00873762928
3.61804638e-07,5.16327646e-07,0.00873764046,1.98482553e-07,2.28494187e-07,8.93508982e-08,0,1.56783408e-05,2.77897474e-08,0.00873762928
3.62701797e-07,5.05950936e-07,0.00873763952,2.02887094e-07,2.11010601e-07,9.20532415e-08,0,1.57484537e-05,2.86174728e-08,0.00873762928
3.63604613e-07,4.91339847e-07,0.00873763673,2.05469021e-07,1.91615555e-07,9.42552916e-08,0,1.58041858e-05,2.90371904e-08,0.00873762928
3.64500352e-07,4.7271709e-07,0.0087376358,2.05064595e-07,1.71824453e-07,9.58280353e-08,0,1.58483035e-05,2.92397999e-08,0.00873762928
3.65402428e-07,4.64614658e-07,0.00873763673,2.06447126e-07,1.60989515e-07,9.71780239e-08,0,1.58992534e-05,2.94257347e-08,0.00873762928
3.66300185e-07,4.74700926e-07,0.00873764046,2.09414281e-07,1.63744545e-07,1.01542099e-07,0,1.5966325e-05,2.95984801e-08,0.00873762928
3.67200897e-07,4.87828061e-07,0.00873764139,2.06200212e-07,1.8007411e-07,1.01553745e-07,0,1.60535747e-05,2.97791303e-08,0.00873762928
3.68100473e-07,5.08708638e-07,0.00873763952,2.05604991e-07,2.01229923e-07,1.01873731e-07,0,1.61491243e-05,2.9960578e-08,0.00873762928
3.69004937e-07,5.31480566e-07,0.00873763673,2.06279026e-07,2.23176841e-07,1.02024671e-07,0,1.62515353e-05,3.01331546e-08,0.00873762928
3.69901272e-07,5.64084189e-07,0.0087376358,2.10853898e-07,2.49329418e-07,1.03900881e-07,0,1.63580498e-05,3.02922452e-08,0.00873762928
3.70802496e-07,5.7823047e-07,0.00873763859,2.14287752e-07,2.57229203e-07,1.06713493e-07,0,1.64597423e-05,3.04451575e-08,0.00873762928
3.71702015e-07,5.7116182e-07,0.00873764139,2.16511054e-07,2.45480976e-07,1.09169804e-07,0,1.65483307e-05,3.05946735e-08,0.00873762928
3.72600027e-07,5.60429953e-07,0.00873764046,2.21335824e-07,2.26941111e-07,1.12153032e-07,0,1.66228419e-05,3.07339292e-08,0.00873762928
3.73503667e-07,5.45136288e-07,0.00873763766,2.24307897e-07,2.06042628e-07,1.14785735e-07,0,1.66825812e-05,3.08645056e-08,0.00873762928
3.74400145e-07,5.27460827e-07,0.0087376358,2.24374745e-07,1.8658065e-07,1.16505461e-07,0,1.67296239e-05,3.09896464e-08,0.00873762928
3.75302562e-07,5.20989147e-07,0.00873763673,2.259805e-07,1.7633657e-07,1.1867207e-07,0,1.67814414e-05,3.1126973e-08,0.00873762928
3.76205691e-07,5.32419165e-07,0.00873764046,2.31303233e-07,1.76500166e-07,1.24615738e-07,0,1.68475417e-05,3.13614237e-08,0.00873762928
3.77100775e-07,5.42716066e-07,0.00873764139,2.27607742e-07,1.90478971e-07,1.24629366e-07,0,1.69366449e-05,3.16606439e-08,0.00873762928
3.78002852e-07,5.61133675e-07,0.00873763952,2.25700887e-07,2.10647983e-07,1.24784819e-07,0,1.70338008e-05,3.18960964e-08,0.00873762928
3.78905838e-07,5.83367182e-07,0.00873763766,2.2535221e-07,2.32844229e-07,1.25170757e-07,0,1.71393403e-05,3.21069393e-08,0.00873762928
3.79803225e-07,6.13235841e-07,0.0087376358,2.28724858e-07,2.5801998e-07,1.26491003e-07,0,1.72481923e-05,3.22971516e-08,0.00873762928
3.80701664e-07,6.37845176e-07,0.00873763859,2.33978412e-07,2.73452514e-07,1.30414264e-07,0,1.735357e-05,3.24699556e-08,0.00873762928
3.81601581e-07,6.32016054e-07,0.00873764139,2.36030402e-07,2.63089277e-07,1.32896403e-07,0,1.74460711e-05,3.2773535e-08,0.00873762928
3.82502833e-07,6.23199071e-07,0.00873764139,2.41729282e-07,2.44766738e-07,1.36703036e-07,0,1.75239293e-05,3.41218858e-08,0.00873762928
3.83405364e-07,6.06316519e-07,0.00873763859,2.43896011e-07,2.2264922e-07,1.39771302e-07,0,1.75863152e-05,3.48419853e-08,0.00873762928
3.84302183e-07,5.88321882e-07,0.0087376358,2.4376331e-07,2.03164817e-07,1.41393727e-07,0,1.76357134e-05,3.51470675e-08,0.00873762928
3.85206448e-07,5.80449637e-07,0.00873763673,2.45298537e-07,1.90959639e-07,1.44191432e-07,0,1.76882968e-05,3.53321994e-08,0.00873762928
3.86105228e-07,5.88138676e-07,0.00873764046,2.49786012e-07,1.89614113e-07,1.48738536e-07,0,1.77534966e-05,3.55615342e-08,0.00873762928
3.87002899e-07,6.00741487e-07,0.00873764232,2.49140811e-07,2.0125654e-07,1.50344121e-07,0,1.78456885e-05,3.58790828e-08,0.00873762928
3.87902247e-07,6.225265e-07,0.00873764139,2.47804252e-07,2.2408507e-07,1.50637163e-07,0,1.79454128e-05,3.6115356e-08,0.00873762928
3.8880043e-07,6.48991545e-07,0.00873763766,2.48597331e-07,2.49209421e-07,1.51184778e-07,0,1.8055156e-05,3.63399728e-08,0.00873762928
3.89703445e-07,6.78084461e-07,0.00873763673,2.50760195e-07,2.73784678e-07,1.53539602e-07,0,1.81688065e-05,3.6549519e-08,0.00873762928
3.90604498e-07,7.03419687e-07,0.00873763952,2.557274e-07,2.90388186e-07,1.57304086e-07,0,1.82805288e-05,3.67504462e-08,0.00873762928
3.9150359e-07,7.0270039e-07,0.00873764232,2.58756273e-07,2.83403409e-07,1.60540679e-07,0,1.8378747e-05,3.71729207e-08,0.00873762928
3.92400807e-07,6.92373305e-07,0.00873764232,2.64487852e-07,2.63490335e-07,1.6439509e-07,0,1.8460858e-05,3.85827477e-08,0.00873762928
3.93303281e-07,6.77860498e-07,0.00873763952,2.67704308e-07,2.42064175e-07,1.68091987e-07,0,1.85278877e-05,3.93780084e-08,0.00873762928
3.94204847e-07,6.593541e-07,0.00873763673,2.6745272e-07,2.21882729e-07,1.70018652e-07,0,1.85811277e-05,3.97402289e-08,0.00873762928
3.95103427e-07,6.44027295e-07,0.00873763766,2.67007493e-07,2.03916116e-07,1.73103672e-07,0,1.86345806e-05,4.00739992e-08,0.00873762928
3.96004793e-07,6.46542674e-07,0.00873764046,2.70291423e-07,2.00502271e-07,1.75748966e-07,0,1.87008845e-05,4.03416678e-08,0.00873762928
3.96902209e-07,6.649733e-07,0.00873764232,2.72716619e-07,2.12119232e-07,1.80137448e-07,0,1.87944079e-05,4.07082865e-08,0.00873762928
3.97801529e-07,6.86213355e-07,0.00873764232,2.71518303e-07,2.34286944e-07,1.80408136e-07,0,1.88953036e-05,4.09879135e-08,0.00873762928
3.98701019e-07,7.10185247e-07,0.00873763859,2.70543921e-07,2.58510397e-07,1.81130943e-07,0,1.90083138e-05,4.12427887e-08,0.00873762928
3.99605284e-07,7.43380667e-07,0.00873763766,2.73987325e-07,2.85818857e-07,1.83574471e-07,0,1.91250219e-05,4.14771542e-08,0.00873762928
4.0050125e-07,7.76212914e-07,0.00873763952,2.80300128e-07,3.07603813e-07,1.88309002e-07,0,1.92400821e-05,4.16930845e-08,0.00873762928
4.01401934e-07,7.72484384e-07,0.00873764325,2.81515526e-07,2.99688367e-07,1.91280478e-07,0,1.93429642e-05,4.22067146e-08,0.00873762928
4.02300259e-07,7.67440895e-07,0.00873764325,2.88738931e-07,2.82791007e-07,1.95910943e-07,0,1.94293934e-05,4.38157173e-08,0.00873762928
4.03203927e-07,7.53148925e-07,0.00873764046,2.92945998e-07,2.60378414e-07,1.99824527e-07,0,1.95005832e-05,4.49003537e-08,0.00873762928
4.04100405e-07,7.3460501e-07,0.00873763766,2.92143369e-07,2.40434446e-07,2.02027209e-07,0,1.95569046e-05,4.5326555e-08,0.00873762928
4.05006375e-07,7.16308648e-07,0.00873763766,2.92172103e-07,2.18509967e-07,2.05626563e-07,0,1.96113124e-05,4.56131488e-08,0.00873762928
4.05901005e-07,7.20916546e-07,0.00873764046,2.95738943e-07,2.16817668e-07,2.0835995e-07,0,1.96792571e-05,4.58713174e-08,0.00873762928
4.0680365e-07,7.385662e-07,0.00873764325,2.99323233e-07,2.26180873e-07,2.13062108e-07,0,1.97744175e-05,4.62669263e-08,0.00873762928
4.07702572e-07,7.53684617e-07,0.00873764325,2.95827277e-07,2.44685907e-07,2.13171475e-07,0,1.98775961e-05,4.65594283e-08,0.00873762928
4.08602091e-07,7.81790447e-07,0.00873763952,2.96536115e-07,2.71437614e-07,2.13816705e-07,0,1.99925908e-05,4.68215973e-08,0.00873762928
4.09506214e-07,8.1564275e-07,0.00873763766,2.99494587e-07,2.9969766e-07,2.16450502e-07,0,2.0111911e-05,4.70631605e-08,0.00873762928
4.10402123e-07,8.48209481e-07,0.00873763859,3.04269975e-07,3.23032083e-07,2.20907424e-07,0,2.02316714e-05,4.72816737e-08,0.00873762928
4.11302494e-07,8.54170253e-07,0.00873764325,3.07544127e-07,3.21095882e-07,2.25530258e-07,0,2.03393829e-05,4.7807891e-08,0.00873762928
4.1220062e-07,8.44885449e-07,0.00873764325,3.13481763e-07,3.0132361e-07,2.30080104e-07,0,2.04291973e-05,4.99265234e-08,0.00873763021
4.13103805e-07,8.31694138e-07,0.00873764139,3.17880449e-07,2.79557781e-07,2.34255893e-07,0,2.05036667e-05,5.11455482e-08,0.00873762928
4.14000084e-07,8.07449794e-07,0.00873763859,3.15252862e-07,2.55330121e-07,2.36866839e-07,0,2.05623219e-05,5.17314582e-08,0.00873762928
4.14901791e-07,7.94646326e-07,0.00873763859,3.1781903e-07,2.35337751e-07,2.41489545e-07,0,2.06169734e-05,5.207513e-08,0.00873762928
4.15803981e-07,7.95234996e-07,0.00873764046,3.20942888e-07,2.31327789e-07,2.42964347e-07,0,2.06862933e-05,5.23129131e-08,0.00873762928
4.16706513e-07,8.1637495e-07,0.00873764418,3.26137382e-07,2.41367985e-07,2.48869554e-07,0,2.07822031e-05,5.2552565e-08,0.00873762928
4.17606543e-07,8.29347414e-07,0.00873764418,3.22138987e-07,2.5817593e-07,2.49032496e-07,0,2.08883248e-05,5.27896376e-08,0.00873762928
4.18506119e-07,8.60302748e-07,0.00873764046,3.23706729e-07,2.86123111e-07,2.5047288e-07,0,2.10053295e-05,5.30229016e-08,0.00873762928
4.1940558e-07,8.94232528e-07,0.00873763859,3.26666651e-07,3.14235621e-07,2.53330256e-07,0,2.11263505e-05,5.32481685e-08,0.00873762928
4.20303252e-07,9.35163712e-07,0.00873763952,3.32540111e-07,3.42871175e-07,2.59752426e-07,0,2.12497653e-05,5.34644258e-08,0.00873762928
4.21200809e-07,9.39385927e-07,0.00873764325,3.35856498e-07,3.39080032e-07,2.64449426e-07,0,2.1360036e-05,5.36749951e-08,0.00873762928
4.22104222e-07,9.29418263e-07,0.00873764418,3.42593239e-07,3.17423229e-07,2.69401824e-07,0,2.1452126e-05,5.3880381e-08,0.00873762928
4.23004792e-07,9.13329245e-07,0.00873764232,3.4442283e-07,2.95711459e-07,2.73194956e-07,0,2.15304117e-05,5.41560929e-08,0.00873762928
4.23902179e-07,8.98064911e-07,0.00873763952,3.44473023e-07,2.77303485e-07,2.76288432e-07,0,2.15945183e-05,5.43828982e-08,0.00873762928
4.24805989e-07,8.74299189e-07,0.00873763859,3.43263366e-07,2.52103973e-07,2.7893185e-07,0,2.164947e-05,5.4581605e-08,0.00873762928
4.25702666e-07,8.77715081e-07,0.00873763952,3.49441763e-07,2.45435842e-07,2.82837476e-07,0,2.17202014e-05,5.48058949e-08,0.00873762928
4.26604885e-07,8.89500598e-07,0.00873764697,3.63645967e-07,2.35292106e-07,2.90562525e-07,0,2.18099813e-05,5.5463321e-08,0.00873762928
4.27500765e-07,9.08776769e-07,0.00873764791,3.59990111e-07,2.56421458e-07,2.92365172e-07,0,2.19159429e-05,5.62532563e-08,0.00873762928
4.28406338e-07,9.42435804e-07,0.00873764418,3.57187986e-07,2.91769197e-07,2.93478621e-07,0,2.2034701e-05,5.67065577e-08,0.00873762928
4.29303668e-07,9.69056146e-07,0.00873764046,3.5608258e-07,3.18016504e-07,2.9495709e-07,0,2.21585306e-05,5.73356864e-08,0.00873763021
4.30202931e-07,9.83005293e-07,0.00873764139,3.53223868e-07,3.29650476e-07,3.00130978e-07,0,2.22878898e-05,5.88265152e-08,0.00873763021
4.31103416e-07,9.81547714e-07,0.00873764511,3.55704657e-07,3.19113468e-07,3.06729589e-07,0,2.24113937e-05,6.02201169e-08,0.00873762928
4.32000007e-07,9.69948928e-07,0.00873764604,3.62207203e-07,2.95432301e-07,3.12309453e-07,0,2.2518394e-05,6.07285884e-08,0.00873762928
4.32905523e-07,9.53073538e-07,0.00873764791,3.74659777e-07,2.57546759e-07,3.20867031e-07,0,2.26045577e-05,6.1566773e-08,0.00873763021
4.33800153e-07,9.35879882e-07,0.00873764325,3.79514233e-07,2.31803185e-07,3.2456245e-07,0,2.26699503e-05,6.24945571e-08,0.00873762928
4.34701491e-07,9.27918791e-07,0.00873764046,3.87374655e-07,2.12507516e-07,3.28036606e-07,0,2.27244727e-05,6.30588488e-08,0.00873762928
4.35601038e-07,8.76227546e-07,0.00873764791,3.73153398e-07,1.69976502e-07,3.3309766e-07,0,2.27798118e-05,6.38217941e-08,0.00873763021
4.36505815e-07,7.77335629e-07,0.00873771403,3.32876255e-07,1.06204688e-07,3.38254694e-07,0,2.2866514e-05,6.6875252e-08,0.00873763021
4.37400047e-07,7.71698922e-07,0.0087377103,3.34725911e-07,8.24305673e-08,3.54542408e-07,0,2.2896973e-05,7.53607807e-08,0.00873763021
4.38305904e-07,7.79637219e-07,0.00873769913,3.37794631e-07,8.54436877e-08,3.56398914e-07,0,2.28993722e-05,7.93034971e-08,0.00873763021
4.39206389e-07,7.90635738e-07,0.00873768795,3.40269168e-07,9.38023561e-08,3.56564243e-07,0,2.29059788e-05,8.23931217e-08,0.00873763021
4.4010136e-07,7.89479543e-07,0.00873768982,3.42724206e-07,9.00847326e-08,3.56670569e-07,0,2.29162833e-05,8.49625295e-08,0.00873763021
4.41003294e-07,7.89387514e-07,0.00873769168,3.45013746e-07,8.76423414e-08,3.5673142e-07,0,2.29283869e-05,8.73201529e-08,0.00873763021
4.4190466e-07,7.98242354e-07,0.00873768609,3.47997315e-07,9.32024165e-08,3.57042609e-07,0,2.29429752e-05,8.93173535e-08,0.00873763021
4.42806567e-07,7.99595057e-07,0.00873768888,3.52477741e-07,8.9924562e-08,3.57192761e-07,0,2.29610814e-05,9.10322058e-08,0.00873763021
4.4370168e-07,8.08174661e-07,0.00873768609,3.59320381e-07,9.13878111e-08,3.5746649e-07,0,2.2982882e-05,9.25222068e-08,0.00873763021
4.44603387e-07,8.23243113e-07,0.00873767864,3.67154769e-07,9.82806867e-08,3.57807636e-07,0,2.30094665e-05,9.38927442e-08,0.00873763021
4.45504156e-07,8.33735783e-07,0.00873767678,3.7313589e-07,1.02562389e-07,3.58037482e-07,0,2.30407859e-05,9.51798924e-08,0.00873763021
4.46405551e-07,8.36795664e-07,0.0087376833,3.77753508e-07,1.00786757e-07,3.58255392e-07,0,2.30759379e-05,9.63524087e-08,0.00873763021
4.47304842e-07,8.49125286e-07,0.00873768236,3.81735589e-07,1.08973055e-07,3.58416656e-07,0,2.31141112e-05,9.74768852e-08,0.00873763021
4.48206492e-07,8.64254332e-07,0.00873767957,3.89334843e-07,1.16312513e-07,3.58606968e-07,0,2.31561371e-05,9.85303856e-08,0.00873763021
4.49101037e-07,8.83656924e-07,0.00873767491,3.97255832e-07,1.27332967e-07,3.59068082e-07,0,2.320565e-05,9.96333256e-08,0.00873763021
4.50004279e-07,8.99848089e-07,0.00873767305,4.02419118e-07,1.37761802e-07,3.59667155e-07,0,2.32658876e-05,1.00923621e-07,0.00873763021
4.50902803e-07,9.2177936e-07,0.00873767212,4.10406471e-07,1.51000748e-07,3.60372155e-07,0,2.33355713e-05,1.02140952e-07,0.00873763021
4.51803913e-07,9.40058726e-07,0.00873767585,4.18990368e-07,1.60288337e-07,3.60780007e-07,0,2.34126201e-05,1.03271212e-07,0.00873763021
4.52703944e-07,9.64610535e-07,0.00873767957,4.23292903e-07,1.79469581e-07,3.61848066e-07,0,2.34970521e-05,1.04304171e-07,0.00873763021
4.53603093e-07,9.9719739e-07,0.00873767585,4.30512671e-07,2.0409388e-07,3.62590868e-07,0,2.35868501e-05,1.05347851e-07,0.00873763021
4.54503379e-07,1.03204411e-06,0.00873766933,4.45608606e-07,2.21662006e-07,3.64773456e-07,0,2.36616997e-05,1.07341883e-07,0.00873763021
4.55400908e-07,1.06355753e-06,0.00873766933,4.56793714e-07,2.41359913e-07,3.65403878e-07,0,2.3741939e-05,1.08439558e-07,0.00873763021
4.56306623e-07,1.10105213e-06,0.00873767026,4.68460115e-07,2.65086726e-07,3.67505351e-07,0,2.38345037e-05,1.09407502e-07,0.00873763021
4.57202788e-07,9.79042397e-07,0.00873779319,4.12710619e-07,1.30174357e-07,4.36157478e-07,0,2.38610446e-05,1.20946808e-07,0.00873763021
4.5810458e-07,9.96832682e-07,0.00873777084,4.09690102e-07,1.3037976e-07,4.5676282e-07,0,2.38665943e-05,1.27707764e-07,0.00873763021
4.59000177e-07,1.01461239e-06,0.00873775035,4.13045257e-07,1.37501402e-07,4.64065778e-07,0,2.38723551e-05,1.32406257e-07,0.00873763021
4.59904044e-07,1.01786031e-06,0.00873774663,4.1769141e-07,1.35434689e-07,4.64734256e-07,0,2.38812609e-05,1.36185704e-07,0.00873763021
4.60804586e-07,1.01703972e-06,0.00873774849,4.18294377e-07,1.33692964e-07,4.65052381e-07,0,2.38926423e-05,1.39473286e-07,0.00873763021
4.61705639e-07,1.02080571e-06,0.00873774569,4.20052089e-07,1.35577451e-07,4.65176214e-07,0,2.39044784e-05,1.42470228e-07,0.00873763021
4.62606351e-07,1.02789727e-06,0.00873774104,4.25702837e-07,1.36845912e-07,4.65348563e-07,0,2.39190322e-05,1.45062415e-07,0.00873763021
4.6350047e-07,1.03000093e-06,0.00873774383,4.3193532e-07,1.32270998e-07,4.65794614e-07,0,2.39371693e-05,1.47324343e-07,0.00873763021
4.64400188e-07,1.0386035e-06,0.00873773545,4.38484875e-07,1.33797954e-07,4.66320699e-07,0,2.39594865e-05,1.50621929e-07,0.00873763021
4.65301156e-07,1.0552593e-06,0.00873772614,4.44843124e-07,1.43440502e-07,4.66975706e-07,0,2.39855708e-05,1.52514986e-07,0.00873763021
4.66201783e-07,1.06037214e-06,0.00873772986,4.50348352e-07,1.42547094e-07,4.67476696e-07,0,2.4015033e-05,1.54239473e-07,0.00873763021
4.67102382e-07,1.07002325e-06,0.00873772986,4.56940484e-07,1.45066323e-07,4.68016424e-07,0,2.40478785e-05,1.55913114e-07,0.00873763021
4.68003094e-07,1.0827506e-06,0.008737728,4.61626314e-07,1.52735069e-07,4.68389288e-07,0,2.40828886e-05,1.57424424e-07,0.00873763021
4.68901192e-07,1.09723146e-06,0.00873772707,4.6849172e-07,1.59583706e-07,4.69156049e-07,0,2.41246762e-05,1.58887161e-07,0.00873763021
4.69804434e-07,1.1184934e-06,0.00873772241,4.77608467e-07,1.70690939e-07,4.70193982e-07,0,2.4175617e-05,1.60384076e-07,0.00873763021
4.70701622e-07,1.13931981e-06,0.00873771869,4.86834608e-07,1.80585374e-07,4.71899824e-07,0,2.42354872e-05,1.61982328e-07,0.00873763021
4.71605205e-07,1.15912371e-06,0.00873772055,4.96372365e-07,1.89383627e-07,4.73367777e-07,0,2.43029808e-05,1.63433924e-07,0.00873763021
4.72505349e-07,1.17896968e-06,0.00873772148,5.05471235e-07,1.99381276e-07,4.74117201e-07,0,2.43760351e-05,1.66603741e-07,0.00873763021
4.73403077e-07,1.20805248e-06,0.00873771589,5.12908571e-07,2.19588401e-07,4.75555481e-07,0,2.44552466e-05,1.68235616e-07,0.00873763021
4.74305068e-07,1.22804533e-06,0.00873771776,5.19891216e-07,2.31028636e-07,4.77125468e-07,0,2.45364554e-05,1.69691518e-07,0.00873763021
4.75205383e-07,1.25780457e-06,0.0087377103,5.31513535e-07,2.48078834e-07,4.78212144e-07,0,2.46189175e-05,1.71057181e-07,0.00873763021
4.76105299e-07,1.29011039e-06,0.00873771124,5.477836e-07,2.60703786e-07,4.81622976e-07,0,2.47088174e-05,1.72287159e-07,0.00873763021
4.77004335e-07,1.31713637e-06,0.0087377103,5.58956231e-07,2.74132788e-07,4.84047348e-07,0,2.4806237e-05,1.73529571e-07,0.00873763021
4.77904337e-07,1.222008e-06,0.0087377904,5.20650303e-07,1.61848192e-07,5.39509529e-07,0,2.4837007e-05,1.82584131e-07,0.00873763207
4.78806498e-07,1.22955078e-06,0.00873778015,5.21522509e-07,1.64265231e-07,5.43763065e-07,0,2.48711203e-05,1.87922979e-07,0.00873763207
4.79704852e-07,1.23292796e-06,0.0087377755,5.26836629e-07,1.60809634e-07,5.4528175e-07,0,2.49047825e-05,1.91941155e-07,0.00873763207
4.80604911e-07,1.24083101e-06,0.00873776991,5.26814802e-07,1.67981227e-07,5.46034983e-07,0,2.49345812e-05,1.95339339e-07,0.00873763207
4.81505936e-07,1.24035955e-06,0.00873776712,5.25647351e-07,1.68182126e-07,5.46530089e-07,0,2.49563691e-05,1.9841157e-07,0.00873763207
4.8240031e-07,1.22709628e-06,0.0087377755,5.31204194e-07,1.49119941e-07,5.46772185e-07,0,2.49731584e-05,2.01200777e-07,0.00873763207
4.83300937e-07,1.23346319e-06,0.00873776153,5.35589663e-07,1.50777339e-07,5.47096136e-07,0,2.4986417e-05,2.03721285e-07,0.00873763207
4.84201792e-07,1.22571282e-06,0.00873776432,5.3302989e-07,1.45188665e-07,5.47494267e-07,0,2.50018838e-05,2.05949092e-07,0.00873763207
4.85102646e-07,1.22167137e-06,0.00873776618,5.28202008e-07,1.45760453e-07,5.47708851e-07,0,2.50217872e-05,2.08078106e-07,0.00873763207
4.86003898e-07,1.23701216e-06,0.00873775873,5.30718694e-07,1.5807548e-07,5.48217997e-07,0,2.5055655e-05,2.10099117e-07,0.00873763207
4.86900774e-07,1.24341284e-06,0.00873775594,5.33281479e-07,1.61713359e-07,5.48417916e-07,0,2.50911598e-05,2.11940105e-07,0.00873763207
4.87801117e-07,1.24163262e-06,0.00873776153,5.31547926e-07,1.61542914e-07,5.4854172e-07,0,2.51278543e-05,2.13871729e-07,0.00873763207
4.88701062e-07,1.25162489e-06,0.00873775594,5.34848311e-07,1.67968011e-07,5.488086e-07,0,2.51646543e-05,2.15481123e-07,0.00873763207
4.89600041e-07,1.25266831e-06,0.00873775501,5.40485075e-07,1.63166618e-07,5.49016647e-07,0,2.52003847e-05,2.17401549e-07,0.00873763207
4.90500497e-07,1.25159841e-06,0.00873775315,5.41267241e-07,1.61075775e-07,5.4925539e-07,0,2.5231986e-05,2.18940627e-07,0.00873763207
4.91403341e-07,1.25654162e-06,0.00873774383,5.42950431e-07,1.63948059e-07,5.49643062e-07,0,2.5257541e-05,2.20395904e-07,0.00873763207
4.92304309e-07,1.239482e-06,0.00873775594,5.47808327e-07,1.41434853e-07,5.50238781e-07,0,2.52775917e-05,2.21840523e-07,0.00873763207
4.9320505e-07,1.24216069e-06,0.00873774849,5.49323829e-07,1.42413867e-07,5.50422953e-07,0,2.5293135e-05,2.23178276e-07,0.00873763207
4.94105905e-07,1.24772248e-06,0.00873773918,5.4594949e-07,1.51052248e-07,5.50720756e-07,0,2.53107846e-05,2.24419253e-07,0.00873763207
4.95005395e-07,1.22773076e-06,0.00873775408,5.38656877e-07,1.38219789e-07,5.50853997e-07,0,2.5333351e-05,2.25750611e-07,0.00873763207
4.95905738e-07,1.24468204e-06,0.00873774476,5.44148179e-07,1.494532e-07,5.51080575e-07,0,2.53686358e-05,2.27116431e-07,0.00873763207
4.96806422e-07,1.25775978e-06,0.00873773638,5.45541297e-07,1.60970998e-07,5.51247524e-07,0,2.54071256e-05,2.28307286e-07,0.00873763207
4.97700455e-07,1.24851101e-06,0.00873774849,5.42909845e-07,1.54307116e-07,5.51294022e-07,0,2.54452243e-05,2.29410091e-07,0.00873763207
4.98601196e-07,1.25372731e-06,0.00873774569,5.43053545e-07,1.59243797e-07,5.51429935e-07,0,2.54819297e-05,2.30532194e-07,0.00873763207
4.99501937e-07,1.26365023e-06,0.00873773638,5.48931951e-07,1.62882557e-07,5.5183574e-07,0,2.55169653e-05,2.31595507e-07,0.00873763207
5.00402166e-07,1.25511599e-06,0.00873774476,5.49353558e-07,1.53624242e-07,5.52138204e-07,0,2.55479645e-05,2.32655438e-07,0.00873763207
5.01302907e-07,1.26111047e-06,0.00873773638,5.5022349e-07,1.58542335e-07,5.52344602e-07,0,2.55732048e-05,2.3368051e-07,0.00873763207
5.02203761e-07,1.25187137e-06,0.00873774104,5.55025224e-07,1.44241312e-07,5.52604831e-07,0,2.55928844e-05,2.34663133e-07,0.00873763207
5.03104673e-07,1.24263613e-06,0.00873774383,5.58727265e-07,1.30959762e-07,5.52949132e-07,0,2.56093554e-05,2.35614664e-07,0.00873763207
5.04002287e-07,1.24821327e-06,0.00873773172,5.53869427e-07,1.41112679e-07,5.53231132e-07,0,2.56268722e-05,2.36873092e-07,0.00873763207
5.0490047e-07,1.24093822e-06,0.00873773824,5.47055436e-07,1.40592888e-07,5.53289851e-07,0,2.56494495e-05,2.37982533e-07,0.00873763207
5.05800699e-07,1.24954931e-06,0.00873773918,5.50021014e-07,1.46040648e-07,5.53487666e-07,0,2.56846852e-05,2.39164478e-07,0.00873763207
5.06701099e-07,1.27001408e-06,0.00873772521,5.55631004e-07,1.60732327e-07,5.53650693e-07,0,2.57256179e-05,2.40192975e-07,0.00873763207
5.07601726e-07,1.26506154e-06,0.00873773545,5.53046846e-07,1.58198247e-07,5.53816392e-07,0,2.5768155e-05,2.41066545e-07,0.00873763207
5.08502296e-07,1.26403938e-06,0.00873773918,5.55215138e-07,1.54811474e-07,5.54012729e-07,0,2.58110176e-05,2.41920731e-07,0.00873763207
5.09405709e-07,1.27742908e-06,0.008737728,5.59051045e-07,1.63932583e-07,5.54445421e-07,0,2.58515465e-05,2.42760478e-07,0.00873763207
5.1030662e-07,1.27416854e-06,0.00873773079,5.58558781e-07,1.60952297e-07,5.5465739e-07,0,2.58863511e-05,2.43567257e-07,0.00873763207
5.11204632e-07,1.26901546e-06,0.00873773359,5.58565773e-07,1.55537165e-07,5.54912504e-07,0,2.59150183e-05,2.44354311e-07,0.00873763207
5.12105373e-07,1.26775285e-06,0.00873773079,5.65705875e-07,1.46913237e-07,5.55133795e-07,0,2.59375465e-05,2.45098903e-07,0.00873763207
5.13006114e-07,1.25845293e-06,0.00873773359,5.69866359e-07,1.33165983e-07,5.5542057e-07,0,2.59555309e-05,2.45870268e-07,0.00873763207
5.13900375e-07,1.25890972e-06,0.00873772986,5.67100869e-07,1.3609916e-07,5.55709676e-07,0,2.59742465e-05,2.4660298e-07,0.00873763207
5.14805663e-07,1.25659221e-06,0.00873773079,5.58375405e-07,1.42391769e-07,5.55825068e-07,0,2.60007819e-05,2.47461884e-07,0.00873763207
5.15706461e-07,1.26533257e-06,0.00873773079,5.61422894e-07,1.47882631e-07,5.56027089e-07,0,2.6038444e-05,2.48274347e-07,0.00873763207
5.16606235e-07,1.27790099e-06,0.00873772614,5.62971366e-07,1.58771442e-07,5.5615817e-07,0,2.60808574e-05,2.49014647e-07,0.00873763207
5.17500382e-07,1.27871442e-06,0.00873772986,5.61353829e-07,1.61133755e-07,5.5622678e-07,0,2.61234127e-05,2.49696598e-07,0.00873763207
5.1840118e-07,1.28340776e-06,0.008737728,5.62071534e-07,1.64898012e-07,5.56438181e-07,0,2.6165384e-05,2.50385995e-07,0.00873763207
5.19301864e-07,1.27537533e-06,0.00873773359,5.65510845e-07,1.53093396e-07,5.56770999e-07,0,2.62047961e-05,2.51074425e-07,0.00873763207
5.20202605e-07,1.28560623e-06,0.00873772334,5.66392771e-07,1.62211663e-07,5.57001783e-07,0,2.62391477e-05,2.51728466e-07,0.00873763207
5.21103289e-07,1.27880003e-06,0.008737728,5.66716835e-07,1.5484683e-07,5.57236376e-07,0,2.62670928e-05,2.52362355e-07,0.00873763207
5.220042e-07,1.27231442e-06,0.00873772986,5.73411285e-07,1.41354249e-07,5.57548844e-07,0,2.62888097e-05,2.53010739e-07,0.00873763207
5.22904315e-07,1.26921248e-06,0.00873772614,5.75227659e-07,1.36154597e-07,5.57830163e-07,0,2.63071142e-05,2.53652019e-07,0.00873763207
5.23804772e-07,1.26491238e-06,0.00873772614,5.72525664e-07,1.34242384e-07,5.58144336e-07,0,2.63264155e-05,2.54410736e-07,0.00873763207
5.24705285e-07,1.25994336e-06,0.00873772986,5.63568108e-07,1.38160743e-07,5.58214538e-07,0,2.635073e-05,2.55086604e-07,0.00873763207
5.25605287e-07,1.27675389e-06,0.00873772334,5.6651993e-07,1.51813907e-07,5.58420027e-07,0,2.6386746e-05,2.55741895e-07,0.00873763207
5.26506085e-07,1.29096463e-06,0.00873771776,5.71037049e-07,1.61355544e-07,5.58572083e-07,0,2.64311457e-05,2.56381469e-07,0.00873763207
5.27405973e-07,1.28677675e-06,0.008737728,5.713419e-07,1.56650415e-07,5.5878445e-07,0,2.64782866e-05,2.57011777e-07,0.00873763207
5.28304042e-07,1.29635623e-06,0.00873772148,5.72210695e-07,1.65162263e-07,5.58983231e-07,0,2.65251419e-05,2.57618922e-07,0.00873763207
5.29204726e-07,1.28842544e-06,0.00873772893,5.76508455e-07,1.52585187e-07,5.59331795e-07,0,2.65694616e-05,2.58206853e-07,0.00873763207
5.30105581e-07,1.29680177e-06,0.00873772148,5.74757678e-07,1.62481427e-07,5.59562693e-07,0,2.66083007e-05,2.58875559e-07,0.00873763207
5.31006208e-07,1.29836701e-06,0.00873771776,5.7452371e-07,1.64066336e-07,5.59776993e-07,0,2.66395145e-05,2.59437485e-07,0.00873763207
5.31900412e-07,1.28963893e-06,0.00873772334,5.80167182e-07,1.49458202e-07,5.60013518e-07,0,2.66635761e-05,2.59990145e-07,0.00873763207
5.32801209e-07,1.27884903e-06,0.00873772707,5.85383077e-07,1.33092826e-07,5.6037311e-07,0,2.66833104e-05,2.6056054e-07,0.00873763207
5.33701098e-07,1.28157114e-06,0.00873772055,5.84701468e-07,1.35832835e-07,5.6103687e-07,0,2.67036521e-05,2.61101803e-07,0.00873763207
5.34603942e-07,1.27471014e-06,0.008737728,5.76317234e-07,1.3702676e-07,5.61366221e-07,0,2.67335163e-05,2.6181425e-07,0.00873763207
5.35500874e-07,1.2883994e-06,0.00873772334,5.76659431e-07,1.5015398e-07,5.61586035e-07,0,2.67717605e-05,2.62449959e-07,0.00873763207
5.36401558e-07,1.30875731e-06,0.00873771217,5.78679987e-07,1.68447414e-07,5.61629861e-07,0,2.68169078e-05,2.63070575e-07,0.00873763207
5.37302185e-07,1.29946795e-06,0.00873772614,5.77612354e-07,1.60038269e-07,5.6181733e-07,0,2.68631138e-05,2.63643926e-07,0.00873763207
5.38202812e-07,1.30718479e-06,0.00873772241,5.79918719e-07,1.65050679e-07,5.62215405e-07,0,2.69094307e-05,2.6422066e-07,0.00873763207
5.39102189e-07,1.30555077e-06,0.00873772055,5.83115479e-07,1.60017223e-07,5.62417995e-07,0,2.69528755e-05,2.64759763e-07,0.00873763207
5.40002986e-07,1.29636032e-06,0.00873772521,5.82838766e-07,1.50907766e-07,5.62613877e-07,0,2.69909906e-05,2.6531302e-07,0.00873763207
5.4090367e-07,1.30647959e-06,0.00873771682,5.80954179e-07,1.62646856e-07,5.6287854e-07,0,2.70216606e-05,2.65849735e-07,0.00873763207
5.41804241e-07,1.30409614e-06,0.00873771496,5.88023852e-07,1.52918858e-07,5.63153492e-07,0,2.7045231e-05,2.66375451e-07,0.00873763207
5.42704697e-07,1.28707256e-06,0.00873772614,5.89987167e-07,1.33513808e-07,5.63571575e-07,0,2.706538e-05,2.66878885e-07,0.00873763207
5.43604983e-07,1.28760394e-06,0.00873772055,5.87464342e-07,1.36110941e-07,5.64028653e-07,0,2.70858181e-05,2.67388657e-07,0.00873763207
5.44503393e-07,1.28513511e-06,0.00873772148,5.81387781e-07,1.39372275e-07,5.64375057e-07,0,2.71144017e-05,2.68049831e-07,0.00873763207
5.4540169e-07,1.29580815e-06,0.00873772055,5.83175392e-07,1.47960407e-07,5.64672348e-07,0,2.71524241e-05,2.68851466e-07,0.00873763207
5.46304875e-07,1.31228444e-06,0.0087377131,5.87012494e-07,1.60485669e-07,5.64786262e-07,0,2.72002926e-05,2.69428284e-07,0.00873763207
5.47201694e-07,1.31822276e-06,0.00873771589,5.86194346e-07,1.67078369e-07,5.64949971e-07,0,2.72500019e-05,2.699677e-07,0.00873763207
5.4810215e-07,1.31941579e-06,0.00873772055,5.88034027e-07,1.66085613e-07,5.65296091e-07,0,2.72993384e-05,2.70494922e-07,0.00873763207
5.49002777e-07,1.32287505e-06,0.00873771776,5.9350009e-07,1.63772796e-07,5.65602249e-07,0,2.73463593e-05,2.71009299e-07,0.00873763207
5.49902609e-07,1.31306899e-06,0.00873772148,5.90750005e-07,1.56491751e-07,5.65827293e-07,0,2.73877813e-05,2.71528222e-07,0.00873763207
5.50803406e-07,1.31669958e-06,0.00873771776,5.90349259e-07,1.60265387e-07,5.66085021e-07,0,2.74216854e-05,2.72011192e-07,0.00873763207
5.51704034e-07,1.32316825e-06,0.00873770844,5.96198504e-07,1.6058344e-07,5.66386291e-07,0,2.74477352e-05,2.72476626e-07,0.00873763207
5.52604718e-07,1.30673493e-06,0.00873771962,5.99968018e-07,1.39944589e-07,5.6682228e-07,0,2.74692884e-05,2.72962097e-07,0.00873763207
5.53505629e-07,1.30226408e-06,0.00873771962,5.97276767e-07,1.37613171e-07,5.67374116e-07,0,2.74904469e-05,2.73453878e-07,0.00873763207
5.54402902e-07,1.29979867e-06,0.00873772334,5.94103142e-07,1.37774123e-07,5.67921347e-07,0,2.75214279e-05,2.74011512e-07,0.00873763207
5.55305235e-07,1.31862112e-06,0.00873771496,5.96018594e-07,1.5428229e-07,5.68320274e-07,0,2.75616258e-05,2.7452009e-07,0.00873763207
5.56205521e-07,1.32795492e-06,0.00873771682,5.977505e-07,1.61748986e-07,5.68455448e-07,0,2.76134724e-05,2.75180781e-07,0.00873763207
5.57106489e-07,1.3412664e-06,0.00873771124,5.94865128e-07,1.77814911e-07,5.68586358e-07,0,2.76650026e-05,2.75707379e-07,0.00873763207
5.58000522e-07,1.34275069e-06,0.00873771403,5.97861629e-07,1.759973e-07,5.68891721e-07,0,2.77157433e-05,2.76194896e-07,0.00873763207
5.58900695e-07,1.33886977e-06,0.00873771776,6.02091802e-07,1.6751703e-07,5.69260976e-07,0,2.77643576e-05,2.76670846e-07,0.00873763207
5.59804334e-07,1.32699472e-06,0.00873772241,6.00383601e-07,1.57069096e-07,5.6954201e-07,0,2.78071566e-05,2.7718221e-07,0.00873763207
5.60705246e-07,1.33409264e-06,0.00873771403,5.99668226e-07,1.64583341e-07,5.69841006e-07,0,2.78421521e-05,2.77651196e-07,0.00873763207
5.61603088e-07,1.33605806e-06,0.00873770844,6.05813455e-07,1.60062655e-07,5.7018201e-07,0,2.78685166e-05,2.78091306e-07,0.00873763207
5.6250218e-07,1.32342416e-06,0.00873771403,6.08647724e-07,1.44022067e-07,5.70754423e-07,0,2.78923435e-05,2.78541904e-07,0.00873763207
5.63402693e-07,1.31871457e-06,0.00873771496,6.0132146e-07,1.46248709e-07,5.71144369e-07,0,2.79165488e-05,2.78981133e-07,0.00873763207
5.64301729e-07,1.31009165e-06,0.00873772427,5.99209272e-07,1.3921418e-07,5.71668238e-07,0,2.79458254e-05,2.79511568e-07,0.00873763207
5.65204857e-07,1.32739797e-06,0.0087377131,6.01763702e-07,1.5369757e-07,5.71936653e-07,0,2.79838732e-05,2.80017304e-07,0.00873763207
5.66105655e-07,1.34473896e-06,0.00873770937,6.06810545e-07,1.65668496e-07,5.72259921e-07,0,2.8036975e-05,2.80498199e-07,0.00873763207
5.67004122e-07,1.35192499e-06,0.00873771217,6.06843855e-07,1.72609163e-07,5.72472004e-07,0,2.80928962e-05,2.8097503e-07,0.00873763207
5.67904692e-07,1.36182439e-06,0.00873771124,6.09018684e-07,1.79855846e-07,5.7294983e-07,0,2.814851e-05,2.81450099e-07,0.00873763207
5.68805376e-07,1.36079166e-06,0.00873771403,6.11765529e-07,1.75942759e-07,5.73083412e-07,0,2.8200031e-05,2.81903709e-07,0.00873763207
5.69705662e-07,1.34455036e-06,0.00873772241,6.0780593e-07,1.63370714e-07,5.73373711e-07,0,2.82445799e-05,2.82359593e-07,0.00873763207
5.70606346e-07,1.34700463e-06,0.00873771589,6.08857988e-07,1.64438546e-07,5.73708121e-07,0,2.82810652e-05,2.82817012e-07,0.00873763207
5.71504415e-07,1.35017478e-06,0.00873770472,6.13669613e-07,1.62441111e-07,5.74064074e-07,0,2.83087829e-05,2.83351625e-07,0.00873763207
5.72405213e-07,1.33801632e-06,0.00873771217,6.1574832e-07,1.47880257e-07,5.74387741e-07,0,2.8333161e-05,2.83825017e-07,0.00873763207
5.73305329e-07,1.33241394e-06,0.00873771217,6.1037241e-07,1.4692084e-07,5.7512068e-07,0,2.83581685e-05,2.84284909e-07,0.00873763207
5.74206013e-07,1.33027936e-06,0.00873772055,6.10365362e-07,1.43977971e-07,5.75935985e-07,0,2.8391496e-05,2.84767793e-07,0.00873763207
5.75105048e-07,1.33732658e-06,0.00873771962,6.12584927e-07,1.48511944e-07,5.76229695e-07,0,2.84320704e-05,2.85237405e-07,0.00873763207
5.76005789e-07,1.36554661e-06,0.00873770565,6.16374223e-07,1.72693163e-07,5.76479238e-07,0,2.8485907e-05,2.85715032e-07,0.00873763207
5.76906359e-07,1.36925451e-06,0.00873771124,6.1531756e-07,1.77237396e-07,5.76699563e-07,0,2.85427104e-05,2.86167392e-07,0.00873763207
5.77800392e-07,1.37775885e-06,0.00873771124,6.18709805e-07,1.81897775e-07,5.77151297e-07,0,2.85987735e-05,2.86612817e-07,0.00873763207
5.78700281e-07,1.38424366e-06,0.00873770658,6.2305395e-07,1.83786952e-07,5.77402716e-07,0,2.86514878e-05,2.87047698e-07,0.00873763207
5.79600453e-07,1.36450728e-06,0.00873771962,6.18691161e-07,1.68149398e-07,5.77666697e-07,0,2.86974391e-05,2.87482209e-07,0.00873763207
5.80501307e-07,1.35326968e-06,0.00873772334,6.17684805e-07,1.57608227e-07,5.77976607e-07,0,2.87348957e-05,2.8789654e-07,0.00873763207
5.81402105e-07,1.3668739e-06,0.00873770472,6.22490745e-07,1.65914372e-07,5.78468814e-07,0,2.87639687e-05,2.8833432e-07,0.00873763207
5.82302789e-07,1.36063693e-06,0.00873770379,6.23503809e-07,1.58347078e-07,5.78786057e-07,0,2.87900511e-05,2.88783781e-07,0.00873763207
5.83203416e-07,1.34464801e-06,0.00873771217,6.17035312e-07,1.48049224e-07,5.79563448e-07,0,2.88174961e-05,2.89223152e-07,0.00873763207
5.84103645e-07,1.34646143e-06,0.00873771682,6.17664e-07,1.48586423e-07,5.80210951e-07,0,2.88518986e-05,2.89694469e-07,0.00873763207
5.85005125e-07,1.35446726e-06,0.00873771496,6.20702679e-07,1.53265049e-07,5.80499545e-07,0,2.88937681e-05,2.90173631e-07,0.00873763207
5.85901773e-07,1.37051939e-06,0.00873771403,6.24021538e-07,1.65666222e-07,5.80831625e-07,0,2.89470008e-05,2.90665781e-07,0.00873763207
5.86802059e-07,1.38883229e-06,0.00873770565,6.25391351e-07,1.82372176e-07,5.81068718e-07,0,2.9005927e-05,2.91126184e-07,0.00873763207
5.87701777e-07,1.39912754e-06,0.00873770751,6.30834109e-07,1.86723341e-07,5.81570077e-07,0,2.90653934e-05,2.91601708e-07,0.00873763207
5.88602006e-07,1.40794612e-06,0.00873770379,6.3348574e-07,1.92622636e-07,5.8183781e-07,0,2.91210345e-05,2.92051851e-07,0.00873763207
5.8950252e-07,1.38536791e-06,0.00873771776,6.27832492e-07,1.75463285e-07,5.82072119e-07,0,2.91688502e-05,2.92472123e-07,0.00873763207
5.90403147e-07,1.36355311e-06,0.00873772334,6.2321584e-07,1.58019972e-07,5.82317227e-07,0,2.92068289e-05,2.9293372e-07,0.00873763207
5.91303831e-07,1.37010261e-06,0.0087377103,6.29646081e-07,1.57563818e-07,5.82892767e-07,0,2.92364657e-05,2.93414388e-07,0.00873763207
5.92203889e-07,1.37364987e-06,0.00873769727,6.28416672e-07,1.61960372e-07,5.83272765e-07,0,2.92627992e-05,2.93863565e-07,0.00873763207
5.93104232e-07,1.36222889e-06,0.00873771124,6.25609857e-07,1.52620188e-07,5.83998769e-07,0,2.9291572e-05,2.94347132e-07,0.00873763207
5.94003836e-07,1.3649294e-06,0.00873771589,6.28154169e-07,1.52066505e-07,5.84708744e-07,0,2.93272769e-05,2.94811059e-07,0.00873763207
5.94902588e-07,1.3782327e-06,0.00873770844,6.31057162e-07,1.62171943e-07,5.8500359e-07,0,2.93709418e-05,2.95259525e-07,0.00873763207
5.95804238e-07,1.38238909e-06,0.00873771776,6.33126717e-07,1.63858687e-07,5.85403768e-07,0,2.94250058e-05,2.95696054e-07,0.00873763207
5.96704581e-07,1.40218799e-06,0.0087377103,6.34859362e-07,1.81667914e-07,5.85660757e-07,0,2.94850488e-05,2.96157026e-07,0.00873763207
5.97604924e-07,1.42035367e-06,0.00873770192,6.41048132e-07,1.93187631e-07,5.86117835e-07,0,2.95450536e-05,2.96584801e-07,0.00873763207
5.98504528e-07,1.42474255e-06,0.00873770192,6.43692829e-07,1.94593284e-07,5.86456451e-07,0,2.96014841e-05,2.96991175e-07,0.00873763207
5.99405155e-07,1.39916096e-06,0.00873771682,6.36259358e-07,1.76145832e-07,5.86755846e-07,0,2.96497456e-05,2.97422616e-07,0.00873763207
6.00305384e-07,1.38730616e-06,0.00873771682,6.34025923e-07,1.66302272e-07,5.86977876e-07,0,2.96887756e-05,2.9792119e-07,0.00873763207
6.01206182e-07,1.38745827e-06,0.00873771217,6.40334747e-07,1.5965918e-07,5.87464399e-07,0,2.9720195e-05,2.98343565e-07,0.00873763207
6.02104535e-07,1.3864335e-06,0.00873770285,6.36656921e-07,1.61744964e-07,5.88031696e-07,0,2.97477e-05,2.9879547e-07,0.00873763207
6.03001581e-07,1.38628786e-06,0.00873770379,6.33858406e-07,1.63689123e-07,5.88740363e-07,0,2.97767583e-05,2.99185615e-07,0.00873763207
6.03902151e-07,1.38358712e-06,0.0087377131,6.40330938e-07,1.53379858e-07,5.89876322e-07,0,2.98122759e-05,2.99619785e-07,0.00873763207
6.04803006e-07,1.39803217e-06,0.00873770565,6.42106386e-07,1.65852072e-07,5.90073739e-07,0,2.98586274e-05,3.00052392e-07,0.00873763207
6.05702155e-07,1.40489544e-06,0.00873771217,6.4269301e-07,1.71713879e-07,5.90488526e-07,0,2.99125622e-05,3.00465786e-07,0.00873763207
6.0660193e-07,1.41439818e-06,0.00873771589,6.46593207e-07,1.76979171e-07,5.90825778e-07,0,2.99752901e-05,3.00905413e-07,0.00873763207
6.07501647e-07,1.44166745e-06,0.00873770192,6.5547988e-07,1.94877273e-07,5.91310254e-07,0,3.00397769e-05,3.01355868e-07,0.00873763207
6.08401081e-07,1.44874991e-06,0.00873769913,6.54988582e-07,2.02028843e-07,5.91732487e-07,0,3.01004948e-05,3.01790692e-07,0.00873763207
6.09300628e-07,1.4271717e-06,0.0087377131,6.48260084e-07,1.86910739e-07,5.92000845e-07,0,3.0152727e-05,3.02214033e-07,0.00873763207
6.10201084e-07,1.41218504e-06,0.00873771496,6.46230944e-07,1.73580588e-07,5.9237351e-07,0,3.01945583e-05,3.02634874e-07,0.00873763207
6.11101314e-07,1.4068977e-06,0.00873770751,6.48817831e-07,1.65294125e-07,5.92785682e-07,0,3.02271965e-05,3.03032124e-07,0.00873763207
6.12002054e-07,1.39266217e-06,0.00873771124,6.43827093e-07,1.55501922e-07,5.93333198e-07,0,3.02556127e-05,3.03479226e-07,0.00873763207
6.12902568e-07,1.40310692e-06,0.00873770379,6.43351314e-07,1.65839836e-07,5.93915786e-07,0,3.02875924e-05,3.03902169e-07,0.00873763207
6.13802115e-07,1.41063435e-06,0.00873770565,6.51012044e-07,1.64496242e-07,5.95126039e-07,0,3.03263168e-05,3.04338243e-07,0.00873763207
6.14700241e-07,1.41398152e-06,0.00873770751,6.50986863e-07,1.67418747e-07,5.95575898e-07,0,3.03743236e-05,3.04789097e-07,0.00873763207
6.15600527e-07,1.4248219e-06,0.00873770937,6.51371124e-07,1.77507616e-07,5.95943163e-07,0,3.04300429e-05,3.05242111e-07,0.00873763207
6.16500813e-07,1.43329635e-06,0.00873771403,6.56242833e-07,1.80667158e-07,5.96386315e-07,0,3.04937421e-05,3.05697483e-07,0.00873763207
6.17405703e-07,1.454727e-06,0.00873770658,6.65060782e-07,1.92909084e-07,5.96757104e-07,0,3.05578942e-05,3.06137508e-07,0.00873763207
6.18305705e-07,1.46494551e-06,0.00873770006,6.62515504e-07,2.05295564e-07,5.97134431e-07,0,3.06180627e-05,3.06551726e-07,0.00873763207
6.19206332e-07,1.44916942e-06,0.00873770751,6.57239013e-07,1.94367203e-07,5.97563201e-07,0,3.06714501e-05,3.0695989e-07,0.00873763207
6.20100593e-07,1.43438433e-06,0.00873771124,6.57617193e-07,1.78970666e-07,5.97796543e-07,0,3.07141599e-05,3.07357453e-07,0.00873763207
6.21001107e-07,1.42581985e-06,0.00873770658,6.58543911e-07,1.69130033e-07,5.98145903e-07,0,3.07481496e-05,3.07769e-07,0.00873763207
6.21901165e-07,1.41314115e-06,0.0087377103,6.51861114e-07,1.62530853e-07,5.98749239e-07,0,3.07778209e-05,3.08221757e-07,0.00873763207
6.22801849e-07,1.41733608e-06,0.00873770658,6.5235082e-07,1.65627142e-07,5.99358145e-07,0,3.08103299e-05,3.08647913e-07,0.00873763207
6.2370043e-07,1.42661236e-06,0.00873770192,6.59499733e-07,1.66401676e-07,6.00710962e-07,0,3.08484923e-05,3.09061448e-07,0.00873763207
6.24601171e-07,1.42829344e-06,0.00873770565,6.59661168e-07,1.6734873e-07,6.01283602e-07,0,3.08979579e-05,3.09506248e-07,0.00873763207
6.25501627e-07,1.43784985e-06,0.0087377103,6.59806119e-07,1.76343761e-07,6.01699981e-07,0,3.09540737e-05,3.10010194e-07,0.00873763207
6.26404926e-07,1.45222009e-06,0.0087377103,6.66715664e-07,1.83452656e-07,6.02051728e-07,0,3.10203177e-05,3.10467072e-07,0.00873763207
6.27304132e-07,1.47297226e-06,0.00873770472,6.74435569e-07,1.96084386e-07,6.02452303e-07,0,3.10856994e-05,3.10919063e-07,0.00873763207
6.28204873e-07,1.48075696e-06,0.00873770565,6.71224143e-07,2.06723527e-07,6.02809337e-07,0,3.11482654e-05,3.11360026e-07,0.00873763207
6.29104875e-07,1.47649973e-06,0.00873770565,6.68708367e-07,2.04600255e-07,6.03191097e-07,0,3.12045668e-05,3.11781776e-07,0.00873763207
6.30005559e-07,1.46400157e-06,0.00873770565,6.7123824e-07,1.89211121e-07,6.03552166e-07,0,3.1250449e-05,3.12191304e-07,0.008737633
6.30905561e-07,1.44631088e-06,0.00873770844,6.70879388e-07,1.71578861e-07,6.03852641e-07,0,3.1287087e-05,3.12597848e-07,0.008737633
6.31802664e-07,1.43819364e-06,0.00873770751,6.64141567e-07,1.69666748e-07,6.04385377e-07,0,3.1318832e-05,3.13030796e-07,0.008737633
6.3270187e-07,1.44524222e-06,0.00873770379,6.66307415e-07,1.73926807e-07,6.05007983e-07,0,3.1354004e-05,3.13487931e-07,0.008737633
6.33602781e-07,1.45609124e-06,0.00873770379,6.7347105e-07,1.76720562e-07,6.05899629e-07,0,3.13961609e-05,3.13887966e-07,0.008737633
6.34501816e-07,1.46753428e-06,0.00873770472,6.7538889e-07,1.85055043e-07,6.07090385e-07,0,3.14495737e-05,3.14327565e-07,0.008737633
6.35402216e-07,1.47769754e-06,0.00873770658,6.75831075e-07,1.94321473e-07,6.07545019e-07,0,3.15099132e-05,3.14739452e-07,0.008737633
6.36303412e-07,1.49263553e-06,0.00873770751,6.88340378e-07,1.96194051e-07,6.08101061e-07,0,3.15833422e-05,3.15176635e-07,0.008737633
6.37204153e-07,1.51319648e-06,0.00873770379,6.93464983e-07,2.11333173e-07,6.08398352e-07,0,3.16571277e-05,3.15596765e-07,0.008737633
6.38105462e-07,1.51678387e-06,0.00873770751,6.86344663e-07,2.21753922e-07,6.08685298e-07,0,3.17250269e-05,3.16062426e-07,0.008737633
6.39000518e-07,1.50778544e-06,0.00873770751,6.8219498e-07,2.16604207e-07,6.08986284e-07,0,3.17831691e-05,3.16465105e-07,0.008737633
6.39902112e-07,1.4993974e-06,0.00873770099,6.85681414e-07,2.0431024e-07,6.09405788e-07,0,3.18302991e-05,3.16856102e-07,0.008737633
6.40803933e-07,1.47501032e-06,0.0087377103,6.83167457e-07,1.82135082e-07,6.09707797e-07,0,3.18690909e-05,3.17245366e-07,0.008737633
6.41705697e-07,1.462157e-06,0.0087377103,6.76583568e-07,1.7495752e-07,6.10615928e-07,0,3.19024293e-05,3.17729217e-07,0.008737633
6.42601719e-07,1.4710904e-06,0.00873770099,6.81284291e-07,1.78484811e-07,6.11321298e-07,0,3.19382598e-05,3.18176802e-07,0.008737633
6.43503313e-07,1.48619733e-06,0.00873769913,6.87757449e-07,1.85890329e-07,6.1254957e-07,0,3.19836581e-05,3.18590594e-07,0.008737633
6.44405304e-07,1.4846994e-06,0.00873770937,6.87559407e-07,1.83129217e-07,6.14010844e-07,0,3.20374493e-05,3.19066686e-07,0.008737633
6.453065e-07,1.49715265e-06,0.00873770658,6.86709313e-07,1.96165203e-07,6.14278122e-07,0,3.20980325e-05,3.1953499e-07,0.008737633
6.46200476e-07,1.51861434e-06,0.00873770658,7.01096383e-07,2.02509625e-07,6.15008389e-07,0,3.21715524e-05,3.19998833e-07,0.008737633
6.47104343e-07,1.53775022e-06,0.00873770658,7.05945638e-07,2.16391541e-07,6.15413114e-07,0,3.22472515e-05,3.20449573e-07,0.008737633
6.48005255e-07,1.54910606e-06,0.00873770658,7.0043717e-07,2.32903588e-07,6.15765259e-07,0,3.23187887e-05,3.20908157e-07,0.008737633
6.48906394e-07,1.54505653e-06,0.00873770379,6.99106693e-07,2.29722005e-07,6.16227737e-07,0,3.23821187e-05,3.21342441e-07,0.008737633
6.49801109e-07,1.53134511e-06,0.00873770285,7.01220017e-07,2.13572605e-07,6.16552484e-07,0,3.243233e-05,3.21767317e-07,0.008737633
6.50702475e-07,1.50499091e-06,0.00873770937,6.93951506e-07,1.93892276e-07,6.17147123e-07,0,3.24730281e-05,3.22189351e-07,0.008737633
6.51603898e-07,1.48354343e-06,0.00873771403,6.87404849e-07,1.7812485e-07,6.18013758e-07,0,3.25074143e-05,3.2271214e-07,0.008737633
6.52505207e-07,1.49615767e-06,0.00873770099,6.93339985e-07,1.83828959e-07,6.18988793e-07,0,3.25446345e-05,3.23168848e-07,0.008737633
6.5340015e-07,1.51427969e-06,0.00873769633,6.99400175e-07,1.94789621e-07,6.2008985e-07,0,3.25919063e-05,3.23593099e-07,0.008737633
6.54301346e-07,1.51008476e-06,0.0087377103,6.97871428e-07,1.90488876e-07,6.21724496e-07,0,3.26462323e-05,3.24083288e-07,0.008737633
6.55205156e-07,1.51621703e-06,0.00873771124,6.9761262e-07,1.9645087e-07,6.22153493e-07,0,3.27088273e-05,3.24629411e-07,0.008737633
6.56104305e-07,1.5437422e-06,0.00873770472,7.11808639e-07,2.09207656e-07,6.22725963e-07,0,3.2783224e-05,3.25157117e-07,0.008737633
6.57005671e-07,1.55634291e-06,0.0087377103,7.14606074e-07,2.18608818e-07,6.23128017e-07,0,3.28604256e-05,3.2563608e-07,0.008737633
6.57906014e-07,1.56765179e-06,0.00873771217,7.09396545e-07,2.3465779e-07,6.2359743e-07,0,3.29344766e-05,3.26115241e-07,0.008737633
6.58806016e-07,1.57572492e-06,0.00873770006,7.09420931e-07,2.42282965e-07,6.24021027e-07,0,3.29989998e-05,3.26563111e-07,0.008737633
6.59700447e-07,1.55976602e-06,0.00873770285,7.12963526e-07,2.22291106e-07,6.24511415e-07,0,3.30501898e-05,3.27026129e-07,0.008737633
6.60601756e-07,1.5343719e-06,0.00873771124,7.06671301e-07,2.02691069e-07,6.25009591e-07,0,3.30924959e-05,3.27473714e-07,0.008737633
6.61501304e-07,1.5127606e-06,0.00873771496,7.01814997e-07,1.85144145e-07,6.25801476e-07,0,3.31287083e-05,3.28006706e-07,0.008737633
6.62402385e-07,1.52108794e-06,0.00873770285,7.07477682e-07,1.86675862e-07,6.26934366e-07,0,3.31673e-05,3.28596883e-07,0.008737633
6.63304149e-07,1.53890414e-06,0.00873769727,7.11654081e-07,1.99215904e-07,6.28034172e-07,0,3.32151467e-05,3.29100544e-07,0.008737633
6.6420057e-07,1.54056318e-06,0.00873770565,7.09959863e-07,2.00643512e-07,6.29959743e-07,0,3.32701857e-05,3.29624072e-07,0.008737633
6.65100572e-07,1.54535576e-06,0.00873771217,7.12990584e-07,2.01988627e-07,6.30376519e-07,0,3.33343596e-05,3.30180001e-07,0.008737633
6.66002563e-07,1.57255897e-06,0.00873770472,7.25711118e-07,2.15862883e-07,6.30984971e-07,0,3.34106626e-05,3.3068639e-07,0.008737633
6.66904498e-07,1.58871285e-06,0.00873770937,7.26646931e-07,2.30671844e-07,6.31394073e-07,0,3.34902579e-05,3.31179422e-07,0.008737633
6.67804898e-07,1.59791023e-06,0.00873771682,7.24998984e-07,2.41077259e-07,6.31834041e-07,0,3.35670375e-05,3.31676716e-07,0.008737633
6.68700238e-07,1.61281139e-06,0.0087376982,7.29742112e-07,2.50714862e-07,6.32354443e-07,0,3.36360972e-05,3.3213712e-07,0.008737633
6.69601945e-07,1.60127809e-06,0.00873769727,7.2947546e-07,2.3907586e-07,6.32726767e-07,0,3.3692635e-05,3.32587263e-07,0.008737633
6.70503084e-07,1.56898147e-06,0.00873771217,7.18331478e-07,2.17374733e-07,6.33275249e-07,0,3.37379133e-05,3.33031693e-07,0.008737633
6.71404337e-07,1.54764678e-06,0.0087377131,7.15155181e-07,1.9828704e-07,6.34204582e-07,0,3.37760939e-05,3.33539049e-07,0.008737633
6.7230161e-07,1.55076157e-06,0.00873770565,7.22591949e-07,1.92861478e-07,6.3530814e-07,0,3.38157261e-05,3.3408034e-07,0.008737633
6.73202237e-07,1.56354884e-06,0.00873770285,7.26069231e-07,2.01185472e-07,6.36294146e-07,0,3.38639984e-05,3.3456368e-07,0.008737633
6.7410167e-07,1.562384e-06,0.00873770658,7.19729428e-07,2.04166639e-07,6.38487847e-07,0,3.39196486e-05,3.35342548e-07,0.008737633
6.75003946e-07,1.57431589e-06,0.00873770565,7.26114308e-07,2.09383046e-07,6.38818562e-07,0,3.39850485e-05,3.35993917e-07,0.008737633
6.75900424e-07,1.59097885e-06,0.00873770751,7.35165372e-07,2.16169497e-07,6.39643986e-07,0,3.40600236e-05,3.36590944e-07,0.008737633
6.76800767e-07,1.61049945e-06,0.00873770937,7.33359798e-07,2.37136703e-07,6.40002895e-07,0,3.41405212e-05,3.37140392e-07,0.008737633
6.77702928e-07,1.6193427e-06,0.00873771962,7.33653678e-07,2.45306836e-07,6.40382268e-07,0,3.42179701e-05,3.37676283e-07,0.008737633
6.78601566e-07,1.63357674e-06,0.00873770285,7.39971199e-07,2.5254559e-07,6.41060012e-07,0,3.42881212e-05,3.38214932e-07,0.008737633
6.79503387e-07,1.62931246e-06,0.00873769447,7.39139523e-07,2.48506268e-07,6.41666702e-07,0,3.43460924e-05,3.38776374e-07,0.008737633
6.80405321e-07,1.59968533e-06,0.00873770751,7.30834927e-07,2.26471343e-07,6.42379007e-07,0,3.43928732e-05,3.39275658e-07,0.008737633
6.81305323e-07,1.57514e-06,0.00873771217,7.30360682e-07,2.0151306e-07,6.43266276e-07,0,3.44328e-05,3.39815756e-07,0.008737633
6.82205382e-07,1.57780232e-06,0.00873770751,7.34401567e-07,1.99201864e-07,6.44198849e-07,0,3.44740001e-05,3.40411049e-07,0.008737633
6.83100723e-07,1.58641319e-06,0.00873770565,7.33925106e-07,2.07294192e-07,6.45193836e-07,0,3.45204389e-05,3.4091542e-07,0.008737633
6.84001293e-07,1.5963351e-06,0.00873770751,7.36610559e-07,2.12165133e-07,6.47559432e-07,0,3.45747649e-05,3.4143352e-07,0.008737633
6.84902545e-07,1.61134528e-06,0.00873769913,7.42101918e-07,2.20810662e-07,6.48432717e-07,0,3.4642042e-05,3.42069086e-07,0.008737633
6.85802604e-07,1.62430263e-06,0.00873770565,7.49092237e-07,2.26072046e-07,6.49138372e-07,0,3.47205023e-05,3.42727247e-07,0.008737633
6.86702833e-07,1.64166647e-06,0.00873771217,7.50001163e-07,2.41977204e-07,6.49688161e-07,0,3.48061549e-05,3.43322085e-07,0.008737633
6.87603801e-07,1.65803795e-06,0.00873771776,7.51770244e-07,2.56076163e-07,6.50191566e-07,0,3.4888777e-05,3.4394219e-07,0.008737633
6.8850477e-07,1.67563076e-06,0.00873770472,7.58166379e-07,2.66441418e-07,6.51022958e-07,0,3.49649235e-05,3.4454726e-07,0.008737633
6.89405908e-07,1.67091582e-06,0.0087376982,7.55572898e-07,2.63879741e-07,6.51463267e-07,0,3.50291921e-05,3.45071953e-07,0.008737633
6.90300681e-07,1.64947323e-06,0.00873770192,7.46990509e-07,2.50426098e-07,6.52056599e-07,0,3.50809787e-05,3.45566747e-07,0.008737633
6.91201137e-07,1.62058916e-06,0.00873770937,7.48571381e-07,2.19024514e-07,6.52993265e-07,0,3.51238668e-05,3.46068845e-07,0.008737633
6.92101139e-07,1.6073011e-06,0.00873770844,7.50797938e-07,2.02215347e-07,6.5428776e-07,0,3.51658236e-05,3.4683336e-07,0.008737633
6.93002562e-07,1.61453704e-06,0.00873770751,7.5098319e-07,2.08155257e-07,6.55398651e-07,0,3.52143434e-05,3.47410037e-07,0.008737633
6.939012e-07,1.62510116e-06,0.0087377103,7.53075369e-07,2.14424659e-07,6.57601163e-07,0,3.52705174e-05,3.47986912e-07,0.008737633
6.94805635e-07,1.6435373e-06,0.00873770192,7.58786086e-07,2.26583936e-07,6.58167266e-07,0,3.53392934e-05,3.48611081e-07,0.008737633
6.95703307e-07,1.66537734e-06,0.00873770192,7.62949298e-07,2.43232193e-07,6.59195791e-07,0,3.54163967e-05,3.49363404e-07,0.008737633
6.96604559e-07,1.67795326e-06,0.00873771124,7.62448053e-07,2.55824972e-07,6.59680268e-07,0,3.55039374e-05,3.49964637e-07,0.008737633
6.97501548e-07,1.69250347e-06,0.00873771776,7.65687673e-07,2.66625591e-07,6.60190153e-07,0,3.55885204e-05,3.50542393e-07,0.008737633
6.98403539e-07,1.70519638e-06,0.00873770565,7.71954205e-07,2.72115017e-07,6.6112716e-07,0,3.56656346e-05,3.51127085e-07,0.008737633
6.99305588e-07,1.69080818e-06,0.00873770472,7.67121605e-07,2.61834913e-07,6.6185163e-07,0,3.57304816e-05,3.517072e-07,0.008737633
7.00201099e-07,1.67471671e-06,0.00873770099,7.62098466e-07,2.49907202e-07,6.62711102e-07,0,3.57822901e-05,3.52241187e-07,0.008737633
7.01101044e-07,1.64812081e-06,0.00873770099,7.61497176e-07,2.22972901e-07,6.63650724e-07,0,3.58254802e-05,3.52808229e-07,0.008737633
7.02001898e-07,1.63605512e-06,0.00873770751,7.63055084e-07,2.08178662e-07,6.648213e-07,0,3.58691468e-05,3.53473553e-07,0.008737633
7.02902639e-07,1.63870811e-06,0.0087377103,7.59907721e-07,2.12871512e-07,6.65928894e-07,0,3.59173828e-05,3.54102554e-07,0.008737633
7.03802812e-07,1.65168365e-06,0.00873770844,7.6353092e-07,2.20494258e-07,6.67658526e-07,0,3.59729856e-05,3.54821026e-07,0.008737633
7.04705087e-07,1.6676604e-06,0.00873770379,7.71657028e-07,2.27113603e-07,6.68889754e-07,0,3.6042522e-05,3.55512356e-07,0.008737633
7.05602417e-07,1.68990778e-06,0.00873769913,7.75681826e-07,2.44520493e-07,6.69705457e-07,0,3.6121688e-05,3.56108103e-07,0.008737633
7.06505659e-07,1.70751127e-06,0.00873770658,7.76086438e-07,2.61125876e-07,6.70299016e-07,0,3.62122992e-05,3.56667101e-07,0.008737633
7.07401e-07,1.72450621e-06,0.00873771403,7.79903075e-07,2.73747162e-07,6.70855968e-07,0,3.62981591e-05,3.57234995e-07,0.008737633
7.08301968e-07,1.73206251e-06,0.00873770565,7.81184326e-07,2.79049203e-07,6.71828957e-07,0,3.6375026e-05,3.5781818e-07,0.008737633
7.09203391e-07,1.71776276e-06,0.00873770658,7.76268337e-07,2.68751677e-07,6.72742715e-07,0,3.64401785e-05,3.58354328e-07,0.008737633
7.10105155e-07,1.70294595e-06,0.00873770285,7.74766306e-07,2.54532722e-07,6.7364698e-07,0,3.64927e-05,3.58861399e-07,0.008737633
7.11000553e-07,1.68457245e-06,0.0087376982,7.77070284e-07,2.33065634e-07,6.74436535e-07,0,3.65349224e-05,3.59358438e-07,0.008737633
7.11904363e-07,1.66944017e-06,0.00873770285,7.78941967e-07,2.14343288e-07,6.76154912e-07,0,3.65774613e-05,3.59940884e-07,0.008737633
7.1280607e-07,1.66372104e-06,0.00873771124,7.76576996e-07,2.09342389e-07,6.77801722e-07,0,3.66267959e-05,3.60499257e-07,0.008737633
7.13701411e-07,1.67730082e-06,0.00873770937,7.7985294e-07,2.17671399e-07,6.79776406e-07,0,3.66844397e-05,3.61073717e-07,0.008737633
7.14603289e-07,1.69204134e-06,0.00873770751,7.83666053e-07,2.27285057e-07,6.81090228e-07,0,3.67541252e-05,3.61794292e-07,0.008737633
7.15500562e-07,1.71753925e-06,0.00873770006,7.84609256e-07,2.50907846e-07,6.82022176e-07,0,3.68314468e-05,3.62476641e-07,0.008737633
7.16402099e-07,1.7370121e-06,0.00873770472,7.88519174e-07,2.65843937e-07,6.82649045e-07,0,3.69227855e-05,3.63110161e-07,0.008737633
7.17302044e-07,1.76101094e-06,0.00873770751,7.96190307e-07,2.80931658e-07,6.83888913e-07,0,3.7011625e-05,3.63701247e-07,0.008737633
7.18200738e-07,1.77067284e-06,0.00873770751,8.00856583e-07,2.83279377e-07,6.8653685e-07,0,3.70910675e-05,3.6430248e-07,0.008737633
7.19105287e-07,1.75216985e-06,0.00873771217,7.96657389e-07,2.645709e-07,6.90941533e-07,0,3.71558053e-05,3.64911614e-07,0.008737633
7.20000116e-07,1.75559012e-06,0.00873770472,8.03805051e-07,2.50727311e-07,7.01057672e-07,0,3.72046088e-05,3.65483061e-07,0.008737633
7.2090603e-07,1.71655961e-06,0.00873781834,8.1003941e-07,1.76622805e-07,7.29897408e-07,0,3.72354807e-05,3.69459741e-07,0.008737633
7.21804952e-07,1.72257364e-06,0.00873781275,8.18176204e-07,1.50700203e-07,7.53697236e-07,0,3.72549985e-05,3.75692906e-07,0.008737633
7.22700577e-07,1.7344131e-06,0.00873780902,8.24133338e-07,1.50881348e-07,7.59398461e-07,0,3.72856048e-05,3.78837626e-07,0.008737633
7.23602341e-07,1.74594857e-06,0.00873780344,8.25292545e-07,1.59653865e-07,7.61002127e-07,0,3.73189614e-05,3.81403396e-07,0.008737633
7.24500637e-07,1.74386071e-06,0.00873781368,8.23737537e-07,1.58120713e-07,7.62002458e-07,0,3.73546354e-05,3.83808128e-07,0.008737633
7.25403311e-07,1.76658148e-06,0.00873780064,8.27538315e-07,1.75966136e-07,7.63077026e-07,0,3.7391932e-05,3.86032099e-07,0.008737633
7.26302119e-07,1.78187258e-06,0.00873779599,8.33279785e-07,1.84696518e-07,7.6389631e-07,0,3.74322117e-05,3.8798683e-07,0.008737633
7.27201211e-07,1.79549272e-06,0.00873779599,8.42308509e-07,1.88642943e-07,7.64541255e-07,0,3.74797673e-05,3.89676757e-07,0.008737633
7.2810343e-07,1.80557868e-06,0.00873779692,8.48869263e-07,1.91227798e-07,7.65481673e-07,0,3.75341733e-05,3.91346248e-07,0.008737633
7.29000931e-07,1.8101648e-06,0.00873780716,8.5576221e-07,1.88014354e-07,7.66388268e-07,0,3.75951277e-05,3.93021878e-07,0.008737633
7.29903491e-07,1.83903489e-06,0.00873779505,8.60214527e-07,2.11585345e-07,7.67235065e-07,0,3.76618082e-05,3.94752703e-07,0.008737633
7.30806448e-07,1.87088347e-06,0.00873778947,8.72262888e-07,2.29045099e-07,7.69575536e-07,0,3.7734444e-05,3.96790057e-07,0.008737633
7.31705029e-07,1.88702461e-06,0.00873779692,8.78597405e-07,2.36604137e-07,7.71823011e-07,0,3.78140467e-05,3.98689792e-07,0.008737633
7.32602871e-07,1.90256526e-06,0.00873780064,8.84265035e-07,2.43469202e-07,7.74831108e-07,0,3.78884615e-05,4.01299303e-07,0.008737633
7.33504123e-07,1.94065865e-06,0.0087377904,8.93325705e-07,2.70956008e-07,7.76376964e-07,0,3.79710727e-05,4.03545044e-07,0.008737633
7.34400373e-07,1.93925234e-06,0.00873780996,9.03335319e-07,2.58429822e-07,7.77487173e-07,0,3.80467718e-05,4.05748438e-07,0.008737633
7.35300148e-07,1.87074465e-06,0.00873787049,8.71446275e-07,1.81999269e-07,8.17299167e-07,0,3.80568381e-05,4.15784228e-07,0.008737633
7.36201969e-07,1.876022e-06,0.00873785745,8.70043436e-07,1.82716576e-07,8.23262042e-07,0,3.80648562e-05,4.21602977e-07,0.008737633
7.37105324e-07,1.88521551e-06,0.00873784348,8.74456816e-07,1.85731281e-07,8.25027371e-07,0,3.80738638e-05,4.26177706e-07,0.008737633
7.38002655e-07,1.87399201e-06,0.00873785093,8.73840861e-07,1.74491504e-07,8.2565964e-07,0,3.80818892e-05,4.30060624e-07,0.008737633
7.38902088e-07,1.86873342e-06,0.0087378528,8.7187658e-07,1.70911918e-07,8.25944937e-07,0,3.80871606e-05,4.33633062e-07,0.008737633
7.39803966e-07,1.87223634e-06,0.00873784628,8.71757777e-07,1.74234074e-07,8.26244445e-07,0,3.80905512e-05,4.36733785e-07,0.008737633
7.4070573e-07,1.88667741e-06,0.00873783045,8.76582703e-07,1.83632636e-07,8.26462156e-07,0,3.80958154e-05,4.39455619e-07,0.008737633
7.41602719e-07,1.87442117e-06,0.00873784255,8.78793344e-07,1.68980122e-07,8.26647693e-07,0,3.81037498e-05,4.41914352e-07,0.008737633
7.42505335e-07,1.87817113e-06,0.00873784069,8.82169616e-07,1.69028638e-07,8.26972837e-07,0,3.8114471e-05,4.44299445e-07,0.008737633
7.43401756e-07,1.88757838e-06,0.00873782765,8.79348363e-07,1.81148337e-07,8.27081635e-07,0,3.81243408e-05,4.46554424e-07,0.008737633
7.44305737e-07,1.87025705e-06,0.00873784255,8.78911237e-07,1.64156376e-07,8.2718941e-07,0,3.81338177e-05,4.48727945e-07,0.008737633
7.45205284e-07,1.87056526e-06,0.00873784162,8.7734594e-07,1.65914003e-07,8.27305257e-07,0,3.81438003e-05,4.50793578e-07,0.008737633
7.4610216e-07,1.88559579e-06,0.00873782486,8.7807507e-07,1.80130854e-07,8.2738984e-07,0,3.8153099e-05,4.5269519e-07,0.008737633
7.4700381e-07,1.88219201e-06,0.00873782672,8.80445782e-07,1.74297568e-07,8.2744873e-07,0,3.81624995e-05,4.5445509e-07,0.008737633
7.47904892e-07,1.87284979e-06,0.00873783417,8.8178831e-07,1.63523538e-07,8.27537917e-07,0,3.81725476e-05,4.56154737e-07,0.008737633
7.48805519e-07,1.87983812e-06,0.00873782579,8.82772554e-07,1.69447034e-07,8.27618635e-07,0,3.81814971e-05,4.57817265e-07,0.008737633
7.49706146e-07,1.87596288e-06,0.00873782765,8.84100416e-07,1.64157129e-07,8.27705264e-07,0,3.81897335e-05,4.59384694e-07,0.008737633
7.50600464e-07,1.88131014e-06,0.00873782579,8.87281658e-07,1.66175653e-07,8.2785283e-07,0,3.82067847e-05,4.60963975e-07,0.008737633
7.51501034e-07,1.88705178e-06,0.00873782672,8.89789987e-07,1.69273108e-07,8.27988686e-07,0,3.82299841e-05,4.62472087e-07,0.008737633
7.52401832e-07,1.89556761e-06,0.00873782672,8.93188258e-07,1.7426099e-07,8.28118402e-07,0,3.82582766e-05,4.63869725e-07,0.008737633
7.53302402e-07,1.91409981e-06,0.00873781834,8.99801421e-07,1.85950995e-07,8.28347424e-07,0,3.82932121e-05,4.65231011e-07,0.008737633
7.54205303e-07,1.91515437e-06,0.00873782299,9.00395719e-07,1.85591801e-07,8.29166822e-07,0,3.8330636e-05,4.66677449e-07,0.008737633
7.55100075e-07,1.92284665e-06,0.00873782765,9.06531056e-07,1.86700589e-07,8.29614919e-07,0,3.83779479e-05,4.68091997e-07,0.008737633
7.560011e-07,1.9452898e-06,0.00873782113,9.12618077e-07,2.02738008e-07,8.29933583e-07,0,3.84301311e-05,4.69435406e-07,0.008737633
7.56900079e-07,1.96255382e-06,0.00873781834,9.18848684e-07,2.13500329e-07,8.30204783e-07,0,3.84856503e-05,4.70737774e-07,0.008737633
7.57800649e-07,1.97490795e-06,0.00873782299,9.26138512e-07,2.18285038e-07,8.30484339e-07,0,3.85468593e-05,4.72015103e-07,0.008737633
7.58700253e-07,1.99970009e-06,0.00873781368,9.30622036e-07,2.38149767e-07,8.30928286e-07,0,3.86121901e-05,4.7340427e-07,0.008737633
7.59605371e-07,2.00948512e-06,0.00873781554,9.34973798e-07,2.43153323e-07,8.31358079e-07,0,3.86806423e-05,4.74982471e-07,0.00873763394
7.6050344e-07,2.02367983e-06,0.00873782672,9.49649916e-07,2.38753074e-07,8.35276808e-07,0,3.87552755e-05,4.78044001e-07,0.00873763394
7.6140185e-07,2.07044513e-06,0.00873781648,9.60293619e-07,2.72748224e-07,8.37403377e-07,0,3.88480803e-05,4.80445635e-07,0.00873763394
7.62303443e-07,2.11374231e-06,0.00873782765,9.67148935e-07,2.97143657e-07,8.49449691e-07,0,3.89768284e-05,4.82614894e-07,0.00873763394
7.63206344e-07,2.20188417e-06,0.00873783603,9.97693633e-07,3.43581291e-07,8.60609248e-07,0,3.91351859e-05,4.87362229e-07,0.00873763394
7.64104982e-07,2.37146924e-06,0.00873785093,1.04909202e-06,3.95849753e-07,9.26527491e-07,0,3.93267874e-05,4.99109262e-07,0.00873763487
7.65002881e-07,2.47281696e-06,0.00873784069,1.08896404e-06,3.9939394e-07,9.84458893e-07,0,3.95055322e-05,5.07929485e-07,0.00873763487
7.65905384e-07,2.43404497e-06,0.00873799063,1.06319237e-06,2.89218406e-07,1.0816342e-06,0,3.96018295e-05,5.23349456e-07,0.0087376358
7.66804646e-07,2.43804129e-06,0.00873797759,1.06891707e-06,2.58005969e-07,1.11111819e-06,0,3.96018295e-05,5.32233173e-07,0.0087376358
7.6770533e-07,2.4426638e-06,0.00873796735,1.06730784e-06,2.56549498e-07,1.11880649e-06,0,3.96018295e-05,5.38302231e-07,0.0087376358
7.68606128e-07,2.4714202e-06,0.00873793382,1.06940695e-06,2.81188107e-07,1.120825e-06,0,3.96018295e-05,5.43331623e-07,0.0087376358
7.69502606e-07,2.45671572e-06,0.00873795059,1.07053722e-06,2.643134e-07,1.12186501e-06,0,3.96128744e-05,5.47759953e-07,0.0087376358
7.70402437e-07,2.45179467e-06,0.00873795897,1.07342203e-06,2.55583274e-07,1.1227894e-06,0,3.96294054e-05,5.51885648e-07,0.0087376358
7.71303746e-07,2.48062929e-06,0.00873793289,1.07599953e-06,2.81051769e-07,1.12357804e-06,0,3.96442774e-05,5.5553312e-07,0.0087376358
7.72201076e-07,2.47542971e-06,0.00873794127,1.07956566e-06,2.7183728e-07,1.12402677e-06,0,3.96633441e-05,5.58636657e-07,0.00873763673
7.73103181e-07,2.47951107e-06,0.008737945,1.0906308e-06,2.631634e-07,1.12571684e-06,0,3.96885662e-05,5.61577622e-07,0.00873763673
7.74000625e-07,2.49588447e-06,0.00873793568,1.09755251e-06,2.71299513e-07,1.12703242e-06,0,3.9720373e-05,5.64399613e-07,0.00873763673
7.74904549e-07,2.52405221e-06,0.00873791985,1.10449434e-06,2.9117291e-07,1.12838495e-06,0,3.97608746e-05,5.67055224e-07,0.00873763673
7.75803983e-07,2.51903589e-06,0.00873793196,1.10452868e-06,2.83907241e-07,1.13059991e-06,0,3.98030061e-05,5.69882275e-07,0.00873763673
7.76703985e-07,2.53174653e-06,0.00873793941,1.11131124e-06,2.85723161e-07,1.13471197e-06,0,3.98454904e-05,5.72983254e-07,0.00873763673
7.77600405e-07,2.56218891e-06,0.00873792637,1.11646273e-06,3.08918317e-07,1.13680801e-06,0,3.98917946e-05,5.75482147e-07,0.00873763673
7.78500862e-07,2.58165073e-06,0.00873792451,1.12842781e-06,3.14638044e-07,1.13858505e-06,0,3.99481214e-05,5.77788398e-07,0.00873763673
7.79404729e-07,2.59329204e-06,0.00873793662,1.1331789e-06,3.20373289e-07,1.13973988e-06,0,4.00194986e-05,5.79978575e-07,0.00873763673
7.80304845e-07,2.63961965e-06,0.0087379152,1.1413639e-06,3.57221154e-07,1.14103466e-06,0,4.0101917e-05,5.82273344e-07,0.00873763673
7.81200697e-07,2.67417613e-06,0.00873791333,1.15180694e-06,3.78083627e-07,1.14428565e-06,0,4.019669e-05,5.84697489e-07,0.00873763673
7.82101779e-07,2.69534394e-06,0.0087379273,1.15313048e-06,3.88587466e-07,1.15362593e-06,0,4.03039048e-05,5.87002262e-07,0.00873763673
7.8300576e-07,2.78784705e-06,0.0087379422,1.18330138e-06,4.06384203e-07,1.1981615e-06,0,4.04464627e-05,5.91021717e-07,0.00873763673
7.83903261e-07,2.80520135e-06,0.00873801019,1.16666308e-06,3.51024028e-07,1.28751424e-06,0,4.05184546e-05,5.99235932e-07,0.00873763766
7.8480258e-07,2.80594259e-06,0.00873800274,1.17004402e-06,3.34979006e-07,1.30091951e-06,0,4.05197716e-05,6.06098865e-07,0.00873763766
7.85700138e-07,2.80542804e-06,0.00873800181,1.1738797e-06,3.25560364e-07,1.30598812e-06,0,4.05331157e-05,6.1112911e-07,0.00873763766
7.86602129e-07,2.81760958e-06,0.00873798877,1.17663421e-06,3.33476436e-07,1.30749902e-06,0,4.05445317e-05,6.15387705e-07,0.00873763766
7.8750287e-07,2.80840209e-06,0.00873799715,1.17840841e-06,3.2147247e-07,1.30852118e-06,0,4.05592946e-05,6.19126979e-07,0.00873763766
7.88400826e-07,2.80671566e-06,0.00873799715,1.18186256e-06,3.15108963e-07,1.30974411e-06,0,4.05759274e-05,6.22612902e-07,0.00873763766
7.89305659e-07,2.81955408e-06,0.00873798411,1.18540686e-06,3.23315305e-07,1.31083198e-06,0,4.05922074e-05,6.25983489e-07,0.00873763766
7.90201682e-07,2.82960605e-06,0.0087379748,1.18893252e-06,3.28988108e-07,1.31168542e-06,0,4.06074869e-05,6.28986925e-07,0.00873763766
7.91101741e-07,2.82751057e-06,0.00873797759,1.19394224e-06,3.2129239e-07,1.31227591e-06,0,4.06224353e-05,6.31713249e-07,0.00873763766
7.92001231e-07,2.82396309e-06,0.00873798225,1.19798813e-06,3.13321436e-07,1.31265358e-06,0,4.06434992e-05,6.34442586e-07,0.00873763859
7.9290362e-07,2.81090047e-06,0.00873799156,1.19272613e-06,3.05235346e-07,1.31293882e-06,0,4.06669533e-05,6.3709615e-07,0.00873763859
7.9380618e-07,2.81991606e-06,0.00873797294,1.18590901e-06,3.20518524e-07,1.31348861e-06,0,4.0678402e-05,6.39551786e-07,0.00873763859
7.94700554e-07,2.80906329e-06,0.00873798039,1.1862528e-06,3.08833364e-07,1.31397712e-06,0,4.06925792e-05,6.4191903e-07,0.00873763859
7.95604535e-07,2.82158862e-06,0.00873796828,1.18703872e-06,3.20046638e-07,1.31450315e-06,0,4.07087318e-05,6.44284626e-07,0.00873763859
7.96506129e-07,2.82683663e-06,0.00873796642,1.19101128e-06,3.21059218e-07,1.31476622e-06,0,4.07254265e-05,6.46472074e-07,0.00873763859
7.97401469e-07,2.82002861e-06,0.00873797387,1.19289018e-06,3.11761482e-07,1.31537684e-06,0,4.07454136e-05,6.48601031e-07,0.00873763859
7.98303006e-07,2.82101837e-06,0.00873797387,1.19796857e-06,3.0693289e-07,1.31611705e-06,0,4.07677144e-05,6.50646598e-07,0.00873763859
7.99205509e-07,2.82118276e-06,0.0087379748,1.20211416e-06,3.01536772e-07,1.31753188e-06,0,4.07918487e-05,6.527452e-07,0.00873763859
8.00101986e-07,2.83777831e-06,0.00873795897,1.2043854e-06,3.14751361e-07,1.31864158e-06,0,4.08142187e-05,6.54761266e-07,0.00873763859
8.01005456e-07,2.83308145e-06,0.00873796362,1.20538812e-06,3.08616336e-07,1.31907689e-06,0,4.08421838e-05,6.56722875e-07,0.00873763859
8.01902559e-07,2.83254053e-06,0.00873796362,1.20742573e-06,3.05794089e-07,1.31932075e-06,0,4.08761043e-05,6.58556189e-07,0.00873763859
8.02804323e-07,2.83005602e-06,0.00873796735,1.20832476e-06,3.0206192e-07,1.31966942e-06,0,4.09149907e-05,6.60342437e-07,0.00873763859
8.03702051e-07,2.82932592e-06,0.00873796828,1.20777077e-06,3.01662482e-07,1.3198927e-06,0,4.09529384e-05,6.62151308e-07,0.00873763859
8.04605577e-07,2.83451641e-06,0.00873795897,1.20519042e-06,3.09349673e-07,1.31997638e-06,0,4.09886707e-05,6.63934998e-07,0.00873763859
8.05500974e-07,2.84585485e-06,0.00873795245,1.20744528e-06,3.1781201e-07,1.32059745e-06,0,4.10167777e-05,6.65925427e-07,0.00873763859
8.06402966e-07,2.83215286e-06,0.00873796549,1.20683899e-06,3.04320338e-07,1.32099365e-06,0,4.10331631e-05,6.67921483e-07,0.00873763859
8.07305412e-07,2.83304621e-06,0.00873796269,1.20809545e-06,3.03755172e-07,1.32119555e-06,0,4.10481443e-05,6.69760198e-07,0.00873763859
8.08200923e-07,2.83615964e-06,0.00873795804,1.20831123e-06,3.06547548e-07,1.32130083e-06,0,4.1059724e-05,6.71558325e-07,0.00873763859
8.09102858e-07,2.84138991e-06,0.00873795059,1.20924415e-06,3.10782838e-07,1.3213629e-06,0,4.10688481e-05,6.73298359e-07,0.00873763859
8.10004622e-07,2.8362158e-06,0.00873796176,1.21330208e-06,3.01268415e-07,1.32164519e-06,0,4.10909342e-05,6.75008891e-07,0.00873763859
8.10906329e-07,2.84016255e-06,0.00873796642,1.21771473e-06,3.00572452e-07,1.3218754e-06,0,4.11207366e-05,6.7660676e-07,0.00873763859
8.11802352e-07,2.86989052e-06,0.00873794686,1.2255274e-06,3.22278822e-07,1.32208447e-06,0,4.11572946e-05,6.78091681e-07,0.00873763859
8.12705082e-07,2.89053946e-06,0.00873794034,1.23244968e-06,3.35834983e-07,1.32225489e-06,0,4.12005684e-05,6.79459674e-07,0.00873763859
8.13605425e-07,2.88160345e-06,0.00873796362,1.2380749e-06,3.21033298e-07,1.32249511e-06,0,4.12480258e-05,6.80897415e-07,0.00873763859
8.14501163e-07,2.88944693e-06,0.00873796456,1.23863208e-06,3.27900011e-07,1.32291484e-06,0,4.12975714e-05,6.82504094e-07,0.00873763859
8.15403666e-07,2.92873665e-06,0.0087379422,1.24664268e-06,3.58513972e-07,1.32358002e-06,0,4.13585512e-05,6.83967642e-07,0.00873763859
8.16305715e-07,2.93605558e-06,0.00873795711,1.24897304e-06,3.63032825e-07,1.32404966e-06,0,4.14254027e-05,6.85369741e-07,0.00873763859
8.17202078e-07,2.95855739e-06,0.00873795524,1.25610939e-06,3.78113981e-07,1.32433422e-06,0,4.14958668e-05,6.86729948e-07,0.00873763859
8.1810532e-07,3.00164152e-06,0.00873793103,1.26214456e-06,4.1477918e-07,1.32471769e-06,0,4.15716277e-05,6.8820458e-07,0.00873763859
8.1900123e-07,2.99385738e-06,0.00873795245,1.2760911e-06,3.89955062e-07,1.32781111e-06,0,4.16492658e-05,6.90669197e-07,0.00873763859
8.19904244e-07,3.01263367e-06,0.00873796828,1.2868561e-06,3.95173515e-07,1.33060405e-06,0,4.17427327e-05,6.93282232e-07,0.00873763859
8.20800096e-07,3.07163805e-06,0.0087379422,1.2916264e-06,4.4896791e-07,1.33104368e-06,0,4.18440504e-05,6.95091842e-07,0.00873763859
8.21704703e-07,3.12574139e-06,0.0087379422,1.30923331e-06,4.78834522e-07,1.33767355e-06,0,4.19651078e-05,6.97624841e-07,0.00873763859
8.22603624e-07,3.18088701e-06,0.00873795617,1.33475771e-06,4.8578778e-07,1.36034157e-06,0,4.21411896e-05,7.05361458e-07,0.00873763952
8.23501466e-07,3.31523029e-06,0.00873797107,1.39091708e-06,5.07414484e-07,1.41689873e-06,0,4.23440615e-05,7.13590737e-07,0.00873763952
8.24402491e-07,3.35525556e-06,0.00873809587,1.38294627e-06,4.67379124e-07,1.50493008e-06,0,4.25023936e-05,7.26291717e-07,0.00873764046
8.25305335e-07,3.32421973e-06,0.0087381145,1.37620452e-06,3.99820919e-07,1.5481944e-06,0,4.25023936e-05,7.37848097e-07,0.00873764046
8.26203063e-07,3.32436503e-06,0.00873810798,1.37609118e-06,3.87886672e-07,1.5603872e-06,0,4.25023936e-05,7.44247643e-07,0.00873764046
8.27100109e-07,3.33893081e-06,0.00873808842,1.37693632e-06,3.96753933e-07,1.56524061e-06,0,4.25023936e-05,7.4935457e-07,0.00873764046
8.28002385e-07,3.34690094e-06,0.00873807631,1.3789969e-06,4.01476768e-07,1.56642739e-06,0,4.25023936e-05,7.53760332e-07,0.00873764046
8.28903467e-07,3.33151365e-06,0.00873808935,1.37802829e-06,3.86213543e-07,1.56727185e-06,0,4.2505053e-05,7.57831401e-07,0.00873764046
8.29806311e-07,3.33803746e-06,0.00873808749,1.3812396e-06,3.8867887e-07,1.56811893e-06,0,4.25195212e-05,7.61432318e-07,0.00873764046
8.30700287e-07,3.34954007e-06,0.0087380819,1.38637279e-06,3.94199475e-07,1.56896783e-06,0,4.25404214e-05,7.64597701e-07,0.00873764046
8.31602676e-07,3.3605877e-06,0.00873807631,1.39233396e-06,3.98360072e-07,1.5698937e-06,0,4.25641774e-05,7.67499159e-07,0.00873764046
8.32504895e-07,3.37945676e-06,0.00873806514,1.39900123e-06,4.088418e-07,1.57161378e-06,0,4.25930375e-05,7.70336953e-07,0.00873764046
8.33403874e-07,3.37798838e-06,0.00873807911,1.40599718e-06,3.99001777e-07,1.57298939e-06,0,4.26292136e-05,7.72974715e-07,0.00873764046
8.3430092e-07,3.39599478e-06,0.00873807445,1.41173132e-06,4.08973648e-07,1.57528973e-06,0,4.26702791e-05,7.75411991e-07,0.00873764046
8.35206095e-07,3.40481142e-06,0.0087380698,1.40824272e-06,4.20683904e-07,1.57588477e-06,0,4.27111627e-05,7.77990351e-07,0.00873764046
8.36105016e-07,3.41496298e-06,0.00873807259,1.4156152e-06,4.23107622e-07,1.57624027e-06,0,4.27557534e-05,7.80340827e-07,0.00873764046
8.3700013e-07,3.43029433e-06,0.00873807631,1.42560793e-06,4.26648086e-07,1.57803834e-06,0,4.28078602e-05,7.82659527e-07,0.00873764046
8.37906327e-07,3.47645164e-06,0.00873805117,1.44118917e-06,4.53115973e-07,1.58214652e-06,0,4.28694548e-05,7.85257669e-07,0.00873764046
8.38805647e-07,3.51326821e-06,0.00873804279,1.44914213e-06,4.75264159e-07,1.58886189e-06,0,4.29440333e-05,7.88028274e-07,0.00873764046
8.39702295e-07,3.50508844e-06,0.00873807725,1.45511672e-06,4.60112972e-07,1.58985881e-06,0,4.30258915e-05,7.90500906e-07,0.00873764046
8.40605082e-07,3.52467305e-06,0.00873809122,1.46598109e-06,4.65864474e-07,1.59282752e-06,0,4.31151857e-05,7.92776518e-07,0.00873764046
8.4150571e-07,3.6106062e-06,0.00873804744,1.4969803e-06,5.05834123e-07,1.60779189e-06,0,4.31884218e-05,7.95196797e-07,0.00873764046
8.42400027e-07,3.66475524e-06,0.00873806048,1.53444205e-06,5.02688806e-07,1.62762433e-06,0,4.32892921e-05,7.98003612e-07,0.00873764046
8.4330145e-07,3.75194008e-06,0.00873806514,1.57311479e-06,5.17361173e-07,1.66146413e-06,0,4.34170288e-05,8.0137778e-07,0.00873764046
8.44204521e-07,3.72343106e-06,0.00873813592,1.5986634e-06,4.11626957e-07,1.7131407e-06,0,4.34538706e-05,8.10525194e-07,0.00873764046
8.45100487e-07,3.72931027e-06,0.00873812474,1.61150786e-06,3.9554638e-07,1.722256e-06,0,4.34634603e-05,8.17510227e-07,0.00873764046
8.46004582e-07,3.70656358e-06,0.00873814616,1.60736613e-06,3.73932806e-07,1.72526472e-06,0,4.34713438e-05,8.22848278e-07,0.00873764046
8.46904186e-07,3.72668842e-06,0.00873812102,1.60716843e-06,3.92580034e-07,1.7269399e-06,0,4.34758731e-05,8.27621307e-07,0.00873764046
8.4780504e-07,3.75521881e-06,0.00873808842,1.60736784e-06,4.19739223e-07,1.7281119e-06,0,4.34792819e-05,8.31679813e-07,0.00873764046
8.4870544e-07,3.7288803e-06,0.00873811077,1.60665786e-06,3.93244164e-07,1.72897819e-06,0,4.34819885e-05,8.35394076e-07,0.00873764046
8.49603964e-07,3.72250179e-06,0.0087381145,1.60765444e-06,3.85332015e-07,1.72951525e-06,0,4.34862195e-05,8.38626363e-07,0.00873764046
8.50500612e-07,3.71848114e-06,0.00873811729,1.60861748e-06,3.79651055e-07,1.7302126e-06,0,4.34948925e-05,8.41679764e-07,0.00873764046
8.51402319e-07,3.72150043e-06,0.00873811636,1.61282298e-06,3.7786964e-07,1.73080787e-06,0,4.35081602e-05,8.44676606e-07,0.00873764046
8.52301469e-07,3.75244372e-06,0.00873808842,1.61536195e-06,4.05798289e-07,1.73128353e-06,0,4.35257389e-05,8.47419301e-07,0.00873764046
8.53203346e-07,3.7662503e-06,0.00873807818,1.61651269e-06,4.18070471e-07,1.73166723e-06,0,4.35450747e-05,8.50018864e-07,0.00873764046
8.54103916e-07,3.73504281e-06,0.00873810891,1.61911669e-06,3.84075207e-07,1.73185094e-06,0,4.35630063e-05,8.52698804e-07,0.00873764046
8.55002781e-07,3.7451623e-06,0.0087380996,1.62320362e-06,3.8981608e-07,1.73214244e-06,0,4.35848233e-05,8.55239989e-07,0.00873764046
8.55900566e-07,3.75233753e-06,0.00873809494,1.63025186e-06,3.89555083e-07,1.73253045e-06,0,4.36088303e-05,8.57595353e-07,0.00873764046
8.5680341e-07,3.74376737e-06,0.00873810146,1.6322665e-06,3.78766487e-07,1.73273429e-06,0,4.36278497e-05,8.59851298e-07,0.00873764139
8.57701366e-07,3.7591692e-06,0.00873808004,1.63249683e-06,3.93716363e-07,1.73295609e-06,0,4.36391711e-05,8.62024478e-07,0.00873764139
8.5860222e-07,3.76599064e-06,0.00873806886,1.62765878e-06,4.05187961e-07,1.7331439e-06,0,4.36461087e-05,8.63990579e-07,0.00873764139
8.59504553e-07,3.74122715e-06,0.00873808842,1.62566084e-06,3.82301778e-07,1.73326453e-06,0,4.36505652e-05,8.65891025e-07,0.00873764139
8.60405976e-07,3.72118075e-06,0.00873810519,1.6272063e-06,3.60544874e-07,1.7334296e-06,0,4.36551636e-05,8.67796075e-07,0.00873764139
8.61304329e-07,3.73154467e-06,0.00873809401,1.63067511e-06,3.67356847e-07,1.7335127e-06,0,4.36641531e-05,8.69701353e-07,0.00873764139
8.62200579e-07,3.75878813e-06,0.008738067,1.63300251e-06,3.92181505e-07,1.73360411e-06,0,4.367375e-05,8.71446787e-07,0.00873764139
8.63105583e-07,3.75223476e-06,0.00873807352,1.63608274e-06,3.82341142e-07,1.73381079e-06,0,4.36841328e-05,8.73232807e-07,0.00873764139
8.64000242e-07,3.73921921e-06,0.00873808563,1.63384425e-06,3.71439029e-07,1.73393585e-06,0,4.36932787e-05,8.74962097e-07,0.00873764139
8.64906269e-07,3.7416437e-06,0.0087380847,1.63018706e-06,3.77296232e-07,1.73416038e-06,0,4.37057024e-05,8.76714921e-07,0.00873764139
8.65800189e-07,3.74976412e-06,0.00873807818,1.63260972e-06,3.82689478e-07,1.73446483e-06,0,4.37179879e-05,8.78473884e-07,0.00873764139
8.66706216e-07,3.7433249e-06,0.00873808563,1.63852701e-06,3.69892206e-07,1.73490571e-06,0,4.37315903e-05,8.80119387e-07,0.00873764139
8.67606275e-07,3.74583146e-06,0.00873808376,1.64062669e-06,3.70049378e-07,1.73515525e-06,0,4.37466551e-05,8.81785354e-07,0.00873764139
8.68500706e-07,3.76875096e-06,0.00873806328,1.64529729e-06,3.87860723e-07,1.73559283e-06,0,4.37638591e-05,8.83389248e-07,0.00873764139
8.69402243e-07,3.76576054e-06,0.00873807259,1.64035532e-06,3.89322366e-07,1.73608282e-06,0,4.37921335e-05,8.84988424e-07,0.00873764139
8.70304461e-07,3.75959894e-06,0.00873808935,1.64359892e-06,3.79472084e-07,1.73652791e-06,0,4.3827873e-05,8.8655014e-07,0.00873764139
8.71203099e-07,3.78327513e-06,0.00873808004,1.64987443e-06,3.96623989e-07,1.73677665e-06,0,4.38687384e-05,8.88107763e-07,0.00873764139
8.72102703e-07,3.79931703e-06,0.00873807725,1.65933136e-06,4.0292835e-07,1.73705735e-06,0,4.39138676e-05,8.89671242e-07,0.00873764139
8.73000658e-07,3.83090855e-06,0.00873805862,1.67081953e-06,4.22234308e-07,1.73785486e-06,0,4.39684518e-05,8.91338175e-07,0.00873764139
8.73900944e-07,3.82833923e-06,0.00873806886,1.67273197e-06,4.17463923e-07,1.7381434e-06,0,4.40266849e-05,8.93005108e-07,0.00873764139
8.74801742e-07,3.82083681e-06,0.00873809401,1.67481244e-06,4.07195984e-07,1.73882847e-06,0,4.40927324e-05,8.94666698e-07,0.00873764139
8.75705609e-07,3.86486454e-06,0.008738067,1.67774533e-06,4.47908349e-07,1.7392108e-06,0,4.41634293e-05,8.96305494e-07,0.00873764139
8.76604645e-07,3.89076286e-06,0.00873806328,1.68499071e-06,4.66199424e-07,1.73957278e-06,0,4.42384626e-05,8.97759946e-07,0.00873764139
8.77504817e-07,3.88655644e-06,0.00873809215,1.69255736e-06,4.54049228e-07,1.73994988e-06,0,4.43168028e-05,8.99279485e-07,0.00873764139
8.78401693e-07,3.93456139e-06,0.00873805862,1.6947447e-06,4.99350904e-07,1.74046568e-06,0,4.44030738e-05,9.00936413e-07,0.00873764139
8.79301581e-07,3.9812312e-06,0.00873804837,1.70607825e-06,5.32789102e-07,1.74236379e-06,0,4.45012774e-05,9.03206399e-07,0.00873764139
8.80202265e-07,3.96180485e-06,0.00873808935,1.70679004e-06,5.11738847e-07,1.7432759e-06,0,4.46079903e-05,9.05382478e-07,0.00873764139
8.81102039e-07,4.00165845e-06,0.00873808656,1.71336069e-06,5.44378906e-07,1.74391869e-06,0,4.47236562e-05,9.07016783e-07,0.00873764139
8.82004144e-07,4.10889561e-06,0.00873804092,1.7335035e-06,6.22081188e-07,1.75331104e-06,0,4.48666615e-05,9.09506809e-07,0.00873764139
8.82906249e-07,4.17731007e-06,0.00873805583,1.76787387e-06,6.28965608e-07,1.78047082e-06,0,4.50654588e-05,9.13752729e-07,0.00873764232
8.838025e-07,4.24206928e-06,0.00873811264,1.82765905e-06,5.93235143e-07,1.82117526e-06,0,4.52727763e-05,9.21403739e-07,0.00873764232
8.84706196e-07,4.40666736e-06,0.00873808842,1.85225281e-06,6.38397466e-07,1.91601703e-06,0,4.5469038e-05,9.26843427e-07,0.00873764232
8.85605573e-07,4.34687945e-06,0.00873824209,1.82825772e-06,5.15178328e-07,2.00344357e-06,0,4.55593508e-05,9.46102375e-07,0.00873764604
8.8650313e-07,4.34915091e-06,0.00873823091,1.8303582e-06,4.75709527e-07,2.04308299e-06,0,4.55593508e-05,9.55165433e-07,0.00873764604
8.87405974e-07,4.3570235e-06,0.00873821694,1.83057477e-06,4.70205038e-07,2.0562436e-06,0,4.55600857e-05,9.61866817e-07,0.00873764604
8.88302509e-07,4.40800659e-06,0.00873816758,1.83228804e-06,5.14163048e-07,2.06155528e-06,0,4.55726804e-05,9.67435994e-07,0.00873764604
8.89205808e-07,4.3848263e-06,0.00873820111,1.83491784e-06,4.85769249e-07,2.06413915e-06,0,4.56012131e-05,9.72247449e-07,0.00873764604
8.90105014e-07,4.37244216e-06,0.00873822626,1.8432645e-06,4.63032649e-07,2.06614504e-06,0,4.56341586e-05,9.76827891e-07,0.00873764604
8.91000184e-07,4.41933389e-06,0.00873818528,1.84633132e-06,5.04548154e-07,2.06845425e-06,0,4.56618291e-05,9.80952791e-07,0.00873764604
8.9190047e-07,4.46168588e-06,0.00873815082,1.85145643e-06,5.40470751e-07,2.06975892e-06,0,4.56940543e-05,9.84479243e-07,0.00873764604
8.92803655e-07,4.42406599e-06,0.00873819925,1.86231523e-06,4.89673425e-07,2.07207745e-06,0,4.57323367e-05,9.88012857e-07,0.00873764604
8.93703032e-07,4.4524063e-06,0.00873818342,1.87862861e-06,4.96677785e-07,2.07709968e-06,0,4.5779223e-05,9.91258162e-07,0.00873764697
8.94606558e-07,4.47598404e-06,0.00873817597,1.88142678e-06,5.14984436e-07,2.07957282e-06,0,4.5831428e-05,9.94223797e-07,0.00873764697
8.95502865e-07,4.47458024e-06,0.00873817783,1.87997773e-06,5.1138494e-07,2.08321762e-06,0,4.5886165e-05,9.97447955e-07,0.00873764697
8.96400252e-07,4.49186155e-06,0.00873817969,1.88571585e-06,5.20781668e-07,2.08536403e-06,0,4.59402763e-05,1.0006022e-06,0.00873764697
8.97304403e-07,4.53092571e-06,0.00873816572,1.89985474e-06,5.44309842e-07,2.08676101e-06,0,4.60017036e-05,1.00325565e-06,0.00873764697
8.98201392e-07,4.55834788e-06,0.00873816758,1.91437471e-06,5.54087649e-07,2.08988536e-06,0,4.60714582e-05,1.00601892e-06,0.00873764697
8.99105942e-07,4.5769425e-06,0.00873817317,1.92879247e-06,5.54941039e-07,2.09320888e-06,0,4.61496129e-05,1.00869977e-06,0.00873764697
9.00002306e-07,4.60663841e-06,0.00873817317,1.94744734e-06,5.61509182e-07,2.097682e-06,0,4.62371318e-05,1.01121225e-06,0.00873764697
9.00901e-07,4.63380229e-06,0.0087381769,1.95262646e-06,5.79309301e-07,2.10186658e-06,0,4.63304386e-05,1.01350997e-06,0.00873764697
9.01803389e-07,4.68344615e-06,0.00873815641,1.96429619e-06,6.14077635e-07,2.10507233e-06,0,4.64236145e-05,1.01580827e-06,0.00873764697
9.02703732e-07,4.74510125e-06,0.00873816293,1.9934289e-06,6.21212109e-07,2.13045996e-06,0,4.65220037e-05,1.01830517e-06,0.00873764697
9.03604018e-07,4.70936538e-06,0.00873823836,1.98392763e-06,5.33758623e-07,2.19167919e-06,0,4.6590023e-05,1.02474803e-06,0.00873764791
9.04503622e-07,4.67930477e-06,0.0087382663,1.9827944e-06,4.90708089e-07,2.20580228e-06,0,4.66237689e-05,1.03128389e-06,0.00873764791
9.05406239e-07,4.71465955e-06,0.00873824395,1.99205192e-06,5.13544137e-07,2.2090635e-06,0,4.66745078e-05,1.036409e-06,0.00873764791
9.06303683e-07,4.73965201e-06,0.00873821694,1.99421947e-06,5.34928915e-07,2.21050368e-06,0,4.67205136e-05,1.04131288e-06,0.00873764791
9.07200558e-07,4.73527098e-06,0.00873822253,1.99446413e-06,5.29518445e-07,2.21128835e-06,0,4.67631617e-05,1.04528647e-06,0.00873764791
9.08102493e-07,4.72069178e-06,0.00873823836,1.99486863e-06,5.13668624e-07,2.21215441e-06,0,4.68029029e-05,1.04917956e-06,0.00873764791
9.09004086e-07,4.75717115e-06,0.00873820297,2.00256522e-06,5.41330849e-07,2.21327491e-06,0,4.68428225e-05,1.05264314e-06,0.00873764791
9.09904884e-07,4.74059016e-06,0.00873822346,2.0095365e-06,5.17038075e-07,2.21401547e-06,0,4.68841936e-05,1.05573145e-06,0.00873764791
9.10800622e-07,4.72330521e-06,0.00873824582,2.01406192e-06,4.94148367e-07,2.21509481e-06,0,4.69292027e-05,1.05883396e-06,0.00873764791
9.1170125e-07,4.7696758e-06,0.00873822998,2.02319075e-06,5.25031169e-07,2.22145377e-06,0,4.70028681e-05,1.06206994e-06,0.00873764791
9.12600569e-07,4.80914741e-06,0.00873819087,2.02180672e-06,5.4982246e-07,2.23751817e-06,0,4.70235718e-05,1.07319465e-06,0.00873764791
9.13500912e-07,4.75454681e-06,0.00873825047,2.02885917e-06,4.84511133e-07,2.24117639e-06,0,4.70466184e-05,1.0786365e-06,0.00873764791
9.14403984e-07,4.73889395e-06,0.00873826444,2.02852198e-06,4.65773496e-07,2.24459859e-06,0,4.70696905e-05,1.0833794e-06,0.00873764791
9.15305122e-07,4.77689582e-06,0.00873822719,2.03109175e-06,4.99240855e-07,2.2465631e-06,0,4.70899649e-05,1.08743018e-06,0.00873764791
9.16202907e-07,4.78262837e-06,0.0087382216,2.03238824e-06,5.02237867e-07,2.24800215e-06,0,4.71086423e-05,1.0912147e-06,0.00873764791
9.17100465e-07,4.7734261e-06,0.00873822905,2.03014611e-06,4.94448784e-07,2.24883115e-06,0,4.71229723e-05,1.09507812e-06,0.00873764791
9.18005298e-07,4.77130379e-06,0.00873822346,2.03081095e-06,4.90104355e-07,2.25038866e-06,0,4.71307831e-05,1.09882956e-06,0.00873764791
9.18901094e-07,4.77773438e-06,0.00873821042,2.03168452e-06,4.94099538e-07,2.25195026e-06,0,4.71356398e-05,1.10212318e-06,0.00873764791
9.1980155e-07,4.74802528e-06,0.00873823464,2.03221998e-06,4.63407616e-07,2.25239751e-06,0,4.71413332e-05,1.10528504e-06,0.00873764791
9.20700302e-07,4.74922399e-06,0.00873823091,2.02967908e-06,4.66002518e-07,2.25354256e-06,0,4.71470121e-05,1.10826056e-06,0.00873764791
9.21605874e-07,4.77716003e-06,0.00873820018,2.02780416e-06,4.95542679e-07,2.25381336e-06,0,4.71511557e-05,1.11099098e-06,0.00873764791
9.22503432e-07,4.7781532e-06,0.00873819552,2.03083891e-06,4.92448692e-07,2.25486565e-06,0,4.7155514e-05,1.11359748e-06,0.00873764791
9.23403093e-07,4.75959132e-06,0.00873821136,2.03182049e-06,4.72569354e-07,2.25520125e-06,0,4.71604435e-05,1.11620864e-06,0.00873764791
9.2430389e-07,4.74789931e-06,0.00873821974,2.02803312e-06,4.64238241e-07,2.25562803e-06,0,4.71631502e-05,1.11863335e-06,0.00873764791
9.25203608e-07,4.73548562e-06,0.00873822626,2.02788488e-06,4.51549823e-07,2.25605095e-06,0,4.71639105e-05,1.12098928e-06,0.00873764791
9.2610469e-07,4.77380036e-06,0.00873818528,2.03014588e-06,4.87415662e-07,2.25623876e-06,0,4.71645653e-05,1.12331691e-06,0.00873764884
9.27001224e-07,4.76451532e-06,0.0087381918,2.0282896e-06,4.79498397e-07,2.25672738e-06,0,4.71649946e-05,1.12549071e-06,0.00873764884
9.27902818e-07,4.74757826e-06,0.0087382067,2.02497881e-06,4.65464609e-07,2.25713507e-06,0,4.7167523e-05,1.12763621e-06,0.00873764884
9.28802478e-07,4.75137267e-06,0.00873821229,2.03017066e-06,4.62805616e-07,2.25839631e-06,0,4.71886306e-05,1.12974237e-06,0.00873764884
9.29702708e-07,4.79510391e-06,0.00873818994,2.04197181e-06,4.92126276e-07,2.26100565e-06,0,4.72312095e-05,1.13196973e-06,0.00873764884
9.3060487e-07,4.79965956e-06,0.00873820111,2.05153401e-06,4.85948078e-07,2.26217776e-06,0,4.72754764e-05,1.13400472e-06,0.00873764884
9.31506406e-07,4.80601329e-06,0.00873820949,2.06083723e-06,4.82380074e-07,2.26279622e-06,0,4.73187756e-05,1.13610918e-06,0.00873764884
9.32402486e-07,4.85062037e-06,0.00873818155,2.06660343e-06,5.20860794e-07,2.26315638e-06,0,4.73680084e-05,1.13812882e-06,0.00873764884
9.33301465e-07,4.87407442e-06,0.00873817224,2.07164999e-06,5.38929214e-07,2.26349516e-06,0,4.74213266e-05,1.14004877e-06,0.00873764884
9.34200671e-07,4.83284839e-06,0.00873822253,2.07272387e-06,4.95736742e-07,2.26438783e-06,0,4.74792687e-05,1.14215391e-06,0.00873764884
9.35103344e-07,4.84397697e-06,0.00873820763,2.07237508e-06,5.06207357e-07,2.26539464e-06,0,4.75440756e-05,1.14456805e-06,0.00873764884
9.36001243e-07,4.916943e-06,0.00873815734,2.08318329e-06,5.67579093e-07,2.26618045e-06,0,4.76191817e-05,1.14662532e-06,0.00873764884
9.36902325e-07,4.91658375e-06,0.00873818528,2.09061773e-06,5.58956515e-07,2.26700945e-06,0,4.77072172e-05,1.14847251e-06,0.00873764884
9.37805055e-07,4.91888932e-06,0.00873821694,2.09431437e-06,5.56416978e-07,2.26815791e-06,0,4.78061847e-05,1.15110902e-06,0.00873764884
9.38705227e-07,4.97964311e-06,0.00873819366,2.10175608e-06,6.08119308e-07,2.26976749e-06,0,4.79136033e-05,1.15389889e-06,0.00873764884
9.39605059e-07,5.04711988e-06,0.00873816386,2.10616872e-06,6.70376608e-07,2.27057444e-06,0,4.80282433e-05,1.15651812e-06,0.00873764884
9.40500399e-07,5.05796243e-06,0.00873819645,2.11826523e-06,6.66751305e-07,2.27294595e-06,0,4.81483075e-05,1.15980458e-06,0.00873764884
9.41404949e-07,5.07734421e-06,0.00873820949,2.13253338e-06,6.67119821e-07,2.27769101e-06,0,4.82797586e-05,1.16511296e-06,0.00873764884
9.42304496e-07,5.16256932e-06,0.00873816945,2.15601722e-06,7.10566155e-07,2.29598595e-06,0,4.84429038e-05,1.17437696e-06,0.00873764977
9.43200803e-07,5.07841469e-06,0.00873831287,2.15198088e-06,5.80840151e-07,2.34559366e-06,0,4.85629316e-05,1.19436618e-06,0.00873764977
9.44102339e-07,5.06879269e-06,0.00873831287,2.16075978e-06,5.28063083e-07,2.37996983e-06,0,4.85895398e-05,1.20623474e-06,0.00873764977
9.45001148e-07,5.10783912e-06,0.00873826072,2.15528735e-06,5.6115158e-07,2.39140036e-06,0,4.86142053e-05,1.21387109e-06,0.00873764977
9.45906095e-07,5.10639211e-06,0.0087382542,2.15226146e-06,5.5878678e-07,2.3953437e-06,0,4.86378049e-05,1.22042411e-06,0.00873764977
9.46803311e-07,5.08926269e-06,0.00873827096,2.14977786e-06,5.42613407e-07,2.39687142e-06,0,4.86569443e-05,1.22615393e-06,0.00873764977
9.4770138e-07,5.09700567e-06,0.00873825978,2.1468818e-06,5.50268453e-07,2.39985548e-06,0,4.86723839e-05,1.23111465e-06,0.00873764977
9.48603429e-07,5.12310999e-06,0.0087382365,2.15272439e-06,5.68744497e-07,2.40164104e-06,0,4.86965e-05,1.2357068e-06,0.00873764977
9.49500986e-07,5.11992539e-06,0.00873825327,2.16614285e-06,5.48800244e-07,2.4049823e-06,0,4.87386533e-05,1.23995756e-06,0.00873764977
9.50400988e-07,5.13323903e-06,0.0087382542,2.17910815e-06,5.47097159e-07,2.40703366e-06,0,4.87841098e-05,1.2437514e-06,0.00873764977
9.51303548e-07,5.16177988e-06,0.00873824023,2.17821707e-06,5.71986959e-07,2.41157613e-06,0,4.88310361e-05,1.24803751e-06,0.00873764977
9.52204573e-07,5.1689176e-06,0.00873824395,2.18742844e-06,5.66727806e-07,2.41476141e-06,0,4.88877595e-05,1.25207441e-06,0.0087376507
9.53100425e-07,5.18374509e-06,0.0087382365,2.19282197e-06,5.74440435e-07,2.41648263e-06,0,4.89442828e-05,1.25725592e-06,0.0087376507
9.54002189e-07,5.19842888e-06,0.0087382365,2.1930116e-06,5.87795739e-07,2.41762154e-06,0,4.90051425e-05,1.26102691e-06,0.0087376507
9.54902816e-07,5.18723618e-06,0.00873824768,2.19408957e-06,5.73091313e-07,2.42005513e-06,0,4.90636558e-05,1.26445741e-06,0.0087376507
9.55802989e-07,5.21204629e-06,0.00873823464,2.21325058e-06,5.73722332e-07,2.42507326e-06,0,4.91338142e-05,1.26785471e-06,0.0087376507
9.56704525e-07,5.21412539e-06,0.00873824302,2.22320296e-06,5.54863448e-07,2.43605882e-06,0,4.91799328e-05,1.27307294e-06,0.0087376507
9.57605721e-07,5.19822152e-06,0.00873825233,2.22370977e-06,5.34319383e-07,2.44019225e-06,0,4.91992469e-05,1.27764486e-06,0.0087376507
9.58505439e-07,5.19902187e-06,0.00873824954,2.22446124e-06,5.32757156e-07,2.44180364e-06,0,4.92149302e-05,1.28149475e-06,0.0087376507
9.59400268e-07,5.18770821e-06,0.00873825792,2.22930817e-06,5.15696058e-07,2.44270382e-06,0,4.922886e-05,1.28491376e-06,0.0087376507
9.60304874e-07,5.21984157e-06,0.00873822533,2.23261168e-06,5.4384941e-07,2.44338048e-06,0,4.92446416e-05,1.28815054e-06,0.0087376507
9.61203e-07,5.21331413e-06,0.00873823371,2.23302595e-06,5.36427478e-07,2.44386069e-06,0,4.92660511e-05,1.29099567e-06,0.0087376507
9.62102945e-07,5.21177617e-06,0.00873824023,2.23643997e-06,5.30921454e-07,2.4444148e-06,0,4.92937397e-05,1.29385228e-06,0.0087376507
9.63002663e-07,5.22345272e-06,0.00873823464,2.24183145e-06,5.3669504e-07,2.44492617e-06,0,4.93239568e-05,1.29661078e-06,0.0087376507
9.63902494e-07,5.21541961e-06,0.00873824675,2.24438872e-06,5.25570215e-07,2.44546095e-06,0,4.93572734e-05,1.29929515e-06,0.0087376507
9.64800165e-07,5.20995491e-06,0.00873823557,2.23786174e-06,5.26160932e-07,2.44593252e-06,0,4.93795706e-05,1.30186118e-06,0.0087376507
9.65706022e-07,5.21667243e-06,0.00873822346,2.23587904e-06,5.34635035e-07,2.44615831e-06,0,4.94046981e-05,1.30449109e-06,0.0087376507
9.66603807e-07,5.23061181e-06,0.00873820763,2.23374036e-06,5.50342747e-07,2.44652847e-06,0,4.94264677e-05,1.30690455e-06,0.0087376507
9.67501137e-07,5.20828371e-06,0.00873823185,2.23028314e-06,5.31119156e-07,2.44688135e-06,0,4.94435662e-05,1.30917476e-06,0.0087376507
9.68402787e-07,5.17979879e-06,0.00873825699,2.2342274e-06,4.98372572e-07,2.44719877e-06,0,4.94583328e-05,1.31161516e-06,0.0087376507
9.69306029e-07,5.21632592e-06,0.00873821788,2.24247719e-06,5.2635886e-07,2.44749003e-06,0,4.94721535e-05,1.31385889e-06,0.0087376507
9.70204496e-07,5.24175994e-06,0.00873819552,2.2486206e-06,5.45191313e-07,2.44794796e-06,0,4.94917949e-05,1.31591366e-06,0.0087376507
9.71101599e-07,5.2138862e-06,0.00873822812,2.24644987e-06,5.18946024e-07,2.44849025e-06,0,4.95189161e-05,1.31796776e-06,0.00873765163
9.72005182e-07,5.22933806e-06,0.00873822067,2.25061922e-06,5.29961881e-07,2.44875719e-06,0,4.95532695e-05,1.32005539e-06,0.00873765163
9.72902399e-07,5.22661321e-06,0.00873823278,2.25626968e-06,5.20947481e-07,2.44939588e-06,0,4.9590155e-05,1.32200194e-06,0.00873765163
9.73805186e-07,5.25163796e-06,0.00873821601,2.2600243e-06,5.41686006e-07,2.44992725e-06,0,4.9631195e-05,1.32397236e-06,0.00873765163
9.74702289e-07,5.24140978e-06,0.00873821136,2.24544738e-06,5.45497926e-07,2.45046476e-06,0,4.96591056e-05,1.32598711e-06,0.00873765163
9.75604507e-07,5.22887785e-06,0.00873821601,2.24849623e-06,5.29576539e-07,2.45080537e-06,0,4.9689188e-05,1.32800983e-06,0.00873765163
9.76505135e-07,5.23472136e-06,0.00873820577,2.25137342e-06,5.32079923e-07,2.45126785e-06,0,4.97185283e-05,1.32997252e-06,0.00873765163
9.77402919e-07,5.2253049e-06,0.00873821229,2.25055987e-06,5.23021242e-07,2.45172373e-06,0,4.97436486e-05,1.33178787e-06,0.00873765163
9.7830241e-07,5.21852462e-06,0.00873822812,2.24769565e-06,5.18574609e-07,2.45225465e-06,0,4.97769579e-05,1.33358799e-06,0.00873765163
9.79202696e-07,5.25501582e-06,0.00873820949,2.25593476e-06,5.46040894e-07,2.45304022e-06,0,4.98278059e-05,1.33540573e-06,0.00873765163
9.80102868e-07,5.28786313e-06,0.00873819832,2.27041483e-06,5.63508422e-07,2.45393971e-06,0,4.98903646e-05,1.33712103e-06,0.00873765163
9.81004177e-07,5.30055377e-06,0.00873819832,2.27496571e-06,5.70797113e-07,2.45479123e-06,0,4.99518828e-05,1.33887113e-06,0.00873765163
9.81900257e-07,5.29979025e-06,0.0087382216,2.28581416e-06,5.58466184e-07,2.45550996e-06,0,5.00232563e-05,1.34059155e-06,0.00873765163
9.82801566e-07,5.33892262e-06,0.00873820484,2.29927809e-06,5.83477686e-07,2.45616684e-06,0,5.0103492e-05,1.34228833e-06,0.00873765163
9.83701284e-07,5.36910875e-06,0.00873819739,2.31335434e-06,5.97429676e-07,2.45832484e-06,0,5.01923205e-05,1.34436266e-06,0.00873765163
9.84600206e-07,5.35047002e-06,0.00873821415,2.30183059e-06,5.89253716e-07,2.45938577e-06,0,5.02792791e-05,1.34629306e-06,0.00873765163
9.85505949e-07,5.35258641e-06,0.00873821974,2.29052762e-06,6.0175438e-07,2.46030413e-06,0,5.03681222e-05,1.34870243e-06,0.00873765163
9.86400892e-07,5.41356849e-06,0.00873818807,2.29130819e-06,6.61345837e-07,2.4609144e-06,0,5.04635354e-05,1.35075049e-06,0.00873765163
9.87302656e-07,5.44893464e-06,0.00873818342,2.29693865e-06,6.90378158e-07,2.4616179e-06,0,5.056589e-05,1.35260495e-06,0.00873765163
9.882001e-07,5.42591897e-06,0.00873823557,2.30332262e-06,6.59570617e-07,2.46302579e-06,0,5.06772376e-05,1.35436392e-06,0.00873765163
9.89100386e-07,5.49465358e-06,0.00873819832,2.31789249e-06,7.12251449e-07,2.46450986e-06,0,5.07987534e-05,1.35611685e-06,0.00873765163
9.90001354e-07,5.53496193e-06,0.00873818528,2.32994353e-06,7.3874719e-07,2.46627133e-06,0,5.09306592e-05,1.35801611e-06,0.00873765163
9.90902777e-07,5.55808901e-06,0.00873819739,2.33546962e-06,7.52177698e-07,2.47044181e-06,0,5.1072202e-05,1.36107349e-06,0.00873765256
9.91805337e-07,5.61429624e-06,0.00873820577,2.355785e-06,7.79981235e-07,2.47852995e-06,0,5.12275255e-05,1.36487108e-06,0.00873765256
9.9270062e-07,5.73761008e-06,0.00873820484,2.40341888e-06,8.24137715e-07,2.51005372e-06,0,5.14240455e-05,1.37598772e-06,0.00873765256
9.93605227e-07,5.83974224e-06,0.00873821042,2.42936267e-06,8.62618549e-07,2.54776114e-06,0,5.16317559e-05,1.39136273e-06,0.00873765349
9.9450358e-07,5.9219924e-06,0.00873822812,2.46938839e-06,8.57551584e-07,2.59505259e-06,0,5.18548695e-05,1.40649934e-06,0.00873765349
9.95401365e-07,5.80814685e-06,0.00873846374,2.40420104e-06,6.51581331e-07,2.75236425e-06,0,5.19262103e-05,1.42619524e-06,0.00873765349
9.96300514e-07,5.89215188e-06,0.00873836782,2.4123126e-06,6.56834914e-07,2.82300425e-06,0,5.19261666e-05,1.43673594e-06,0.00873765349
9.97205802e-07,5.893246e-06,0.00873835944,2.40338113e-06,6.43900535e-07,2.84596445e-06,0,5.19262903e-05,1.44353328e-06,0.00873765349
9.98102337e-07,5.88451121e-06,0.00873836223,2.40095983e-06,6.25144025e-07,2.85840747e-06,0,5.19263849e-05,1.44900389e-06,0.00873765349
9.99005692e-07,5.88178591e-06,0.00873836037,2.40337522e-06,6.15000317e-07,2.86341037e-06,0,5.19264286e-05,1.45377953e-06,0.00873765349
9.99900294e-07,5.88638477e-06,0.00873835105,2.40266741e-06,6.1802541e-07,2.8656923e-06,0,5.1926454e-05,1.45825391e-06,0.00873765349
1.00080194e-06,5.91462003e-06,0.00873831939,2.40145869e-06,6.43118597e-07,2.87004264e-06,0,5.1926454e-05,1.46219111e-06,0.00873765349
1.00170246e-06,5.88900866e-06,0.00873834081,2.40200256e-06,6.15652652e-07,2.87135344e-06,0,5.1926454e-05,1.46569323e-06,0.00873765349
1.00260456e-06,5.89318961e-06,0.00873833336,2.40459144e-06,6.15993542e-07,2.87260468e-06,0,5.1926454e-05,1.46889488e-06,0.00873765349
1.00350042e-06,5.88649164e-06,0.00873833708,2.40394365e-06,6.08772268e-07,2.87377543e-06,0,5.1926454e-05,1.471872e-06,0.00873765349
1.00440593e-06,5.90544596e-06,0.00873832405,2.40730674e-06,6.22063283e-07,2.87607577e-06,0,5.19357236e-05,1.47473918e-06,0.00873765349
1.00530588e-06,5.90474929e-06,0.00873833615,2.41090925e-06,6.09289941e-07,2.88455021e-06,0,5.19522e-05,1.47756691e-06,0.00873765443
1.00620571e-06,5.90782838e-06,0.00873833243,2.41326507e-06,6.0765683e-07,2.88690671e-06,0,5.19536443e-05,1.48044876e-06,0.00873765443
1.00710531e-06,5.91469006e-06,0.00873832311,2.40947929e-06,6.17530645e-07,2.88767978e-06,0,5.19538626e-05,1.48309539e-06,0.00873765443
1.00800582e-06,5.93880895e-06,0.00873831008,2.41870976e-06,6.30150851e-07,2.88994852e-06,0,5.19751484e-05,1.48560662e-06,0.00873765443
1.0089052e-06,5.93916593e-06,0.00873833988,2.43594968e-06,6.0800312e-07,2.89521336e-06,0,5.20215654e-05,1.48821255e-06,0.00873765443
1.00980537e-06,5.99304667e-06,0.00873832684,2.45409205e-06,6.37063295e-07,2.90189109e-06,0,5.2096224e-05,1.49078437e-06,0.00873765443
1.01070327e-06,5.99454097e-06,0.00873833708,2.44807575e-06,6.37828578e-07,2.90863682e-06,0,5.21599104e-05,1.49412051e-06,0.00873765443
1.01160208e-06,6.05149626e-06,0.00873831846,2.46820514e-06,6.66609424e-07,2.91668175e-06,0,5.22182199e-05,1.49875632e-06,0.00873765443
1.01250248e-06,6.08160008e-06,0.00873832963,2.49332379e-06,6.55283714e-07,2.9329924e-06,0,5.22798073e-05,1.50178505e-06,0.00873765443
1.01340004e-06,6.14554983e-06,0.00873831101,2.51698498e-06,6.77465664e-07,2.9510993e-06,0,5.23434392e-05,1.50457413e-06,0.00873765443
1.01430248e-06,6.13893872e-06,0.0087383315,2.52359291e-06,6.60177591e-07,2.95516838e-06,0,5.24025818e-05,1.50867083e-06,0.00873765443
1.01520357e-06,6.16555053e-06,0.00873833336,2.53670555e-06,6.71083342e-07,2.95776135e-06,0,5.24737297e-05,1.51211361e-06,0.00873765443
1.01610328e-06,6.21617392e-06,0.00873834174,2.5562374e-06,6.73984857e-07,2.98595182e-06,0,5.25553733e-05,1.5177518e-06,0.00873765629
1.01700584e-06,6.18630293e-06,0.00873837247,2.54177075e-06,6.37217738e-07,3.00731472e-06,0,5.25557589e-05,1.52623386e-06,0.00873765536
1.01790567e-06,6.20669971e-06,0.00873834733,2.53954818e-06,6.53705797e-07,3.01344585e-06,0,5.25557589e-05,1.53072244e-06,0.00873765536
1.01880266e-06,6.17922706e-06,0.00873837154,2.53852158e-06,6.24099471e-07,3.01660589e-06,0,5.25557589e-05,1.53453607e-06,0.00873765536
1.0197017e-06,6.16174248e-06,0.00873838551,2.54149313e-06,6.01176168e-07,3.01907312e-06,0,5.25557589e-05,1.53818598e-06,0.00873765629
1.02060028e-06,6.2076133e-06,0.00873833615,2.54077713e-06,6.46883109e-07,3.01995328e-06,0,5.25557589e-05,1.54149473e-06,0.00873765629
1.021505e-06,6.18229296e-06,0.00873835851,2.53930398e-06,6.22014511e-07,3.02097442e-06,0,5.25557589e-05,1.54444911e-06,0.00873765629
1.02240131e-06,6.17290607e-06,0.00873836502,2.54039105e-06,6.10959262e-07,3.02155581e-06,0,5.25557589e-05,1.54727775e-06,0.00873765629
1.02330512e-06,6.20663241e-06,0.0087383287,2.54305883e-06,6.4115892e-07,3.02241483e-06,0,5.25557589e-05,1.54997736e-06,0.00873765629
1.02420438e-06,6.19144475e-06,0.00873834081,2.54061388e-06,6.27859151e-07,3.0229719e-06,0,5.2555788e-05,1.5524721e-06,0.00873765629
1.02510432e-06,6.16354782e-06,0.00873836689,2.5400675e-06,5.9998689e-07,3.02349372e-06,0,5.2555788e-05,1.55494968e-06,0.00873765629
1.02600472e-06,6.18377635e-06,0.0087383436,2.54451038e-06,6.1527453e-07,3.02399121e-06,0,5.2555788e-05,1.55734756e-06,0.00873765629
1.02690035e-06,6.17834939e-06,0.00873834733,2.54288125e-06,6.11029009e-07,3.02443937e-06,0,5.25562864e-05,1.55962664e-06,0.00873765629
1.02780245e-06,6.20223727e-06,0.00873833429,2.54670567e-06,6.29518809e-07,3.02601279e-06,0,5.25736832e-05,1.56188446e-06,0.00873765629
1.02870047e-06,6.22996595e-06,0.00873832498,2.55362806e-06,6.48580169e-07,3.02775766e-06,0,5.26068725e-05,1.56408692e-06,0.00873765629
1.02960121e-06,6.22889775e-06,0.00873835199,2.56505518e-06,6.33415766e-07,3.03042657e-06,0,5.26556796e-05,1.56626459e-06,0.00873765629
1.030504e-06,6.25249186e-06,0.00873834826,2.57814054e-06,6.41196664e-07,3.03315483e-06,0,5.27066004e-05,1.56836415e-06,0.00873765629
1.03140178e-06,6.29143324e-06,0.00873832311,2.58647015e-06,6.70040379e-07,3.03492266e-06,0,5.27507982e-05,1.57033946e-06,0.00873765629
1.03230207e-06,6.28076305e-06,0.00873834919,2.60062757e-06,6.43705278e-07,3.03643037e-06,0,5.28003511e-05,1.57228476e-06,0.00873765629
1.03320451e-06,6.32329738e-06,0.00873832405,2.61440914e-06,6.69973247e-07,3.03891488e-06,0,5.28553246e-05,1.57422164e-06,0.00873765629
1.03410446e-06,6.35087781e-06,0.00873831566,2.62058575e-06,6.88868795e-07,3.04142327e-06,0,5.29135177e-05,1.57609497e-06,0.00873765629
1.03500054e-06,6.32721321e-06,0.00873835199,2.6099583e-06,6.70810437e-07,3.04644436e-06,0,5.29754543e-05,1.57841976e-06,0.00873765722
1.03590207e-06,6.37065932e-06,0.00873833895,2.62221192e-06,7.00518399e-07,3.04792889e-06,0,5.30499055e-05,1.58089654e-06,0.00873765722
1.03680009e-06,6.4146775e-06,0.0087383315,2.63358788e-06,7.31773241e-07,3.04931632e-06,0,5.31336991e-05,1.58294336e-06,0.00873765722
1.03770276e-06,6.45335012e-06,0.0087383287,2.64394976e-06,7.55912197e-07,3.0534884e-06,0,5.32282829e-05,1.58528599e-06,0.00873765722
1.03860361e-06,6.50373158e-06,0.00873831194,2.65111225e-06,7.95511028e-07,3.05710842e-06,0,5.33303064e-05,1.58743285e-06,0.00873765722
1.03950651e-06,6.52944618e-06,0.00873832405,2.66256711e-06,8.07371009e-07,3.05950789e-06,0,5.3439584e-05,1.58962848e-06,0.00873765722
1.040401e-06,6.5434815e-06,0.00873834174,2.67377231e-06,8.07683591e-07,3.06202583e-06,0,5.35547624e-05,1.59172293e-06,0.00873765722
1.0413014e-06,6.59947818e-06,0.00873830821,2.6815153e-06,8.5501074e-07,3.06295215e-06,0,5.36725456e-05,1.59352498e-06,0.00873765722
1.0422051e-06,6.53501775e-06,0.00873843767,2.69170414e-06,7.5379927e-07,3.08951417e-06,0,5.37824162e-05,1.59892238e-06,0.00873765722
1.04310061e-06,6.47006482e-06,0.00873846188,2.69517682e-06,6.50888467e-07,3.12399948e-06,0,5.38159147e-05,1.61031778e-06,0.00873765722
1.04400033e-06,6.53613824e-06,0.00873839669,2.69657335e-06,7.10473387e-07,3.12909174e-06,0,5.38688255e-05,1.61709727e-06,0.00873765722
1.04490323e-06,6.55091299e-06,0.00873840135,2.6938701e-06,7.24030372e-07,3.13301234e-06,0,5.39447501e-05,1.62268032e-06,0.00873765722
1.0458042e-06,6.53193865e-06,0.00873844512,2.70396208e-06,6.90857235e-07,3.13711917e-06,0,5.40254623e-05,1.62766821e-06,0.00873765722
1.0467046e-06,6.60238675e-06,0.00873840228,2.71898966e-06,7.41833276e-07,3.14156364e-06,0,5.41004629e-05,1.63225502e-06,0.00873765722
1.04760602e-06,6.61900731e-06,0.00873842649,2.73973842e-06,7.27856047e-07,3.15141278e-06,0,5.41624067e-05,1.63635741e-06,0.00873765722
1.04850074e-06,6.61864351e-06,0.00873841345,2.74898389e-06,7.14409509e-07,3.15524994e-06,0,5.42028756e-05,1.64072469e-06,0.00873765722
1.04940602e-06,6.62685261e-06,0.00873840135,2.75250068e-06,7.16413126e-07,3.15793864e-06,0,5.42622147e-05,1.64467883e-06,0.00873765722
1.05030256e-06,6.65337939e-06,0.00873838551,2.76690753e-06,7.23393498e-07,3.16307842e-06,0,5.43373062e-05,1.64790583e-06,0.00873765722
1.05120216e-06,6.58241061e-06,0.0087384712,2.72010448e-06,6.54939299e-07,3.20736672e-06,0,5.43751521e-05,1.65420147e-06,0.00873765722
1.05210052e-06,6.57932969e-06,0.0087384684,2.72013926e-06,6.39135237e-07,3.22005508e-06,0,5.43749338e-05,1.65990002e-06,0.00873765722
1.05300069e-06,6.56642533e-06,0.00873847492,2.72261514e-06,6.19769878e-07,3.22404048e-06,0,5.4376138e-05,1.66477378e-06,0.00873765722
1.05390404e-06,6.59534408e-06,0.00873844139,2.72430566e-06,6.44741135e-07,3.22629717e-06,0,5.43759961e-05,1.66865448e-06,0.00873765722
1.0548041e-06,6.60888236e-06,0.00873842463,2.72059606e-06,6.60650414e-07,3.22763617e-06,0,5.43759961e-05,1.67218468e-06,0.00873765722
1.05570075e-06,6.5963286e-06,0.00873843394,2.72093007e-06,6.46604349e-07,3.22879418e-06,0,5.43760543e-05,1.6754575e-06,0.00873765722
1.05660388e-06,6.57701594e-06,0.00873844977,2.72502211e-06,6.22351706e-07,3.22964183e-06,0,5.43760543e-05,1.67854535e-06,0.00873765722
1.05750632e-06,6.56699922e-06,0.00873845723,2.72354464e-06,6.1287659e-07,3.2305777e-06,0,5.43760543e-05,1.68144845e-06,0.00873765722
1.05840331e-06,6.57854116e-06,0.00873844326,2.72122793e-06,6.25916414e-07,3.2313967e-06,0,5.43761271e-05,1.68416511e-06,0.00873765815
1.05930417e-06,6.61589957e-06,0.00873840321,2.72396028e-06,6.59529576e-07,3.23240988e-06,0,5.43761271e-05,1.68676104e-06,0.00873765815
1.06020286e-06,6.58724275e-06,0.00873842929,2.72643592e-06,6.27292025e-07,3.23351492e-06,0,5.43761271e-05,1.6892925e-06,0.00873765815
1.06110065e-06,6.5797276e-06,0.00873843394,2.72245688e-06,6.23047015e-07,3.23422387e-06,0,5.43761271e-05,1.69183045e-06,0.00873765815
1.06200446e-06,6.58408862e-06,0.00873842742,2.72113061e-06,6.27944985e-07,3.23501308e-06,0,5.43761271e-05,1.69426301e-06,0.00873765815
1.0629002e-06,6.57282044e-06,0.0087384358,2.7245128e-06,6.12938834e-07,3.23536892e-06,0,5.43761344e-05,1.69675889e-06,0.00873765815
1.06380276e-06,6.57380588e-06,0.00873843208,2.72554416e-06,6.12448446e-07,3.23581321e-06,0,5.43761344e-05,1.69912835e-06,0.00873765815
1.06470304e-06,6.61130662e-06,0.00873839203,2.72454895e-06,6.50395407e-07,3.23636209e-06,0,5.43761344e-05,1.70132535e-06,0.00873765815
1.06560094e-06,6.58579256e-06,0.00873841625,2.72118541e-06,6.27812369e-07,3.23679478e-06,0,5.43761344e-05,1.70330441e-06,0.00873765815
1.06650191e-06,6.55971417e-06,0.00873843953,2.72766488e-06,5.94755079e-07,3.2372941e-06,0,5.43761344e-05,1.70541193e-06,0.00873765815
1.0674047e-06,6.60081378e-06,0.00873841066,2.7313838e-06,6.31148566e-07,3.23828158e-06,0,5.43950227e-05,1.70747353e-06,0.00873765815
1.06830237e-06,6.62101138e-06,0.00873841997,2.7427875e-06,6.38896267e-07,3.2393275e-06,0,5.44371906e-05,1.70941826e-06,0.00873765815
1.06920425e-06,6.64981371e-06,0.00873842929,2.75598222e-06,6.51802111e-07,3.24202961e-06,0,5.44986542e-05,1.71141437e-06,0.00873765815
1.07010351e-06,6.71669295e-06,0.008738406,2.77578329e-06,6.95399251e-07,3.24551047e-06,0,5.45831135e-05,1.71336865e-06,0.00873765815
1.07100391e-06,6.73461273e-06,0.00873841904,2.78671723e-06,6.98654844e-07,3.24924054e-06,0,5.4657361e-05,1.71541581e-06,0.00873765815
1.07190601e-06,6.77425078e-06,0.00873840507,2.79867936e-06,7.22046991e-07,3.25352426e-06,0,5.4742959e-05,1.71764634e-06,0.00873765815
1.07280232e-06,6.7810638e-06,0.00873841997,2.8158629e-06,7.09218398e-07,3.25598239e-06,0,5.48145508e-05,1.71980162e-06,0.00873765815
1.07370147e-06,6.78769766e-06,0.00873842742,2.82661767e-06,7.03348121e-07,3.25773181e-06,0,5.48974676e-05,1.72198759e-06,0.00873765908
1.0746063e-06,6.8277518e-06,0.00873841904,2.82604992e-06,7.42377267e-07,3.25932456e-06,0,5.49933902e-05,1.72471312e-06,0.00873765908
1.07550068e-06,6.87153579e-06,0.00873840787,2.82663382e-06,7.84258759e-07,3.2606431e-06,0,5.5101973e-05,1.7272954e-06,0.00873765908
1.0764013e-06,6.87043894e-06,0.00873841532,2.82618475e-06,7.80682001e-07,3.26357235e-06,0,5.52263227e-05,1.73042031e-06,0.00873765908
1.07730432e-06,6.91317337e-06,0.00873841718,2.82945234e-06,8.17394323e-07,3.26632653e-06,0,5.53434111e-05,1.73332649e-06,0.00873765908
1.07820017e-06,6.96218967e-06,0.00873841159,2.83276563e-06,8.61746344e-07,3.26767736e-06,0,5.5476241e-05,1.7357595e-06,0.00873765908
1.07910421e-06,6.99827615e-06,0.00873843394,2.8403681e-06,8.88126351e-07,3.2697817e-06,0,5.56271953e-05,1.73802891e-06,0.00873765908
1.08000245e-06,7.06400488e-06,0.00873841811,2.85873261e-06,9.33504623e-07,3.27176781e-06,0,5.57868261e-05,1.74061211e-06,0.00873765908
1.08090615e-06,7.11980147e-06,0.00873840041,2.86762702e-06,9.78609364e-07,3.27356497e-06,0,5.59521541e-05,1.74374668e-06,0.00873765908
1.0818012e-06,7.16723889e-06,0.00873840321,2.87415946e-06,1.01844523e-06,3.27463431e-06,0,5.61238849e-05,1.74602064e-06,0.00873765908
1.08270615e-06,7.23478934e-06,0.00873840041,2.89277796e-06,1.06394714e-06,3.27806447e-06,0,5.63157555e-05,1.74828824e-06,0.00873765908
1.08360246e-06,7.3441397e-06,0.00873840693,2.92913091e-06,1.12547468e-06,3.28953388e-06,0,5.65463743e-05,1.7504376e-06,0.00873765908
1.08450638e-06,7.47190825e-06,0.00873842649,2.97281895e-06,1.1751182e-06,3.32397099e-06,0,5.68174546e-05,1.75248181e-06,0.00873765908
1.08540473e-06,7.68282553e-06,0.00873840507,3.02457624e-06,1.27240935e-06,3.38583982e-06,0,5.71227611e-05,1.75539935e-06,0.00873765908
1.08630445e-06,7.90927606e-06,0.00873841159,3.06823608e-06,1.33512719e-06,3.5059129e-06,0,5.74451442e-05,1.75783305e-06,0.00873765908
1.08720349e-06,8.16814281e-06,0.00873841718,3.08789117e-06,1.30929106e-06,3.77096103e-06,0,5.77102073e-05,1.76121023e-06,0.00873765908
1.08810355e-06,7.88268699e-06,0.00873881765,2.97790984e-06,9.05434206e-07,3.99934288e-06,0,5.77422725e-05,1.78747189e-06,0.00873766094
1.08900406e-06,7.88200668e-06,0.00873880927,2.9741675e-06,8.22225161e-07,4.08561391e-06,0,5.77422725e-05,1.79685321e-06,0.00873766094
1.08990139e-06,7.94998687e-06,0.00873873476,2.97255292e-06,8.55592816e-07,4.12184181e-06,0,5.77422725e-05,1.80351265e-06,0.00873766094
1.09080099e-06,8.01584792e-06,0.00873866305,2.97348242e-06,8.53780136e-07,4.18858508e-06,0,5.77427127e-05,1.80891993e-06,0.00873766094
1.09170412e-06,8.00558973e-06,0.00873866864,2.96492249e-06,8.36282652e-07,4.20438437e-06,0,5.77427127e-05,1.81361452e-06,0.00873766094
1.09260259e-06,8.02321392e-06,0.00873864722,2.97101633e-06,8.4271062e-07,4.20948709e-06,0,5.77427127e-05,1.8180607e-06,0.00873766094
1.09350049e-06,8.04658794e-06,0.00873862021,2.97434212e-06,8.604394e-07,4.2118063e-06,0,5.77427309e-05,1.82175609e-06,0.00873766094
1.09440612e-06,7.99259851e-06,0.0087386705,2.96855183e-06,8.08737411e-07,4.21530876e-06,0,5.77427309e-05,1.82516112e-06,0.00873766094
1.09530401e-06,7.96740915e-06,0.00873869192,2.96485996e-06,7.83377857e-07,4.21917093e-06,0,5.77427309e-05,1.82844224e-06,0.00873766188
1.09620566e-06,8.03813964e-06,0.00873861834,2.9719813e-06,8.44102487e-07,4.2220554e-06,0,5.77427309e-05,1.831399e-06,0.00873766188
1.09710174e-06,8.06377193e-06,0.00873860624,2.98094028e-06,8.55722874e-07,4.227109e-06,0,5.77613027e-05,1.83406746e-06,0.00873766188
1.0980043e-06,8.04124647e-06,0.00873864815,2.98310806e-06,8.21388994e-07,4.23674919e-06,0,5.77871542e-05,1.83685881e-06,0.00873766188
1.0989055e-06,8.06383559e-06,0.0087386528,2.99800422e-06,8.18132548e-07,4.2476986e-06,0,5.78222389e-05,1.83956911e-06,0.00873766188
1.09980238e-06,8.12129747e-06,0.00873863045,3.0278286e-06,8.2794935e-07,4.26551924e-06,0,5.78625113e-05,1.84211694e-06,0.00873766188
1.10070482e-06,8.17107411e-06,0.00873862207,3.05896674e-06,8.27743747e-07,4.28436351e-06,0,5.79078915e-05,1.84457974e-06,0.00873766188
1.10160533e-06,8.16589181e-06,0.00873864628,3.06217612e-06,8.04104673e-07,4.29961074e-06,0,5.79283769e-05,1.84787109e-06,0.00873766188
1.10250369e-06,8.19495926e-06,0.00873861462,3.06576476e-06,8.26961525e-07,4.30223281e-06,0,5.79283769e-05,1.8506114e-06,0.00873766188
1.10340125e-06,8.18171702e-06,0.00873862486,3.07167966e-06,8.05681566e-07,4.30435603e-06,0,5.79283769e-05,1.85307681e-06,0.00873766188
1.1043004e-06,8.13756014e-06,0.00873866677,3.06643574e-06,7.65120944e-07,4.30600358e-06,0,5.79283769e-05,1.85557633e-06,0.00873766188
1.10520284e-06,8.17533328e-06,0.00873862673,3.05912363e-06,8.08489688e-07,4.30772025e-06,0,5.79285042e-05,1.85796125e-06,0.00873766188
1.10610449e-06,8.21155663e-06,0.00873858761,3.06586458e-06,8.36494223e-07,4.30919772e-06,0,5.79285042e-05,1.8600964e-06,0.00873766188
1.10700398e-06,8.16588908e-06,0.00873863138,3.06903348e-06,7.86443536e-07,4.31041235e-06,0,5.79285188e-05,1.86228237e-06,0.00873766188
1.1079045e-06,8.16578904e-06,0.00873862952,3.06512629e-06,7.88955731e-07,4.31170702e-06,0,5.79285188e-05,1.86458101e-06,0.00873766188
1.10880103e-06,8.15952717e-06,0.00873863325,3.05846538e-06,7.87457054e-07,4.31360513e-06,0,5.79285188e-05,1.86665523e-06,0.00873766188
1.10970313e-06,8.18350873e-06,0.00873860717,3.0665135e-06,8.02361399e-07,4.31463377e-06,0,5.79285188e-05,1.86866112e-06,0.00873766188
1.11060069e-06,8.17979253e-06,0.00873860903,3.06960578e-06,7.94713344e-07,4.31547369e-06,0,5.79285188e-05,1.87065461e-06,0.00873766188
1.11150052e-06,8.17172076e-06,0.00873861555,3.0624667e-06,7.93022593e-07,4.3162313e-06,0,5.79289917e-05,1.87266357e-06,0.00873766281
1.1124024e-06,8.17148612e-06,0.00873861182,3.06022798e-06,7.94343293e-07,4.31691433e-06,0,5.79286752e-05,1.87502292e-06,0.00873766281
1.11330075e-06,8.16469674e-06,0.00873861648,3.06794277e-06,7.79005688e-07,4.31774833e-06,0,5.79285806e-05,1.87689102e-06,0.00873766281
1.11420093e-06,8.17615091e-06,0.00873860344,3.06814127e-06,7.89699357e-07,4.3183104e-06,0,5.79285806e-05,1.87874389e-06,0.00873766281
1.11510371e-06,8.16442935e-06,0.00873861369,3.05893786e-06,7.86252031e-07,4.31923991e-06,0,5.79285806e-05,1.88049489e-06,0.00873766281
1.1160007e-06,8.18823264e-06,0.00873858761,3.06420407e-06,8.03980981e-07,4.32004799e-06,0,5.7928577e-05,1.88218019e-06,0.00873766281
1.11690031e-06,8.17648288e-06,0.00873860903,3.07224173e-06,7.82631332e-07,4.32160959e-06,0,5.79443586e-05,1.88381023e-06,0.00873766281
1.11780525e-06,8.18805711e-06,0.00873863325,3.09169764e-06,7.71825285e-07,4.32453407e-06,0,5.79902699e-05,1.88572687e-06,0.00873766281
1.11870474e-06,8.29672354e-06,0.00873857737,3.11423287e-06,8.44034957e-07,4.33845571e-06,0,5.8061778e-05,1.88774652e-06,0.00873766281
1.11960378e-06,8.33132981e-06,0.00873859134,3.13895544e-06,8.43018881e-07,4.34935555e-06,0,5.81475651e-05,1.8910049e-06,0.00873766281
1.12050213e-06,8.37043353e-06,0.00873863883,3.175958e-06,8.16084253e-07,4.37839162e-06,0,5.82546309e-05,1.89335674e-06,0.00873766281
1.12140128e-06,8.4471294e-06,0.00873862766,3.18123853e-06,8.73313297e-07,4.39257792e-06,0,5.83727233e-05,1.89557795e-06,0.00873766281
1.12230248e-06,8.54147947e-06,0.00873860437,3.19450396e-06,9.49362288e-07,4.39761334e-06,0,5.84822228e-05,1.89780565e-06,0.00873766281
1.12320242e-06,8.65052698e-06,0.0087385932,3.2485143e-06,9.75503553e-07,4.42650889e-06,0,5.86115166e-05,1.89998548e-06,0.00873766281
1.12410009e-06,8.72259898e-06,0.00873860996,3.28284113e-06,9.68179847e-07,4.47157845e-06,0,5.87370378e-05,1.90650883e-06,0.00873766374
1.12500265e-06,8.76510694e-06,0.00873864628,3.32732543e-06,8.81381709e-07,4.55639974e-06,0,5.88303519e-05,1.91616846e-06,0.00873766281
1.12590067e-06,8.6872933e-06,0.00873872265,3.31813953e-06,7.94016103e-07,4.57513761e-06,0,5.88318799e-05,1.92268499e-06,0.00873766281
1.12680357e-06,8.70777967e-06,0.00873869751,3.33310527e-06,7.92612184e-07,4.58206205e-06,0,5.88318799e-05,1.92724656e-06,0.00873766374
1.12770488e-06,8.75564456e-06,0.00873864628,3.33328239e-06,8.34791479e-07,4.58757086e-06,0,5.88318799e-05,1.93129881e-06,0.00873766374
1.12860596e-06,8.78051924e-06,0.00873861741,3.31548426e-06,8.70791155e-07,4.59424382e-06,0,5.88318799e-05,1.93487404e-06,0.00873766374
1.12950556e-06,8.72897454e-06,0.00873866584,3.32207333e-06,8.11069583e-07,4.5958318e-06,0,5.88318799e-05,1.93825872e-06,0.00873766374
1.13040164e-06,8.71822158e-06,0.00873867329,3.33188223e-06,7.89142348e-07,4.59719695e-06,0,5.88318799e-05,1.94131144e-06,0.00873766374
1.13130216e-06,8.72024521e-06,0.00873866864,3.32745071e-06,7.94658717e-07,4.598136e-06,0,5.88318799e-05,1.94401059e-06,0.00873766374
1.13220597e-06,8.73767021e-06,0.00873864908,3.31291585e-06,8.26030998e-07,4.59872308e-06,0,5.88318799e-05,1.94666063e-06,0.00873766374
1.1331017e-06,8.73608224e-06,0.00873864815,3.32331251e-06,8.13511406e-07,4.59925877e-06,0,5.88318799e-05,1.94918471e-06,0.00873766374
1.13400267e-06,8.78010724e-06,0.00873860158,3.33348703e-06,8.46085243e-07,4.60053479e-06,0,5.88318799e-05,1.95151028e-06,0.00873766374
1.13490444e-06,8.71834163e-06,0.00873866118,3.32134346e-06,7.94923665e-07,4.60207411e-06,0,5.88318799e-05,1.95373013e-06,0.00873766374
1.13580552e-06,8.68222105e-06,0.00873869471,3.31297292e-06,7.66096207e-07,4.60315187e-06,0,5.88318799e-05,1.956083e-06,0.00873766374
1.13670262e-06,8.76225931e-06,0.00873862021,3.33464709e-06,8.23670405e-07,4.60394176e-06,0,5.88428447e-05,1.95841926e-06,0.00873766374
1.13760507e-06,8.8116567e-06,0.00873860251,3.35468621e-06,8.44658643e-07,4.61231184e-06,0,5.88868752e-05,1.96092492e-06,0.00873766467
1.13850501e-06,8.7999033e-06,0.00873865839,3.36267976e-06,8.05448565e-07,4.63177503e-06,0,5.89349838e-05,1.96344672e-06,0.00873766467
1.13940519e-06,8.80943298e-06,0.0087386677,3.37439951e-06,7.89596015e-07,4.64543746e-06,0,5.89544725e-05,1.96676501e-06,0.00873766467
1.14030343e-06,8.83887151e-06,0.00873863604,3.38946711e-06,8.02305919e-07,4.64709819e-06,0,5.89544725e-05,1.96943461e-06,0.00873766467
1.14120212e-06,8.8407287e-06,0.00873863138,3.38144264e-06,8.11209929e-07,4.6480759e-06,0,5.89544725e-05,1.97184067e-06,0.00873766467
1.14210013e-06,8.81383403e-06,0.0087386556,3.36865082e-06,7.96016707e-07,4.64916684e-06,0,5.89545889e-05,1.9743477e-06,0.00873766467
1.14300599e-06,8.84430392e-06,0.00873862207,3.37772485e-06,8.1626132e-07,4.65031735e-06,0,5.89545452e-05,1.97671716e-06,0.00873766467
1.143904e-06,8.83249686e-06,0.00873863138,3.38790846e-06,7.93627692e-07,4.65096036e-06,0,5.89543779e-05,1.97895338e-06,0.00873766467
1.14480031e-06,8.80733751e-06,0.00873865373,3.37642473e-06,7.79401091e-07,4.65151152e-06,0,5.89542033e-05,1.98124076e-06,0.00873766467
1.14570378e-06,8.80784046e-06,0.00873865094,3.3678109e-06,7.8780397e-07,4.65222547e-06,0,5.89542033e-05,1.98338103e-06,0.00873766467
1.14660531e-06,8.87519036e-06,0.00873858202,3.38376663e-06,8.38419169e-07,4.65300491e-06,0,5.89550618e-05,1.98550583e-06,0.0087376656
1.14750083e-06,8.83056146e-06,0.00873862486,3.3847864e-06,7.9217557e-07,4.65359972e-06,0,5.89550618e-05,1.98749808e-06,0.0087376656
1.1484035e-06,8.78732408e-06,0.00873866677,3.37136112e-06,7.61615581e-07,4.65434778e-06,0,5.89550618e-05,1.9895399e-06,0.0087376656
1.14930617e-06,8.81658343e-06,0.00873863511,3.36854555e-06,7.92746562e-07,4.65529092e-06,0,5.89550618e-05,1.99135457e-06,0.0087376656
1.15020623e-06,8.84684232e-06,0.00873860344,3.38640689e-06,8.044521e-07,4.65598305e-06,0,5.89550618e-05,1.99310466e-06,0.0087376656
1.15110356e-06,8.8323568e-06,0.00873861555,3.38025029e-06,7.95685764e-07,4.65642051e-06,0,5.89550327e-05,1.99495321e-06,0.0087376656
1.15200623e-06,8.83096618e-06,0.00873861555,3.36812582e-06,8.05948673e-07,4.65689163e-06,0,5.89550327e-05,1.99673809e-06,0.0087376656
1.15290356e-06,8.81677352e-06,0.00873862859,3.37357392e-06,7.85699342e-07,4.65750009e-06,0,5.89550436e-05,1.99837427e-06,0.0087376656
1.15380453e-06,8.80236621e-06,0.0087386407,3.38646964e-06,7.57964017e-07,4.65793255e-06,0,5.89550436e-05,2.00001455e-06,0.0087376656
1.15470607e-06,8.81637425e-06,0.00873862579,3.37580309e-06,7.82122868e-07,4.65844778e-06,0,5.89550436e-05,2.00161139e-06,0.0087376656
1.15560067e-06,8.83075063e-06,0.00873860996,3.36633479e-06,8.05387913e-07,4.65902758e-06,0,5.89550436e-05,2.00323325e-06,0.0087376656
1.15650096e-06,8.86107864e-06,0.00873857737,3.37958863e-06,8.21927131e-07,4.65956327e-06,0,5.89550764e-05,2.00478985e-06,0.0087376656
1.15740033e-06,8.82549102e-06,0.00873861182,3.38427458e-06,7.81107644e-07,4.66010852e-06,0,5.89550764e-05,2.006361e-06,0.0087376656
1.15830574e-06,8.77138154e-06,0.00873866398,3.36933522e-06,7.41442477e-07,4.66060419e-06,0,5.89550946e-05,2.00798013e-06,0.0087376656
1.15920113e-06,8.79818253e-06,0.00873863604,3.36752032e-06,7.69486803e-07,4.66117581e-06,0,5.89550946e-05,2.00952172e-06,0.00873766653
1.16010096e-06,8.85550344e-06,0.00873857737,3.3828976e-06,8.10959534e-07,4.66164647e-06,0,5.89550946e-05,2.01105763e-06,0.00873766653
1.16100398e-06,8.85940881e-06,0.00873857178,3.38153791e-06,8.15549811e-07,4.66232086e-06,0,5.89550946e-05,2.01252283e-06,0.00873766653
1.16190324e-06,8.80136577e-06,0.00873862859,3.3652907e-06,7.73153772e-07,4.66292158e-06,0,5.89550946e-05,2.01399666e-06,0.00873766653
1.16280296e-06,8.79510844e-06,0.00873863325,3.37102301e-06,7.60796922e-07,4.66328811e-06,0,5.89550946e-05,2.01544094e-06,0.00873766653
1.16370325e-06,8.80173684e-06,0.00873862766,3.38423888e-06,7.53513518e-07,4.66398387e-06,0,5.89571609e-05,2.01685384e-06,0.00873766653
1.16460467e-06,8.84157089e-06,0.00873859785,3.38387963e-06,7.90439117e-07,4.66725214e-06,0,5.89698175e-05,2.01834382e-06,0.00873766653
1.1655053e-06,8.8741408e-06,0.0087385783,3.38072482e-06,8.20967898e-07,4.67244763e-06,0,5.89855044e-05,2.01978696e-06,0.00873766653
1.16640388e-06,8.84666315e-06,0.00873860996,3.39119288e-06,7.81273854e-07,4.67419659e-06,0,5.89945193e-05,2.02127626e-06,0.00873766653
1.16730212e-06,8.86225462e-06,0.00873861555,3.40929728e-06,7.77593414e-07,4.67536438e-06,0,5.90238742e-05,2.02296633e-06,0.00873766653
1.16820388e-06,8.87017541e-06,0.00873865001,3.41653254e-06,7.73952763e-07,4.67969039e-06,0,5.90796772e-05,2.02453839e-06,0.00873766653
1.16910064e-06,8.97006794e-06,0.00873861276,3.44797058e-06,8.32345904e-07,4.68975168e-06,0,5.91590724e-05,2.02597175e-06,0.00873766653
1.1700007e-06,9.03379532e-06,0.008738623,3.46744673e-06,8.36778497e-07,4.72956981e-06,0,5.92348842e-05,2.02840602e-06,0.00873766746
1.17090246e-06,8.99537736e-06,0.00873865001,3.45583521e-06,8.04940839e-07,4.73460159e-06,0,5.92390279e-05,2.03333843e-06,0.00873766746
1.1718007e-06,8.93903052e-06,0.00873870403,3.43528222e-06,7.68165421e-07,4.73558248e-06,0,5.92390606e-05,2.03576406e-06,0.00873766746
1.17270577e-06,8.95057383e-06,0.00873869006,3.44327373e-06,7.70958195e-07,4.73634145e-06,0,5.92390606e-05,2.03798618e-06,0.00873766746
1.17360594e-06,8.99448969e-06,0.00873864442,3.45901913e-06,7.98439487e-07,4.73703085e-06,0,5.92390606e-05,2.0401676e-06,0.00873766746
1.17450236e-06,9.00021132e-06,0.00873863697,3.45072795e-06,8.11854136e-07,4.73762884e-06,0,5.92390679e-05,2.04225285e-06,0.0087376684
1.17540606e-06,8.97192422e-06,0.00873866305,3.4342761e-06,7.99603981e-07,4.73804357e-06,0,5.92390679e-05,2.04413391e-06,0.0087376684
1.17630532e-06,8.9542782e-06,0.00873867888,3.44633759e-06,7.69344467e-07,4.73859609e-06,0,5.92390679e-05,2.04599996e-06,0.0087376684
1.17720401e-06,8.97236896e-06,0.00873865932,3.45735339e-06,7.75767205e-07,4.7392482e-06,0,5.92390679e-05,2.04777598e-06,0.0087376684
1.17810441e-06,8.96213442e-06,0.0087386677,3.44054092e-06,7.81730762e-07,4.73986302e-06,0,5.92390679e-05,2.0495188e-06,0.0087376684
1.17900561e-06,8.9909945e-06,0.00873863697,3.43717034e-06,8.13305633e-07,4.74051831e-06,0,5.92390497e-05,2.05121023e-06,0.0087376684
1.17990135e-06,8.99285988e-06,0.00873863325,3.45091303e-06,8.00807243e-07,4.74113949e-06,0,5.92390497e-05,2.05281322e-06,0.0087376684
1.18080402e-06,8.95822632e-06,0.00873866677,3.45362764e-06,7.62915136e-07,4.74168382e-06,0,5.92390497e-05,2.05439301e-06,0.0087376684
1.18170124e-06,8.93409651e-06,0.00873868912,3.43469446e-06,7.57254895e-07,4.74214721e-06,0,5.92390497e-05,2.05594324e-06,0.0087376684
1.18260527e-06,8.97380596e-06,0.00873864815,3.44019827e-06,7.90933882e-07,4.74267426e-06,0,5.92390497e-05,2.05755578e-06,0.0087376684
1.18350238e-06,9.01864769e-06,0.00873860158,3.45575518e-06,8.19676075e-07,4.74321587e-06,0,5.92390497e-05,2.0590694e-06,0.0087376684
1.18440551e-06,8.96650363e-06,0.00873865187,3.44736259e-06,7.75502031e-07,4.74363924e-06,0,5.92390497e-05,2.06064897e-06,0.0087376684
1.18530068e-06,8.9446512e-06,0.00873867236,3.43308602e-06,7.67390986e-07,4.74417402e-06,0,5.92390497e-05,2.06225695e-06,0.0087376684
1.18620278e-06,8.94603818e-06,0.00873867143,3.44403406e-06,7.57267401e-07,4.744737e-06,0,5.92414253e-05,2.06364643e-06,0.0087376684
1.18710329e-06,8.99408042e-06,0.00873864256,3.45943545e-06,7.88599493e-07,4.74604576e-06,0,5.92685283e-05,2.06507548e-06,0.00873766933
1.18800608e-06,9.0592348e-06,0.00873861089,3.46304e-06,8.47132867e-07,4.74906165e-06,0,5.93110417e-05,2.06645132e-06,0.00873766933
1.18890341e-06,9.07911544e-06,0.00873864349,3.49014476e-06,8.3077083e-07,4.75819934e-06,0,5.9376358e-05,2.06788968e-06,0.00873766933
1.18980631e-06,9.15347573e-06,0.00873865001,3.56117857e-06,8.05449929e-07,4.78684706e-06,0,5.94644334e-05,2.06939103e-06,0.00873766933
1.19070012e-06,9.16481076e-06,0.00873870216,3.55359975e-06,7.64509252e-07,4.84670181e-06,0,5.95316124e-05,2.07307153e-06,0.00873767026
1.19160279e-06,9.17641137e-06,0.00873868633,3.53415362e-06,7.92262028e-07,4.84999555e-06,0,5.95325619e-05,2.07615994e-06,0.00873767026
1.19250058e-06,9.18249953e-06,0.00873867702,3.53455653e-06,7.97010046e-07,4.85093278e-06,0,5.9532922e-05,2.07832454e-06,0.00873767026
1.19340268e-06,9.19663398e-06,0.00873866118,3.55545399e-06,7.89380806e-07,4.85179953e-06,0,5.9532922e-05,2.08021333e-06,0.00873767026
1.19430422e-06,9.17991383e-06,0.00873867609,3.54797635e-06,7.79397737e-07,4.8525394e-06,0,5.9532962e-05,2.08201595e-06,0.00873767026
1.19520337e-06,9.15618511e-06,0.00873869844,3.53003429e-06,7.7316048e-07,4.85299051e-06,0,5.9532962e-05,2.08365941e-06,0.00873767026
1.19610479e-06,9.15768396e-06,0.00873869471,3.54164172e-06,7.62526895e-07,4.85351529e-06,0,5.9532962e-05,2.08539132e-06,0.00873767026
1.19700542e-06,9.18830847e-06,0.00873866305,3.55498992e-06,7.79187076e-07,4.85413102e-06,0,5.95329984e-05,2.08706797e-06,0.00873767026
1.19790434e-06,9.2019618e-06,0.00873864722,3.5395758e-06,8.07780395e-07,4.85460578e-06,0,5.95330021e-05,2.08858933e-06,0.00873767119
1.19880383e-06,9.17632224e-06,0.00873867143,3.5290102e-06,7.92262881e-07,4.8550487e-06,0,5.9533013e-05,2.09015184e-06,0.00873767119
1.19970446e-06,9.14901739e-06,0.00873869751,3.5467981e-06,7.46173953e-07,4.85604505e-06,0,5.9533013e-05,2.09171435e-06,0.00873767119
1.20060463e-06,9.1658776e-06,0.00873867888,3.55191719e-06,7.56748591e-07,4.85721193e-06,0,5.9533013e-05,2.09318614e-06,0.00873767119
1.20150435e-06,9.18478327e-06,0.0087386556,3.53407177e-06,7.92821425e-07,4.85789042e-06,0,5.95325619e-05,2.09523955e-06,0.00873767119
1.2024035e-06,9.17932175e-06,0.00873865932,3.53328937e-06,7.87656404e-07,4.85837609e-06,0,5.95326055e-05,2.0967027e-06,0.00873767119
1.20330049e-06,9.19563809e-06,0.00873864163,3.55168277e-06,7.85186671e-07,4.85876853e-06,0,5.95326055e-05,2.0981779e-06,0.00873767119
1.20420577e-06,9.16805129e-06,0.0087386677,3.54599138e-06,7.62883246e-07,4.85917644e-06,0,5.95326055e-05,2.09957216e-06,0.00873767119
1.20510265e-06,9.12978612e-06,0.00873870496,3.52972052e-06,7.40412361e-07,4.85965302e-06,0,5.95326055e-05,2.10099392e-06,0.00873767119
1.20600407e-06,9.16428962e-06,0.00873866864,3.53715473e-06,7.67013546e-07,4.86012095e-06,0,5.95326201e-05,2.10236567e-06,0.00873767119
1.20690311e-06,9.23833159e-06,0.00873860437,3.55751649e-06,8.19212062e-07,4.86160297e-06,0,5.95457932e-05,2.10371172e-06,0.00873767119
1.20780294e-06,9.21301125e-06,0.00873865373,3.5563221e-06,7.91353841e-07,4.86533554e-06,0,5.95759011e-05,2.10499115e-06,0.00873767119
1.20870027e-06,9.2027758e-06,0.00873869937,3.55791713e-06,7.6376989e-07,4.8810889e-06,0,5.96143582e-05,2.1064061e-06,0.00873767119
1.20960146e-06,9.2084174e-06,0.00873869471,3.56973305e-06,7.51726873e-07,4.88695741e-06,0,5.96170285e-05,2.10820667e-06,0.00873767119
1.21050539e-06,9.2479313e-06,0.00873865373,3.57626186e-06,7.8343254e-07,4.88823662e-06,0,5.96170285e-05,2.10974099e-06,0.00873767119
1.21140556e-06,9.23648167e-06,0.00873866305,3.55889188e-06,7.88595059e-07,4.88899468e-06,0,5.96170285e-05,2.11120323e-06,0.00873767212
1.21230244e-06,9.23812968e-06,0.00873866025,3.55683869e-06,7.91528635e-07,4.88976229e-06,0,5.96170285e-05,2.11265115e-06,0.00873767212
1.21320147e-06,9.23064999e-06,0.00873866584,3.57596264e-06,7.64376864e-07,4.89031072e-06,0,5.96170285e-05,2.1141243e-06,0.00873767212
1.21410505e-06,9.21566334e-06,0.00873867981,3.57030649e-06,7.54642201e-07,4.89071499e-06,0,5.96170285e-05,2.11560223e-06,0.00873767212
1.21500102e-06,9.19936792e-06,0.00873869471,3.55422389e-06,7.54067003e-07,4.89107697e-06,0,5.96170285e-05,2.11698602e-06,0.00873767212
1.21590222e-06,9.24946107e-06,0.00873864349,3.56225792e-06,7.95849473e-07,4.89135346e-06,0,5.96170285e-05,2.11839938e-06,0.00873767212
1.21680489e-06,9.261983e-06,0.00873862952,3.57723184e-06,7.92874062e-07,4.89187687e-06,0,5.96170285e-05,2.11972542e-06,0.00873767212
1.21770302e-06,9.22822619e-06,0.00873866212,3.56426426e-06,7.71692612e-07,4.89226932e-06,0,5.96170285e-05,2.12099735e-06,0.00873767212
1.21860546e-06,9.17598209e-06,0.00873871334,3.55129623e-06,7.32033811e-07,4.89265176e-06,0,5.96170285e-05,2.1223284e-06,0.00873767212
1.21950461e-06,9.22565869e-06,0.00873866212,3.56946794e-06,7.63255571e-07,4.89293507e-06,0,5.96170285e-05,2.12361806e-06,0.00873767212
1.22040535e-06,9.25126642e-06,0.00873863511,3.57452518e-06,7.8355589e-07,4.89318518e-06,0,5.96170503e-05,2.12483314e-06,0.00873767212
1.22130655e-06,9.24984397e-06,0.00873863511,3.55819861e-06,7.98181134e-07,4.89346439e-06,0,5.96170648e-05,2.12608711e-06,0.00873767212
1.22220092e-06,9.21304309e-06,0.00873867143,3.55593897e-06,7.63461401e-07,4.89364265e-06,0,5.96170648e-05,2.12722944e-06,0.00873767212
1.22310223e-06,9.20407274e-06,0.00873867888,3.57388285e-06,7.36296215e-07,4.89389413e-06,0,5.96171485e-05,2.12842679e-06,0.00873767212
1.22400616e-06,9.21600349e-06,0.00873866584,3.56953387e-06,7.52287292e-07,4.89418289e-06,0,5.96174978e-05,2.12964596e-06,0.00873767305
1.22490576e-06,9.23627795e-06,0.00873864442,3.55422617e-06,7.87452109e-07,4.8945999e-06,0,5.96176615e-05,2.13081285e-06,0.00873767305
1.22580241e-06,9.24262895e-06,0.00873863697,3.56086116e-06,7.8663453e-07,4.89513377e-06,0,5.96176615e-05,2.13190742e-06,0.00873767305
1.22670474e-06,9.24055439e-06,0.0087386379,3.57571594e-06,7.69192695e-07,4.89564582e-06,0,5.96176615e-05,2.13300791e-06,0.00873767305
1.22760343e-06,9.18647311e-06,0.00873869099,3.56272812e-06,7.27717122e-07,4.89602735e-06,0,5.96176615e-05,2.13414455e-06,0.00873767305
1.22850565e-06,9.19864397e-06,0.00873867795,3.55208635e-06,7.50159586e-07,4.89639842e-06,0,5.96176615e-05,2.13521548e-06,0.00873767305
1.22940628e-06,9.25772383e-06,0.00873861741,3.5678147e-06,7.93119113e-07,4.89679041e-06,0,5.96176615e-05,2.13625003e-06,0.00873767305
1.23030622e-06,9.25570384e-06,0.00873861834,3.57457384e-06,7.83994381e-07,4.89713557e-06,0,5.96176287e-05,2.13726821e-06,0.00873767305
1.23120276e-06,9.1879474e-06,0.0087386854,3.55638417e-06,7.3407324e-07,4.89748982e-06,0,5.96176287e-05,2.13834778e-06,0.00873767305
1.23210361e-06,9.20724506e-06,0.00873866491,3.55529369e-06,7.54156474e-07,4.8977945e-06,0,5.96176287e-05,2.13939711e-06,0.00873767305
1.23300151e-06,9.22526579e-06,0.00873864628,3.57130421e-06,7.55876158e-07,4.89808554e-06,0,5.96176287e-05,2.14045986e-06,0.00873767305
1.23390032e-06,9.2426726e-06,0.00873862766,3.56854957e-06,7.75772662e-07,4.89834974e-06,0,5.96175996e-05,2.14156466e-06,0.00873767305
1.23480197e-06,9.22774962e-06,0.00873864163,3.55312704e-06,7.75959791e-07,4.89866306e-06,0,5.96175996e-05,2.14257648e-06,0.00873767305
1.23570169e-06,9.20911407e-06,0.00873865932,3.56073997e-06,7.49306878e-07,4.89906733e-06,0,5.96176324e-05,2.14364445e-06,0.00873767305
1.23660368e-06,9.20984985e-06,0.00873865746,3.57227486e-06,7.38243159e-07,4.89933245e-06,0,5.96176324e-05,2.14467559e-06,0.00873767398
1.23750533e-06,9.21660194e-06,0.00873864722,3.56264877e-06,7.54403231e-07,4.89954937e-06,0,5.96162572e-05,2.14637021e-06,0.00873767398
1.23840368e-06,9.23767675e-06,0.00873862486,3.55291945e-06,7.84971462e-07,4.89978538e-06,0,5.96162572e-05,2.14737838e-06,0.00873767398
1.23930022e-06,9.23813423e-06,0.00873862393,3.56525652e-06,7.72914973e-07,4.89996273e-06,0,5.96165155e-05,2.14832585e-06,0.00873767398
1.2402005e-06,9.20427647e-06,0.00873865653,3.57153385e-06,7.32588887e-07,4.90015373e-06,0,5.96174214e-05,2.14940201e-06,0.00873767398
1.24110397e-06,9.19555532e-06,0.00873866584,3.55766224e-06,7.3749095e-07,4.90040247e-06,0,5.96187965e-05,2.15045134e-06,0.00873767398
1.24200369e-06,9.22526579e-06,0.00873863511,3.55402722e-06,7.70549093e-07,4.90068942e-06,0,5.96203608e-05,2.15143746e-06,0.00873767398
1.24290511e-06,9.2446744e-06,0.00873861555,3.56833834e-06,7.75418926e-07,4.90091725e-06,0,5.9622751e-05,2.15237401e-06,0.00873767398
1.24380153e-06,9.23109656e-06,0.00873862952,3.56797955e-06,7.61751494e-07,4.90136517e-06,0,5.962668e-05,2.15343607e-06,0.00873767398
1.24470625e-06,9.21874835e-06,0.00873864349,3.55507154e-06,7.61623539e-07,4.90205321e-06,0,5.96328427e-05,2.15445834e-06,0.00873767398
1.24560097e-06,9.20576713e-06,0.00873865839,3.56454962e-06,7.37592416e-07,4.90362527e-06,0,5.96415157e-05,2.15535465e-06,0.00873767398
1.24650444e-06,9.2241371e-06,0.00873864349,3.57988915e-06,7.38541019e-07,4.90570756e-06,0,5.96535501e-05,2.15641649e-06,0.00873767398
1.24740268e-06,9.26801022e-06,0.00873860437,3.57383465e-06,7.86511123e-07,4.90766479e-06,0,5.96673744e-05,2.15742807e-06,0.00873767398
1.2483041e-06,9.26564826e-06,0.00873861182,3.56854162e-06,7.87914928e-07,4.90919183e-06,0,5.96816644e-05,2.15830869e-06,0.00873767398
1.24920098e-06,9.22456729e-06,0.00873865839,3.57990052e-06,7.3501451e-07,4.90965203e-06,0,5.96961036e-05,2.15931414e-06,0.00873767398
1.25010456e-06,9.22988511e-06,0.00873865839,3.58436682e-06,7.35544575e-07,4.90997354e-06,0,5.97102444e-05,2.16034937e-06,0.00873767491
1.25100189e-06,9.27016026e-06,0.00873862393,3.57387353e-06,7.85376301e-07,4.91091077e-06,0,5.972488e-05,2.16126841e-06,0.00873767491
1.25190331e-06,9.28888676e-06,0.00873861276,3.5757098e-06,7.97929431e-07,4.9152477e-06,0,5.97412145e-05,2.16217563e-06,0.00873767491
1.25280235e-06,9.26676239e-06,0.00873863883,3.57997919e-06,7.61802937e-07,4.9249802e-06,0,5.97487597e-05,2.16388366e-06,0.00873767491
1.25370218e-06,9.26966823e-06,0.00873863604,3.58309308e-06,7.58421947e-07,4.92815298e-06,0,5.97529615e-05,2.16632566e-06,0.00873767491
1.25460315e-06,9.24990127e-06,0.00873865653,3.57352815e-06,7.47265631e-07,4.92910749e-06,0,5.97579201e-05,2.16812077e-06,0.00873767491
1.25550116e-06,9.24714095e-06,0.00873866025,3.57806448e-06,7.38298922e-07,4.93077732e-06,0,5.97654143e-05,2.16981061e-06,0.00873767491
1.25640076e-06,9.28946247e-06,0.00873862114,3.5930002e-06,7.64225831e-07,4.93223661e-06,0,5.97754188e-05,2.17137313e-06,0.00873767491
1.25730401e-06,9.3073304e-06,0.00873860344,3.58413877e-06,7.87225986e-07,4.93596553e-06,0,5.97777253e-05,2.17307525e-06,0.00873767491
1.2582027e-06,9.27052315e-06,0.00873863883,3.57613408e-06,7.57616249e-07,4.93677271e-06,0,5.9777758e-05,2.17465458e-06,0.00873767491
1.25910458e-06,9.24735286e-06,0.00873866025,3.58326929e-06,7.2679353e-07,4.93729021e-06,0,5.9777758e-05,2.17613183e-06,0.00873767491
1.26000543e-06,9.26811026e-06,0.00873863883,3.58828788e-06,7.4210925e-07,4.93771313e-06,0,5.9777758e-05,2.1775561e-06,0.00873767491
1.26090447e-06,9.28550435e-06,0.00873861928,3.57979729e-06,7.67742279e-07,4.9379646e-06,0,5.9777758e-05,2.1788378e-06,0.00873767491
1.26180464e-06,9.27883411e-06,0.00873862486,3.57607519e-06,7.64569279e-07,4.93819016e-06,0,5.9777758e-05,2.18004652e-06,0.00873767491
1.26270402e-06,9.28033296e-06,0.008738623,3.58621787e-06,7.55689143e-07,4.93842617e-06,0,5.9777758e-05,2.181215e-06,0.00873767491
1.26360283e-06,9.26831945e-06,0.00873863325,3.58587636e-06,7.43804208e-07,4.93863854e-06,0,5.9777758e-05,2.18236892e-06,0.00873767491
1.26450391e-06,9.25125187e-06,0.00873864908,3.57587874e-06,7.36517848e-07,4.93885545e-06,0,5.97777434e-05,2.18347054e-06,0.00873767585
1.26540283e-06,9.26652137e-06,0.00873863325,3.57917543e-06,7.48288812e-07,4.93905736e-06,0,5.97777434e-05,2.18455739e-06,0.00873767585
1.26630641e-06,9.29257112e-06,0.00873860624,3.58662714e-06,7.6654203e-07,4.93940206e-06,0,5.97777434e-05,2.18564242e-06,0.00873767585
1.26720181e-06,9.28604368e-06,0.00873861182,3.58285729e-06,7.63509149e-07,4.93967718e-06,0,5.97777434e-05,2.18670561e-06,0.00873767585
1.26810539e-06,9.24294363e-06,0.00873865373,3.57454701e-06,7.28524981e-07,4.93987136e-06,0,5.97777434e-05,2.18775131e-06,0.00873767585
1.26900295e-06,9.26305256e-06,0.00873863231,3.58170337e-06,7.41230167e-07,4.94011874e-06,0,5.97777434e-05,2.18879859e-06,0.00873767585
1.26990358e-06,9.28522059e-06,0.00873860903,3.58734792e-06,7.57532348e-07,4.94034066e-06,0,5.97777434e-05,2.18980131e-06,0.00873767585
1.27080273e-06,9.27241854e-06,0.00873862114,3.57790987e-06,7.54019652e-07,4.94048936e-06,0,5.97777434e-05,2.19083972e-06,0.00873767585
1.27170506e-06,9.26147914e-06,0.00873863138,3.57528688e-06,7.45421517e-07,4.9407704e-06,0,5.97777471e-05,2.19184699e-06,0.00873767585
1.27260125e-06,9.27411838e-06,0.00873861741,3.58343846e-06,7.49677554e-07,4.94100277e-06,0,5.97777471e-05,2.19280719e-06,0.00873767585
1.27350381e-06,9.27228848e-06,0.00873861834,3.58492707e-06,7.46032583e-07,4.94132837e-06,0,5.97777471e-05,2.19378671e-06,0.00873767585
1.27440489e-06,9.2475675e-06,0.00873864256,3.57399972e-06,7.31845546e-07,4.94172173e-06,0,5.97777471e-05,2.19475464e-06,0.00873767585
1.27530336e-06,9.27243764e-06,0.00873861648,3.57788531e-06,7.52428377e-07,4.94212418e-06,0,5.97777471e-05,2.19568642e-06,0.00873767585
1.27620058e-06,9.29360885e-06,0.00873859413,3.58523835e-06,7.65778339e-07,4.94259211e-06,0,5.97777107e-05,2.19665458e-06,0.00873767585
1.27710155e-06,9.25984932e-06,0.00873862766,3.58106809e-06,7.35895526e-07,4.94288543e-06,0,5.97777107e-05,2.19752997e-06,0.00873767585
1.27800354e-06,9.24023425e-06,0.00873864628,3.57373801e-06,7.23449148e-07,4.94304686e-06,0,5.97777107e-05,2.19849221e-06,0.00873767585
1.27890007e-06,9.26954817e-06,0.00873861555,3.58004081e-06,7.46307364e-07,4.94319966e-06,0,5.97777107e-05,2.19940762e-06,0.00873767678
1.27980093e-06,9.29415728e-06,0.0087385904,3.5839646e-06,7.66773269e-07,4.9434193e-06,0,5.97777434e-05,2.20024435e-06,0.00873767678
1.28070133e-06,9.26040138e-06,0.008738623,3.57714907e-06,7.39595805e-07,4.94365622e-06,0,5.97777835e-05,2.20114634e-06,0.00873767678
1.28160377e-06,9.26278244e-06,0.00873862021,3.57448698e-06,7.44395265e-07,4.94390042e-06,0,5.97778162e-05,2.20205402e-06,0.00873767678
1.28250133e-06,9.2500577e-06,0.00873863138,3.58057105e-06,7.25434347e-07,4.94405185e-06,0,5.97778344e-05,2.20294487e-06,0.00873767678
1.28340071e-06,9.26039684e-06,0.00873862021,3.58171155e-06,7.34484217e-07,4.94420146e-06,0,5.9777838e-05,2.20392872e-06,0.00873767678
1.28430099e-06,9.28233203e-06,0.00873859785,3.57480872e-06,7.63104936e-07,4.94441838e-06,0,5.9777838e-05,2.20481979e-06,0.00873767678
1.28520151e-06,9.28535428e-06,0.00873859413,3.57581735e-06,7.6490511e-07,4.94463166e-06,0,5.9777838e-05,2.20569677e-06,0.00873767678
1.28610304e-06,9.24813412e-06,0.00873863045,3.58219268e-06,7.21120273e-07,4.94482083e-06,0,5.97778671e-05,2.20657989e-06,0.00873767678
1.28700128e-06,9.24106098e-06,0.00873863604,3.58097554e-06,7.15167744e-07,4.94491769e-06,0,5.97778671e-05,2.207536e-06,0.00873767678
1.28790055e-06,9.25934546e-06,0.00873861648,3.57327144e-06,7.40936969e-07,4.94513688e-06,0,5.97778671e-05,2.20861602e-06,0.00873767678
1.28880549e-06,9.29372345e-06,0.00873858109,3.57781641e-06,7.70609972e-07,4.94529695e-06,0,5.97782528e-05,2.20949187e-06,0.00873767678
1.28970487e-06,9.2756909e-06,0.00873859879,3.5811388e-06,7.49100479e-07,4.94545111e-06,0,5.97782528e-05,2.21036544e-06,0.00873767678
1.2906039e-06,9.25202039e-06,0.00873862114,3.57572526e-06,7.306989e-07,4.94559572e-06,0,5.97782528e-05,2.21128971e-06,0.00873767678
1.29150374e-06,9.22848358e-06,0.00873864442,3.57190402e-06,7.10798247e-07,4.94578171e-06,0,5.97782637e-05,2.21217306e-06,0.00873767678
1.29240516e-06,9.26771827e-06,0.00873860437,3.58028933e-06,7.41475503e-07,4.94595315e-06,0,5.97782637e-05,2.21303003e-06,0.00873767678
1.29330169e-06,9.28705958e-06,0.00873858389,3.5835626e-06,7.57392741e-07,4.94610367e-06,0,5.97782637e-05,2.21385403e-06,0.00873767678
1.29420027e-06,9.27583642e-06,0.00873859413,3.5740361e-06,7.55590747e-07,4.94621008e-06,0,5.97782637e-05,2.21465666e-06,0.00873767678
1.29510477e-06,9.24870983e-06,0.00873862114,3.57379122e-06,7.28522309e-07,4.94639607e-06,0,5.97783037e-05,2.21546043e-06,0.00873767678
1.2960046e-06,9.23446805e-06,0.00873863418,3.5808448e-06,7.06973481e-07,4.94664937e-06,0,5.97783037e-05,2.21630398e-06,0.00873767771
1.29690545e-06,9.26371195e-06,0.00873860437,3.5783487e-06,7.38622361e-07,4.94674123e-06,0,5.97783037e-05,2.21710138e-06,0.00873767771
1.29780176e-06,9.27864767e-06,0.00873858854,3.57408817e-06,7.57604312e-07,4.94695496e-06,0,5.97783037e-05,2.21786149e-06,0.00873767771
1.29870432e-06,9.27247584e-06,0.00873859413,3.57774297e-06,7.47482204e-07,4.947251e-06,0,5.97783255e-05,2.21866139e-06,0.00873767771
1.29960313e-06,9.26303983e-06,0.00873860251,3.58154466e-06,7.33993716e-07,4.94750157e-06,0,5.97783255e-05,2.21944265e-06,0.00873767771
1.30050319e-06,9.24014239e-06,0.00873862486,3.57526255e-06,7.17244347e-07,4.94763572e-06,0,5.97783255e-05,2.22026483e-06,0.00873767771
1.30140472e-06,9.23356492e-06,0.00873863045,3.57195222e-06,7.13797533e-07,4.94781534e-06,0,5.97785765e-05,2.22107906e-06,0.00873767771
1.30230262e-06,9.28270856e-06,0.00873858109,3.57909425e-06,7.5561104e-07,4.94800315e-06,0,5.97785765e-05,2.22181984e-06,0.00873767771
1.30320404e-06,9.29878661e-06,0.00873856433,3.5815583e-06,7.68989423e-07,4.94823917e-06,0,5.97785765e-05,2.22251515e-06,0.00873767771
1.30410547e-06,9.24255528e-06,0.00873862021,3.57408294e-06,7.20008472e-07,4.94846381e-06,0,5.97785765e-05,2.22324525e-06,0.00873767771
1.30500166e-06,9.22717118e-06,0.00873863511,3.57480849e-06,7.03773821e-07,4.94858887e-06,0,5.97785765e-05,2.22404492e-06,0.00873767771
1.30590035e-06,9.25961922e-06,0.00873860158,3.58026841e-06,7.30570434e-07,4.94878032e-06,0,5.97785765e-05,2.2247882e-06,0.00873767771
1.30679996e-06,9.27638666e-06,0.00873858389,3.57831937e-06,7.49128276e-07,4.94893902e-06,0,5.97785765e-05,2.22543008e-06,0.00873767771
1.30770081e-06,9.2776354e-06,0.00873858202,3.57351769e-06,7.55047438e-07,4.94906999e-06,0,5.97785765e-05,2.22613221e-06,0.00873767771
1.30860371e-06,9.25124641e-06,0.0087386081,3.57661133e-06,7.25430652e-07,4.94920459e-06,0,5.97785765e-05,2.22687504e-06,0.00873767771
1.30950048e-06,9.24147935e-06,0.00873861741,3.58014358e-06,7.11990538e-07,4.94934511e-06,0,5.97785765e-05,2.22756444e-06,0.00873767771
1.31040315e-06,9.25315635e-06,0.00873860437,3.57630597e-06,7.27260499e-07,4.94958977e-06,0,5.97785947e-05,2.22825088e-06,0.00873767771
1.31130048e-06,9.26065513e-06,0.00873859599,3.57224121e-06,7.38415451e-07,4.94999858e-06,0,5.97785947e-05,2.22903145e-06,0.00873767771
1.31220236e-06,9.2837281e-06,0.00873857271,3.5781577e-06,7.55300107e-07,4.95027052e-06,0,5.97785947e-05,2.22974836e-06,0.00873767771
1.31310037e-06,9.25408494e-06,0.00873860158,3.57977638e-06,7.23875701e-07,4.95043287e-06,0,5.97785947e-05,2.23040593e-06,0.00873767771
1.31400009e-06,9.23426251e-06,0.00873862114,3.57412091e-06,7.09608457e-07,4.95053337e-06,0,5.97785947e-05,2.23121833e-06,0.00873767864
1.31490549e-06,9.25699987e-06,0.00873859692,3.57324666e-06,7.33044146e-07,4.95070935e-06,0,5.97786202e-05,2.23195457e-06,0.00873767864
1.3158002e-06,9.2691871e-06,0.00873858482,3.5785979e-06,7.39568179e-07,4.95102131e-06,0,5.97786457e-05,2.2326326e-06,0.00873767864
1.31670413e-06,9.26486155e-06,0.00873858854,3.57724866e-06,7.3625597e-07,4.95135691e-06,0,5.97786639e-05,2.2334109e-06,0.00873767864
1.31760555e-06,9.25232689e-06,0.00873859972,3.57248587e-06,7.28305565e-07,4.95153563e-06,0,5.97785838e-05,2.23410211e-06,0.00873767864
1.31850504e-06,9.24839787e-06,0.00873860344,3.57566455e-06,7.20983905e-07,4.95174936e-06,0,5.97785838e-05,2.23474626e-06,0.00873767864
1.31940374e-06,9.25138738e-06,0.00873859972,3.57847807e-06,7.20909156e-07,4.95200038e-06,0,5.97785838e-05,2.23548045e-06,0.00873767864
1.32030061e-06,9.26847133e-06,0.00873858109,3.57652152e-06,7.39667257e-07,4.95228232e-06,0,5.97786166e-05,2.23616121e-06,0.00873767864
1.32120613e-06,9.25516179e-06,0.00873859413,3.57349404e-06,7.29153612e-07,4.95251425e-06,0,5.97786166e-05,2.23678921e-06,0.00873767864
1.32210289e-06,9.25999666e-06,0.00873858854,3.57814179e-06,7.29124395e-07,4.95273025e-06,0,5.97786166e-05,2.23744769e-06,0.00873767864
1.3230034e-06,9.25051791e-06,0.00873859785,3.57818226e-06,7.19402749e-07,4.95293261e-06,0,5.97786166e-05,2.23812867e-06,0.00873767864
1.32390096e-06,9.24426422e-06,0.00873860344,3.57416025e-06,7.16969396e-07,4.95313498e-06,0,5.97786166e-05,2.2387826e-06,0.00873767864
1.32480636e-06,9.2639184e-06,0.00873858295,3.57387125e-06,7.36643415e-07,4.95340373e-06,0,5.97786166e-05,2.23936468e-06,0.00873767864
1.32570381e-06,9.26798657e-06,0.0087385783,3.57702083e-06,7.37337416e-07,4.95362883e-06,0,5.97786166e-05,2.23998472e-06,0.00873767864
1.32660614e-06,9.25848872e-06,0.00873858761,3.57655881e-06,7.28015664e-07,4.95391441e-06,0,5.97786166e-05,2.24062319e-06,0.00873767864
1.32750472e-06,9.23612606e-06,0.00873860903,3.57215276e-06,7.09879259e-07,4.95409358e-06,0,5.97786166e-05,2.24122027e-06,0.00873767864
1.32840114e-06,9.24632786e-06,0.00873859785,3.57492831e-06,7.17147998e-07,4.95425138e-06,0,5.97786166e-05,2.24183009e-06,0.00873767864
1.3293037e-06,9.26846133e-06,0.0087385755,3.57917929e-06,7.34888943e-07,4.95439372e-06,0,5.97786166e-05,2.24247401e-06,0.00873767864
1.33020228e-06,9.27528617e-06,0.00873856805,3.57573526e-06,7.44857459e-07,4.95469385e-06,0,5.97786166e-05,2.24312953e-06,0.00873767864
1.33110268e-06,9.24642154e-06,0.00873859599,3.57269596e-06,7.1874797e-07,4.95497716e-06,0,5.97786166e-05,2.24374526e-06,0.00873767864
1.33200626e-06,9.23271455e-06,0.00873860903,3.57644922e-06,7.01099566e-07,4.95516633e-06,0,5.97786347e-05,2.24439646e-06,0.00873767864
1.33290223e-06,9.25553286e-06,0.00873858575,3.57719341e-06,7.23027256e-07,4.95531231e-06,0,5.97786347e-05,2.24500468e-06,0.00873767864
1.33380593e-06,9.26490338e-06,0.00873857643,3.57352451e-06,7.35845049e-07,4.95553377e-06,0,5.97786347e-05,2.24566406e-06,0.00873767957
1.33470303e-06,9.26273697e-06,0.00873857737,3.57299723e-06,7.33882871e-07,4.95585709e-06,0,5.97786347e-05,2.24626319e-06,0.00873767957
1.33560104e-06,9.25847507e-06,0.00873858109,3.57703857e-06,7.25344535e-07,4.95609129e-06,0,5.97786347e-05,2.24688642e-06,0.00873767957
1.33650371e-06,9.24738106e-06,0.00873859227,3.57593535e-06,7.15203953e-07,4.95624181e-06,0,5.97786566e-05,2.24748737e-06,0.00873767957
1.33740298e-06,9.2274604e-06,0.00873861089,3.57207114e-06,6.98974077e-07,4.95641461e-06,0,5.97786566e-05,2.24812038e-06,0.00873767957
1.33830281e-06,9.25550648e-06,0.00873858295,3.57477506e-06,7.24173105e-07,4.95655877e-06,0,5.97786493e-05,2.24874361e-06,0.00873767957
1.33920105e-06,9.28977806e-06,0.00873854756,3.57765862e-06,7.55316478e-07,4.95680342e-06,0,5.97786493e-05,2.24932455e-06,0.00873767957
1.3401052e-06,9.260154e-06,0.00873857737,3.57444674e-06,7.28665555e-07,4.95704171e-06,0,5.97786493e-05,2.24988594e-06,0.00873767957
1.3410023e-06,9.22262188e-06,0.00873861369,3.57289377e-06,6.9253673e-07,4.95719132e-06,0,5.97786529e-05,2.25053759e-06,0.00873767957
1.34190464e-06,9.23513107e-06,0.00873860065,3.57468343e-06,7.03143883e-07,4.95730364e-06,0,5.97786529e-05,2.25119061e-06,0.00873767957
1.34280583e-06,9.26868415e-06,0.00873856712,3.57712224e-06,7.34147875e-07,4.95741415e-06,0,5.97786529e-05,2.25182998e-06,0.00873767957
1.34370259e-06,9.26967368e-06,0.00873856526,3.57331305e-06,7.38771234e-07,4.95758968e-06,0,5.97786529e-05,2.25244639e-06,0.00873767957
1.34460402e-06,9.2609198e-06,0.00873857364,3.57315139e-06,7.29996145e-07,4.95777203e-06,0,5.9778642e-05,2.25309554e-06,0.00873767957
1.34550066e-06,9.24412143e-06,0.00873858947,3.57533986e-06,7.10824395e-07,4.95795666e-06,0,5.9778642e-05,2.25370763e-06,0.00873767957
1.34640391e-06,9.22547679e-06,0.00873860717,3.57475369e-06,6.92666106e-07,4.95805716e-06,0,5.9778642e-05,2.25430927e-06,0.00873767957
1.34730578e-06,9.24684264e-06,0.00873858575,3.57281442e-06,7.15870499e-07,4.95815766e-06,0,5.9778642e-05,2.25493022e-06,0.00873767957
1.34820095e-06,9.28114787e-06,0.00873855036,3.57449289e-06,7.48367938e-07,4.95828726e-06,0,5.9778642e-05,2.2555173e-06,0.00873767957
1.34910556e-06,9.2727405e-06,0.00873855874,3.57589124e-06,7.383602e-07,4.95848917e-06,0,5.97786675e-05,2.25608505e-06,0.00873767957
1.35000266e-06,9.22774234e-06,0.00873860344,3.57336626e-06,6.95645156e-07,4.9587311e-06,0,5.97786675e-05,2.25668055e-06,0.00873767957
1.35090488e-06,9.2289647e-06,0.00873860158,3.57181557e-06,6.9829332e-07,4.9588557e-06,0,5.97786675e-05,2.25723988e-06,0.00873767957
1.35180483e-06,9.25205677e-06,0.00873857737,3.57461568e-06,7.18386616e-07,4.95905397e-06,0,5.97786675e-05,2.25780627e-06,0.00873767957
1.35270102e-06,9.27458314e-06,0.00873855408,3.57566955e-06,7.39711481e-07,4.95920267e-06,0,5.97786857e-05,2.25841063e-06,0.00873767957
1.35360267e-06,9.25705535e-06,0.00873857178,3.57145768e-06,7.26273697e-07,4.95932409e-06,0,5.97786857e-05,2.25896952e-06,0.00873767957
1.3545e-06,9.24923643e-06,0.00873857923,3.57138015e-06,7.18421006e-07,4.95943505e-06,0,5.97786857e-05,2.25949157e-06,0.00873767957
1.35540256e-06,9.23092375e-06,0.00873859692,3.57485465e-06,6.96549591e-07,4.95951917e-06,0,5.97786857e-05,2.26007865e-06,0.00873767957
1.35630114e-06,9.23415064e-06,0.00873859227,3.57430235e-06,7.00221392e-07,4.95962695e-06,0,5.97786857e-05,2.2606946e-06,0.00873767957
1.35720643e-06,9.27054134e-06,0.00873855595,3.57125123e-06,7.39549023e-07,4.95974064e-06,0,5.97786857e-05,2.26130192e-06,0.0087376805
1.3581049e-06,9.27189285e-06,0.00873855408,3.57347744e-06,7.38466838e-07,4.95994846e-06,0,5.97786857e-05,2.26183124e-06,0.0087376805
1.35900223e-06,9.23849711e-06,0.00873858668,3.57462613e-06,7.03793546e-07,4.9600776e-06,0,5.97786857e-05,2.26241946e-06,0.0087376805
1.35990331e-06,9.22796426e-06,0.00873859692,3.57317867e-06,6.94596338e-07,4.96018993e-06,0,5.97786857e-05,2.2631034e-06,0.0087376805
1.36080189e-06,9.24662163e-06,0.00873857737,3.57096997e-06,7.15324916e-07,4.96032726e-06,0,5.97788567e-05,2.26365091e-06,0.0087376805
1.36170388e-06,9.26489338e-06,0.00873855874,3.57361137e-06,7.30817192e-07,4.96046459e-06,0,5.97788567e-05,2.26413772e-06,0.0087376805
1.36260519e-06,9.25340828e-06,0.00873856992,3.57404929e-06,7.18719264e-07,4.96064013e-06,0,5.97788567e-05,2.26469888e-06,0.0087376805
1.36350081e-06,9.25279801e-06,0.00873856992,3.57185559e-06,7.20155924e-07,4.9607861e-06,0,5.97788567e-05,2.26522002e-06,0.0087376805
1.36440417e-06,9.22758682e-06,0.00873859413,3.57071622e-06,6.95957056e-07,4.96091297e-06,0,5.97788567e-05,2.26570819e-06,0.0087376805
1.36530082e-06,9.23950483e-06,0.00873858202,3.57490012e-06,7.03481589e-07,4.96112352e-06,0,5.97788567e-05,2.26623365e-06,0.0087376805
1.36620451e-06,9.26788198e-06,0.00873855315,3.57470731e-06,7.31877833e-07,4.96129724e-06,0,5.97788567e-05,2.26671364e-06,0.0087376805
1.36710162e-06,9.26266148e-06,0.00873855781,3.57224008e-06,7.28955001e-07,4.96146595e-06,0,5.97788567e-05,2.2671702e-06,0.0087376805
1.36800463e-06,9.23143216e-06,0.00873858854,3.57214094e-06,6.97651274e-07,4.96163966e-06,0,5.97788567e-05,2.26764951e-06,0.0087376805
1.36890196e-06,9.22745494e-06,0.00873859227,3.57366139e-06,6.91959656e-07,4.96183384e-06,0,5.97788567e-05,2.26814905e-06,0.0087376805
1.36980384e-06,9.26086977e-06,0.00873855874,3.5721655e-06,7.26753399e-07,4.96195071e-06,0,5.97788567e-05,2.26864995e-06,0.0087376805
1.37070629e-06,9.26382472e-06,0.00873855501,3.57055615e-06,7.3116081e-07,4.9621076e-06,0,5.97788603e-05,2.26911743e-06,0.0087376805
1.37160032e-06,9.24634332e-06,0.00873857178,3.57311797e-06,7.11001576e-07,4.9622231e-06,0,5.97788785e-05,2.26961788e-06,0.0087376805
1.37250265e-06,9.23458356e-06,0.00873858295,3.57323233e-06,6.98982831e-07,4.96236771e-06,0,5.97788785e-05,2.27013288e-06,0.0087376805
1.37340635e-06,9.23550488e-06,0.00873858202,3.57197086e-06,7.00917212e-07,4.96261737e-06,0,5.97788785e-05,2.27065289e-06,0.0087376805
1.37430254e-06,9.25291806e-06,0.00873856433,3.57177419e-06,7.18271224e-07,4.96287294e-06,0,5.97788785e-05,2.27116402e-06,0.0087376805
1.37520055e-06,9.2649725e-06,0.00873855129,3.57402041e-06,7.27882309e-07,4.96306939e-06,0,5.97788785e-05,2.27165901e-06,0.0087376805
1.37610334e-06,9.24854248e-06,0.00873856712,3.57296244e-06,7.12333815e-07,4.96324628e-06,0,5.97789076e-05,2.27213445e-06,0.0087376805
1.37700624e-06,9.23770313e-06,0.00873857737,3.57057229e-06,7.03727153e-07,4.96340363e-06,0,5.97789076e-05,2.2726399e-06,0.0087376805
1.377903e-06,9.22886284e-06,0.00873858575,3.57164663e-06,6.93640118e-07,4.96357598e-06,0,5.97789076e-05,2.2731449e-06,0.0087376805
1.37880636e-06,9.24631149e-06,0.00873856805,3.57378076e-06,7.08799234e-07,4.96373195e-06,0,5.97789076e-05,2.27371856e-06,0.0087376805
1.37970176e-06,9.26512348e-06,0.00873854849,3.57216936e-06,7.29076248e-07,4.96387838e-06,0,5.97789076e-05,2.27416967e-06,0.0087376805
1.38060341e-06,9.25988206e-06,0.00873855315,3.57043314e-06,7.25433893e-07,4.96401526e-06,0,5.97789076e-05,2.27468672e-06,0.0087376805
1.38150176e-06,9.23549487e-06,0.00873857737,3.57254271e-06,6.98776603e-07,4.96417579e-06,0,5.97789258e-05,2.27518854e-06,0.0087376805
1.38240523e-06,9.22376967e-06,0.00873858854,3.57314684e-06,6.86216708e-07,4.96440634e-06,0,5.9778944e-05,2.27568785e-06,0.0087376805
1.38330324e-06,9.24567939e-06,0.00873856619,3.57174122e-06,7.09390406e-07,4.96454777e-06,0,5.9778944e-05,2.27611963e-06,0.00873768143
1.38420228e-06,9.25525001e-06,0.00873855595,3.57145314e-06,7.19147579e-07,4.96464918e-06,0,5.9778944e-05,2.27655391e-06,0.00873768143
1.38510643e-06,9.26632401e-06,0.00873854477,3.57422618e-06,7.27241115e-07,4.96485654e-06,0,5.9778944e-05,2.27704436e-06,0.00873768143
1.38600296e-06,9.24800042e-06,0.00873856246,3.57250769e-06,7.10498512e-07,4.96499388e-06,0,5.9778944e-05,2.27749297e-06,0.00873768143
1.38690336e-06,9.21845185e-06,0.00873859227,3.57049339e-06,6.82740563e-07,4.96521761e-06,0,5.9778944e-05,2.27790815e-06,0.00873768143
1.38780103e-06,9.23103653e-06,0.00873857923,3.57203317e-06,6.93609479e-07,4.9653936e-06,0,5.9778944e-05,2.27834926e-06,0.00873768143
1.38870394e-06,9.26121447e-06,0.00873854849,3.57287126e-06,7.22804714e-07,4.96553866e-06,0,5.9778944e-05,2.27879741e-06,0.00873768143
1.38960138e-06,9.26859047e-06,0.00873854011,3.57109889e-06,7.31869875e-07,4.96562188e-06,0,5.9778944e-05,2.27921828e-06,0.00873768143
1.39050621e-06,9.24177766e-06,0.00873856712,3.57025783e-06,7.05721732e-07,4.96579787e-06,0,5.9778944e-05,2.27962596e-06,0.00873768143
1.3914015e-06,9.22785603e-06,0.00873858016,3.57329941e-06,6.88583327e-07,4.96597295e-06,0,5.9778944e-05,2.28007457e-06,0.00873768143
1.39230326e-06,9.23912467e-06,0.00873856898,3.57366753e-06,6.99380621e-07,4.96607663e-06,0,5.9778944e-05,2.28053432e-06,0.00873768143
1.39320537e-06,9.24477536e-06,0.00873856246,3.57097292e-06,7.07650429e-07,4.96615257e-06,0,5.9778944e-05,2.28091562e-06,0.00873768143
1.39410588e-06,9.25505628e-06,0.00873855222,3.57083422e-06,7.17964554e-07,4.96625762e-06,0,5.9778944e-05,2.28131807e-06,0.00873768143
1.39500003e-06,9.25346194e-06,0.00873855315,3.57184808e-06,7.15268698e-07,4.96634448e-06,0,5.9778944e-05,2.28176168e-06,0.00873768143
1.39590384e-06,9.24538926e-06,0.0087385606,3.57238014e-06,7.06593482e-07,4.96641587e-06,0,5.9778944e-05,2.28216049e-06,0.00873768143
1.39680458e-06,9.22633808e-06,0.00873857923,3.5715284e-06,6.88278647e-07,4.96653092e-06,0,5.9778944e-05,2.28260274e-06,0.00873768143
1.39770191e-06,9.23669086e-06,0.00873856898,3.57133126e-06,6.98707424e-07,4.96665234e-06,0,5.9778944e-05,2.28304611e-06,0.00873768143
1.39860515e-06,9.25545737e-06,0.00873854943,3.57240742e-06,7.16296256e-07,4.96675375e-06,0,5.9778944e-05,2.28346653e-06,0.00873768143
1.39950066e-06,9.25858239e-06,0.0087385457,3.57227077e-06,7.19484206e-07,4.96682787e-06,0,5.9778944e-05,2.28388672e-06,0.00873768143
1.4004039e-06,9.23845801e-06,0.00873856526,3.57132694e-06,7.00231396e-07,4.96689972e-06,0,5.97789403e-05,2.28434192e-06,0.00873768143
1.40130078e-06,9.23270909e-06,0.00873857085,3.57217982e-06,6.93517222e-07,4.96701159e-06,0,5.97789658e-05,2.28472686e-06,0.00873768143
1.40220607e-06,9.2397222e-06,0.0087385634,3.57318527e-06,6.99473787e-07,4.96706343e-06,0,5.97789658e-05,2.28513477e-06,0.00873768143
1.4031026e-06,9.24840697e-06,0.00873855501,3.57137174e-06,7.09875394e-07,4.96715984e-06,0,5.97789658e-05,2.28555814e-06,0.00873768143
1.40400118e-06,9.25400946e-06,0.00873854849,3.57124372e-06,7.15426211e-07,4.96733946e-06,0,5.97789658e-05,2.28596605e-06,0.00873768143
1.40490329e-06,9.24340839e-06,0.00873855874,3.57221961e-06,7.03734145e-07,4.96745452e-06,0,5.97789658e-05,2.28636418e-06,0.00873768143
1.40580391e-06,9.23353218e-06,0.00873856805,3.57165436e-06,6.9435265e-07,4.96752455e-06,0,5.97789658e-05,2.2867348e-06,0.00873768143
1.40670636e-06,9.23048174e-06,0.00873857085,3.57045019e-06,6.92408491e-07,4.96762323e-06,0,5.97789658e-05,2.28718545e-06,0.00873768143
1.4076021e-06,9.25857694e-06,0.00873854198,3.57237059e-06,7.18422541e-07,4.9677833e-06,0,5.97789876e-05,2.2876568e-06,0.00873768143
1.4085058e-06,9.25809036e-06,0.00873854291,3.57226804e-06,7.17991895e-07,4.96783014e-06,0,5.97789876e-05,2.28803492e-06,0.00873768143
1.40940347e-06,9.22370054e-06,0.00873857643,3.57123372e-06,6.84589224e-07,4.96787789e-06,0,5.97789876e-05,2.28845374e-06,0.00873768143
1.41030159e-06,9.22977233e-06,0.00873856992,3.57083127e-06,6.90915499e-07,4.96802613e-06,0,5.97789876e-05,2.28891599e-06,0.00873768143
1.41120393e-06,9.24974847e-06,0.00873854943,3.57298063e-06,7.08650589e-07,4.96811663e-06,0,5.97789876e-05,2.28934914e-06,0.00873768143
1.41210546e-06,9.26060966e-06,0.00873853825,3.57323142e-06,7.19174977e-07,4.96820303e-06,0,5.97789985e-05,2.2897384e-06,0.00873768143
1.41300632e-06,9.2446262e-06,0.00873855408,3.57061094e-06,7.05642719e-07,4.9683722e-06,0,5.97790277e-05,2.29015086e-06,0.00873768143
1.41390058e-06,9.22421532e-06,0.00873857364,3.56974124e-06,6.85850637e-07,4.96862367e-06,0,5.97790458e-05,2.29056172e-06,0.00873768143
1.41480291e-06,9.22996787e-06,0.00873856805,3.57181466e-06,6.89445528e-07,4.96870734e-06,0,5.97790458e-05,2.29097418e-06,0.00873768236
1.41570365e-06,9.24658161e-06,0.00873855036,3.57107206e-06,7.06756225e-07,4.96875327e-06,0,5.97790458e-05,2.29133821e-06,0.00873768236
1.41660394e-06,9.26402026e-06,0.00873853266,3.5707094e-06,7.24479833e-07,4.96883104e-06,0,5.97790458e-05,2.29174429e-06,0.00873768236
1.4175057e-06,9.24543747e-06,0.00873855129,3.57161912e-06,7.04907052e-07,4.96891153e-06,0,5.97790458e-05,2.29215789e-06,0.00873768236
1.41840292e-06,9.23098014e-06,0.00873856526,3.5720459e-06,6.89972296e-07,4.968962e-06,0,5.97790458e-05,2.29249531e-06,0.00873768236
1.41930138e-06,9.21240007e-06,0.00873858389,3.57064232e-06,6.72710712e-07,4.96904704e-06,0,5.97790458e-05,2.29287002e-06,0.00873768236
1.42020406e-06,9.24504366e-06,0.00873855036,3.57022464e-06,7.05697516e-07,4.96912116e-06,0,5.97790458e-05,2.29328839e-06,0.00873768236
1.42110571e-06,9.27369547e-06,0.00873852149,3.57142972e-06,7.33071772e-07,4.96919392e-06,0,5.97790458e-05,2.29362354e-06,0.00873768236
1.42200122e-06,9.25322001e-06,0.00873854198,3.57334852e-06,7.10635675e-07,4.96923576e-06,0,5.97790458e-05,2.29396187e-06,0.00873768236
1.42290219e-06,9.21566152e-06,0.0087385783,3.56975215e-06,6.76602724e-07,4.9693067e-06,0,5.97790458e-05,2.29441753e-06,0.00873768236
1.42380225e-06,9.21980063e-06,0.00873857457,3.57008707e-06,6.80327275e-07,4.96938628e-06,0,5.97790677e-05,2.29482612e-06,0.00873768236
1.42470537e-06,9.23951939e-06,0.00873855408,3.57154772e-06,6.98476867e-07,4.96949451e-06,0,5.97790677e-05,2.29521902e-06,0.00873768236
1.42560077e-06,9.26680332e-06,0.00873852614,3.57163458e-06,7.25605389e-07,4.96956318e-06,0,5.97790677e-05,2.29558623e-06,0.00873768236
1.42650151e-06,9.25840777e-06,0.00873853453,3.57028648e-06,7.18523779e-07,4.96959728e-06,0,5.97790677e-05,2.29593024e-06,0.00873768236
1.4274035e-06,9.2271448e-06,0.00873856526,3.57057661e-06,6.86915598e-07,4.96965276e-06,0,5.97790677e-05,2.29629109e-06,0.00873768236
1.42830152e-06,9.21016726e-06,0.00873858202,3.57172303e-06,6.68770838e-07,4.96967368e-06,0,5.97790677e-05,2.29669104e-06,0.00873768236
1.42920248e-06,9.23190328e-06,0.00873855967,3.57133422e-06,6.90838306e-07,4.96973053e-06,0,5.97790677e-05,2.29707712e-06,0.00873768236
1.4301047e-06,9.27021119e-06,0.00873852149,3.570638e-06,7.29766384e-07,4.96980738e-06,0,5.97790677e-05,2.29738453e-06,0.00873768236
1.4310059e-06,9.25882705e-06,0.00873853266,3.57121735e-06,7.17742182e-07,4.96986786e-06,0,5.97790677e-05,2.29772309e-06,0.00873768236
1.43190323e-06,9.2245491e-06,0.00873856619,3.57096064e-06,6.83691098e-07,4.96989696e-06,0,5.97790677e-05,2.2980953e-06,0.00873768236
1.43280613e-06,9.21883384e-06,0.00873857178,3.57167755e-06,6.77198159e-07,4.9699579e-06,0,5.97790677e-05,2.29846091e-06,0.00873768236
1.43370187e-06,9.22798336e-06,0.00873856246,3.57022464e-06,6.87750344e-07,4.97000838e-06,0,5.97790677e-05,2.29879333e-06,0.00873768236
1.43460261e-06,9.25988115e-06,0.00873852987,3.5710259e-06,7.18803051e-07,4.97005203e-06,0,5.97790859e-05,2.2991303e-06,0.00873768236
1.43550392e-06,9.25873337e-06,0.0087385308,3.57077056e-06,7.1785604e-07,4.9701066e-06,0,5.97790859e-05,2.29947614e-06,0.00873768236
1.436405e-06,9.23257994e-06,0.00873855688,3.56984424e-06,6.92594028e-07,4.97014116e-06,0,5.97790859e-05,2.29980037e-06,0.00873768236
1.4373004e-06,9.21409446e-06,0.00873857457,3.5691769e-06,6.74722969e-07,4.97019482e-06,0,5.97790859e-05,2.30013347e-06,0.00873768236
1.43820171e-06,9.23153766e-06,0.00873855688,3.57127465e-06,6.9003454e-07,4.97022802e-06,0,5.97790859e-05,2.30048408e-06,0.00873768236
1.43910233e-06,9.26028588e-06,0.00873852801,3.5714279e-06,7.18537081e-07,4.97032124e-06,0,5.97790859e-05,2.30081287e-06,0.00873768236
1.44000262e-06,9.24599135e-06,0.00873854198,3.57109707e-06,7.04467482e-07,4.97042674e-06,0,5.97790859e-05,2.30116029e-06,0.00873768236
1.44090393e-06,9.23521566e-06,0.00873855222,3.57091062e-06,6.93774098e-07,4.97053134e-06,0,5.97790859e-05,2.3015084e-06,0.00873768236
1.44180524e-06,9.2254304e-06,0.00873856153,3.57160752e-06,6.83202018e-07,4.97062092e-06,0,5.97790859e-05,2.30184719e-06,0.00873768236
1.442702e-06,9.22940399e-06,0.00873855781,3.57006002e-06,6.88675755e-07,4.97066821e-06,0,5.97790859e-05,2.30223441e-06,0.00873768236
1.44360581e-06,9.24767755e-06,0.00873853918,3.56993155e-06,7.07041181e-07,4.97070459e-06,0,5.97790859e-05,2.3025882e-06,0.00873768236
1.4445028e-06,9.25200675e-06,0.00873853453,3.57090585e-06,7.1033412e-07,4.97076689e-06,0,5.97790859e-05,2.30292517e-06,0.00873768236
1.44540115e-06,9.24019059e-06,0.0087385457,3.57183558e-06,6.9748728e-07,4.97086739e-06,0,5.97790859e-05,2.30327487e-06,0.00873768236
1.44630133e-06,9.21447099e-06,0.00873857085,3.56963255e-06,6.73894647e-07,4.97094425e-06,0,5.97790859e-05,2.30363753e-06,0.00873768236
1.44720252e-06,9.23232619e-06,0.00873855315,3.57004592e-06,6.91311072e-07,4.97096971e-06,0,5.97790859e-05,2.30397404e-06,0.00873768236
1.44810224e-06,9.25690802e-06,0.00873852801,3.57181898e-06,7.13986992e-07,4.97110159e-06,0,5.97790859e-05,2.30427008e-06,0.00873768236
1.44900355e-06,9.24681353e-06,0.00873853825,3.57200088e-06,7.03595447e-07,4.97121709e-06,0,5.97790859e-05,2.30456249e-06,0.00873768236
1.44990531e-06,9.22684922e-06,0.00873855781,3.57015392e-06,6.85422606e-07,4.97127212e-06,0,5.97790859e-05,2.30483533e-06,0.00873768236
1.4508056e-06,9.22175877e-06,0.00873856246,3.57049112e-06,6.79930622e-07,4.97133669e-06,0,5.97790859e-05,2.30515343e-06,0.00873768236
1.45170031e-06,9.24323012e-06,0.00873854104,3.57148315e-06,7.00377541e-07,4.97136989e-06,0,5.97790859e-05,2.30547312e-06,0.0087376833
1.45260117e-06,9.24768483e-06,0.00873853639,3.5709777e-06,7.05302568e-07,4.97140491e-06,0,5.97790859e-05,2.30576097e-06,0.0087376833
1.45350248e-06,9.23556217e-06,0.00873854756,3.56952319e-06,6.94585765e-07,4.97145356e-06,0,5.97790859e-05,2.3060968e-06,0.0087376833
1.45440049e-06,9.23849257e-06,0.00873854477,3.57064732e-06,6.96319603e-07,4.97152587e-06,0,5.97790859e-05,2.30641285e-06,0.0087376833
1.45530225e-06,9.22673735e-06,0.00873855595,3.57082627e-06,6.84290058e-07,4.97162137e-06,0,5.97790968e-05,2.30677028e-06,0.0087376833
1.45620436e-06,9.22979416e-06,0.00873855222,3.57036674e-06,6.87693614e-07,4.97173369e-06,0,5.97790968e-05,2.30710589e-06,0.0087376833
1.45710612e-06,9.24801498e-06,0.00873853359,3.57052181e-06,7.05676996e-07,4.97181645e-06,0,5.97790968e-05,2.30740307e-06,0.0087376833
1.45800334e-06,9.24362212e-06,0.00873853825,3.57089698e-06,7.00833937e-07,4.97189103e-06,0,5.97790968e-05,2.30772616e-06,0.0087376833
1.4589059e-06,9.23559674e-06,0.0087385457,3.57050089e-06,6.93145012e-07,4.97195106e-06,0,5.97791186e-05,2.30807109e-06,0.0087376833
1.45980016e-06,9.22542949e-06,0.00873855595,3.56989949e-06,6.83402561e-07,4.97212795e-06,0,5.97791186e-05,2.30836349e-06,0.0087376833
1.46070477e-06,9.2278442e-06,0.00873855315,3.57032286e-06,6.85274529e-07,4.97224664e-06,0,5.97791186e-05,2.30864475e-06,0.0087376833
1.46160016e-06,9.24343476e-06,0.00873853732,3.57126919e-06,6.99766019e-07,4.97239944e-06,0,5.97791186e-05,2.30895012e-06,0.0087376833
1.46250295e-06,9.25181666e-06,0.00873852801,3.57114232e-06,7.08168329e-07,4.97250585e-06,0,5.97791186e-05,2.30925662e-06,0.0087376833
1.46340471e-06,9.23968673e-06,0.00873854011,3.57107001e-06,6.95975757e-07,4.97264091e-06,0,5.97791186e-05,2.30953992e-06,0.0087376833
1.46430591e-06,9.21515311e-06,0.00873856433,3.57045269e-06,6.7196288e-07,4.97273732e-06,0,5.97791186e-05,2.30985393e-06,0.0087376833
1.46520074e-06,9.22874187e-06,0.00873855036,3.5708606e-06,6.8505409e-07,4.97282781e-06,0,5.97791259e-05,2.31015997e-06,0.0087376833
1.4661033e-06,9.24533015e-06,0.00873853359,3.57008275e-06,7.0230783e-07,4.97293968e-06,0,5.97791259e-05,2.31045829e-06,0.0087376833
1.46700245e-06,9.24985125e-06,0.00873852894,3.57060321e-06,7.06067681e-07,4.97318024e-06,0,5.97791259e-05,2.31076638e-06,0.0087376833
1.46790399e-06,9.24346114e-06,0.00873853546,3.57129352e-06,6.98797294e-07,4.97337032e-06,0,5.97791259e-05,2.31106901e-06,0.0087376833
1.46880109e-06,9.2159371e-06,0.00873856246,3.57063209e-06,6.71875227e-07,4.97342944e-06,0,5.97791259e-05,2.31139165e-06,0.0087376833
1.46970535e-06,9.21926494e-06,0.00873855874,3.56922442e-06,6.7652212e-07,4.97351812e-06,0,5.97791259e-05,2.31173613e-06,0.0087376833
1.47060598e-06,9.25051609e-06,0.00873852707,3.57036743e-06,7.06476328e-07,4.97367228e-06,0,5.97791259e-05,2.31202603e-06,0.0087376833
1.47150149e-06,9.25177937e-06,0.00873852521,3.57031672e-06,7.07759966e-07,4.97370229e-06,0,5.97791259e-05,2.31232229e-06,0.0087376833
1.47240212e-06,9.23713196e-06,0.00873854011,3.57008844e-06,6.9329252e-07,4.97375095e-06,0,5.97792641e-05,2.3126388e-06,0.0087376833
1.47330286e-06,9.21939227e-06,0.00873855781,3.56946794e-06,6.76081299e-07,4.97384281e-06,0,5.97792641e-05,2.31295894e-06,0.0087376833
1.47420371e-06,9.22143408e-06,0.00873855501,3.57003773e-06,6.77509775e-07,4.97388692e-06,0,5.97792641e-05,2.31326499e-06,0.0087376833
1.47510025e-06,9.24314372e-06,0.00873853266,3.57061435e-06,6.98616589e-07,4.97391284e-06,0,5.97792678e-05,2.31354306e-06,0.0087376833
1.47600326e-06,9.24999313e-06,0.00873852614,3.57019508e-06,7.05823766e-07,4.97397468e-06,0,5.97792678e-05,2.31382182e-06,0.0087376833
1.47690446e-06,9.24101914e-06,0.00873853453,3.56947248e-06,6.975215e-07,4.97402561e-06,0,5.97792678e-05,2.31412082e-06,0.0087376833
1.47780145e-06,9.22403433e-06,0.00873855129,3.57033719e-06,6.79609343e-07,4.97408791e-06,0,5.97792678e-05,2.31438025e-06,0.0087376833
1.47870526e-06,9.21909759e-06,0.00873855595,3.57044632e-06,6.7450992e-07,4.97414112e-06,0,5.97792678e-05,2.31468198e-06,0.0087376833
1.47960316e-06,9.23309562e-06,0.00873854198,3.56913711e-06,6.89789374e-07,4.97416886e-06,0,5.97792678e-05,2.31498461e-06,0.0087376833
1.4805014e-06,9.25220411e-06,0.00873852242,3.56915052e-06,7.08836467e-07,4.97421752e-06,0,5.97792678e-05,2.31525428e-06,0.0087376833
1.48140305e-06,9.24581127e-06,0.00873852801,3.56968326e-06,7.01870874e-07,4.97425708e-06,0,5.97792678e-05,2.3155319e-06,0.0087376833
1.48230447e-06,9.22595063e-06,0.00873854849,3.56959231e-06,6.82059863e-07,4.97429892e-06,0,5.97792678e-05,2.31580429e-06,0.0087376833
1.48320566e-06,9.21603078e-06,0.00873855781,3.56899091e-06,6.72687804e-07,4.97435212e-06,0,5.97792678e-05,2.31609283e-06,0.0087376833
1.48410265e-06,9.22786694e-06,0.0087385457,3.56987357e-06,6.83560984e-07,4.97443261e-06,0,5.97792678e-05,2.31641343e-06,0.0087376833
1.4850043e-06,9.25110999e-06,0.00873852242,3.57135264e-06,7.05277273e-07,4.97448036e-06,0,5.97792678e-05,2.31671106e-06,0.0087376833
1.48590618e-06,9.25419772e-06,0.00873851869,3.5710068e-06,7.08666619e-07,4.97452402e-06,0,5.97792605e-05,2.31696913e-06,0.0087376833
1.48680385e-06,9.21880473e-06,0.00873855315,3.56935675e-06,6.74855585e-07,4.97459223e-06,0,5.97792605e-05,2.31729678e-06,0.0087376833
1.48770619e-06,9.21904302e-06,0.00873855315,3.56990813e-06,6.74445573e-07,4.97468909e-06,0,5.97792605e-05,2.31758668e-06,0.0087376833
1.4886009e-06,9.22698746e-06,0.00873854477,3.56924897e-06,6.82994823e-07,4.97474412e-06,0,5.97792605e-05,2.31783702e-06,0.0087376833
1.48950153e-06,9.25090808e-06,0.00873852056,3.56968008e-06,7.06406354e-07,4.97482142e-06,0,5.97792605e-05,2.31809031e-06,0.0087376833
1.49040318e-06,9.248889e-06,0.00873852242,3.56982696e-06,7.04175477e-07,4.97488691e-06,0,5.97792605e-05,2.31832223e-06,0.0087376833
1.49130415e-06,9.22139498e-06,0.00873854943,3.56956093e-06,6.76893023e-07,4.97494102e-06,0,5.97792605e-05,2.31858985e-06,0.0087376833
1.49220568e-06,9.21502124e-06,0.00873855595,3.56993814e-06,6.7008682e-07,4.9749965e-06,0,5.97792605e-05,2.31883814e-06,0.0087376833
1.49310074e-06,9.23782045e-06,0.00873853266,3.56920236e-06,6.93544109e-07,4.97507381e-06,0,5.97792605e-05,2.3190787e-06,0.0087376833
1.49400137e-06,9.24860342e-06,0.00873852149,3.56952683e-06,7.0395555e-07,4.9751211e-06,0,5.97792605e-05,2.31934246e-06,0.0087376833
1.49490279e-06,9.23502193e-06,0.00873853546,3.570339e-06,6.89476167e-07,4.97520705e-06,0,5.97792605e-05,2.31961531e-06,0.0087376833
1.49580558e-06,9.22520758e-06,0.00873854477,3.56937153e-06,6.80466997e-07,4.97536894e-06,0,5.97792605e-05,2.31986405e-06,0.0087376833
1.49670302e-06,9.22443178e-06,0.0087385457,3.56962732e-06,6.7936702e-07,4.97543715e-06,0,5.97792605e-05,2.3201128e-06,0.00873768423
1.49760444e-06,9.22942854e-06,0.00873854011,3.56961459e-06,6.84311317e-07,4.97550263e-06,0,5.97792605e-05,2.32042657e-06,0.00873768423
1.49850553e-06,9.25026052e-06,0.00873851869,3.56973351e-06,7.04922229e-07,4.97560495e-06,0,5.97792605e-05,2.32071693e-06,0.00873768423
1.49940058e-06,9.23702555e-06,0.00873853173,3.56893383e-06,6.92445326e-07,4.97564679e-06,0,5.97792605e-05,2.32095772e-06,0.00873768423
1.50030132e-06,9.22040908e-06,0.00873854849,3.56869964e-06,6.75995807e-07,4.97571318e-06,0,5.97792605e-05,2.32125012e-06,0.00873768423
1.50120275e-06,9.2207747e-06,0.00873854756,3.56996793e-06,6.75017532e-07,4.97578867e-06,0,5.97792605e-05,2.32157231e-06,0.00873768423
1.50210019e-06,9.2379596e-06,0.00873852987,3.56965984e-06,6.92438391e-07,4.97586143e-06,0,5.97792459e-05,2.32188449e-06,0.00873768423
1.50300252e-06,9.24573851e-06,0.00873852242,3.56965711e-06,7.00185865e-07,4.97589554e-06,0,5.97792459e-05,2.32212096e-06,0.00873768423
1.50390474e-06,9.23848711e-06,0.00873852894,3.57030854e-06,6.92240405e-07,4.97593783e-06,0,5.97792459e-05,2.32238699e-06,0.00873768423
1.5048056e-06,9.21776882e-06,0.00873854943,3.56912028e-06,6.72647616e-07,4.97600104e-06,0,5.97792459e-05,2.32267962e-06,0.00873768423
1.50570361e-06,9.22516574e-06,0.00873854198,3.56968849e-06,6.79370373e-07,4.97610699e-06,0,5.97792459e-05,2.32293132e-06,0.00873768423
1.50660412e-06,9.23000061e-06,0.00873853639,3.56855503e-06,6.85277371e-07,4.97616838e-06,0,5.97792459e-05,2.32315983e-06,0.00873768423
1.50750589e-06,9.24311189e-06,0.00873852335,3.56969667e-06,6.9719357e-07,4.97622204e-06,0,5.97792641e-05,2.32340426e-06,0.00873768423
1.50840037e-06,9.24844971e-06,0.00873851776,3.56949477e-06,7.02701016e-07,4.97625388e-06,0,5.97792641e-05,2.32364596e-06,0.00873768423
1.50930111e-06,9.22409345e-06,0.00873854198,3.56973237e-06,6.78084064e-07,4.97627661e-06,0,5.97792641e-05,2.32388902e-06,0.00873768423
1.51020311e-06,9.2081782e-06,0.00873855781,3.56914825e-06,6.6270519e-07,4.97632436e-06,0,5.97792641e-05,2.32413959e-06,0.00873768423
1.51110567e-06,9.228419e-06,0.00873853732,3.56951546e-06,6.82546215e-07,4.9763571e-06,0,5.97792641e-05,2.32439356e-06,0.00873768423
1.51200288e-06,9.25414952e-06,0.00873851124,3.57000658e-06,7.07729214e-07,4.9764144e-06,0,5.97792641e-05,2.3246107e-06,0.00873768423
1.5129059e-06,9.24317465e-06,0.00873852149,3.5689643e-06,6.97758651e-07,4.97645169e-06,0,5.97792641e-05,2.32483922e-06,0.00873768423
1.51380118e-06,9.22042454e-06,0.00873854477,3.56906526e-06,6.74875025e-07,4.97648398e-06,0,5.97792641e-05,2.32509183e-06,0.00873768423
1.51470226e-06,9.21932133e-06,0.0087385457,3.57021895e-06,6.72583838e-07,4.97651808e-06,0,5.97795733e-05,2.32533284e-06,0.00873768423
1.5156038e-06,9.22017171e-06,0.00873854477,3.56912687e-06,6.74493378e-07,4.97655174e-06,0,5.97795733e-05,2.32556999e-06,0.00873768423
1.51650158e-06,9.24307278e-06,0.00873852149,3.5689568e-06,6.97524115e-07,4.9765913e-06,0,5.97795733e-05,2.32583352e-06,0.00873768423
1.51740426e-06,9.24824872e-06,0.0087385159,3.56924966e-06,7.02333352e-07,4.97666542e-06,0,5.97795733e-05,2.3260809e-06,0.00873768423
1.51830602e-06,9.2334958e-06,0.0087385308,3.56945475e-06,6.87318959e-07,4.97672272e-06,0,5.97795733e-05,2.32629873e-06,0.00873768423
1.51920312e-06,9.21311766e-06,0.00873855036,3.56890246e-06,6.67434335e-07,4.97678138e-06,0,5.97795733e-05,2.32655702e-06,0.00873768423
1.52010398e-06,9.21316587e-06,0.00873855036,3.56872624e-06,6.67641814e-07,4.97679775e-06,0,5.97795733e-05,2.32682055e-06,0.00873768423
1.5210054e-06,9.24255801e-06,0.00873852056,3.56972919e-06,6.96009806e-07,4.97681958e-06,0,5.97795733e-05,2.32704906e-06,0.00873768423
1.52190069e-06,9.24922279e-06,0.00873851404,3.5701396e-06,7.02207274e-07,4.97687643e-06,0,5.97795733e-05,2.32726347e-06,0.00873768423
1.52280404e-06,9.23427615e-06,0.00873852894,3.5695025e-06,6.87801275e-07,4.97697238e-06,0,5.97795733e-05,2.32751313e-06,0.00873768423
1.5237008e-06,9.21907667e-06,0.00873854384,3.56884402e-06,6.7324504e-07,4.97698738e-06,0,5.97795733e-05,2.32777575e-06,0.00873768423
1.52460257e-06,9.21209357e-06,0.00873855036,3.56920873e-06,6.65863581e-07,4.97702104e-06,0,5.97795733e-05,2.32803905e-06,0.00873768423
1.52550217e-06,9.23273001e-06,0.00873852894,3.56908777e-06,6.86547992e-07,4.97709379e-06,0,5.97795733e-05,2.32827711e-06,0.00873768423
1.52640166e-06,9.24966844e-06,0.00873851217,3.56860278e-06,7.03936962e-07,4.97712881e-06,0,5.97795733e-05,2.32850925e-06,0.00873768423
1.52730354e-06,9.24024152e-06,0.00873852149,3.56944815e-06,6.93638526e-07,4.97715519e-06,0,5.97795733e-05,2.32875414e-06,0.00873768423
1.5282053e-06,9.21739957e-06,0.00873854384,3.56893634e-06,6.71273142e-07,4.9771902e-06,0,5.97795733e-05,2.32902403e-06,0.00873768423
1.5291015e-06,9.2131686e-06,0.00873854756,3.5691794e-06,6.66755056e-07,4.97723386e-06,0,5.97795733e-05,2.32925868e-06,0.00873768423
1.53000576e-06,9.2320206e-06,0.00873852894,3.56905889e-06,6.85675957e-07,4.97728615e-06,0,5.97795733e-05,2.32949219e-06,0.00873768423
1.53090139e-06,9.24657343e-06,0.00873851404,3.56981354e-06,6.99452755e-07,4.97730707e-06,0,5.97795733e-05,2.32974844e-06,0.00873768423
1.5318036e-06,9.23660355e-06,0.00873852428,3.56947953e-06,6.89785566e-07,4.97733845e-06,0,5.97795733e-05,2.32999173e-06,0.00873768423
1.5327048e-06,9.2199225e-06,0.00873854011,3.56934538e-06,6.73211275e-07,4.97736573e-06,0,5.97795733e-05,2.33022024e-06,0.00873768423
1.53360031e-06,9.21768969e-06,0.00873854198,3.56856276e-06,6.71725672e-07,4.9774012e-06,0,5.97795733e-05,2.33045353e-06,0.00873768423
1.53450333e-06,9.23218067e-06,0.00873852801,3.56956502e-06,6.85191935e-07,4.97742394e-06,0,5.97795733e-05,2.3306859e-06,0.00873768423
1.53540589e-06,9.2374803e-06,0.00873852242,3.56853843e-06,6.91505022e-07,4.97743667e-06,0,5.97795952e-05,2.33095284e-06,0.00873768423
1.53630265e-06,9.23661082e-06,0.00873852242,3.56821374e-06,6.90954209e-07,4.97744259e-06,0,5.97795952e-05,2.33117635e-06,0.00873768423
1.53720441e-06,9.22642448e-06,0.00873853266,3.56826513e-06,6.80701646e-07,4.97745759e-06,0,5.97795952e-05,2.33137325e-06,0.00873768423
1.53810618e-06,9.21365336e-06,0.00873854477,3.56875194e-06,6.67406709e-07,4.97749488e-06,0,5.97795952e-05,2.33163951e-06,0.00873768423
1.53900157e-06,9.22771505e-06,0.0087385308,3.56979126e-06,6.80395488e-07,4.97752808e-06,0,5.97795952e-05,2.33191577e-06,0.00873768423
1.53990277e-06,9.2424898e-06,0.0087385159,3.56925034e-06,6.95697906e-07,4.97754127e-06,0,5.97795952e-05,2.33212677e-06,0.00873768423
1.54080067e-06,9.24006417e-06,0.00873851776,3.56890109e-06,6.936163e-07,4.97754672e-06,0,5.97795952e-05,2.33234618e-06,0.00873768423
1.5417038e-06,9.21530591e-06,0.00873854291,3.56888722e-06,6.6885832e-07,4.97756037e-06,0,5.9779617e-05,2.33263177e-06,0.00873768423
1.54260636e-06,9.21346691e-06,0.00873854384,3.56823739e-06,6.67657616e-07,4.97757219e-06,0,5.9779617e-05,2.3329028e-06,0.00873768423
1.54350084e-06,9.23397238e-06,0.00873852335,3.56868736e-06,6.87689237e-07,4.97759584e-06,0,5.9779617e-05,2.33311948e-06,0.00873768423
1.54440306e-06,9.24282813e-06,0.00873851404,3.56913779e-06,6.9605079e-07,4.97763995e-06,0,5.9779617e-05,2.33332662e-06,0.00873768423
1.54530187e-06,9.23617972e-06,0.00873852056,3.56903456e-06,6.89477474e-07,4.97766723e-06,0,5.9779617e-05,2.33355627e-06,0.00873768423
1.54620602e-06,9.21546325e-06,0.00873854104,3.56867145e-06,6.69102519e-07,4.9776886e-06,0,5.97796243e-05,2.33378023e-06,0.00873768423
1.54710381e-06,9.20861839e-06,0.00873854756,3.56859823e-06,6.62309276e-07,4.97771089e-06,0,5.97796243e-05,2.33400237e-06,0.00873768423
1.54800512e-06,9.23561311e-06,0.00873852056,3.56895544e-06,6.8893371e-07,4.97772407e-06,0,5.97796243e-05,2.33422406e-06,0.00873768423
1.54890006e-06,9.24987671e-06,0.00873850659,3.5693015e-06,7.02831983e-07,4.97774363e-06,0,5.97796243e-05,2.33444166e-06,0.00873768423
1.54980319e-06,9.23271182e-06,0.00873852335,3.56932355e-06,6.85625594e-07,4.97776273e-06,0,5.97796243e-05,2.33464311e-06,0.00873768423
1.55070632e-06,9.21027458e-06,0.0087385457,3.56862415e-06,6.63849619e-07,4.97780138e-06,0,5.97796243e-05,2.33486617e-06,0.00873768423
1.55160387e-06,9.20984166e-06,0.0087385457,3.56836495e-06,6.63638048e-07,4.97783867e-06,0,5.97796243e-05,2.33510809e-06,0.00873768423
1.55250541e-06,9.23399512e-06,0.00873852149,3.56888677e-06,6.87246541e-07,4.97786141e-06,0,5.97796243e-05,2.33533297e-06,0.00873768516
1.55340047e-06,9.25440327e-06,0.008738501,3.5688463e-06,7.076668e-07,4.97789051e-06,0,5.97796243e-05,2.33554442e-06,0.00873768516
1.55430189e-06,9.23176776e-06,0.00873852335,3.56792179e-06,6.85942268e-07,4.9779037e-06,0,5.97796243e-05,2.33575042e-06,0.00873768516
1.55520388e-06,9.20750517e-06,0.00873854663,3.56845112e-06,6.61123295e-07,4.97793053e-06,0,5.97796243e-05,2.33597825e-06,0.00873768516
1.55610633e-06,9.20762795e-06,0.00873854663,3.56814076e-06,6.61538081e-07,4.97794963e-06,0,5.97796243e-05,2.33623973e-06,0.00873768516
1.55700468e-06,9.23656444e-06,0.00873851776,3.56926375e-06,6.89325645e-07,4.9779751e-06,0,5.97796243e-05,2.33646983e-06,0.00873768516
1.55790201e-06,9.24860069e-06,0.00873850565,3.56947703e-06,7.01137537e-07,4.97798601e-06,0,5.97796243e-05,2.33666424e-06,0.00873768516
1.55880491e-06,9.2375667e-06,0.0087385159,3.56877945e-06,6.90792149e-07,4.97799465e-06,0,5.97796243e-05,2.33686001e-06,0.00873768516
1.55970633e-06,9.20600269e-06,0.00873854756,3.5675821e-06,6.60417868e-07,4.97800329e-06,0,5.97796243e-05,2.33707601e-06,0.00873768516
1.56060389e-06,9.21013725e-06,0.00873854291,3.56880764e-06,6.63318247e-07,4.97801148e-06,0,5.97796243e-05,2.33729929e-06,0.00873768516
1.56150577e-06,9.229434e-06,0.00873852335,3.56811756e-06,6.83292114e-07,4.97802466e-06,0,5.97796243e-05,2.33750075e-06,0.00873768516
1.56240139e-06,9.24442247e-06,0.00873850845,3.56842543e-06,6.97950668e-07,4.97804649e-06,0,5.97796243e-05,2.33769583e-06,0.00873768516
1.56330452e-06,9.24167398e-06,0.00873851124,3.56862097e-06,6.94994128e-07,4.97805877e-06,0,5.97796243e-05,2.3378816e-06,0.00873768516
1.56420595e-06,9.21456103e-06,0.00873853825,3.56850137e-06,6.67997085e-07,4.97806241e-06,0,5.97796243e-05,2.33809374e-06,0.00873768516
1.56510112e-06,9.20166622e-06,0.00873855036,3.56805481e-06,6.55535871e-07,4.97807559e-06,0,5.97796243e-05,2.33831133e-06,0.00873768516
1.56600231e-06,9.22375602e-06,0.00873852801,3.56797341e-06,6.77677065e-07,4.97810515e-06,0,5.97796243e-05,2.3385312e-06,0.00873768516
1.56690567e-06,9.24857886e-06,0.00873850379,3.5681187e-06,7.02328009e-07,4.97813244e-06,0,5.97796243e-05,2.33872743e-06,0.00873768516
1.56780425e-06,9.2427872e-06,0.00873850938,3.56892497e-06,6.95713936e-07,4.9781479e-06,0,5.97796243e-05,2.33890364e-06,0.00873768516
1.56870044e-06,9.21127958e-06,0.00873854011,3.5684202e-06,6.64706647e-07,4.97815245e-06,0,5.97796243e-05,2.33909532e-06,0.00873768516
1.569603e-06,9.20454386e-06,0.00873854663,3.56840314e-06,6.57970929e-07,4.97817018e-06,0,5.97796243e-05,2.33929404e-06,0.00873768516
1.57050522e-06,9.22479103e-06,0.00873852614,3.56763303e-06,6.78962067e-07,4.9781961e-06,0,5.97796243e-05,2.33950186e-06,0.00873768516
1.57140198e-06,9.24850519e-06,0.00873850286,3.56842065e-06,7.01864963e-07,4.97821975e-06,0,5.97796243e-05,2.33968581e-06,0.00873768516
1.57230591e-06,9.23322841e-06,0.00873851776,3.56776422e-06,6.87138254e-07,4.97832571e-06,0,5.97796243e-05,2.33989203e-06,0.00873768516
1.57320142e-06,9.21596802e-06,0.00873853453,3.56765258e-06,6.69974725e-07,4.97834026e-06,0,5.97797443e-05,2.34011304e-06,0.00873768516
1.57410375e-06,9.21064293e-06,0.00873854011,3.56832061e-06,6.63963078e-07,4.9783589e-06,0,5.97797552e-05,2.34031972e-06,0.00873768516
1.57500494e-06,9.22563049e-06,0.00873852428,3.56883425e-06,6.78404263e-07,4.9783921e-06,0,5.97797552e-05,2.34053505e-06,0.00873768516
1.57590148e-06,9.24020424e-06,0.00873851031,3.56854025e-06,6.93219022e-07,4.9784453e-06,0,5.97797552e-05,2.34072604e-06,0.00873768516
1.57680427e-06,9.23090829e-06,0.00873851869,3.56883038e-06,6.83623227e-07,4.9784544e-06,0,5.97797552e-05,2.34092727e-06,0.00873768516
1.5777058e-06,9.21923129e-06,0.0087385308,3.56796409e-06,6.72802685e-07,4.97846486e-06,0,5.97797552e-05,2.34112235e-06,0.00873768516
1.57860063e-06,9.21622359e-06,0.00873853359,3.56769488e-06,6.70030886e-07,4.97849805e-06,0,5.97797552e-05,2.34133176e-06,0.00873768516
1.57950285e-06,9.2234086e-06,0.00873852614,3.56759415e-06,6.77301045e-07,4.97851352e-06,0,5.97797552e-05,2.341558e-06,0.00873768516
1.5804053e-06,9.23077278e-06,0.00873851869,3.5681569e-06,6.84083602e-07,4.97853262e-06,0,5.97797552e-05,2.34176264e-06,0.00873768516
1.58130126e-06,9.23460539e-06,0.00873851404,3.56757209e-06,6.88463729e-07,4.97856945e-06,0,5.97797552e-05,2.34195818e-06,0.00873768516
1.58220394e-06,9.22176332e-06,0.00873852707,3.56825763e-06,6.74921409e-07,4.97858491e-06,0,5.97797552e-05,2.3421519e-06,0.00873768516
1.58310058e-06,9.21365881e-06,0.00873853453,3.56789155e-06,6.67157792e-07,4.97860947e-06,0,5.97797552e-05,2.34236086e-06,0.00873768516
1.58400303e-06,9.22639265e-06,0.00873852242,3.56839746e-06,6.79369066e-07,4.97862584e-06,0,5.97800099e-05,2.3425448e-06,0.00873768516
1.58490514e-06,9.22562231e-06,0.00873852242,3.5681237e-06,6.78845367e-07,4.97865267e-06,0,5.97800099e-05,2.34270442e-06,0.00873768516
1.58580144e-06,9.23244988e-06,0.0087385159,3.56790338e-06,6.85867292e-07,4.97867904e-06,0,5.97800099e-05,2.34287745e-06,0.00873768516
1.58670468e-06,9.22672734e-06,0.00873852149,3.5683272e-06,6.79701373e-07,4.9786986e-06,0,5.97800099e-05,2.34306935e-06,0.00873768516
1.58760054e-06,9.21541232e-06,0.00873853266,3.56800183e-06,6.68697226e-07,4.97871315e-06,0,5.97800099e-05,2.34323716e-06,0.00873768516
1.58850219e-06,9.21670835e-06,0.0087385308,3.56836381e-06,6.69611836e-07,4.9787327e-06,0,5.97800099e-05,2.34341178e-06,0.00873768516
1.58940429e-06,9.23006883e-06,0.00873851776,3.56761984e-06,6.8370116e-07,4.97874817e-06,0,5.97800099e-05,2.34363142e-06,0.00873768516
1.59030606e-06,9.23722837e-06,0.00873851031,3.56788132e-06,6.90587399e-07,4.97875953e-06,0,5.97800099e-05,2.34383037e-06,0.00873768516
1.59120157e-06,9.22442723e-06,0.00873852242,3.56790019e-06,6.77757725e-07,4.97876954e-06,0,5.97800099e-05,2.3440125e-06,0.00873768516
1.59210379e-06,9.20891034e-06,0.00873853825,3.56769033e-06,6.62431887e-07,4.97878818e-06,0,5.97800208e-05,2.34421213e-06,0.00873768516
1.59300578e-06,9.21817536e-06,0.00873852894,3.56807095e-06,6.71302473e-07,4.97880228e-06,0,5.97800208e-05,2.34445247e-06,0.00873768516
1.59390152e-06,9.23717744e-06,0.00873850938,3.56903297e-06,6.89327976e-07,4.97881638e-06,0,5.97800208e-05,2.34465347e-06,0.00873768516
1.59480385e-06,9.23333027e-06,0.0087385131,3.56881378e-06,6.85674934e-07,4.97884184e-06,0,5.97800208e-05,2.34484173e-06,0.00873768516
1.5957005e-06,9.21963056e-06,0.00873852614,3.5686503e-06,6.72117892e-07,4.97886231e-06,0,5.97800208e-05,2.34504819e-06,0.00873768516
1.59660362e-06,9.21454375e-06,0.00873853173,3.56797045e-06,6.67706843e-07,4.97886595e-06,0,5.97800208e-05,2.34524668e-06,0.00873768516
1.59750175e-06,9.21610626e-06,0.00873852987,3.56786109e-06,6.69364113e-07,4.97888141e-06,0,5.97800208e-05,2.34548202e-06,0.00873768516
1.59840386e-06,9.23071639e-06,0.00873851497,3.56820306e-06,6.83612541e-07,4.97890051e-06,0,5.97800208e-05,2.34569507e-06,0.00873768516
1.59930494e-06,9.23636708e-06,0.00873850845,3.56768396e-06,6.89768399e-07,4.9789146e-06,0,5.97800208e-05,2.34587083e-06,0.00873768516
1.6002009e-06,9.22658455e-06,0.00873851869,3.56770488e-06,6.7993102e-07,4.97894916e-06,0,5.97800208e-05,2.34604545e-06,0.00873768516
1.60110289e-06,9.20954608e-06,0.00873853546,3.56790656e-06,6.62656134e-07,4.97898372e-06,0,5.97800208e-05,2.34623894e-06,0.00873768516
1.60200545e-06,9.20969342e-06,0.00873853453,3.56809005e-06,6.62611114e-07,4.97899191e-06,0,5.97800208e-05,2.34644585e-06,0.00873768516
1.60290278e-06,9.23128209e-06,0.0087385131,3.56868441e-06,6.83582755e-07,4.9790151e-06,0,5.97800281e-05,2.34662912e-06,0.00873768516
1.60380591e-06,9.24122014e-06,0.00873850286,3.56844703e-06,6.93734023e-07,4.9790392e-06,0,5.97800281e-05,2.34679919e-06,0.00873768516
1.60470177e-06,9.22511572e-06,0.00873851869,3.56826195e-06,6.77813262e-07,4.97904057e-06,0,5.97800281e-05,2.34699428e-06,0.00873768516
1.60560387e-06,9.21006904e-06,0.00873853359,3.5681569e-06,6.62868274e-07,4.97904375e-06,0,5.97800281e-05,2.34718095e-06,0.00873768516
1.60650029e-06,9.20821185e-06,0.00873853546,3.567367e-06,6.6177887e-07,4.97906603e-06,0,5.9780039e-05,2.34735967e-06,0.00873768516
1.60740331e-06,9.22510753e-06,0.00873851869,3.56803253e-06,6.77976175e-07,4.97909878e-06,0,5.9780039e-05,2.34756408e-06,0.00873768516
1.60830064e-06,9.2413211e-06,0.00873850193,3.56776286e-06,6.94442406e-07,4.97911606e-06,0,5.9780039e-05,2.34774348e-06,0.00873768516
1.60920297e-06,9.233946e-06,0.00873850938,3.56779128e-06,6.86996088e-07,4.9791588e-06,0,5.9780039e-05,2.3479256e-06,0.00873768516
1.61010519e-06,9.20908315e-06,0.00873853359,3.56816736e-06,6.61751642e-07,4.9791638e-06,0,5.9780039e-05,2.34809886e-06,0.00873768516
1.61100081e-06,9.20181901e-06,0.00873854104,3.56827786e-06,6.54351481e-07,4.97919018e-06,0,5.9780039e-05,2.34830418e-06,0.00873768516
1.61190303e-06,9.22568688e-06,0.00873851683,3.56836358e-06,6.78124763e-07,4.97919837e-06,0,5.9780039e-05,2.34849244e-06,0.00873768516
1.61280525e-06,9.24057076e-06,0.00873850193,3.56846863e-06,6.9287762e-07,4.9792252e-06,0,5.9780039e-05,2.34867343e-06,0.00873768516
1.61370087e-06,9.23332755e-06,0.00873850845,3.56828855e-06,6.85807038e-07,4.97923202e-06,0,5.9780039e-05,2.34884806e-06,0.00873768516
1.61460321e-06,9.21535593e-06,0.00873852707,3.56778446e-06,6.6833087e-07,4.97924066e-06,0,5.9780039e-05,2.34903496e-06,0.00873768516
1.61550497e-06,9.20188904e-06,0.00873854011,3.56722535e-06,6.5540263e-07,4.97926067e-06,0,5.9780039e-05,2.34923459e-06,0.00873768516
1.61640116e-06,9.21756691e-06,0.00873852428,3.56781834e-06,6.70474208e-07,4.97927385e-06,0,5.9780039e-05,2.34942308e-06,0.00873768516
1.61730475e-06,9.23848165e-06,0.00873850286,3.56809687e-06,6.91096204e-07,4.97928841e-06,0,5.9780039e-05,2.34961726e-06,0.00873768516
1.61820105e-06,9.23746029e-06,0.00873850379,3.56859778e-06,6.89565184e-07,4.97929705e-06,0,5.9780039e-05,2.34978052e-06,0.00873768516
1.61910327e-06,9.21635547e-06,0.00873852521,3.56824694e-06,6.68792495e-07,4.97931569e-06,0,5.9780039e-05,2.34993945e-06,0.00873768516
1.62000003e-06,9.20118418e-06,0.00873854011,3.56831129e-06,6.53520658e-07,4.97935207e-06,0,5.9780039e-05,2.35014431e-06,0.00873768516
1.62090305e-06,9.21685842e-06,0.00873852428,3.56783971e-06,6.69607346e-07,4.97941119e-06,0,5.9780039e-05,2.3503535e-06,0.00873768516
1.62180527e-06,9.23721109e-06,0.00873850379,3.56817486e-06,6.8959821e-07,4.97943802e-06,0,5.9780039e-05,2.35053221e-06,0.00873768609
1.62270123e-06,9.23261632e-06,0.00873850752,3.56824103e-06,6.84923634e-07,4.97945211e-06,0,5.9780039e-05,2.3507173e-06,0.00873768609
1.62360323e-06,9.21535411e-06,0.00873852521,3.56803616e-06,6.67811776e-07,4.97950577e-06,0,5.9780039e-05,2.35091261e-06,0.00873768609
1.62450533e-06,9.21306219e-06,0.00873852707,3.56791338e-06,6.65604432e-07,4.97954443e-06,0,5.9780039e-05,2.35108496e-06,0.00873768609
1.62540346e-06,9.21307583e-06,0.00873852707,3.56758596e-06,6.65917241e-07,4.97957262e-06,0,5.9780039e-05,2.35124071e-06,0.00873768609
1.62630647e-06,9.23144034e-06,0.00873850845,3.56800706e-06,6.83853614e-07,4.9795799e-06,0,5.9780039e-05,2.35140737e-06,0.00873768609
1.62720255e-06,9.23358039e-06,0.00873850565,3.56799819e-06,6.85987175e-07,4.97959491e-06,0,5.97800499e-05,2.35155903e-06,0.00873768609
1.62810534e-06,9.21686842e-06,0.00873852242,3.56836449e-06,6.6890459e-07,4.97959945e-06,0,5.97800499e-05,2.35171319e-06,0.00873768609
1.62900164e-06,9.20517687e-06,0.00873853359,3.56794453e-06,6.57624923e-07,4.97960718e-06,0,5.97800499e-05,2.35189259e-06,0.00873768609
1.62990409e-06,9.22346044e-06,0.0087385159,3.56867054e-06,6.75178399e-07,4.97961173e-06,0,5.97800499e-05,2.3520663e-06,0.00873768609
1.63080006e-06,9.23594234e-06,0.00873850286,3.56816349e-06,6.8809959e-07,4.97967858e-06,0,5.97800499e-05,2.3522191e-06,0.00873768609
1.63170296e-06,9.22252912e-06,0.0087385159,3.56797204e-06,6.7486377e-07,4.97969359e-06,0,5.97800499e-05,2.35237576e-06,0.00873768609
1.63260052e-06,9.20947696e-06,0.00873852894,3.56770215e-06,6.62067691e-07,4.97970677e-06,0,5.97800499e-05,2.35257039e-06,0.00873768609
1.63350285e-06,9.21282481e-06,0.00873852521,3.56696637e-06,6.66141489e-07,4.97971678e-06,0,5.97800499e-05,2.35274638e-06,0.00873768609
1.63440529e-06,9.22664185e-06,0.00873851124,3.56830787e-06,6.78583774e-07,4.97975043e-06,0,5.97800499e-05,2.35290327e-06,0.00873768609
1.63530194e-06,9.23176503e-06,0.00873850659,3.56818532e-06,6.83785629e-07,4.97979454e-06,0,5.97800499e-05,2.35308676e-06,0.00873768609
1.63620382e-06,9.22583604e-06,0.00873851217,3.56766509e-06,6.78357992e-07,4.97981273e-06,0,5.97800499e-05,2.35326593e-06,0.00873768609
1.63710047e-06,9.20804905e-06,0.00873852987,3.56777514e-06,6.60423382e-07,4.97985047e-06,0,5.97800499e-05,2.35342395e-06,0.00873768609
1.6380036e-06,9.20759067e-06,0.00873852987,3.56735609e-06,6.60350452e-07,4.97988412e-06,0,5.97800572e-05,2.35360721e-06,0.00873768609
1.63890047e-06,9.22483196e-06,0.00873851217,3.56789656e-06,6.77029448e-07,4.97990641e-06,0,5.97800572e-05,2.35379139e-06,0.00873768609
1.63980246e-06,9.23841708e-06,0.00873849913,3.56787768e-06,6.90625029e-07,4.97991414e-06,0,5.97801154e-05,2.35394873e-06,0.00873768609
1.64070468e-06,9.22622439e-06,0.00873851124,3.56808573e-06,6.78208266e-07,4.97993051e-06,0,5.97801154e-05,2.35411449e-06,0.00873768609
1.64159997e-06,9.20775165e-06,0.00873852894,3.56812279e-06,6.59686123e-07,4.97994233e-06,0,5.97801154e-05,2.35426296e-06,0.00873768609
1.64250253e-06,9.20676575e-06,0.00873852987,3.56765895e-06,6.59163163e-07,4.9799437e-06,0,5.97801154e-05,2.35442258e-06,0.00873768609
1.64340611e-06,9.2161099e-06,0.00873852056,3.5674293e-06,6.68717291e-07,4.97996371e-06,0,5.97801154e-05,2.35457992e-06,0.00873768609
1.64430116e-06,9.23701555e-06,0.00873849913,3.56726241e-06,6.89773003e-07,4.97998053e-06,0,5.97801154e-05,2.35472885e-06,0.00873768609
1.64520361e-06,9.23806329e-06,0.0087384982,3.56796909e-06,6.90083937e-07,4.98001009e-06,0,5.97801154e-05,2.35487369e-06,0.00873768609
1.64610049e-06,9.21089941e-06,0.00873852521,3.56685177e-06,6.64017023e-07,4.98003055e-06,0,5.97801154e-05,2.35504467e-06,0.00873768609
1.64700396e-06,9.19737977e-06,0.00873853825,3.5675564e-06,6.49777974e-07,4.98004556e-06,0,5.97801154e-05,2.35522202e-06,0.00873768609
1.64790072e-06,9.20842194e-06,0.00873852707,3.56740679e-06,6.60958392e-07,4.98005738e-06,0,5.97801154e-05,2.35540028e-06,0.00873768609
1.64880294e-06,9.24085361e-06,0.00873849448,3.56807004e-06,6.92715162e-07,4.9800683e-06,0,5.97801263e-05,2.35557582e-06,0.00873768609
1.64970049e-06,9.24244159e-06,0.00873849262,3.56805958e-06,6.94287053e-07,4.98009558e-06,0,5.97801263e-05,2.35572679e-06,0.00873768609
1.65060533e-06,9.21430546e-06,0.00873852056,3.56783789e-06,6.66353571e-07,4.98011423e-06,0,5.97801954e-05,2.35592142e-06,0.00873768609
1.65150141e-06,9.19403828e-06,0.00873854104,3.56749115e-06,6.46411479e-07,4.98013605e-06,0,5.97801954e-05,2.35608013e-06,0.00873768609
1.65240431e-06,9.20790626e-06,0.00873852707,3.56777764e-06,6.59985801e-07,4.98014333e-06,0,5.97801954e-05,2.35624429e-06,0.00873768609
1.65330164e-06,9.2362834e-06,0.0087384982,3.56731107e-06,6.88815589e-07,4.98015652e-06,0,5.97801954e-05,2.35640482e-06,0.00873768609
1.6542001e-06,9.23945663e-06,0.00873849541,3.56782584e-06,6.91472337e-07,4.98015834e-06,0,5.97801954e-05,2.35654625e-06,0.00873768609
1.6551046e-06,9.21884293e-06,0.0087385159,3.56751957e-06,6.71158546e-07,4.9801647e-06,0,5.97801954e-05,2.35668858e-06,0.00873768609
1.65600284e-06,9.20177627e-06,0.00873853266,3.56745477e-06,6.54146334e-07,4.98017562e-06,0,5.97801954e-05,2.35684047e-06,0.00873768609
1.65690551e-06,9.20645562e-06,0.00873852801,3.56746568e-06,6.58803856e-07,4.98018608e-06,0,5.97801954e-05,2.35699827e-06,0.00873768609
1.6578017e-06,9.22485742e-06,0.00873850938,3.5679725e-06,6.76690888e-07,4.98019426e-06,0,5.97801954e-05,2.35715129e-06,0.00873768609
1.65870529e-06,9.23486004e-06,0.00873849913,3.5675796e-06,6.87081297e-07,4.98019972e-06,0,5.97801954e-05,2.35729408e-06,0.00873768609
1.65960273e-06,9.22817799e-06,0.00873850565,3.56749842e-06,6.80479786e-07,4.98019972e-06,0,5.97801954e-05,2.35743323e-06,0.00873768609
1.6605054e-06,9.20803996e-06,0.00873852521,3.56705641e-06,6.60776891e-07,4.980207e-06,0,5.97801954e-05,2.35758216e-06,0.00873768609
1.66140103e-06,9.20383263e-06,0.00873852987,3.56727537e-06,6.56344582e-07,4.98021291e-06,0,5.97801954e-05,2.35775951e-06,0.00873768609
1.6623037e-06,9.21627998e-06,0.00873851683,3.56723262e-06,6.68816256e-07,4.9802311e-06,0,5.97801954e-05,2.35792504e-06,0.00873768609
1.66320638e-06,9.2338496e-06,0.00873849913,3.56767237e-06,6.85936243e-07,4.98024065e-06,0,5.97801954e-05,2.35808102e-06,0.00873768609
1.6641028e-06,9.22949766e-06,0.00873850379,3.56743431e-06,6.81817596e-07,4.98024565e-06,0,5.97801954e-05,2.35823313e-06,0.00873768609
1.66500126e-06,9.20996172e-06,0.00873852335,3.56746568e-06,6.6224635e-07,4.98024929e-06,0,5.97801954e-05,2.3583973e-06,0.00873768609
1.66590462e-06,9.20554794e-06,0.00873852707,3.56684518e-06,6.58448414e-07,4.98025429e-06,0,5.97801954e-05,2.35856692e-06,0.00873768609
1.66680172e-06,9.21669016e-06,0.0087385159,3.56734972e-06,6.69083477e-07,4.98025747e-06,0,5.97801954e-05,2.35873586e-06,0.00873768609
1.6677061e-06,9.22941126e-06,0.00873850286,3.56762962e-06,6.81520135e-07,4.98026156e-06,0,5.97801954e-05,2.35892594e-06,0.00873768609
1.66860389e-06,9.22875915e-06,0.00873850379,3.56700548e-06,6.81489382e-07,4.98026429e-06,0,5.97801954e-05,2.35908419e-06,0.00873768609
1.66950622e-06,9.20995444e-06,0.00873852242,3.56712962e-06,6.62557397e-07,4.98026748e-06,0,5.97801954e-05,2.35923426e-06,0.00873768609
1.67040332e-06,9.20326602e-06,0.00873852894,3.5671253e-06,6.55868973e-07,4.98027202e-06,0,5.97801954e-05,2.35939069e-06,0.00873768609
1.67130599e-06,9.2223072e-06,0.00873850938,3.5675846e-06,6.74445175e-07,4.98027748e-06,0,5.97801954e-05,2.35954712e-06,0.00873768609
1.67220185e-06,9.23449534e-06,0.00873849727,3.56707687e-06,6.8712734e-07,4.98029112e-06,0,5.97801954e-05,2.35969264e-06,0.00873768609
1.67310475e-06,9.22007621e-06,0.00873851124,3.56721307e-06,6.7256957e-07,4.98029385e-06,0,5.97801954e-05,2.35983043e-06,0.00873768609
1.67400106e-06,9.20259117e-06,0.00873852894,3.5671078e-06,6.55181907e-07,4.98030158e-06,0,5.97801954e-05,2.35996868e-06,0.00873768609
1.67490384e-06,9.20718776e-06,0.00873852428,3.56694272e-06,6.59930265e-07,4.98031477e-06,0,5.97801954e-05,2.36013216e-06,0.00873768609
1.67580106e-06,9.22880645e-06,0.00873850193,3.5673288e-06,6.81154859e-07,4.98032296e-06,0,5.97801954e-05,2.3602895e-06,0.00873768609
1.6767043e-06,9.2355358e-06,0.00873849541,3.56762303e-06,6.87583622e-07,4.98032932e-06,0,5.97801954e-05,2.36044048e-06,0.00873768609
1.67760027e-06,9.2130449e-06,0.00873851776,3.567249e-06,6.65433447e-07,4.98036297e-06,0,5.97801954e-05,2.36056485e-06,0.00873768609
1.67850271e-06,9.20134153e-06,0.00873852894,3.56702753e-06,6.5393067e-07,4.98038298e-06,0,5.97801954e-05,2.36072174e-06,0.00873768609
1.67940038e-06,9.20868843e-06,0.00873852149,3.5667847e-06,6.61507215e-07,4.98039662e-06,0,5.97801991e-05,2.36089068e-06,0.00873768609
1.68030431e-06,9.22746949e-06,0.00873850286,3.56723217e-06,6.79832169e-07,4.98040481e-06,0,5.97801991e-05,2.36104552e-06,0.00873768609
1.68120073e-06,9.23415428e-06,0.00873849634,3.56686201e-06,6.86878593e-07,4.98041391e-06,0,5.97801991e-05,2.36118558e-06,0.00873768609
1.6821034e-06,9.22057643e-06,0.00873850938,3.56734495e-06,6.72804049e-07,4.98042709e-06,0,5.97801991e-05,2.36130722e-06,0.00873768609
1.68300573e-06,9.19897138e-06,0.0087385308,3.56691498e-06,6.5162078e-07,4.98043573e-06,0,5.97801991e-05,2.36145593e-06,0.00873768609
1.68390136e-06,9.20227194e-06,0.00873852707,3.56701366e-06,6.54812652e-07,4.98044574e-06,0,5.97801991e-05,2.36161463e-06,0.00873768609
1.68480381e-06,9.22637355e-06,0.00873850286,3.5672083e-06,6.78700246e-07,4.98046484e-06,0,5.97801991e-05,2.36174424e-06,0.00873768609
1.68570602e-06,9.23870539e-06,0.00873849075,3.56766668e-06,6.90549996e-07,4.98048848e-06,0,5.97801991e-05,2.36185997e-06,0.00873768609
1.68660165e-06,9.22173513e-06,0.00873850752,3.56759369e-06,6.73647605e-07,4.98049394e-06,0,5.97801991e-05,2.36199025e-06,0.00873768609
1.68750444e-06,9.19990453e-06,0.00873852894,3.56750274e-06,6.518909e-07,4.98051077e-06,0,5.97801991e-05,2.36213486e-06,0.00873768609
1.68840108e-06,9.200151e-06,0.00873852894,3.56740952e-06,6.52225992e-07,4.98051577e-06,0,5.97801991e-05,2.36227538e-06,0.00873768609
1.6893033e-06,9.22191703e-06,0.00873850752,3.56732676e-06,6.7406944e-07,4.98052123e-06,0,5.97802245e-05,2.36242408e-06,0.00873768609
1.69020586e-06,9.23687912e-06,0.00873849168,3.56725332e-06,6.89085653e-07,4.98054033e-06,0,5.97802245e-05,2.36257188e-06,0.00873768609
1.69110024e-06,9.22705021e-06,0.00873850193,3.56675423e-06,6.79747188e-07,4.98054897e-06,0,5.97802245e-05,2.36270762e-06,0.00873768609
1.69200257e-06,9.20236744e-06,0.00873852614,3.56704732e-06,6.54743303e-07,4.98057716e-06,0,5.97802245e-05,2.36283199e-06,0.00873768609
1.69290479e-06,9.19640297e-06,0.00873853173,3.56691453e-06,6.48910543e-07,4.98057807e-06,0,5.97802245e-05,2.36299661e-06,0.00873768609
1.69380098e-06,9.22085655e-06,0.00873850752,3.56744317e-06,6.72803594e-07,4.98060945e-06,0,5.97802245e-05,2.36314736e-06,0.00873768609
1.694704e-06,9.23449625e-06,0.00873849355,3.56778582e-06,6.86085343e-07,4.98062491e-06,0,5.97802245e-05,2.36327833e-06,0.00873768609
1.69560587e-06,9.22522577e-06,0.00873850286,3.56809687e-06,6.7649836e-07,4.98063037e-06,0,5.97802245e-05,2.36344067e-06,0.00873768609
1.69650161e-06,9.20803177e-06,0.00873851962,3.56711462e-06,6.60279397e-07,4.9806381e-06,0,5.97802245e-05,2.3635896e-06,0.00873768609
1.69740406e-06,9.20038656e-06,0.00873852707,3.56679971e-06,6.52942902e-07,4.98064446e-06,0,5.97802245e-05,2.36375377e-06,0.00873768609
1.69830628e-06,9.21317405e-06,0.00873851404,3.56727628e-06,6.65236541e-07,4.98066083e-06,0,5.97802245e-05,2.36393271e-06,0.00873768609
1.69920258e-06,9.23258176e-06,0.00873849448,3.56722285e-06,6.84687791e-07,4.98067175e-06,0,5.97802245e-05,2.36409619e-06,0.00873768609
1.7001056e-06,9.22786421e-06,0.00873849913,3.56755004e-06,6.79622872e-07,4.98069085e-06,0,5.97802245e-05,2.36422716e-06,0.00873768609
1.70100213e-06,9.20592265e-06,0.00873852149,3.56694477e-06,6.58271688e-07,4.98070631e-06,0,5.97802245e-05,2.36441815e-06,0.00873768609
1.70190492e-06,9.20407638e-06,0.00873852242,3.56735109e-06,6.56005284e-07,4.98072041e-06,0,5.97802245e-05,2.36460573e-06,0.00873768609
1.70280066e-06,9.21708306e-06,0.00873850938,3.567774e-06,6.68573648e-07,4.98073587e-06,0,5.97802245e-05,2.36472715e-06,0.00873768609
1.70370299e-06,9.22474555e-06,0.00873850193,3.56765145e-06,6.7634835e-07,4.98074587e-06,0,5.97802245e-05,2.3648754e-06,0.00873768609
1.70460521e-06,9.22124127e-06,0.00873850472,3.5673761e-06,6.73098953e-07,4.98076588e-06,0,5.97802245e-05,2.3650523e-06,0.00873768609
1.70550175e-06,9.21442825e-06,0.00873851217,3.5675032e-06,6.6614183e-07,4.98078316e-06,0,5.97802245e-05,2.36519622e-06,0.00873768609
1.70640408e-06,9.20739967e-06,0.00873851869,3.56709006e-06,6.59489899e-07,4.98081909e-06,0,5.97802245e-05,2.36532355e-06,0.00873768609
1.70730004e-06,9.21118044e-06,0.00873851497,3.56742612e-06,6.62926084e-07,4.98082863e-06,0,5.97802245e-05,2.36545816e-06,0.00873768609
1.70820238e-06,9.22173876e-06,0.00873850379,3.56693818e-06,6.73961608e-07,4.98083909e-06,0,5.97802245e-05,2.36560481e-06,0.00873768609
1.70910505e-06,9.22790605e-06,0.0087384982,3.56779492e-06,6.792676e-07,4.98084364e-06,0,5.97802245e-05,2.36573578e-06,0.00873768702
1.71000102e-06,9.20949878e-06,0.0087385159,3.56697205e-06,6.61674676e-07,4.98085183e-06,0,5.97802245e-05,2.36585197e-06,0.00873768702
1.71090358e-06,9.20374441e-06,0.00873852149,3.56766145e-06,6.55221868e-07,4.98086092e-06,0,5.97802245e-05,2.36598976e-06,0.00873768702
1.71180022e-06,9.21701121e-06,0.00873850845,3.5672399e-06,6.68896405e-07,4.98087456e-06,0,5.97802245e-05,2.36611731e-06,0.00873768702
1.71270324e-06,9.22498839e-06,0.00873850007,3.56773489e-06,6.76377397e-07,4.98087638e-06,0,5.97802245e-05,2.36622736e-06,0.00873768702
1.7136058e-06,9.2185428e-06,0.00873850659,3.56743021e-06,6.70232112e-07,4.98088093e-06,0,5.97802245e-05,2.36634128e-06,0.00873768702
1.71450233e-06,9.20987895e-06,0.00873851497,3.56753549e-06,6.61454123e-07,4.98088957e-06,0,5.97802245e-05,2.3664677e-06,0.00873768702
1.71540512e-06,9.21016454e-06,0.00873851497,3.56743408e-06,6.6183668e-07,4.98089366e-06,0,5.97802245e-05,2.36658616e-06,0.00873768702
1.71630131e-06,9.21530136e-06,0.00873850938,3.56728879e-06,6.67102995e-07,4.98090958e-06,0,5.97802245e-05,2.36670985e-06,0.00873768702
1.71720387e-06,9.21922492e-06,0.00873850565,3.56749661e-06,6.70771442e-07,4.98095642e-06,0,5.97802245e-05,2.36683491e-06,0.00873768702
1.71810609e-06,9.22242725e-06,0.00873850193,3.56763212e-06,6.73832346e-07,4.98096233e-06,0,5.97802245e-05,2.3669395e-06,0.00873768702
1.71900194e-06,9.21350602e-06,0.00873851124,3.56715486e-06,6.65387347e-07,4.98096324e-06,0,5.97802245e-05,2.36706251e-06,0.00873768702
1.7199045e-06,9.20634557e-06,0.00873851776,3.56703549e-06,6.58343311e-07,4.98096688e-06,0,5.97802245e-05,2.36719893e-06,0.00873768702
1.72080058e-06,9.21202354e-06,0.00873851217,3.56705732e-06,6.63999174e-07,4.98096688e-06,0,5.97802245e-05,2.36732126e-06,0.00873768702
1.72170314e-06,9.22112031e-06,0.00873850286,3.56782334e-06,6.72320425e-07,4.98097643e-06,0,5.97802537e-05,2.36742676e-06,0.00873768702
1.7226065e-06,9.22281379e-06,0.008738501,3.56816258e-06,6.73671877e-07,4.98097961e-06,0,5.97802682e-05,2.36758024e-06,0.00873768702
1.72350371e-06,9.21560604e-06,0.00873850845,3.56793453e-06,6.66686901e-07,4.98098461e-06,0,5.97802755e-05,2.36771848e-06,0.00873768702
1.72440025e-06,9.20539242e-06,0.00873851869,3.56757528e-06,6.56828888e-07,4.98098871e-06,0,5.97802828e-05,2.36784012e-06,0.00873768702
1.72530292e-06,9.20561888e-06,0.00873851776,3.56713167e-06,6.57493672e-07,4.98099325e-06,0,5.97802937e-05,2.36795699e-06,0.00873768702
1.72620639e-06,9.22111121e-06,0.00873850193,3.5669625e-06,6.73142836e-07,4.98100599e-06,0,5.97803009e-05,2.36810092e-06,0.00873768702
1.72710202e-06,9.22965319e-06,0.00873849355,3.56678379e-06,6.81848178e-07,4.98102145e-06,0,5.97803009e-05,2.36823439e-06,0.00873768702
1.72800424e-06,9.21628089e-06,0.00873850659,3.56739429e-06,6.67853385e-07,4.98103327e-06,0,5.97803009e-05,2.36835149e-06,0.00873768702
1.72890043e-06,9.20008461e-06,0.00873852335,3.56739042e-06,6.51659434e-07,4.98103464e-06,0,5.97803009e-05,2.36848223e-06,0.00873768702
1.72980288e-06,9.20287857e-06,0.00873851962,3.56728265e-06,6.54552593e-07,4.98104328e-06,0,5.97803009e-05,2.36862888e-06,0.00873768702
1.73070566e-06,9.22320669e-06,0.00873849913,3.56717032e-06,6.74989451e-07,4.98104737e-06,0,5.97803009e-05,2.36875508e-06,0.00873768702
1.73160208e-06,9.23285734e-06,0.00873848982,3.56778423e-06,6.84022439e-07,4.98105101e-06,0,5.97803009e-05,2.36886831e-06,0.00873768702
1.73250453e-06,9.21780156e-06,0.00873850472,3.56793839e-06,6.68807729e-07,4.98105555e-06,0,5.97803009e-05,2.36897313e-06,0.00873768702
1.73340015e-06,9.19614558e-06,0.00873852614,3.56740316e-06,6.47685397e-07,4.98105692e-06,0,5.97803009e-05,2.36909068e-06,0.00873768702
1.73430396e-06,9.20095317e-06,0.00873852149,3.56731698e-06,6.52574954e-07,4.98106101e-06,0,5.97803009e-05,2.36921392e-06,0.00873768702
1.73520232e-06,9.22317213e-06,0.00873849913,3.56788223e-06,6.74223827e-07,4.98106556e-06,0,5.97803009e-05,2.3693417e-06,0.00873768702
1.73610522e-06,9.23241259e-06,0.00873848982,3.56733699e-06,6.84006011e-07,4.98106965e-06,0,5.97803009e-05,2.36945789e-06,0.00873768702
1.73700153e-06,9.22214349e-06,0.00873850007,3.56733403e-06,6.73738157e-07,4.98107102e-06,0,5.97803119e-05,2.36957362e-06,0.00873768702
1.73790477e-06,9.1974216e-06,0.00873852428,3.5664998e-06,6.49846697e-07,4.98107511e-06,0,5.97803119e-05,2.36969527e-06,0.00873768702
1.73880085e-06,9.19602826e-06,0.00873852521,3.56692021e-06,6.48026344e-07,4.98108147e-06,0,5.97803119e-05,2.36983237e-06,0.00873768702
1.73970329e-06,9.21858191e-06,0.00873850286,3.56764713e-06,6.69846031e-07,4.98108875e-06,0,5.97803119e-05,2.36995788e-06,0.00873768702
1.74060631e-06,9.23378775e-06,0.00873848796,3.56760961e-06,6.85084785e-07,4.9810933e-06,0,5.97803119e-05,2.37006998e-06,0.00873768702
1.74150205e-06,9.22461186e-06,0.00873849634,3.56793362e-06,6.75578292e-07,4.98110012e-06,0,5.97803119e-05,2.37017025e-06,0.00873768702
1.74240427e-06,9.20182083e-06,0.00873851962,3.567465e-06,6.53248208e-07,4.98110785e-06,0,5.97803119e-05,2.37029599e-06,0.00873768702
1.74330103e-06,9.19427293e-06,0.00873852707,3.56648843e-06,6.46674778e-07,4.98111012e-06,0,5.97803264e-05,2.37043719e-06,0.00873768702
1.74420359e-06,9.21140236e-06,0.00873850938,3.56713349e-06,6.63148796e-07,4.98112013e-06,0,5.978033e-05,2.37056202e-06,0.00873768702
1.74510649e-06,9.2319824e-06,0.00873848889,3.56720466e-06,6.83643179e-07,4.98113423e-06,0,5.97806102e-05,2.37067798e-06,0.00873768702
1.74600279e-06,9.23052175e-06,0.00873849075,3.5675273e-06,6.81849599e-07,4.98114468e-06,0,5.97806102e-05,2.37078825e-06,0.00873768702
1.74690615e-06,9.20634739e-06,0.00873851497,3.56738906e-06,6.57796988e-07,4.98116151e-06,0,5.97806247e-05,2.37090353e-06,0.00873768702
1.74780359e-06,9.19008835e-06,0.0087385308,3.56666396e-06,6.42260488e-07,4.98116378e-06,0,5.97806247e-05,2.37103677e-06,0.00873768702
1.74870058e-06,9.20692128e-06,0.00873851404,3.56725059e-06,6.58496901e-07,4.98117333e-06,0,5.97806247e-05,2.37116342e-06,0.00873768702
1.74960485e-06,9.23583775e-06,0.00873848423,3.5676951e-06,6.869613e-07,4.98118106e-06,0,5.97806247e-05,2.37127028e-06,0.00873768702
1.7505015e-06,9.22734034e-06,0.00873849355,3.56756141e-06,6.78592073e-07,4.98118652e-06,0,5.97806247e-05,2.37136169e-06,0.00873768702
1.75140519e-06,9.20475486e-06,0.0087385159,3.56708324e-06,6.56461566e-07,4.98121017e-06,0,5.97806247e-05,2.37149175e-06,0.00873768702
1.75230298e-06,9.19313061e-06,0.00873852707,3.56686542e-06,6.45051671e-07,4.98121335e-06,0,5.97806247e-05,2.37161817e-06,0.00873768702
1.75320019e-06,9.21076025e-06,0.00873850938,3.56657483e-06,6.62970024e-07,4.98121472e-06,0,5.97806247e-05,2.37172571e-06,0.00873768702
1.75410287e-06,9.23157677e-06,0.00873848796,3.56720057e-06,6.83153246e-07,4.98122336e-06,0,5.97806247e-05,2.37184963e-06,0.00873768702
1.75500611e-06,9.2219816e-06,0.0087384982,3.56674332e-06,6.73997988e-07,4.98124064e-06,0,5.97806247e-05,2.37196582e-06,0.00873768702
1.75590219e-06,9.2030923e-06,0.00873851683,3.5664666e-06,6.5537813e-07,4.98124791e-06,0,5.97806247e-05,2.37207951e-06,0.00873768702
1.75680441e-06,9.20050479e-06,0.00873851869,3.56706528e-06,6.52190749e-07,4.98124882e-06,0,5.97806247e-05,2.37220365e-06,0.00873768702
1.75770003e-06,9.21494939e-06,0.00873850472,3.56783971e-06,6.65859886e-07,4.98125019e-06,0,5.97806247e-05,2.37232189e-06,0.00873768702
1.75860305e-06,9.22537129e-06,0.00873849355,3.56763007e-06,6.76483296e-07,4.98125746e-06,0,5.97806247e-05,2.37243057e-06,0.00873768702
1.75950561e-06,9.21826904e-06,0.008738501,3.56718442e-06,6.69826136e-07,4.98125883e-06,0,5.97806247e-05,2.37254062e-06,0.00873768702
1.76040157e-06,9.20381171e-06,0.00873851497,3.56718647e-06,6.55364772e-07,4.98126064e-06,0,5.97806211e-05,2.37265067e-06,0.00873768702
1.76130459e-06,9.20244383e-06,0.00873851683,3.56679357e-06,6.54388543e-07,4.98126201e-06,0,5.97806211e-05,2.37277959e-06,0.00873768702
1.76220078e-06,9.21684205e-06,0.00873850193,3.56652299e-06,6.69056817e-07,4.98126201e-06,0,5.97806211e-05,2.37290851e-06,0.00873768702
1.76310311e-06,9.22469098e-06,0.00873849448,3.56699502e-06,6.76433331e-07,4.98126246e-06,0,5.97806211e-05,2.37300605e-06,0.00873768702
1.76400636e-06,9.21442188e-06,0.00873850472,3.56716623e-06,6.6599307e-07,4.98126292e-06,0,5.97806211e-05,2.37311792e-06,0.00873768702
1.76490266e-06,9.20463026e-06,0.00873851404,3.56743249e-06,6.55935082e-07,4.98126292e-06,0,5.97806211e-05,2.37325753e-06,0.00873768702
1.765805e-06,9.2032742e-06,0.00873851497,3.56673354e-06,6.55271322e-07,4.98126883e-06,0,5.97806211e-05,2.37338145e-06,0.00873768702
1.76670073e-06,9.21429546e-06,0.00873850379,3.56722785e-06,6.65798439e-07,4.98126929e-06,0,5.97806211e-05,2.37348013e-06,0.00873768702
1.76760375e-06,9.22563686e-06,0.00873849262,3.56791816e-06,6.76445154e-07,4.98127383e-06,0,5.97806211e-05,2.37358722e-06,0.00873768702
1.76850642e-06,9.21939773e-06,0.00873849913,3.56763212e-06,6.70491772e-07,4.98127383e-06,0,5.97806211e-05,2.37369568e-06,0.00873768702
1.76940227e-06,9.2038199e-06,0.00873851404,3.56734199e-06,6.55195493e-07,4.98128202e-06,0,5.97806211e-05,2.37379595e-06,0.00873768702
1.77030529e-06,9.19606737e-06,0.00873852149,3.56690498e-06,6.47858656e-07,4.98130339e-06,0,5.97806211e-05,2.3739226e-06,0.00873768702
1.77120125e-06,9.21229912e-06,0.00873850565,3.56663236e-06,6.64361778e-07,4.98130521e-06,0,5.97806211e-05,2.3740547e-06,0.00873768702
1.77210359e-06,9.23287462e-06,0.00873848516,3.56674195e-06,6.84794713e-07,4.98133795e-06,0,5.97806211e-05,2.37415566e-06,0.00873768702
1.77300603e-06,9.22146137e-06,0.00873849634,3.5669143e-06,6.73207865e-07,4.98133886e-06,0,5.97806211e-05,2.37425093e-06,0.00873768702
1.773902e-06,9.19820286e-06,0.00873851962,3.56667874e-06,6.50137508e-07,4.98138706e-06,0,5.97806211e-05,2.3743994e-06,0.00873768702
1.77480456e-06,9.19546619e-06,0.00873852149,3.56724195e-06,6.46828425e-07,4.9813957e-06,0,5.97806211e-05,2.3745331e-06,0.00873768702
1.77570087e-06,9.21246556e-06,0.00873850472,3.56762644e-06,6.63441767e-07,4.98139752e-06,0,5.97806211e-05,2.37463109e-06,0.00873768702
1.77660365e-06,9.23068455e-06,0.0087384861,3.56752889e-06,6.81755012e-07,4.98140071e-06,0,5.97806211e-05,2.37472796e-06,0.00873768702
1.77750564e-06,9.223093e-06,0.00873849355,3.56689111e-06,6.74795558e-07,4.98140662e-06,0,5.97806393e-05,2.37484983e-06,0.00873768702
1.7784015e-06,9.20266393e-06,0.00873851404,3.56695205e-06,6.54293444e-07,4.98141844e-06,0,5.97806393e-05,2.37495465e-06,0.00873768702
1.77930394e-06,9.19394734e-06,0.00873852242,3.5672042e-06,6.453173e-07,4.98142617e-06,0,5.97806393e-05,2.37506106e-06,0.00873768702
1.78020628e-06,9.20819002e-06,0.00873850845,3.56727378e-06,6.59487739e-07,4.9814289e-06,0,5.97806393e-05,2.37517861e-06,0.00873768702
1.78110281e-06,9.22850722e-06,0.00873848796,3.56689566e-06,6.80152084e-07,4.98145937e-06,0,5.97806393e-05,2.37528025e-06,0.00873768702
1.78200526e-06,9.22646359e-06,0.00873848982,3.56692271e-06,6.78060871e-07,4.98148029e-06,0,5.97806393e-05,2.37537142e-06,0.00873768702
1.78290145e-06,9.20543516e-06,0.00873851124,3.56658893e-06,6.57330929e-07,4.98151485e-06,0,5.97806393e-05,2.37546897e-06,0.00873768702
1.78380412e-06,9.19536251e-06,0.00873852056,3.56730311e-06,6.46533294e-07,4.98152576e-06,0,5.97806393e-05,2.37556719e-06,0.00873768702
1.78470077e-06,9.20590264e-06,0.00873851031,3.56714781e-06,6.57228952e-07,4.98152576e-06,0,5.97806393e-05,2.37566246e-06,0.00873768702
1.78560356e-06,9.22124218e-06,0.00873849448,3.56754435e-06,6.72145518e-07,4.98155259e-06,0,5.97806393e-05,2.37578001e-06,0.00873768702
1.78650578e-06,9.22617164e-06,0.00873848982,3.56695864e-06,6.77645801e-07,4.98156714e-06,0,5.97806393e-05,2.37587687e-06,0.00873768702
1.78740186e-06,9.21505489e-06,0.008738501,3.56691294e-06,6.66567075e-07,4.98157533e-06,0,5.97806393e-05,2.37595737e-06,0.00873768702
1.7883043e-06,9.19442937e-06,0.00873852149,3.5666103e-06,6.46241176e-07,4.98157806e-06,0,5.97807884e-05,2.37608106e-06,0.00873768702
1.78920016e-06,9.19973445e-06,0.0087385159,3.56694659e-06,6.51180642e-07,4.98160716e-06,0,5.97807884e-05,2.3762077e-06,0.00873768702
1.79010271e-06,9.22141226e-06,0.00873849448,3.56684791e-06,6.72951103e-07,4.98161353e-06,0,5.97807884e-05,2.37630525e-06,0.00873768702
1.79100505e-06,9.22502932e-06,0.00873849075,3.56673422e-06,6.76673096e-07,4.98162217e-06,0,5.97807884e-05,2.37640734e-06,0.00873768702
1.79190135e-06,9.21512765e-06,0.00873850007,3.56658506e-06,6.66918027e-07,4.98162444e-06,0,5.97807884e-05,2.37650943e-06,0.00873768702
1.7928038e-06,9.19809463e-06,0.00873851776,3.56687133e-06,6.49596245e-07,4.98162717e-06,0,5.97807884e-05,2.37661129e-06,0.00873768702
1.79370033e-06,9.20093407e-06,0.00873851404,3.56707733e-06,6.52221729e-07,4.9816349e-06,0,5.97807884e-05,2.37672089e-06,0.00873768702
1.79460346e-06,9.21774972e-06,0.00873849727,3.56696978e-06,6.69142423e-07,4.98163763e-06,0,5.97807884e-05,2.37680911e-06,0.00873768702
1.79550557e-06,9.2239643e-06,0.00873849075,3.56778105e-06,6.7453999e-07,4.98164354e-06,0,5.97807884e-05,2.37690028e-06,0.00873768702
1.79640176e-06,9.21391347e-06,0.008738501,3.56725468e-06,6.6500877e-07,4.98164991e-06,0,5.97807884e-05,2.37699305e-06,0.00873768702
1.79730444e-06,9.20084767e-06,0.00873851404,3.56723331e-06,6.51949108e-07,4.98166492e-06,0,5.97807884e-05,2.3770765e-06,0.00873768702
1.79820063e-06,9.20251659e-06,0.00873851217,3.56654641e-06,6.54297139e-07,4.9816731e-06,0,5.97807884e-05,2.37717836e-06,0.00873768702
1.79910307e-06,9.21655464e-06,0.0087384982,3.566852e-06,6.68017265e-07,4.98168538e-06,0,5.97807884e-05,2.37729455e-06,0.00873768702
1.79999995e-06,9.22191066e-06,0.00873849262,3.56683563e-06,6.73366856e-07,4.98170812e-06,0,5.97807884e-05,2.37739096e-06,0.00873768702
