time_s,RF1_N,RF2_N,RF3_N,RM3_Nmm,F_normal_N,F_tangential_N,F_tangential_from_torque_N,F_magnitude_N
0,0,0,0,0,-0,-0,-0,0
9.03363273e-10,4.93718362e-05,-7.83338146e-06,1.76501591e-09,-0.000245722389,-4.90190923e-05,9.80146245e-06,9.82889556e-06,4.99893997e-05
1.80602311e-09,9.03856126e-05,-1.43207017e-05,6.93993707e-09,-0.000449345767,-8.97406384e-05,1.79237071e-05,1.79738307e-05,9.15130674e-05
2.70212497e-09,0.000124705854,-1.97146055e-05,1.73530044e-08,-0.000618869031,-0.000123817728,2.468574e-05,2.47547613e-05,0.000126254568
3.60474495e-09,0.000153610599,-2.42161441e-05,2.66845497e-08,-0.000760610274,-0.00015251934,3.03395593e-05,3.04244109e-05,0.00015550768
4.50079574e-09,0.000177687893,-2.79207725e-05,4.49289068e-08,-0.000877550337,-0.000176429228,3.50040594e-05,3.51020135e-05,0.00017986817
5.40335643e-09,0.000195379689,-3.059558e-05,6.69759999e-08,-0.000962292601,-0.000193999909,3.83842105e-05,3.8491704e-05,0.000197760757
6.30600949e-09,0.000234309002,-3.71393144e-05,9.54666604e-08,-0.00116520375,-0.000232636403,4.64794679e-05,4.660815e-05,0.000237234159
7.20217841e-09,0.000281468034,-4.46101913e-05,1.30900048e-07,-0.00139961275,-0.000279458958,5.58302271e-05,5.59845101e-05,0.000284981298
8.10490608e-09,0.000334257871,-5.29830504e-05,1.56226932e-07,-0.00166225689,-0.000331871744,6.63074193e-05,6.64902758e-05,0.000338431016
9.00109409e-09,0.000394721079,-6.31447401e-05,7.16006241e-08,-0.00197736011,-0.000391880228,7.88788642e-05,7.90944044e-05,0.000399739907
9.90379156e-09,0.000460001378,-7.33998604e-05,9.17720797e-08,-0.00229967455,-0.000456698215,9.17362972e-05,9.19869822e-05,0.000465820583
1.08064393e-08,0.000531904225,-8.43871312e-05,2.00093524e-07,-0.002646985,-0.000528104173,0.000105590126,0.0001058794,0.000538556712
1.17024914e-08,0.000570218137,-8.9815745e-05,2.99025288e-07,-0.00282140053,-0.000566170351,0.000112546546,0.000112856021,0.00057724837
1.26050219e-08,0.000591019518,-9.2382259e-05,3.96459541e-07,-0.00290657301,-0.00058685246,0.00011594284,0.00011626292,0.000598196213
1.35009595e-08,0.00059549656,-9.23796324e-05,4.73540922e-07,-0.00291102729,-0.000591326026,0.000116119249,0.000116441092,0.000602619593
1.44033852e-08,0.00058648386,-9.03486289e-05,5.53465554e-07,-0.00285114418,-0.000582401754,0.000113729459,0.000114045767,0.000593402477
1.53057638e-08,0.00056725688,-8.68651186e-05,5.84806628e-07,-0.00274462905,-0.000563329457,0.000109479861,0.000109785162,0.000573869549
1.62019056e-08,0.000603688648,-9.56324075e-05,6.33949128e-07,-0.003000536,-0.000599381485,0.000119697019,0.00012002144,0.000611216772
1.71047905e-08,0.000669465051,-0.000106037463,7.2689852e-07,-0.00332707888,-0.000664689183,0.000132724106,0.000133083155,0.000677811129
1.80010922e-08,0.000748916878,-0.000118716409,6.86878479e-07,-0.00372427516,-0.000743570435,0.000148570136,0.000148971006,0.000758268124
1.89038847e-08,0.000820919289,-0.000132695684,2.40252433e-07,-0.00414640503,-0.000814956229,0.000165417558,0.000165856201,0.00083157482
1.98000603e-08,0.000927336921,-0.000148799634,3.71207648e-07,-0.00465646666,-0.000920644753,0.000185764196,0.000186258666,0.000939199252
2.07026876e-08,0.00102307263,-0.000162356373,7.3767859e-07,-0.00509207044,-0.00101576176,0.000203138499,0.000203682818,0.00103587535
2.16052118e-08,0.00105778431,-0.000165607329,1.00822558e-06,-0.00520841265,-0.00105031566,0.000207774951,0.000208336506,0.00107067009
2.25010908e-08,0.00106262101,-0.000164236437,1.21493269e-06,-0.00517903594,-0.00105520332,0.000206598572,0.000207161438,0.00107523881
2.34034232e-08,0.00104335602,-0.000159224321,1.43932232e-06,-0.00503428793,-0.00103615418,0.000200820071,0.000201371517,0.00105543652
2.43056739e-08,0.00100282754,-0.000151325003,1.60800926e-06,-0.00479588052,-0.000995974002,0.000191306365,0.000191835221,0.0010141819
2.52013201e-08,0.000946382293,-0.00014147324,1.64633298e-06,-0.00449258229,-0.000939967868,0.000179205274,0.000179703292,0.000956899594
2.61034394e-08,0.000966403168,-0.000152710505,1.63324137e-06,-0.00479355222,-0.000959523357,0.000191234172,0.000191742089,0.000978395752
2.70055445e-08,0.00105120055,-0.000166151396,1.77808829e-06,-0.0052151666,-0.00104371542,0.000208055303,0.000208606664,0.00106425187
2.79011338e-08,0.00114658521,-0.00018150617,1.79528399e-06,-0.00569530856,-0.00113840976,0.000227212163,0.000227812342,0.00116086406
2.880331e-08,0.00123043871,-0.000194744323,1.45064928e-06,-0.0061108931,-0.00122166679,0.000243792973,0.000244435724,0.00124575554
2.97055234e-08,0.0013826756,-0.000223531126,9.98407927e-07,-0.00698414072,-0.00137263075,0.000278644602,0.000279365629,0.00140062807
3.06012424e-08,0.00150308502,-0.000239146015,1.52972166e-06,-0.00749610271,-0.00149231942,0.000299062093,0.000299844109,0.00152199137
3.15035784e-08,0.00154686067,-0.000241427741,2.1046485e-06,-0.00759738637,-0.00153596881,0.000303092552,0.000303895455,0.00156558926
3.24060103e-08,0.00154027995,-0.000235839747,2.43070372e-06,-0.00745108677,-0.00152961681,0.00029724587,0.000298043471,0.00155823253
3.33020012e-08,0.00149840652,-0.000225443044,2.83961322e-06,-0.00714892801,-0.00148819264,0.000285182992,0.00028595712,0.00151527381
3.42046143e-08,0.00142741809,-0.000211229868,3.19794617e-06,-0.0067219534,-0.00141782936,0.000268142406,0.000268878136,0.00144296593
3.51007756e-08,0.00133604254,-0.000195012311,3.09537995e-06,-0.00622427138,-0.00132717543,0.000248283774,0.000248970855,0.00135020333
3.60036267e-08,0.00132881734,-0.000209762802,3.11024883e-06,-0.00658540661,-0.00131936615,0.000262733535,0.000263416264,0.00134527529
3.69000084e-08,0.00142874627,-0.000225586584,3.29121281e-06,-0.00708183227,-0.00141858237,0.000282540751,0.000283273291,0.00144644946
3.78028737e-08,0.00154920947,-0.000245204777,3.35420327e-06,-0.00769382948,-0.00153816469,0.000306960495,0.000307753179,0.0015684982
3.8705668e-08,0.00163679314,-0.000258894142,2.80038444e-06,-0.00812442601,-0.00162513087,0.000324141323,0.00032497704,0.00165714387
3.96018329e-08,0.00183006318,-0.000298436906,1.58309626e-06,-0.00930785201,-0.00181666503,0.000371381196,0.000372314081,0.00185423794
4.05044247e-08,0.00198798487,-0.000317102007,2.55498912e-06,-0.00993393641,-0.001973714,0.000396346551,0.000397357456,0.00201311799
4.14003338e-08,0.00204212428,-0.000317933038,3.65599522e-06,-0.0100094434,-0.00202777687,0.000399341916,0.000400377735,0.00206672842
4.23025881e-08,0.0020246678,-0.000307390466,4.25863027e-06,-0.00972835347,-0.00201075594,0.000388109704,0.000389134139,0.00204787371
4.32046754e-08,0.0019558419,-0.000289944059,4.86701174e-06,-0.00922280271,-0.00194268277,0.00036792495,0.000368912108,0.00197722249
4.41000871e-08,0.0018616193,-0.000270179851,5.21890479e-06,-0.00863364991,-0.00184932589,0.000344408652,0.000345345996,0.00188113019
4.50019293e-08,0.00173359911,-0.000247315707,5.19129753e-06,-0.00793285388,-0.00172232243,0.000316443356,0.000317314155,0.00175115902
4.59036649e-08,0.00168340176,-0.000265340175,4.95272798e-06,-0.00833227672,-0.00167144444,0.000332446047,0.000333291069,0.00170419231
4.68053187e-08,0.00180625811,-0.000284877751,5.15515785e-06,-0.00894464273,-0.00179342122,0.000356880939,0.000357785709,0.00182859243
4.77004924e-08,0.00193568959,-0.000305848429,5.23830704e-06,-0.00959945749,-0.00192191057,0.000383010721,0.0003839783,0.00195971041
4.86022991e-08,0.00206647324,-0.000327146263,5.43973601e-06,-0.0102638053,-0.00205173792,0.00040952147,0.000410552211,0.00209221556
4.95041839e-08,0.00226493063,-0.000372795505,2.57369948e-06,-0.0116049601,-0.00224821109,0.000463070376,0.000464198403,0.00229540713
5.04061255e-08,0.0024518664,-0.000393221038,3.78292134e-06,-0.0123043247,-0.00243418052,0.000490955008,0.000492172986,0.00248320074
5.1301658e-08,0.00253522187,-0.000394438335,5.09150868e-06,-0.012419018,-0.00251742063,0.000495504661,0.000496760719,0.00256572747
5.22038235e-08,0.00250978745,-0.000378391676,6.48927835e-06,-0.0119923465,-0.00249264825,0.000478453732,0.00047969386,0.00253815984
5.31058042e-08,0.0024222387,-0.000354556832,6.80130597e-06,-0.0113082668,-0.00240612268,0.000451136938,0.000452330671,0.00244805987
5.40011023e-08,0.002295885,-0.000327072048,7.9870224e-06,-0.0104937479,-0.00228096915,0.000418621338,0.000419749916,0.0023190791
5.49028023e-08,0.00213540858,-0.000297543185,7.55147539e-06,-0.00959364511,-0.00212180192,0.00038269875,0.000383745804,0.00215605166
5.58044029e-08,0.00202123681,-0.000318085949,7.61054798e-06,-0.00999125373,-0.00200689999,0.000398659429,0.000399650149,0.00204612679
5.67058471e-08,0.00216885074,-0.000341186562,8.18151511e-06,-0.0107176322,-0.00215347207,0.000427644546,0.00042870529,0.00219553837
5.76008361e-08,0.00232424191,-0.000366827851,7.57891075e-06,-0.0115153417,-0.00230771356,0.000459479315,0.000460613668,0.00235302371
5.85024793e-08,0.00249301549,-0.000394544302,7.47191962e-06,-0.0123784207,-0.00247524378,0.000493922738,0.000495136827,0.00252405374
5.94042042e-08,0.00267514447,-0.000444510137,3.02593776e-06,-0.0138108199,-0.00265522897,0.000551131822,0.000552432798,0.00271182528
6.03060073e-08,0.00290861819,-0.000469814811,4.87018588e-06,-0.0146790855,-0.00288750402,0.000585752714,0.000587163419,0.00294632134
6.12014119e-08,0.00302990316,-0.000471903681,7.09678761e-06,-0.0148538854,-0.00300860845,0.000592690018,0.000594155416,0.00306644038
6.21035525e-08,0.00300650648,-0.000451117579,8.75502246e-06,-0.0143108731,-0.0029860617,0.000570984926,0.000572434925,0.00304017515
6.30058778e-08,0.00290034572,-0.000419966964,9.64267292e-06,-0.0134252207,-0.00288123155,0.000535613929,0.000537008829,0.00293060924
6.39018296e-08,0.00274180924,-0.000383939041,1.06187181e-05,-0.0123647535,-0.00272426261,0.000493275057,0.000494590141,0.00276858083
6.48044889e-08,0.00254878704,-0.0003472112,1.09982393e-05,-0.0112519255,-0.00253286354,0.000448857765,0.00045007702,0.00257235145
6.57007462e-08,0.00233472418,-0.000367468689,1.03355969e-05,-0.0115413927,-0.00231816182,0.000460538818,0.000461655706,0.00236348832
6.66035831e-08,0.00252995966,-0.000397671858,1.06797888e-05,-0.012493317,-0.00251203333,0.000498525165,0.000499732681,0.00256104526
6.75000251e-08,0.00271495944,-0.000428989733,1.05785584e-05,-0.013462726,-0.00269563275,0.000537216008,0.000538509041,0.0027486631
6.84030965e-08,0.00288130273,-0.000455475296,9.80041023e-06,-0.0142925382,-0.00286078384,0.000570332342,0.000571701527,0.00291709774
6.93061466e-08,0.00313940854,-0.000525550859,6.60179103e-06,-0.0163040794,-0.00311588092,0.000650673331,0.000652163178,0.0031831012
7.02023613e-08,0.00336473924,-0.000546385418,6.71567659e-06,-0.0170523617,-0.00334019822,0.00068050205,0.00068209447,0.00340881978
7.11047932e-08,0.00351751922,-0.000548371114,1.07546002e-05,-0.0172563866,-0.00349277658,0.000688595727,0.000690255463,0.00356002359
7.20003541e-08,0.00349658285,-0.000521968002,1.10218571e-05,-0.0165755358,-0.00347291281,0.000661376504,0.00066302143,0.00353534492
7.29021608e-08,0.00337850302,-0.000482303178,1.3249939e-05,-0.0154651534,-0.0033565136,0.000617021473,0.000618606135,0.00341278107
7.38037542e-08,0.00319101894,-0.000437881507,1.35419705e-05,-0.0141657591,-0.00317095588,0.000565137971,0.000566630363,0.00322095102
7.47051843e-08,0.0029611038,-0.000392795366,1.44337e-05,-0.0128068682,-0.00294302761,0.000510893741,0.000512274727,0.00298707755
7.56064793e-08,0.00271680159,-0.000352218252,1.34819202e-05,-0.0115460828,-0.00270054347,0.000460579602,0.000461843312,0.0027395712
7.65026087e-08,0.00288445991,-0.000452232925,1.3777847e-05,-0.0142140361,-0.00286406816,0.000567218819,0.000568561442,0.00291972832
7.74056161e-08,0.00308713107,-0.000486983976,1.38198102e-05,-0.0152870147,-0.00306518753,0.000610046757,0.000611480586,0.00312533561
7.8302179e-08,0.00331240264,-0.000524384959,1.41339169e-05,-0.0164490286,-0.00328878326,0.000656426283,0.000657961145,0.00335368314
7.92053001e-08,0.00355031854,-0.000602207438,8.19471734e-06,-0.0186335929,-0.00352339678,0.00074370061,0.000745343715,0.00360103911
8.01015574e-08,0.0038674341,-0.000632928917,7.71854229e-06,-0.0197215825,-0.00383903016,0.000787078756,0.000788863301,0.00391889081
8.10039893e-08,0.00403897744,-0.000630858354,1.30539884e-05,-0.0198431946,-0.00401051908,0.000791869753,0.000793727785,0.00408796911
8.19060517e-08,0.00398811279,-0.00059412152,1.40993998e-05,-0.0188739337,-0.0039611642,0.000753128262,0.000754957348,0.00403214866
8.28012503e-08,0.00387392007,-0.000548891665,1.64789381e-05,-0.0176284797,-0.00384887153,0.000703368094,0.00070513919,0.00391264748
8.3702723e-08,0.00366031984,-0.000494610984,1.84101918e-05,-0.0160564352,-0.00363761281,0.000640589101,0.000642257407,0.0036936324
8.46040109e-08,0.00340013928,-0.000442789431,1.82705135e-05,-0.0144987432,-0.00337971267,0.000578404553,0.000579949729,0.00342889828
8.55051638e-08,0.00311384024,-0.000393949362,1.68167862e-05,-0.0129891438,-0.00309559573,0.000518154642,0.000519565754,0.00313870673
8.64010374e-08,0.00324156787,-0.000508271041,1.85795052e-05,-0.0159740802,-0.00321864954,0.00063749262,0.000638963208,0.00328122644
8.73040165e-08,0.00346226874,-0.000545349962,1.84245218e-05,-0.0171233695,-0.00343769111,0.000683367561,0.00068493478,0.00350500369
8.82005864e-08,0.00375293079,-0.000598591287,1.73080189e-05,-0.0187471081,-0.00372599158,0.000748189681,0.000749884322,0.00380040795
8.91037573e-08,0.00411215983,-0.000702926307,1.23548016e-05,-0.0217165276,-0.00408076099,0.000866806575,0.000868661106,0.00417182412
9.00000572e-08,0.00439183554,-0.00072184368,1.09805496e-05,-0.0224716868,-0.00435945649,0.000896892861,0.000898867473,0.00445077502
9.09024749e-08,0.00456974749,-0.00071342435,1.6794329e-05,-0.0224410705,-0.00453756281,0.000895594846,0.000897642821,0.00462513226
9.18044663e-08,0.00451748213,-0.000667517073,1.91221734e-05,-0.0212413035,-0.00448717506,0.000847634233,0.000849652141,0.00456657306
9.27061166e-08,0.00432711979,-0.000607431808,2.02976626e-05,-0.0195477847,-0.00429936777,0.000779984567,0.000781911388,0.00436959393
9.36009599e-08,0.00408134516,-0.000544861774,2.17611814e-05,-0.0177361965,-0.00405629186,0.000707636218,0.000709447861,0.00411761172
9.45021341e-08,0.00378734409,-0.00048300362,2.30478581e-05,-0.0158936623,-0.00376499962,0.000634070637,0.000635746494,0.00381808839
9.54031592e-08,0.0034719035,-0.000428863365,2.06724471e-05,-0.0142222811,-0.00345197639,0.000567359429,0.000568891242,0.00349835176
9.63061666e-08,0.00354262814,-0.000554952596,2.12854702e-05,-0.0174435358,-0.00351760223,0.000696176034,0.000697741434,0.00358589453
9.72035323e-08,0.00377900526,-0.000594667101,2.18354617e-05,-0.0186744295,-0.00375220212,0.000745311335,0.00074697718,0.00382557009
9.81005996e-08,0.0041520563,-0.000666989654,2.07725116e-05,-0.0208579991,-0.00412206262,0.0008324941,0.000834319964,0.00420533925
9.90038629e-08,0.00453996006,-0.000785785902,1.29116879e-05,-0.0242175367,-0.00450490553,0.000966707337,0.000968701467,0.00460747909
9.9900177e-08,0.00486036995,-0.000804728479,1.37972247e-05,-0.0250143912,-0.00482430162,0.000998447741,0.00100057565,0.00492655807
1.00802559e-07,0.00510975998,-0.000798474241,2.02765987e-05,-0.0251100194,-0.00507374226,0.00100217145,0.00100440077,0.00517181006
1.01704494e-07,0.00503966631,-0.000739849347,2.50064131e-05,-0.0235745385,-0.00500604904,0.000940790447,0.000942981541,0.00509374508
1.02606045e-07,0.00482920557,-0.000669024594,2.72248271e-05,-0.0215924699,-0.00479858888,0.000861606161,0.000863698795,0.00487540373
1.03500767e-07,0.00449595321,-0.000591272081,2.69530665e-05,-0.0193132814,-0.00446871235,0.000770589302,0.000772531256,0.00453474634
1.04401813e-07,0.00413361238,-0.000521805137,2.77006584e-05,-0.0172117036,-0.00410943929,0.000686688156,0.000688468143,0.00416650924
1.05302689e-07,0.00379181048,-0.000464406534,2.30564438e-05,-0.0154323727,-0.00377020613,0.000615667035,0.000617294908,0.00382021357
1.06203238e-07,0.00385471852,-0.000602741202,2.64485716e-05,-0.0189516023,-0.00382753194,0.0007564067,0.000758064091,0.00390164727
1.07103673e-07,0.00413392577,-0.000648896734,2.65007366e-05,-0.0203865897,-0.00410467013,0.000813690625,0.000815463588,0.00418462801
1.08004286e-07,0.0044970396,-0.000727210776,2.40393729e-05,-0.0227096789,-0.00446436177,0.000906462704,0.000908387154,0.00455552176
1.08905098e-07,0.00488451775,-0.00078785402,2.26653538e-05,-0.0246159229,-0.0048491049,0.000982552434,0.000984636918,0.00494770061
1.0980596e-07,0.00531425746,-0.000884343812,1.53452911e-05,-0.027460346,-0.0052746423,0.00109615005,0.00109841384,0.00538735852
1.10700562e-07,0.00559273595,-0.000874134479,2.35793705e-05,-0.0274864696,-0.0055533063,0.00109708505,0.00109945878,0.00566068569
1.11602048e-07,0.00555156404,-0.000808944285,3.12641205e-05,-0.0258162003,-0.00551477424,0.00103030057,0.00103264801,0.0056102791
1.12503876e-07,0.00533075538,-0.000727390638,3.29768482e-05,-0.0235557053,-0.00529740347,0.000939982161,0.000942228213,0.00538025441
1.13406003e-07,0.00497917458,-0.000641184219,3.34560209e-05,-0.0210469011,-0.00494955125,0.000839785216,0.000841876045,0.00502039999
1.14301876e-07,0.00455145771,-0.000559883774,3.27257949e-05,-0.0185837727,-0.00452542765,0.00074144569,0.000743350908,0.00458588138
1.15204564e-07,0.00421027187,-0.000504382129,2.95558784e-05,-0.0168525409,-0.0041867342,0.000672344646,0.000674101636,0.00424047923
1.16100878e-07,0.00421535829,-0.000657909666,3.07812879e-05,-0.0206928831,-0.00418567708,0.00082595278,0.000827715322,0.00426650186
1.170039e-07,0.00451628305,-0.000705936574,3.3233413e-05,-0.0221964605,-0.00448444057,0.000885975053,0.000887858421,0.0045712431
1.17900576e-07,0.0049154656,-0.000800693466,2.97151983e-05,-0.0249666236,-0.00487951455,0.000996619193,0.000998664945,0.00498034086
1.18803932e-07,0.00534411753,-0.000865693088,2.96958224e-05,-0.0270231478,-0.00530522431,0.00107870833,0.00108092591,0.0054138617
1.1970036e-07,0.00579559896,-0.000975958945,2.02932661e-05,-0.0302335322,-0.00575193515,0.00120694043,0.00120934129,0.00587723362
1.20602778e-07,0.00613930169,-0.000964403211,2.9086088e-05,-0.0302917901,-0.00609582507,0.00120913838,0.00121167161,0.00621465565
1.21504655e-07,0.00608537113,-0.000884452951,3.66579989e-05,-0.0282399114,-0.0060451348,0.00112709542,0.00112959646,0.00614941807
1.22406078e-07,0.00588359777,-0.000794723688,4.02149708e-05,-0.0257944502,-0.00584711105,0.00102936915,0.00103177801,0.00593716479
1.2330058e-07,0.00550252432,-0.000695875788,4.04641687e-05,-0.0229401533,-0.00547029528,0.000915361445,0.00091760613,0.00554649929
1.24201406e-07,0.005032063,-0.000603594875,4.00656572e-05,-0.0201596711,-0.00500390053,0.000804340913,0.000806386843,0.00506829261
1.25102019e-07,0.0046438463,-0.000545638381,3.69196932e-05,-0.0183197167,-0.00461831201,0.00073090625,0.000732788667,0.00467593764
1.26003187e-07,0.0045699887,-0.000710813561,3.82479629e-05,-0.0223713089,-0.00453790823,0.000892995792,0.000894852355,0.00462509627
1.2690623e-07,0.00491883047,-0.000769882929,3.69010741e-05,-0.024199022,-0.00488410882,0.00096596786,0.000967960879,0.00497885274
1.27802934e-07,0.00530569162,-0.000866478018,3.43424072e-05,-0.0270025395,-0.00526679776,0.001077956,0.00108010158,0.00537608846
1.28706361e-07,0.00580576854,-0.000947152264,3.40469123e-05,-0.029522609,-0.00576324855,0.00117856346,0.00118090436,0.00588261888
1.29602924e-07,0.00629008748,-0.00106713478,2.78948519e-05,-0.0330087356,-0.00624238207,0.0013178176,0.00132034943,0.00638002784
1.30505413e-07,0.00666443072,-0.00105033105,3.30524636e-05,-0.0329667069,-0.00661709785,0.00131599704,0.00131866828,0.00674677142
1.31400782e-07,0.00661038328,-0.000958585821,4.41203556e-05,-0.030620059,-0.00656676247,0.00122216388,0.00122480236,0.00667967069
1.32302176e-07,0.00640715705,-0.000854737707,4.65852318e-05,-0.0278204698,-0.00636785162,0.00111027195,0.00111281879,0.00646408603
1.33203201e-07,0.00600724481,-0.000745409459,4.73123473e-05,-0.0246854406,-0.00597263123,0.000985038932,0.000987417623,0.00605350014
1.34103971e-07,0.00551208947,-0.000643562642,4.80142626e-05,-0.0216411855,-0.00548194474,0.000863472648,0.00086564742,0.0055497395
1.35004512e-07,0.00506322179,-0.000582160603,4.37665076e-05,-0.0196540393,-0.00503589154,0.000784169805,0.000786161572,0.00509676774
1.35905353e-07,0.00488994317,-0.000757939706,4.27388441e-05,-0.0238701906,-0.00485572223,0.000952879007,0.000954807624,0.00494851932
1.36801873e-07,0.00525219459,-0.000815735664,4.36347727e-05,-0.0256795175,-0.00521537267,0.00102511493,0.0010271807,0.00531534352
1.37705143e-07,0.0056860121,-0.000934086565,4.11665715e-05,-0.0290737953,-0.00564411039,0.00116071923,0.00116295181,0.00576237329
1.38602061e-07,0.0061908667,-0.00101536687,4.28632229e-05,-0.0316136666,-0.00614531082,0.00126212332,0.00126454666,0.00627372597
1.39505204e-07,0.0067193252,-0.00115512917,2.96979761e-05,-0.0356383137,-0.00666775761,0.00142290653,0.00142553255,0.00681795692
1.40401156e-07,0.00718763797,-0.00114182162,3.58584475e-05,-0.0357783437,-0.00713622794,0.00142833714,0.00143113375,0.00727785559
1.41303019e-07,0.00715676462,-0.00103717146,4.95418062e-05,-0.0331326984,-0.00710956418,0.00132253609,0.00132530794,0.0072316982
1.42204343e-07,0.00694748806,-0.00092063559,5.47261552e-05,-0.0300100893,-0.0069051152,0.0011977246,0.00120040357,0.00700843457
1.43105225e-07,0.00654292013,-0.000798456313,5.75922786e-05,-0.0265494306,-0.00650575676,0.00105946465,0.00106197722,0.00659171095
1.44005824e-07,0.00600781292,-0.000684886531,5.61444249e-05,-0.0231721364,-0.00597561915,0.000924587133,0.000926885456,0.00604698584
1.44906238e-07,0.00550723122,-0.000620642677,5.21585207e-05,-0.0210619327,-0.00547800694,0.000840376739,0.000842477307,0.00554233828
1.45800229e-07,0.00521247555,-0.000806986121,5.0820825e-05,-0.025419455,-0.00517603528,0.00101478405,0.0010167782,0.00527481854
1.46704963e-07,0.00561506813,-0.000869411335,5.5256387e-05,-0.0273850169,-0.0055758095,0.00109325873,0.00109540068,0.00568224599
1.47602748e-07,0.00606268458,-0.00100060762,4.74647277e-05,-0.0311139785,-0.00601782145,0.00124224996,0.00124455914,0.0061448851
1.4850005e-07,0.00659174891,-0.00108688115,4.61253076e-05,-0.0338028558,-0.00654301256,0.00134961141,0.00135211423,0.0066809125
1.4940332e-07,0.00716737332,-0.00124920346,3.85095445e-05,-0.0384385027,-0.00711168537,0.00153482272,0.00153754011,0.00727552284
1.50305922e-07,0.00767612457,-0.00123261567,4.04334569e-05,-0.0385372341,-0.00762069301,0.00153859282,0.00154148936,0.00777456524
1.51201306e-07,0.00770178065,-0.00112249271,5.5630866e-05,-0.0358119011,-0.00765073231,0.00142958392,0.00143247604,0.00778334824
1.52102629e-07,0.00748587446,-0.000988483895,6.12614822e-05,-0.0322461538,-0.00744035775,0.00128704835,0.00128984615,0.00755110388
1.53003498e-07,0.00705566118,-0.000851386052,6.56126067e-05,-0.0283870418,-0.00701597104,0.00113285623,0.00113548167,0.00710714555
1.53904082e-07,0.00650218455,-0.000726250233,6.77295757e-05,-0.0247024242,-0.00646794123,0.000985687341,0.000988096967,0.00654296803
1.54804411e-07,0.0059479177,-0.000661554281,6.33953459e-05,-0.0225269031,-0.00591670488,0.000898878376,0.000901076123,0.00598493091
1.55704512e-07,0.00556073571,-0.00060882722,5.80654196e-05,-0.0208189525,-0.00553194112,0.000830710342,0.000832758099,0.00559426705
1.56603889e-07,0.00595052075,-0.000917049008,6.01636893e-05,-0.0289118048,-0.00590908879,0.00115427283,0.00115647219,0.00602107098
1.57503436e-07,0.00642881868,-0.00106597005,5.44265931e-05,-0.0331143662,-0.00638104888,0.00132220157,0.00132457465,0.00651682162
1.58403168e-07,0.00696352124,-0.00115577143,5.14259482e-05,-0.0358968936,-0.00691173264,0.00143331352,0.00143587574,0.00705897162
1.59303127e-07,0.00761256926,-0.00134242454,4.5758643e-05,-0.0412142351,-0.00755279735,0.00164577232,0.00164856941,0.00773016224
1.60203228e-07,0.00815605372,-0.00132215954,4.59291696e-05,-0.041255977,-0.00809665747,0.00164725711,0.00165023908,0.00826265258
1.61103898e-07,0.00824938808,-0.00120556017,6.41130464e-05,-0.0384370945,-0.0081945799,0.00153448339,0.00153748378,0.00833725911
1.62005108e-07,0.00803584699,-0.00105470361,6.64213076e-05,-0.034452904,-0.00798724227,0.00137520813,0.00137811616,0.00810503845
1.62900321e-07,0.00759504735,-0.000903482549,7.33640773e-05,-0.0302304067,-0.00755284246,0.00120648075,0.00120921627,0.00764894812
1.6380244e-07,0.00700280536,-0.000763094111,7.44355202e-05,-0.0261258092,-0.00696668824,0.00104252124,0.00104503237,0.00704465302
1.64704957e-07,0.00639227498,-0.00069152267,7.40681789e-05,-0.023721939,-0.00635950831,0.000946592346,0.000948877558,0.0064299976
1.65601193e-07,0.00597797753,-0.000638738798,6.53494717e-05,-0.021985326,-0.00594765305,0.000877283217,0.000879413038,0.00601236003
1.66505771e-07,0.00631978037,-0.000975428906,7.00229357e-05,-0.0307408441,-0.00627571847,0.00122737248,0.00122963376,0.00639499716
1.67403783e-07,0.00676261447,-0.00112737762,5.8548987e-05,-0.034983132,-0.00671212202,0.00139690829,0.00139932528,0.00685619157
1.68301298e-07,0.00733595435,-0.00122480094,6.21456784e-05,-0.0379948542,-0.00728110739,0.00151718116,0.00151979417,0.00743775676
1.69204739e-07,0.00796821062,-0.0014328215,4.77190588e-05,-0.0438288487,-0.00790453932,0.00175031884,0.00175315395,0.00809614939
1.70100847e-07,0.00866690651,-0.001420154,5.23770832e-05,-0.044216726,-0.00860318289,0.00176560185,0.00176866904,0.00878264477
1.71002739e-07,0.00877504703,-0.00128795754,6.91486857e-05,-0.0410230942,-0.00871652336,0.0016378356,0.00164092377,0.00886933292
1.71903906e-07,0.00857749209,-0.00112412754,8.4433872e-05,-0.0367309712,-0.0085256779,0.00146623655,0.00146923885,0.00865125207
1.72804604e-07,0.00812257826,-0.000954791962,8.68966963e-05,-0.0320418365,-0.00807789957,0.00127884473,0.00128167346,0.00817896426
1.73704933e-07,0.00749592297,-0.000800009293,8.49008211e-05,-0.0275431145,-0.00745793519,0.00109912634,0.00110172458,0.00753897103
1.74605077e-07,0.00681664655,-0.000728949264,8.13037041e-05,-0.0250828806,-0.00678204376,0.00100095934,0.00100331523,0.00685599355
1.75504923e-07,0.00639269687,-0.000663762155,7.64278302e-05,-0.0230267942,-0.00636103999,0.000918870908,0.000921071768,0.00642751855
1.76404058e-07,0.0066484781,-0.00102087401,7.56893205e-05,-0.0322056413,-0.00660233595,0.00128592564,0.00128822565,0.00672682493
1.7730315e-07,0.0070948964,-0.00109992782,8.49596763e-05,-0.034630388,-0.00704523586,0.00138276817,0.00138521552,0.00718015419
1.78202384e-07,0.00779253896,-0.00131167681,7.10497407e-05,-0.0406232588,-0.00773385268,0.00162224605,0.00162493035,0.0079024811
1.7910196e-07,0.00840219669,-0.00153455266,5.63286339e-05,-0.046805378,-0.00833411009,0.00186932344,0.00187221512,0.00854136605
1.8000155e-07,0.00910505187,-0.00151295285,5.56028099e-05,-0.046974089,-0.00903726682,0.00187584761,0.00187896356,0.00923006433
1.8090175e-07,0.00930901989,-0.00137830514,7.56568334e-05,-0.0438157693,-0.00924645617,0.00174946415,0.00175263077,0.00941080764
1.81802648e-07,0.00912313443,-0.00119742146,8.98022336e-05,-0.0391094312,-0.00906795281,0.00156129172,0.00156437725,0.00920181854
1.82704113e-07,0.0086668497,-0.00101343624,9.39786914e-05,-0.0340530612,-0.0086193905,0.00135920715,0.00136212245,0.0087264064
1.83606062e-07,0.00800607633,-0.000837328262,9.51684415e-05,-0.0289873872,-0.00796618812,0.00115681615,0.00115949549,0.00805030644
1.84501886e-07,0.00726449396,-0.000698570919,8.91855525e-05,-0.0247733667,-0.00723074776,0.000988514413,0.00099093467,0.00729854972
1.85404545e-07,0.00684392126,-0.00069521257,8.97944046e-05,-0.0242653675,-0.00681064577,0.000968340328,0.000970614702,0.00687972687
1.86300909e-07,0.00700634019,-0.00107305427,8.67376875e-05,-0.0338678956,-0.00695782514,0.00135237482,0.00135471582,0.00708856627
1.87204222e-07,0.00745262485,-0.00115117989,9.6053489e-05,-0.0362691768,-0.00740062863,0.00144828458,0.00145076707,0.00754162175
1.88101311e-07,0.00812429655,-0.00137772597,7.88697216e-05,-0.0426053181,-0.00806270364,0.00170150915,0.00170421273,0.00824066404
1.8900495e-07,0.00876672845,-0.00144901883,7.32054395e-05,-0.0450335145,-0.00870177071,0.00179843541,0.00180134058,0.00888597448
1.89901272e-07,0.00959496293,-0.00161414361,6.03178996e-05,-0.0499930009,-0.00952273946,0.00199654864,0.00199972004,0.0097299749
1.90803263e-07,0.00985522661,-0.00147422077,7.92834835e-05,-0.0467595607,-0.00978839038,0.0018671455,0.00187038243,0.00996519465
1.91704444e-07,0.00967224408,-0.0012721594,9.62450285e-05,-0.0415271372,-0.00961363451,0.0016579284,0.00166108549,0.00975602164
1.92605071e-07,0.00922467373,-0.00106383162,0.000108561995,-0.0358715579,-0.00917475306,0.00143186923,0.00143486232,0.00928644867
1.9350523e-07,0.00855533499,-0.000878033985,0.000108634027,-0.0305553675,-0.00851337964,0.0012194538,0.0012222147,0.00860095936
1.94405246e-07,0.00774430344,-0.000722675584,0.000102147118,-0.0258568544,-0.00770920951,0.00103178706,0.00103427418,0.00777862004
1.95304935e-07,0.00725494651,-0.000716374256,9.74111827e-05,-0.025206143,-0.007220496,0.00100592171,0.00100824572,0.00729087991
1.96200816e-07,0.00733670592,-0.00111618848,9.91256675e-05,-0.0352762491,-0.00728620171,0.00140868563,0.00141104996,0.0074217893
1.97105962e-07,0.00780145731,-0.00120389485,0.000102873775,-0.0379353315,-0.00774707402,0.00151490694,0.00151741326,0.00789447161
1.98004059e-07,0.00850656815,-0.00144635164,8.78560968e-05,-0.044702433,-0.00844192516,0.00178536671,0.00178809732,0.00862909922
1.98901404e-07,0.00914004166,-0.00152552454,8.34305101e-05,-0.0473182574,-0.00907172589,0.00188980846,0.0018927303,0.00926685207
1.99804461e-07,0.0100054322,-0.00171702972,7.15424248e-05,-0.052973941,-0.00992876603,0.00211576685,0.00211895764,0.0101519448
2.00700057e-07,0.0103686722,-0.0015668649,8.87394563e-05,-0.0495882966,-0.0102977205,0.00198024787,0.00198353186,0.010486768
2.01601353e-07,0.0102237416,-0.00134892575,0.000111092835,-0.0439975932,-0.0101616211,0.00175668738,0.00175990373,0.010312945
2.02502022e-07,0.00978735555,-0.00112430903,0.000118753029,-0.0379464738,-0.00973456634,0.00151479953,0.00151785895,0.00985243633
2.0340228e-07,0.00905745197,-0.000913640019,0.000121099518,-0.031948138,-0.00901367112,0.00127511068,0.00127792552,0.00910422097
2.04302324e-07,0.00822653994,-0.000745252124,0.000113652342,-0.0269043278,-0.00819015745,0.00107362986,0.00107617311,0.00826100944
2.05202042e-07,0.00769453263,-0.000741466123,0.000107652522,-0.0262736268,-0.00765872709,0.00104857227,0.00105094507,0.00773092449
2.06101106e-07,0.00767124258,-0.00116988574,0.000109787405,-0.0369524881,-0.00761832345,0.00147571784,0.00147809952,0.00776071186
2.07006025e-07,0.00815128535,-0.00125578267,0.00011233674,-0.0395816267,-0.00809454728,0.00158074265,0.00158326507,0.00824821572
2.07904691e-07,0.0088581657,-0.00152198027,0.000105981613,-0.046943374,-0.00879021714,0.001874995,0.00187773496,0.00898859031
2.08803613e-07,0.00945689715,-0.00158683059,9.42114784e-05,-0.04916621,-0.00938587635,0.00196373632,0.0019666484,0.00958956782
2.09702606e-07,0.0104456004,-0.00182049151,8.0768863e-05,-0.0559989326,-0.0103644448,0.00223674792,0.0022399573,0.0106033617
2.10602124e-07,0.010878942,-0.00166501408,9.56854783e-05,-0.0525510535,-0.0108036572,0.00209872389,0.00210204214,0.011006035
2.11502496e-07,0.0107665984,-0.00142533181,0.00012159301,-0.0464500226,-0.0107009882,0.0018547408,0.0018580009,0.0108612152
2.12403066e-07,0.0103483759,-0.00118229527,0.000134244197,-0.0399571583,-0.0102928191,0.00159517422,0.00159828633,0.0104165602
2.13303196e-07,0.00958408229,-0.000949467183,0.000134083908,-0.0333708189,-0.00953844749,0.00133196878,0.00133483276,0.00963193126
2.14203112e-07,0.00872125011,-0.000766292156,0.000130055327,-0.0279256925,-0.00868363053,0.00111443619,0.0011170277,0.00875581644
2.15102773e-07,0.00811915658,-0.000759349496,0.000123323814,-0.0271457043,-0.00808229624,0.00108342176,0.00108582817,0.00815552108
2.16001823e-07,0.00796143245,-0.00121181074,0.000120493605,-0.0382897854,-0.00790660465,0.0015292138,0.00153159142,0.00805403071
2.16906457e-07,0.00847975817,-0.00130271318,0.000132955043,-0.041082371,-0.00842088063,0.00164077103,0.00164329484,0.00858027023
2.17804867e-07,0.00914297625,-0.00157936197,0.000119647382,-0.0486610234,-0.00907250521,0.00194372018,0.00194644094,0.00927915484
2.18703434e-07,0.0099843191,-0.00170105021,0.000113261827,-0.0525478497,-0.00990830884,0.00209895582,0.00210191399,0.0101288216
2.19602185e-07,0.0107669216,-0.00191256742,8.35584724e-05,-0.05861957,-0.0106818269,0.00234159959,0.0023447828,0.0109357897
2.20501377e-07,0.0114303194,-0.00178817729,0.000102932594,-0.056179788,-0.0113496683,0.00224383781,0.00224719152,0.0115698044
2.21401464e-07,0.0113010211,-0.00151599827,0.000128134154,-0.0492498837,-0.0112313577,0.00196670594,0.00196999535,0.011402971
2.22301978e-07,0.010891485,-0.00124454009,0.000142627876,-0.0420558564,-0.0108330047,0.00167908783,0.00168223426,0.0109632873
2.23202065e-07,0.010162808,-0.000999319367,0.000150588749,-0.0351959988,-0.0101147167,0.00140492394,0.00140783995,0.0102129321
2.24101967e-07,0.00924455747,-0.000799535774,0.00014131458,-0.0292804167,-0.00920518991,0.00116857993,0.00117121667,0.00928014386
2.25001628e-07,0.00846343674,-0.000833961996,0.000126033614,-0.0293538086,-0.00842331731,0.00117174212,0.00117415234,0.0085053594
2.25900592e-07,0.00819344819,-0.00126827671,0.000124765851,-0.0399315879,-0.00813617676,0.00159491276,0.00159726351,0.00829196512
2.26804801e-07,0.00868918747,-0.00133826304,0.000131205932,-0.0421787649,-0.0086287208,0.0016846674,0.0016871506,0.0087926186
2.27702998e-07,0.00926345307,-0.00161756435,0.000123684658,-0.049733948,-0.00919135798,0.0019867098,0.00198935792,0.0094044338
2.2860138e-07,0.0100349234,-0.00172110857,0.00010461043,-0.0530969277,-0.00995807059,0.00212102177,0.00212387711,0.0101819864
2.29506426e-07,0.0109768631,-0.00196752301,8.4518113e-05,-0.0602005795,-0.0108894028,0.00240490665,0.00240802318,0.0111521215
2.30405348e-07,0.0117361508,-0.00184519251,0.000103880186,-0.0579085611,-0.0116529751,0.00231303741,0.00231634244,0.0118807728
2.31305236e-07,0.0116324062,-0.00156946701,0.000132505666,-0.0509158075,-0.0115603395,0.00203338379,0.0020366323,0.0117385543
2.32205878e-07,0.0112798139,-0.00128135446,0.000150982916,-0.0433631539,-0.0112195508,0.00173140176,0.00173452616,0.0113533637
2.33100664e-07,0.0106027285,-0.0010175138,0.000154032823,-0.0360902771,-0.0105535577,0.00144069595,0.00144361109,0.0106525542
2.34002513e-07,0.00886220764,-0.000743968762,0.000143471363,-0.0275047161,-0.00882536801,0.00109776745,0.00110018864,0.00889453753
2.34904775e-07,0.00887824129,-0.000853449164,0.000136610572,-0.0302555896,-0.00883701078,0.00120780145,0.00121022359,0.00892021336
2.35800783e-07,0.00856057275,-0.0013457319,0.000128350672,-0.0422335863,-0.00849991028,0.00168698706,0.00168934345,0.00866665299
2.36704082e-07,0.00913107209,-0.00143362826,0.000139212483,-0.0450032577,-0.00906643837,0.00179762701,0.00180013031,0.00924397899
2.37601355e-07,0.00958865974,-0.0016957185,0.000134918286,-0.0520108901,-0.00951317918,0.00207780622,0.0020804356,0.00973838076
2.38505436e-07,0.0103979083,-0.0018065453,0.000116990712,-0.0555935726,-0.0103173485,0.00222090569,0.0022237429,0.0105543256
2.39402226e-07,0.0113416836,-0.00208202098,9.96940726e-05,-0.063424781,-0.0112493528,0.00253390196,0.00253699124,0.011531632
2.40304445e-07,0.0121402768,-0.00195558951,0.000113420094,-0.0610696264,-0.0120523632,0.00243950684,0.00244278505,0.0122972971
2.41205669e-07,0.012149022,-0.0016643015,0.000146193575,-0.0538013056,-0.0120727497,0.00214880153,0.00215205222,0.0122633603
2.42106069e-07,0.0118428692,-0.00135168305,0.000166611804,-0.0456832759,-0.0117793433,0.0018241903,0.00182733104,0.011920921
2.43005985e-07,0.0111285308,-0.00105563749,0.000173630091,-0.0375685692,-0.011077415,0.00149981563,0.00150274277,0.0111798353
2.43905475e-07,0.0101605589,-0.000849612814,0.00015989822,-0.0314475596,-0.010118456,0.0012552472,0.00125790238,0.0101972725
2.44804596e-07,0.0094211502,-0.000896106532,0.000142807621,-0.0318648368,-0.00937777958,0.00127213527,0.00127459347,0.00946474892
2.45703148e-07,0.00887121912,-0.000879363099,0.000135918352,-0.0308930222,-0.00882895795,0.00123341385,0.00123572089,0.00891573227
2.46601104e-07,0.00932140741,-0.00149193732,0.000137623982,-0.0466486923,-0.0092542897,0.00186350081,0.00186594769,0.00944105151
2.4750608e-07,0.00974384043,-0.00174398324,0.000113700109,-0.0533699021,-0.00966630567,0.00213223794,0.00213479608,0.00989933491
2.48403808e-07,0.0104747666,-0.00182981661,0.000107949658,-0.0562491827,-0.0103932148,0.00224723189,0.00224996731,0.0106339371
2.49300541e-07,0.0111676147,-0.00203835126,8.50868964e-05,-0.062155392,-0.0110771695,0.00248330627,0.00248621568,0.011352433
2.50202817e-07,0.0119089214,-0.00194084598,0.000106557512,-0.0604649931,-0.0118217824,0.00241552335,0.00241859972,0.0120665093
2.51104041e-07,0.0120615978,-0.00167293334,0.000140826378,-0.0539254062,-0.0119850503,0.00215393044,0.00215701625,0.0121778766
2.52004526e-07,0.0117215514,-0.00136878039,0.000150556851,-0.0459848456,-0.0116574388,0.00183642255,0.00183939382,0.0118021606
2.529043e-07,0.0111468062,-0.00112686551,0.000137893876,-0.0393630229,-0.0110928273,0.00157171749,0.00157452092,0.0112044691
2.53803591e-07,0.0102895498,-0.000886054302,0.000145191574,-0.0324846432,-0.0102458866,0.0012968178,0.00129938573,0.0103286499
2.54702599e-07,0.0094780745,-0.000945087755,0.000132376837,-0.0331429206,-0.00943269962,0.00132335367,0.00132571682,0.00952599657
2.5560081e-07,0.00904771499,-0.000992900808,0.000126778046,-0.0339042395,-0.00900077234,0.00135391869,0.00135616958,0.00910291554
2.56504023e-07,0.00958812144,-0.00156395743,0.000137169409,-0.04871336,-0.00951791035,0.00194612902,0.0019485344,0.00971580418
2.57400757e-07,0.0101098558,-0.00163771829,0.000132143075,-0.0510804877,-0.0100362777,0.00204069469,0.00204321951,0.0102424981
2.5830434e-07,0.0107832449,-0.00190721313,0.000111201611,-0.0584898181,-0.0106983512,0.00233690234,0.00233959273,0.0109511733
2.59201897e-07,0.0115388175,-0.00213894481,9.55514406e-05,-0.0650383905,-0.0114440527,0.00259866351,0.00260153562,0.0117357797
2.60106191e-07,0.0124161001,-0.00205274136,0.000103611404,-0.0637668371,-0.0123240808,0.00254761096,0.00255067348,0.0125850715
2.61004942e-07,0.0126067335,-0.00178245443,0.0001433508,-0.0572060458,-0.0125253703,0.00228516354,0.00228824183,0.0127329267
2.61904717e-07,0.012281999,-0.00145824812,0.000157686896,-0.0487800054,-0.0122138603,0.00194823064,0.00195120022,0.0123692705
2.62804491e-07,0.0117406566,-0.00119120872,0.000148846535,-0.0415642783,-0.0116836297,0.00165975692,0.00166257113,0.0118018706
2.63703782e-07,0.0108728996,-0.000914390956,0.000156690643,-0.0337760784,-0.0108276365,0.00134845955,0.00135104313,0.0109124061
2.64602846e-07,0.00992563553,-0.000978199532,0.000142677847,-0.0344173349,-0.00987857853,0.00137433663,0.0013766934,0.0099747417
2.65500972e-07,0.00956230517,-0.000969296379,0.000134128903,-0.033829309,-0.00951589483,0.00135091126,0.00135317236,0.00961224252
2.66404101e-07,0.00996336993,-0.00164041563,0.000137580588,-0.0509978719,-0.00988980117,0.00203753201,0.00203991488,0.010098447
2.67300408e-07,0.0105494224,-0.00172890257,0.000142058139,-0.0537973791,-0.0104718463,0.00214938401,0.00215189517,0.0106910989
2.68203621e-07,0.0112750707,-0.00201618997,0.000119341064,-0.0617035329,-0.0111854258,0.00246545981,0.00246814132,0.0114545399
2.69100923e-07,0.0118638454,-0.00225091353,8.52766025e-05,-0.0681589171,-0.0117643431,0.00272354032,0.00272635669,0.0120757903
2.70004875e-07,0.0128568122,-0.00217980822,0.000107924323,-0.0673805699,-0.0127593591,0.00269219996,0.0026952228,0.0130407374
2.70903286e-07,0.0132060107,-0.00191315799,0.000143344529,-0.0610699691,-0.0131189414,0.00243972724,0.00244279876,0.0133446408
2.71802776e-07,0.0129097793,-0.00157887826,0.000160593001,-0.0524210073,-0.0128363146,0.00209386881,0.00209684029,0.0130069616
2.72702522e-07,0.0123139638,-0.00127646676,0.000159948657,-0.0442670137,-0.0122530689,0.00176787294,0.00177068055,0.0123809796
2.73601614e-07,0.0114391968,-0.000969357032,0.000158876952,-0.0357152671,-0.0113912827,0.00142602751,0.00142861068,0.0114812942
2.74500451e-07,0.0104707908,-0.000804680109,0.000152148612,-0.0306276213,-0.0104302367,0.0012227564,0.00122510485,0.0105027672
2.75404801e-07,0.0100463154,-0.00101333775,0.000145444355,-0.035413228,-0.0099977567,0.00141427265,0.00141652912,0.0100983395
2.7630125e-07,0.0103482027,-0.00173036929,0.00014674339,-0.0536289401,-0.0102707289,0.00214280291,0.00214515761,0.0104929028
2.77203355e-07,0.0108244466,-0.00178708858,0.000142323071,-0.0555242859,-0.0107443237,0.00221852151,0.00222097144,0.0109718998
2.78106086e-07,0.011554176,-0.00209984928,0.000136107454,-0.0640706792,-0.0114609623,0.00256021343,0.00256282717,0.0117442273
2.79002819e-07,0.0123973088,-0.00214264053,0.00011161132,-0.0659867749,-0.0123017095,0.00263668677,0.00263947099,0.0125815989
2.79906288e-07,0.0134574892,-0.00230721128,0.000114482471,-0.0711632147,-0.0133544608,0.00284352179,0.00284652859,0.013654316
2.80804159e-07,0.0137954112,-0.00202440843,0.000152936365,-0.0644376427,-0.0137034216,0.00257445843,0.00257750571,0.0139439948
2.81703194e-07,0.0135504659,-0.00165915082,0.00018304064,-0.0550664179,-0.0134732787,0.00219969778,0.00220265672,0.0136528902
2.82603111e-07,0.0129373753,-0.00133164611,0.000162879151,-0.0462683551,-0.0128737752,0.00184793796,0.0018507342,0.0130067479
2.83503738e-07,0.0121007077,-0.000996901654,0.000167542792,-0.0370647758,-0.012051163,0.00148000348,0.00148259103,0.0121428584
2.84404933e-07,0.0110340985,-0.000821412017,0.000169059567,-0.0316085927,-0.0109924246,0.00126200123,0.00126434371,0.0110659219
2.85306498e-07,0.0105296867,-0.0010403723,0.000160282842,-0.0365713648,-0.0104796603,0.00146061527,0.00146285459,0.0105821721
2.86202152e-07,0.0106975473,-0.00181260775,0.000157773989,-0.0560313761,-0.0106165055,0.00223894565,0.00224125504,0.0108511731
2.87104939e-07,0.0113746235,-0.00190507073,0.000155116257,-0.059021309,-0.0112893425,0.0023584105,0.00236085236,0.011534098
2.88001559e-07,0.0119320257,-0.00219023461,0.000146252423,-0.066704914,-0.0118348953,0.00266563641,0.00266819656,0.0121322609
2.88905085e-07,0.0127940169,-0.00223750435,0.000118142969,-0.0687515661,-0.0126943067,0.0027473388,0.00275006264,0.0129887355
2.89801591e-07,0.0138306087,-0.00243897713,0.000109007808,-0.0748258606,-0.0137220126,0.00299010304,0.00299303442,0.0140444376
2.90703298e-07,0.0143921627,-0.00217387103,0.000148684296,-0.068766959,-0.0142937188,0.00274766517,0.00275067836,0.0145561729
2.91603868e-07,0.0141626969,-0.00178238621,0.000188522084,-0.0587561391,-0.0140800918,0.00234731731,0.00235024557,0.0142756585
2.92503501e-07,0.0135551738,-0.00143038796,0.000181288895,-0.0493519455,-0.0134871308,0.00197130617,0.00197407782,0.0136316401
2.93402479e-07,0.0126415258,-0.0011023432,0.000164370678,-0.0402386189,-0.012587332,0.00160698765,0.00160954475,0.0126905616
2.94300889e-07,0.0115347849,-0.000900385261,0.000167932303,-0.0340811983,-0.0114895525,0.00136093342,0.00136324793,0.0115710915
2.9520487e-07,0.0108478637,-0.00112306373,0.000162034761,-0.038953647,-0.010794276,0.00155596425,0.00155814588,0.010907047
2.96103877e-07,0.0103172865,-0.00181332021,0.000121548459,-0.0556639992,-0.0102365203,0.00222445116,0.00222655997,0.0104761302
2.97001804e-07,0.0110098384,-0.00189189182,0.000122879064,-0.058322262,-0.0109253762,0.00233065462,0.00233289048,0.0111718797
2.97905785e-07,0.0116427215,-0.00215309812,0.000114378585,-0.0654830486,-0.0115473076,0.00261696055,0.00261932194,0.0118406874
2.98802689e-07,0.012466698,-0.00220746407,9.60245379e-05,-0.0676685497,-0.0123684509,0.00270423329,0.00270674199,0.0126609903
2.9970542e-07,0.0133612566,-0.00233391486,9.27258006e-05,-0.0717257112,-0.0132572373,0.00286635573,0.00286902845,0.0135638834
3.00600533e-07,0.0140821645,-0.00213894341,0.000113669048,-0.0675787777,-0.0139853654,0.00270036887,0.00270315111,0.0142441341
3.01501018e-07,0.0141160358,-0.00180894043,0.00016196318,-0.0593684427,-0.0140324061,0.00237198435,0.00237473771,0.0142323914
3.02400593e-07,0.0136991963,-0.00148686348,0.000155317524,-0.0509034209,-0.0136287797,0.00203349588,0.00203613684,0.0137805249
3.03305882e-07,0.0129795289,-0.00110074203,0.000170112035,-0.0405343473,-0.0129251287,0.00161890427,0.00162137389,0.0130272307
3.04204207e-07,0.0120644113,-0.000886790513,0.000176028276,-0.0342700854,-0.0120192989,0.00136852895,0.00137080342,0.0120982397
3.05101707e-07,0.0114081465,-0.00111128308,0.000175725101,-0.039218843,-0.0113545817,0.00156659836,0.00156875372,0.0114634914
3.06004637e-07,0.00943597686,-0.00163702457,0.000139978714,-0.0503717586,-0.00936296556,0.00201305356,0.00201487035,0.00957794877
3.06905605e-07,0.011581976,-0.00202360773,0.000160613941,-0.0621840581,-0.0114917889,0.00248514456,0.00248736233,0.0117585268
3.07800377e-07,0.0122906575,-0.0023041151,0.000115851864,-0.0699029341,-0.0121886863,0.00279376726,0.00279611737,0.0125053041
3.08702226e-07,0.0130687365,-0.00234226044,0.000113677263,-0.0716368705,-0.0129646175,0.00286299696,0.00286547482,0.0132774614
3.09604644e-07,0.0139436629,-0.0025137898,9.07947833e-05,-0.0768001676,-0.0138319846,0.00306937684,0.0030720067,0.0141687373
3.10501264e-07,0.014777516,-0.00231086835,0.000138906937,-0.0725678131,-0.0146732855,0.00289996293,0.00290271252,0.0149577534
3.11405586e-07,0.014846581,-0.00194972567,0.000185071418,-0.0636148602,-0.0147567371,0.00254187099,0.00254459441,0.0149752012
3.12304451e-07,0.0143718785,-0.00158337026,0.000189899962,-0.0539857,-0.0142970646,0.00215682559,0.002159428,0.0144600835
3.13204112e-07,0.013622866,-0.00116695825,0.000171438136,-0.042830646,-0.0135653033,0.00171079414,0.00171322584,0.0136738312
3.14104597e-07,0.0128606986,-0.000945395499,0.000189027502,-0.0365300626,-0.0128126057,0.00145893006,0.0014612025,0.0128967854
3.15005707e-07,0.0118320594,-0.00113285892,0.000184155288,-0.0401800834,-0.0117772927,0.00160510893,0.00160720333,0.0118875948
3.15900877e-07,0.0111977505,-0.00179806957,0.000163857723,-0.0561609045,-0.0111168898,0.00224442189,0.00224643618,0.0113423771
3.16805824e-07,0.012087631,-0.00211504474,0.000154729074,-0.0649725348,-0.011993383,0.00259672925,0.00259890139,0.0122722524
3.17705059e-07,0.0128174862,-0.00244907173,0.000143442914,-0.0740494505,-0.0127092968,0.00295967548,0.00296197802,0.0130501525
3.18603156e-07,0.0137420716,-0.0025345413,0.000145104335,-0.0771124512,-0.0136297248,0.00308205023,0.00308449805,0.0139746015
3.19506512e-07,0.014593577,-0.00268357573,0.000106792249,-0.081690006,-0.0144745893,0.00326501658,0.00326760024,0.014838648
3.20401938e-07,0.0155859739,-0.00249617337,0.000148104067,-0.0780042335,-0.0154736864,0.00311744942,0.00312016934,0.0157852905
3.2130248e-07,0.0156000555,-0.00208235276,0.000198454698,-0.0676800609,-0.0155043052,0.00270452293,0.00270720243,0.015739673
3.22201885e-07,0.0151306419,-0.00169112929,0.000191708314,-0.0574350804,-0.0150509118,0.00229484086,0.00229740322,0.015226063
3.23100295e-07,0.0143335089,-0.00123793143,0.000181611234,-0.045312956,-0.0142725396,0.00181012869,0.00181251824,0.0143880136
3.24004645e-07,0.0132562071,-0.00096974062,0.000187956932,-0.0375314206,-0.0132068243,0.00149907183,0.00150125682,0.0132929587
3.24901833e-07,0.0123609165,-0.00118259515,0.000183160693,-0.041949898,-0.0123037379,0.00167595402,0.00167799592,0.0124187091
3.25804336e-07,0.0116273034,-0.00144478958,0.000173030814,-0.0477632359,-0.0115602267,0.00190860203,0.00191052943,0.0117180008
3.26704708e-07,0.0124335513,-0.00219482766,0.000166055688,-0.0673092604,-0.012335836,0.00269028146,0.00269237041,0.0126268777
3.27604567e-07,0.0131996032,-0.00253401487,0.00014375725,-0.0765511915,-0.0130877113,0.00305983127,0.00306204766,0.013441407
3.28504854e-07,0.0140023921,-0.0025863722,0.000146283899,-0.0786644742,-0.0138877643,0.00314424971,0.00314657897,0.0142400036
3.29405992e-07,0.0149496375,-0.00279588555,0.000106744839,-0.0848487094,-0.0148258737,0.00339147519,0.00339394838,0.0152092088
3.30301276e-07,0.015974462,-0.00260430039,0.000130658969,-0.0810906738,-0.0158575399,0.00324102533,0.00324362695,0.0161858855
3.31204234e-07,0.0159142986,-0.00219295709,0.000193219719,-0.0707538724,-0.015813874,0.00282760517,0.0028301549,0.0160658425
3.32101905e-07,0.0154090719,-0.001770442,0.000200313792,-0.0596913658,-0.0153259475,0.00238522436,0.00238765463,0.0155117403
3.33000514e-07,0.0147143537,-0.00143294886,0.00017895909,-0.0505627133,-0.0146452811,0.00202021986,0.00202250853,0.0147850456
3.33900033e-07,0.0133834155,-0.00101596082,0.000186517922,-0.0388097875,-0.0133320826,0.00155034204,0.0015523915,0.0134232178
3.34800291e-07,0.0123662464,-0.00124811975,0.000164613986,-0.0435884893,-0.0123064433,0.00174163935,0.00174353957,0.012430163
3.35700946e-07,0.0120355226,-0.00151212793,0.000167362829,-0.0498516262,-0.0119654265,0.00199221092,0.00199406505,0.0121312961
3.36605581e-07,0.0127637265,-0.00230199238,0.000155005429,-0.0703140199,-0.0126614618,0.00281056396,0.0028125608,0.0129705786
3.37505242e-07,0.0135893589,-0.00242798682,0.000172764718,-0.0742895976,-0.0134813953,0.00296947411,0.0029715839,0.0138056381
3.38403851e-07,0.0146336034,-0.00276587368,0.00013694822,-0.0837778822,-0.0145112926,0.00334884933,0.00335111529,0.014893326
3.39300897e-07,0.0155412927,-0.00291128014,0.000144271384,-0.0883206427,-0.0154124412,0.00353043738,0.00353282571,0.0158122783
3.40203059e-07,0.0164220799,-0.00271759857,0.000136888179,-0.0843654051,-0.016300269,0.00337213283,0.00337461621,0.0166459841
3.41103487e-07,0.0164198391,-0.00228569144,0.000183216063,-0.0735729933,-0.0163153017,0.00294048157,0.00294291973,0.0165791758
3.42002608e-07,0.0159287024,-0.00183595717,0.000211264982,-0.0618447699,-0.0158425425,0.0024714668,0.00247379079,0.0160355521
3.42900705e-07,0.0150487749,-0.00147173123,0.000193070809,-0.0518626869,-0.0149778839,0.00207234449,0.00207450747,0.015121802
3.43804487e-07,0.0139275258,-0.00103236095,0.000185286815,-0.0397613384,-0.0138751019,0.00158848765,0.00159045354,0.0139669637
3.44701306e-07,0.0127085997,-0.00126190914,0.000174077461,-0.044272732,-0.0126479712,0.00176910819,0.00177090928,0.0127722834
3.45602842e-07,0.0124039501,-0.00134457357,0.000163401128,-0.0460318588,-0.0123402597,0.00183952376,0.00184127435,0.0124776823
3.46504265e-07,0.0129179517,-0.00234533101,0.000142458957,-0.0715476274,-0.0128138305,0.00286003529,0.0028619051,0.0131299028
3.47401794e-07,0.0137684494,-0.0024588122,0.00017054136,-0.0752352998,-0.0136591099,0.00300743654,0.00300941199,0.0139873172
3.48306457e-07,0.014690713,-0.00280378433,0.00013675708,-0.084777914,-0.0145668406,0.00338901343,0.00339111656,0.0149565022
3.49205379e-07,0.0157332215,-0.00289790612,0.000145538375,-0.0881744474,-0.0156047513,0.00352474916,0.0035269779,0.0159985406
3.5010504e-07,0.0166849568,-0.0028547938,0.000140880453,-0.088051565,-0.0165574494,0.00351973058,0.0035220626,0.0169280087
3.51005838e-07,0.0169787277,-0.00245311763,0.000172690707,-0.0783112347,-0.0168670479,0.00313012341,0.00313244939,0.017155897
3.51901519e-07,0.0169771481,-0.00205324357,0.000200467301,-0.0683197081,-0.0168814604,0.00273050605,0.00273278832,0.0171020336
3.52804761e-07,0.0157248378,-0.00157518196,0.000204572949,-0.055120606,-0.0156492691,0.00220274777,0.00220482424,0.0158048591
3.53702575e-07,0.014541734,-0.00109591556,0.00019981197,-0.0419608727,-0.0144862772,0.00167655321,0.00167843491,0.0145843404
3.54601298e-07,0.0131955007,-0.000876173493,0.00017024744,-0.0351209454,-0.0131499081,0.00140315194,0.00140483782,0.0132256532
3.55500561e-07,0.0128093967,-0.00140955835,0.000179774361,-0.0480582006,-0.0127427833,0.0019206701,0.00192232803,0.0128879718
3.56402495e-07,0.0132615324,-0.00248137442,0.000140422737,-0.0752869248,-0.0131516961,0.00300970944,0.00301147699,0.0134924119
3.57300763e-07,0.0142685408,-0.00261636754,0.000175474983,-0.0796686858,-0.0141525007,0.00318486417,0.00318674743,0.0145074955
3.58206165e-07,0.0151784467,-0.00297067966,0.000154792724,-0.0894319639,-0.01504751,0.00357527941,0.00357727855,0.0154671957
3.59103808e-07,0.0161617864,-0.00298153586,0.000162998404,-0.0906887278,-0.0160296291,0.00362545002,0.00362754911,0.0164353115
3.60005856e-07,0.0171764884,-0.0029900549,0.000151723289,-0.0919185206,-0.0170431788,0.00367453951,0.00367674083,0.0174354582
3.60906029e-07,0.0176166948,-0.00259441836,0.00017645405,-0.0824757889,-0.0174988543,0.003296823,0.00329903156,0.0178075848
3.61804638e-07,0.0167886652,-0.0020610299,0.000198906186,-0.0683202371,-0.0166928169,0.00273074884,0.00273280948,0.0169158709
3.62701797e-07,0.0163778123,-0.00168264064,0.000215100401,-0.0584551021,-0.0162974241,0.00233623251,0.00233820409,0.0164654269
3.63604613e-07,0.015201183,-0.00114378927,0.000206607103,-0.0438136607,-0.0151432843,0.00175075955,0.00175254643,0.0152455536
3.64500352e-07,0.0138515048,-0.000922177918,0.000183971322,-0.0369239189,-0.0138035478,0.00147535273,0.00147695675,0.0138833873
3.65402428e-07,0.0131768808,-0.00144379435,0.000171389154,-0.049278073,-0.0131086043,0.00196957415,0.00197112292,0.0132568512
3.66300185e-07,0.0134527478,-0.00255946303,0.000155252332,-0.0774254873,-0.0133396359,0.00309538216,0.00309701949,0.0136949399
3.67200897e-07,0.0144824991,-0.00267646112,0.000165920253,-0.0813801959,-0.0143638847,0.00325346574,0.00325520784,0.0147286712
3.68100473e-07,0.0153741809,-0.00304992939,0.00015352339,-0.0916034877,-0.0152399185,0.00366229303,0.00366413951,0.0156745359
3.69004937e-07,0.0166348182,-0.0031291137,0.000159846357,-0.0948448628,-0.0164963809,0.00379182604,0.00379379451,0.0169273175
3.69901272e-07,0.0175819881,-0.00314953201,0.000141996716,-0.0963039175,-0.0174419767,0.00385010472,0.0038521567,0.0178624192
3.70802496e-07,0.0180140212,-0.00275815465,0.00017204482,-0.0869592503,-0.0178893152,0.00347631713,0.00347837001,0.0182247627
3.71702015e-07,0.0176607966,-0.00225513848,0.000204591764,-0.0740385652,-0.0175564884,0.0029595781,0.00296154261,0.0178053713
3.72600027e-07,0.0169261582,-0.0017902297,0.00019948071,-0.0616876073,-0.016841029,0.0024656635,0.00246750429,0.0170217375
3.73503667e-07,0.0157207027,-0.00120814214,0.000215589011,-0.045937486,-0.015659815,0.00183583619,0.00183749944,0.0157685313
3.74400145e-07,0.0145498738,-0.00098314858,0.000200565759,-0.0391428471,-0.01449892,0.00156420193,0.00156571388,0.0145844312
3.75302562e-07,0.0138445096,-0.00150880928,0.000167879567,-0.0515673943,-0.0137730992,0.00206123511,0.00206269577,0.0139274957
3.76205691e-07,0.0134607665,-0.0025608805,0.000153067696,-0.0774649754,-0.0133475914,0.00309711916,0.00309859902,0.0137030571
3.77100775e-07,0.0147439735,-0.00276268809,0.000189415237,-0.0837920606,-0.0146217018,0.00335007992,0.00335168242,0.0150017692
3.78002852e-07,0.0157931112,-0.00316442223,0.000153066998,-0.0948789939,-0.0156539352,0.00379344703,0.00379515976,0.0161077422
3.78905838e-07,0.0167903379,-0.00318164797,0.000167679726,-0.0963082016,-0.0166496754,0.00385053743,0.00385232806,0.0170899516
3.79803225e-07,0.0179389771,-0.00329722231,0.000159569885,-0.100345999,-0.0177927741,0.00401195264,0.00401383996,0.0182401765
3.80701664e-07,0.0184926093,-0.00287177437,0.000174596615,-0.0902719051,-0.0183629768,0.00360898439,0.0036108762,0.0187150787
3.81601581e-07,0.0179315079,-0.00231431588,0.000209122896,-0.0757829472,-0.0178246167,0.00302953373,0.00303131789,0.0180814481
3.82502833e-07,0.0174509883,-0.00184999779,0.000207427613,-0.0637015775,-0.0173630492,0.00254637139,0.0025480631,0.0175500003
3.83405364e-07,0.0162879005,-0.0012559481,0.00022481929,-0.0476953723,-0.0162246474,0.00190628577,0.00190781489,0.0163377983
3.84302183e-07,0.0151426913,-0.00104485406,0.00020177156,-0.041273918,-0.0150887958,0.00164956443,0.00165095672,0.0151800373
3.85206448e-07,0.0143610192,-0.00155758485,0.000195257831,-0.0532991774,-0.0142872452,0.00213062655,0.0021319671,0.0144465591
3.86105228e-07,0.0138429031,-0.00249215146,0.000167037651,-0.0761267915,-0.0137321708,0.00304372648,0.00304507166,0.0140664383
3.87002899e-07,0.0150751416,-0.00286841369,0.000186372912,-0.0867606923,-0.0149483771,0.00346896414,0.00347042769,0.0153467399
3.87902247e-07,0.0161312688,-0.00330187799,0.000163369899,-0.098646991,-0.0159863256,0.00394431554,0.00394587964,0.0164665395
3.8880043e-07,0.0173419137,-0.00341982814,0.000167385209,-0.102805957,-0.0171912853,0.00411058422,0.00411223829,0.0176766855
3.89703445e-07,0.0181128047,-0.00343529624,0.000145520185,-0.103964165,-0.0179609412,0.00415686737,0.00415856659,0.0184362722
3.90604498e-07,0.0191690605,-0.00313613936,0.000162613462,-0.0975483507,-0.0190283152,0.00390018875,0.00390193403,0.0194245899
3.9150359e-07,0.0191724077,-0.00256140879,0.000212912841,-0.0831934735,-0.0190546428,0.00332605176,0.00332773894,0.0193439232
3.92400807e-07,0.01811965,-0.00198161299,0.00022564808,-0.0676541775,-0.0180259128,0.00270462065,0.0027061671,0.0182290818
3.93303281e-07,0.0172405131,-0.00142069021,0.000216783315,-0.0527602136,-0.0171699101,0.00210899045,0.00211040854,0.0173003077
3.94204847e-07,0.0160110444,-0.00113492936,0.000223708834,-0.0443893969,-0.0159528522,0.00177429255,0.00177557588,0.0160527771
3.95103427e-07,0.0150286015,-0.00167845178,0.000182750504,-0.0569829643,-0.0149494601,0.00227809297,0.00227931857,0.0151231432
3.96004793e-07,0.0146461558,-0.00206075376,0.000163992881,-0.066150099,-0.0145520322,0.00264479539,0.00264600396,0.0147913312
3.96902209e-07,0.0152559821,-0.00293826987,0.000168390441,-0.0886824876,-0.0151262794,0.00354599613,0.0035472995,0.0155372705
3.97801529e-07,0.0164098833,-0.00343512953,0.000177933602,-0.102250122,-0.0162593886,0.0040886021,0.00409000486,0.0167665156
3.98701019e-07,0.0173969697,-0.00341985282,0.000178670336,-0.102856599,-0.0172462964,0.00411281053,0.00411426395,0.017730817
3.99605284e-07,0.0187041368,-0.00361957657,0.00016072682,-0.109154657,-0.0185444311,0.00436464727,0.00436618626,0.0190518215
4.0050125e-07,0.0194314402,-0.00322955288,0.000172716449,-0.100139081,-0.0192867494,0.00400401994,0.00400556326,0.0196987489
4.01401934e-07,0.0198857654,-0.00277007069,0.000178016868,-0.089114897,-0.0197590856,0.00356307344,0.00356459588,0.0200785619
4.02300259e-07,0.0177918747,-0.00199596165,0.000222519404,-0.0676790401,-0.0176978259,0.00270585031,0.00270716161,0.0179048648
4.03203927e-07,0.0177640505,-0.0014815703,0.000226990669,-0.0548002347,-0.0176905942,0.00219075776,0.00219200939,0.0178271721
4.04100405e-07,0.016800249,-0.0012300011,0.000213428168,-0.0475499183,-0.0167376237,0.001900848,0.00190199673,0.016846567
4.05006375e-07,0.0156076951,-0.00166700117,0.000189992497,-0.0572722293,-0.0155285483,0.00228980908,0.00229088917,0.0156976156
4.05901005e-07,0.0150326733,-0.00214105798,0.000167313206,-0.0685388297,-0.0149350292,0.00274049196,0.00274155319,0.0151853017
4.0680365e-07,0.0156422202,-0.00310077122,0.000159194518,-0.0931241885,-0.0155057103,0.00372381291,0.00372496754,0.0159473878
4.07702572e-07,0.0167506244,-0.00318343053,0.000201623596,-0.0962985903,-0.0166099224,0.00385073044,0.00385194361,0.0170516363
4.08602091e-07,0.0177456457,-0.00355921965,0.000160749711,-0.106682196,-0.0175891203,0.00426600921,0.00426728785,0.0180997742
4.09506214e-07,0.0189430546,-0.00375237549,0.00017986029,-0.112705886,-0.0187778472,0.00450689413,0.00450823545,0.0193119649
4.10402123e-07,0.0199654661,-0.00342785218,0.0001602845,-0.10562183,-0.0198124183,0.00422351596,0.00422487319,0.0202582255
4.11302494e-07,0.0202849731,-0.00285175093,0.000222710543,-0.0915491879,-0.0201547076,0.00366065241,0.00366196752,0.0204856588
4.1220062e-07,0.0194044095,-0.00221461849,0.000236368083,-0.0747504905,-0.0193003269,0.00298881645,0.00299001962,0.0195318077
4.13103805e-07,0.0178052075,-0.00169014686,0.000209237813,-0.0600467548,-0.0177233774,0.00240081332,0.00240187019,0.0178864695
4.14000084e-07,0.0171226468,-0.00129616121,0.000217803012,-0.0495204404,-0.0170571179,0.00197984766,0.00198081762,0.0171730168
4.14901791e-07,0.0159959234,-0.00172628521,0.000183245778,-0.0591372252,-0.0159140954,0.00236457069,0.00236548901,0.0160898479
4.15803981e-07,0.0157905724,-0.00195692177,0.000178412985,-0.0646929219,-0.0156996856,0.00258681092,0.00258771688,0.015912371
4.16706513e-07,0.0160906315,-0.00320810219,0.00014885061,-0.0962496251,-0.0159494708,0.00384898969,0.003849985,0.016408001
4.17606543e-07,0.0169832949,-0.00325120334,0.000173683118,-0.0982196182,-0.0168396966,0.00392775337,0.00392878473,0.0172925647
4.18506119e-07,0.0179460533,-0.00361516024,0.000190644394,-0.108275041,-0.0177871305,0.00432991922,0.00433100164,0.0183075547
4.1940558e-07,0.0194536559,-0.00390349608,0.000176983245,-0.116986603,-0.0192819969,0.00467831245,0.0046794641,0.0198422109
4.20303252e-07,0.0202022456,-0.0034879609,0.000165367848,-0.107354544,-0.0200466047,0.00429304525,0.00429418176,0.0205018034
4.21200809e-07,0.0202728994,-0.00287902332,0.000184450546,-0.0922124311,-0.020141553,0.00368742016,0.00368849725,0.0204771396
4.22104222e-07,0.019572977,-0.00220930343,0.000248338678,-0.0747806802,-0.0194689721,0.00299024655,0.00299122721,0.0196988355
4.23004792e-07,0.0191191714,-0.00191079197,0.000253249716,-0.0668683946,-0.0190274668,0.00267382647,0.00267473578,0.0192160864
4.23902179e-07,0.0179361366,-0.00136447989,0.000233514569,-0.0520360433,-0.0178672249,0.00208064261,0.00208144173,0.0179894783
4.24805989e-07,0.016708266,-0.00118411786,0.000211515391,-0.046300929,-0.0166475491,0.00185132313,0.00185203716,0.0167515082
4.25702666e-07,0.0163188353,-0.00204241532,0.000183752927,-0.0673524737,-0.0162241072,0.00269336096,0.00269409895,0.0164471764
4.26604885e-07,0.0151809314,-0.00312782661,9.72680064e-05,-0.0933293626,-0.0150437086,0.00373240002,0.0037331745,0.0155001109
4.27500765e-07,0.0166958775,-0.00334038539,0.000235131316,-0.100154936,-0.0165489428,0.00400537046,0.00400619745,0.0170283818
4.28406338e-07,0.0179683957,-0.00380043802,0.000157428338,-0.112920672,-0.0178020459,0.00451594225,0.00451682687,0.0183665826
4.29303668e-07,0.0194867942,-0.0038073,0.000228981196,-0.114610888,-0.0193189555,0.0045835185,0.00458443552,0.0198565635
4.30202931e-07,0.0211809874,-0.00395086687,0.000126656683,-0.119892046,-0.0210060523,0.00479472018,0.00479568183,0.0215466846
4.31103416e-07,0.0215634499,-0.0033769242,9.93339418e-05,-0.10593608,-0.0214111605,0.00423653102,0.00423744321,0.0218264943
4.32000007e-07,0.021162454,-0.0026857038,0.000141493641,-0.0882664472,-0.0210381268,0.00352982797,0.00353065789,0.0213326624
4.32905523e-07,0.0189553648,-0.00187919498,0.000125783263,-0.0659097806,-0.0188650548,0.00263570425,0.00263639122,0.0190487021
4.33800153e-07,0.0175928995,-0.00142452668,0.000181630967,-0.0531877615,-0.0175218612,0.00212691555,0.00212751046,0.0176514129
4.34701491e-07,0.0161824543,-0.00119953277,0.000186929537,-0.0461555235,-0.0161215415,0.00184569884,0.00184622094,0.016227928
4.35601038e-07,0.0160988569,-0.0023088993,0.000121748883,-0.0737854242,-0.0159936482,0.002950835,0.00295141697,0.0162640411
4.36505815e-07,0.0106213205,-0.0074360189,0.000229319761,-0.196389824,-0.0103154631,0.00785481041,0.00785559297,0.0129676294
4.37400047e-07,0,0,0,0,-0,-0,-0,0
4.38305904e-07,0.000600546889,-0.000170477302,1.12591508e-07,-0.00485923979,-0.000593249242,0.000194356409,0.000194369592,0.000624274851
4.39206389e-07,0.0010456827,-0.000294883124,1.03460352e-05,-0.00841215625,-0.00103305409,0.000336463404,0.00033648625,0.00108651526
4.4010136e-07,0.00123324408,-0.000346101733,8.75999467e-06,-0.0098792091,-0.00121841724,0.000395141498,0.000395168364,0.00128091925
4.41003294e-07,0.0015457772,-0.000433140667,8.79687013e-06,-0.0123660602,-0.00152721973,0.000494608802,0.000494642407,0.00160533964
4.4190466e-07,0.00192172255,-0.000520767702,1.33025096e-05,-0.0149310026,-0.00189936022,0.000597199549,0.000597240105,0.00199107848
4.42806567e-07,0.00234434893,-0.000635064032,1.95787452e-05,-0.0182088614,-0.00231707792,0.000728305002,0.000728354454,0.0024289219
4.4370168e-07,0.00283025415,-0.000766422891,3.26759218e-05,-0.0219762325,-0.0027973415,0.000878989813,0.000879049301,0.00293237281
4.44603387e-07,0.00343987532,-0.000929675007,3.4488763e-05,-0.0266640447,-0.0033999467,0.00106648969,0.00106656179,0.00356345721
4.45504156e-07,0.00388492388,-0.00105573353,8.03429793e-05,-0.0302581582,-0.00383959827,0.00121024458,0.00121032633,0.00402661916
4.46405551e-07,0.00429924624,-0.00116989959,7.67248785e-05,-0.0335244611,-0.0042490238,0.00134088779,0.00134097844,0.00445623945
4.47304842e-07,0.00463948492,-0.00126452616,8.66344126e-05,-0.0362285674,-0.00458520627,0.00144904459,0.00144914269,0.00480950645
4.48206492e-07,0.00519437483,-0.00142230734,0.00011093681,-0.040724989,-0.00513334276,0.00162888923,0.00162899956,0.00538672396
4.49101037e-07,0.00644520251,-0.00177912682,0.000147275568,-0.0508893616,-0.00636890094,0.00203544306,0.00203557447,0.00668787094
4.50004279e-07,0.00753242243,-0.0020765001,0.000144600956,-0.0594050623,-0.00744335944,0.00237605567,0.00237620249,0.00781473926
4.50902803e-07,0.00866769347,-0.00230661593,0.000166427126,-0.0662886277,-0.00856852021,0.00265138618,0.00265154511,0.00897090214
4.51803913e-07,0.00938789546,-0.0026088967,0.000181827883,-0.0745601282,-0.00927605811,0.00298222555,0.00298240513,0.00974535708
4.52703944e-07,0.0101301027,-0.00279666972,0.000222476723,-0.0799929798,-0.0100101628,0.00319952875,0.00319971919,0.0105114147
4.53603093e-07,0.0108413398,-0.00276505016,0.000235888656,-0.0799140334,-0.0107220954,0.00319637637,0.00319656134,0.01119088
4.54503379e-07,0.00885446183,-0.00246393727,0.000234130945,-0.0704059526,-0.008748848,0.00281605042,0.00281623811,0.00919387288
4.55400908e-07,0.00958094839,-0.00283022365,0.000262859801,-0.0802827328,-0.00946010589,0.00321109552,0.00321130931,0.00999368967
4.56306623e-07,0.0105720302,-0.00306896004,0.000303856301,-0.0872376263,-0.010440848,0.00348927365,0.00348950505,0.0110126594
4.57202788e-07,0,0,0,0,-0,-0,-0,0
4.5810458e-07,0.000842127309,-0.00023858546,-4.12757117e-06,-0.00680172723,-0.000831912823,0.000272070728,0.000272069089,0.000875281933
4.59000177e-07,0.000701407553,-0.000197289643,1.33007425e-05,-0.00562948035,-0.00069295702,0.000225180653,0.000225179214,0.000728747328
4.59904044e-07,0.00128383655,-0.000358040124,2.95020818e-05,-0.0102272639,-0.00126849183,0.000409093499,0.000409090556,0.00133315393
4.60804586e-07,0.00131575123,-0.000366522203,2.27766177e-05,-0.0104710525,-0.00130004179,0.00041884504,0.0004188421,0.00136603755
4.61705639e-07,0.00158791384,-0.000430401822,1.68400766e-05,-0.0123388218,-0.00156943219,0.000493557164,0.000493552871,0.00164529623
4.62606351e-07,0.00195969082,-0.000529904908,-1.27742808e-07,-0.0151960533,-0.00193693274,0.000607847772,0.000607842132,0.00203007078
4.6350047e-07,0.00233525364,-0.000632366457,2.69553184e-05,-0.0181309767,-0.00230809777,0.000725245869,0.000725239068,0.00241950893
4.64400188e-07,0.00282252324,-0.000763619377,3.94003691e-05,-0.0218967739,-0.00278972889,0.000875879388,0.000875870958,0.00292426134
4.65301156e-07,0.00324407197,-0.000884285313,5.71700621e-05,-0.0253324173,-0.00320611507,0.00101330626,0.00101329669,0.00336292014
4.66201783e-07,0.00365048111,-0.000996232615,7.79383554e-05,-0.0285351314,-0.00360772244,0.00114141604,0.00114140525,0.00378478086
4.67102382e-07,0.00396208512,-0.00108496996,7.72832573e-05,-0.0310632922,-0.00391552864,0.00124254325,0.00124253169,0.00410867996
4.68003094e-07,0.00424143346,-0.00116612844,9.78816097e-05,-0.0333698913,-0.00419140807,0.00133480776,0.00133479565,0.00439990842
4.68901192e-07,0.00528037781,-0.00147114485,0.000122865371,-0.0420276336,-0.00521732397,0.00168112688,0.00168110535,0.00548285992
4.69804434e-07,0.00635229703,-0.00178123266,0.000144600286,-0.050845027,-0.00627598556,0.00203383199,0.00203380108,0.00659889207
4.70701622e-07,0.00745941279,-0.00208669109,0.000168134648,-0.0595819019,-0.00737000067,0.00238331891,0.00238327608,0.00774760532
4.71605205e-07,0.00826400984,-0.00218968652,0.000195238827,-0.0629587099,-0.00816983541,0.00251840726,0.0025183484,0.00855141532
4.72505349e-07,0.00875965506,-0.00244654994,0.000201339164,-0.0698708072,-0.00865481237,0.00279488574,0.00279483229,0.00909712597
4.73403077e-07,0.00932416786,-0.00262399972,0.000211205246,-0.0748677924,-0.00921177751,0.00299476807,0.0029947117,0.00968865772
4.74305068e-07,0.0100827515,-0.00249099149,0.000232158141,-0.0723028332,-0.0099750733,0.00289220149,0.00289211333,0.0103884943
4.75205383e-07,0.0109651117,-0.00272013294,0.00027424944,-0.078908585,-0.0108475644,0.00315644463,0.0031563434,0.0113007969
4.76105299e-07,0.0115893641,-0.00298305973,0.000278482708,-0.0861004516,-0.0114608033,0.00344412456,0.00344401807,0.0119703617
4.77004335e-07,0.0124295549,-0.00319131743,0.000315100013,-0.0921424329,-0.012291994,0.00368581434,0.00368569732,0.012836574
4.77904337e-07,0.00593647501,-0.00112656935,1.43825073e-05,-0.0340728089,-0.0058866757,0.00136306389,0.00136291236,0.00604244163
4.78806498e-07,0.00608177762,-0.000818110653,-0.000407052314,-0.0265124422,-0.00604419715,0.00106066249,0.00106049769,0.00615004193
4.79704852e-07,0.00612423429,-0.000990418834,6.11170326e-05,-0.0308587775,-0.00607972937,0.00123453066,0.0012343511,0.00620410432
4.80604911e-07,0.00542309135,-0.000720575452,8.14914383e-05,-0.0234172251,-0.00538993812,0.000936864881,0.000936689004,0.00547136086
4.81505936e-07,0.00495421002,-0.000482714822,8.86672933e-05,-0.0170066487,-0.00493094373,0.000680444262,0.000680265948,0.00497846084
4.8240031e-07,0.00426776102,-0.000354163902,6.83307153e-05,-0.013109576,-0.00425018449,0.00052454553,0.000524383038,0.00428297622
4.83300937e-07,0.00392499287,-0.000273165468,6.12423974e-05,-0.010743686,-0.00391092959,0.000429904816,0.00042974744,0.00393496366
4.84201792e-07,0.004050266,-0.000471487758,7.11816465e-05,-0.0158231165,-0.00402817174,0.000633078058,0.000632924661,0.00407823763
4.85102646e-07,0.00458227517,-0.00100287073,9.77978416e-05,-0.0296290759,-0.00453850571,0.00118531068,0.00118516304,0.00469175445
4.86003898e-07,0.00508857565,-0.00105367915,6.91370587e-05,-0.0314038061,-0.0050423694,0.00125632507,0.00125615224,0.00519698199
4.86900774e-07,0.005744847,-0.00112514454,-8.8669558e-06,-0.0338442996,-0.00569525796,0.00135397715,0.00135377198,0.00585399829
4.87801117e-07,0.00574778998,-0.00109518087,-1.25933111e-05,-0.033098489,-0.00569939681,0.00132415513,0.00132393956,0.00585121093
4.88701062e-07,0.00636034412,-0.00108424108,1.56466758e-05,-0.0334367231,-0.00631189845,0.00133771973,0.00133746892,0.006452116
4.89600041e-07,0.00646058936,-0.000956746284,9.15545461e-05,-0.0303515941,-0.00641716193,0.00121433566,0.00121406376,0.00653168895
4.90500497e-07,0.00637625391,-0.000771802035,9.00550513e-05,-0.0256469864,-0.00634028973,0.00102616682,0.00102587946,0.00642342605
4.91403341e-07,0.00599265099,-0.000595473044,8.41426372e-05,-0.020858828,-0.00596404493,0.000834638852,0.000834353119,0.00602275136
4.92304309e-07,0.00524125621,-0.000426348648,0.000116911884,-0.0158834923,-0.00522001436,0.000635601961,0.000635339692,0.0052598677
4.9320505e-07,0.00445378153,-0.000325938076,9.33572665e-05,-0.0125887729,-0.00443718493,0.000503781118,0.000503550917,0.00446666778
4.94105905e-07,0.00436175289,-0.000570342818,8.19267589e-05,-0.0186024457,-0.00433545632,0.000744310198,0.000744097829,0.00439964671
4.95005395e-07,0.00523327105,-0.000812742685,9.03349865e-05,-0.0255278274,-0.00519658395,0.0010213676,0.0010211131,0.00529677609
4.95905738e-07,0.00590697862,-0.00116130244,7.18449228e-05,-0.0349078551,-0.00585581396,0.00139658966,0.0013963142,0.00602048017
4.96806422e-07,0.00618086988,-0.00116156891,3.29343893e-05,-0.0351877697,-0.00612947548,0.00140780865,0.00140751079,0.00628915571
4.97700455e-07,0.00632577436,-0.00111734122,3.72753311e-05,-0.0342273898,-0.00627603268,0.00136941097,0.00136909559,0.00642380433
4.98601196e-07,0.00644220226,-0.00106245442,3.70026937e-05,-0.0329722874,-0.00639456234,0.00131922395,0.0013188915,0.00652932987
4.99501937e-07,0.00665824721,-0.000949628593,9.74231152e-05,-0.0303691626,-0.0066149463,0.00121512786,0.0012147665,0.00672633196
5.00402166e-07,0.00651177391,-0.000771920662,0.000117600284,-0.0257833283,-0.0064756966,0.00103170471,0.00103133313,0.00655842137
5.01302907e-07,0.00596732786,-0.000591761898,0.000105305051,-0.0207390711,-0.00593889047,0.00082991802,0.000829562843,0.00599752224
5.02203761e-07,0.00529992022,-0.00040927899,0.000103528204,-0.0155140609,-0.00527931405,0.000620891891,0.000620562434,0.00531670779
5.03104673e-07,0.00515884114,-0.000411839632,0.000100157136,-0.0154370833,-0.00513824543,0.000617808827,0.000617483333,0.00517622307
5.04002287e-07,0.00454492029,-0.000553047808,8.10066776e-05,-0.0183518976,-0.00451916882,0.000734353765,0.000734075904,0.00457916197
5.0490047e-07,0.00583841419,-0.000877910061,9.13483527e-05,-0.0277594272,-0.00579863704,0.00111068212,0.00111037709,0.00590475663
5.05800699e-07,0.00572107919,-0.00117955043,8.93607721e-05,-0.0351764672,-0.0056693335,0.00140738906,0.00140705869,0.0058420948
5.06701099e-07,0.00655451743,-0.00129041111,6.85572959e-05,-0.0387775004,-0.00649767183,0.0015514897,0.00155110002,0.00668068557
5.07601726e-07,0.00688305218,-0.0012808101,3.84446066e-05,-0.038865339,-0.00682632773,0.00155503426,0.00155461356,0.00700131129
5.08502296e-07,0.00720100198,-0.00125765917,3.02936223e-05,-0.0386040919,-0.00714494899,0.00154461645,0.00154416367,0.00731006524
5.09405709e-07,0.00713796495,-0.00109090924,5.29092249e-05,-0.0343753137,-0.0070886306,0.00137547909,0.00137501255,0.0072210405
5.1030662e-07,0.00681147911,-0.000877728977,7.33884517e-05,-0.0287237316,-0.00677093085,0.0011494134,0.00114894927,0.00686819057
5.11204632e-07,0.00630094158,-0.000675901654,0.000125290855,-0.0231721401,-0.00626887264,0.000927331463,0.000926885605,0.0063383283
5.12105373e-07,0.00571202161,-0.000497058674,0.000112493479,-0.018116558,-0.00568757555,0.000725081021,0.000724662319,0.00573471124
5.13006114e-07,0.00528988102,-0.000409531262,0.000115711227,-0.0155086331,-0.0052692728,0.0006207425,0.000620345324,0.00530697147
5.13900375e-07,0.00487694656,-0.000604889297,0.000115530609,-0.0199769083,-0.00484885641,0.000799431296,0.000799076334,0.00491567352
5.14805663e-07,0.00563376397,-0.000889746705,0.000103510858,-0.0278479699,-0.00559367718,0.00111432547,0.0011139188,0.00570452979
5.15706461e-07,0.00644842209,-0.0012901579,7.6110482e-05,-0.0386635363,-0.00639167149,0.00154699402,0.00154654145,0.00657665931
5.16606235e-07,0.00684643444,-0.00128021382,4.39707255e-05,-0.0388120301,-0.00678976312,0.00155297414,0.0015524812,0.00696523836
5.17500382e-07,0.00715949293,-0.00127284916,4.01754987e-05,-0.0389401838,-0.00710286571,0.00155813437,0.00155760735,0.00727187033
5.1840118e-07,0.00726287346,-0.00119936233,7.45348589e-05,-0.0372073278,-0.00720910224,0.00148884045,0.00148829311,0.00736161371
5.19301864e-07,0.00728478655,-0.0010749083,9.20376551e-05,-0.0341199376,-0.00723597463,0.00136536225,0.0013647975,0.00736423885
5.20202605e-07,0.00706890505,-0.00085964828,0.000108072993,-0.0285268147,-0.00702887392,0.00114164146,0.00114107259,0.00712180409
5.21103289e-07,0.00649061333,-0.000617739512,0.000121179248,-0.0219064746,-0.00646071854,0.000876800692,0.000876258984,0.00652106954
5.220042e-07,0.00599391898,-0.000442374992,0.000111690279,-0.0170299504,-0.0059714342,0.000681713969,0.000681198016,0.00601125903
5.22904315e-07,0.00578185404,-0.000456854294,0.000110848894,-0.0171799809,-0.00575895987,0.000687701352,0.000687199235,0.00580093436
5.23804772e-07,0.00504057948,-0.000589648087,0.000171663734,-0.0197579227,-0.00501296792,0.000790745849,0.00079031691,0.00507785336
5.24705285e-07,0.00543600367,-0.000804444717,6.93025577e-05,-0.025518097,-0.00539948624,0.00102118341,0.00102072388,0.00549564101
5.25605287e-07,0.00626504002,-0.00131641026,4.89913873e-05,-0.0391345806,-0.00620738629,0.00156589205,0.00156538323,0.00640203582
5.26506085e-07,0.00693778321,-0.00138289051,4.65198355e-05,-0.0414661504,-0.00687693285,0.00165922167,0.00165864602,0.00707441772
5.27405973e-07,0.00755431782,-0.00143284921,8.18457047e-05,-0.0433288924,-0.00749097649,0.00173379522,0.0017331557,0.00768943908
5.28304042e-07,0.00781950355,-0.00136190769,6.10323368e-05,-0.0418209396,-0.007758787,0.00167351505,0.00167283759,0.00793745256
5.29204726e-07,0.00784505345,-0.00121348095,8.32236037e-05,-0.038138289,-0.00779025195,0.00152622876,0.00152553156,0.00793878617
5.30105581e-07,0.0073647243,-0.000965368468,8.52495359e-05,-0.031460803,-0.00732022886,0.0012591067,0.00125843212,0.0074282143
5.31006208e-07,0.00684490148,-0.000723071455,0.000110935587,-0.0248892289,-0.00681051114,0.000996216127,0.000995569155,0.00688388083
5.31900412e-07,0.00609207107,-0.000518591725,0.000126320985,-0.019030083,-0.00606645992,0.000761794773,0.000761203319,0.00611540876
5.32801209e-07,0.00602113595,-0.000489801634,0.000123383928,-0.0182399489,-0.00599673284,0.000730191063,0.000729597956,0.00604228495
5.33701098e-07,0.00560370134,-0.000683137565,0.00027880937,-0.0226534586,-0.00557190076,0.000906679413,0.000906138346,0.00565206868
5.34603942e-07,0.00608393969,-0.000982903643,7.36552465e-05,-0.0306207128,-0.00603976753,0.00122541012,0.00122482851,0.00616326592
5.35500874e-07,0.00657682074,-0.00136219105,6.88230939e-05,-0.0405872539,-0.00651708687,0.00162410412,0.00162349015,0.00671676054
5.36401558e-07,0.00710444245,-0.0013720158,5.06280885e-05,-0.0413585827,-0.00704389366,0.00165502026,0.00165434331,0.00723588924
5.37302185e-07,0.00767966174,-0.00139520224,5.3261283e-05,-0.0425111279,-0.00761772562,0.00170119079,0.00170044512,0.00780555126
5.38202812e-07,0.0080026947,-0.00133110757,8.54231912e-05,-0.041231811,-0.00794306329,0.00165006526,0.00164927244,0.00811309231
5.39102189e-07,0.00795529597,-0.00117712549,0.000135391092,-0.0373376347,-0.00790186011,0.00149431091,0.00149350539,0.00804305222
5.40002986e-07,0.00768747181,-0.000947263034,0.000130585991,-0.0313280709,-0.00764344223,0.0012539222,0.00125312284,0.00774671432
5.4090367e-07,0.00698196655,-0.000685727573,0.000139754789,-0.0240909252,-0.00694895993,0.000964383258,0.000963637009,0.00701695166
5.41804241e-07,0.0064573288,-0.000483993615,0.00012042957,-0.0185280647,-0.00643280904,0.000741830751,0.000741122589,0.00647656146
5.42704697e-07,0.00624659052,-0.000497923756,0.000111843321,-0.0186658073,-0.00622168228,0.000747322466,0.000746632293,0.00626740218
5.43604983e-07,0.00576377939,-0.000660122605,0.000363474421,-0.0222364143,-0.00573277112,0.000890084278,0.00088945657,0.00581283308
5.44503393e-07,0.00597962318,-0.000936023484,9.51113034e-05,-0.0293437876,-0.00593740916,0.00117439591,0.0011737515,0.00605318755
5.4540169e-07,0.00666800141,-0.00141487317,6.05364803e-05,-0.0419922806,-0.00660608789,0.00168039036,0.00167969123,0.00681672749
5.46304875e-07,0.00741509907,-0.00149993447,6.33968812e-05,-0.0448617339,-0.0073491864,0.00179525956,0.00179446936,0.00756554802
5.47201694e-07,0.00792222284,-0.00150316977,4.44563229e-05,-0.0454478189,-0.00785577515,0.00181877181,0.00181791276,0.00806369087
5.4810215e-07,0.00827136263,-0.00143363466,8.60002765e-05,-0.0440585054,-0.00820741633,0.00176325419,0.00176234022,0.00839512622
5.49002777e-07,0.00838706549,-0.00130048988,7.87570607e-05,-0.040847443,-0.00832835101,0.00163484279,0.00163389772,0.00848765834
5.49902609e-07,0.00792913791,-0.0010502392,0.000117590564,-0.0341391824,-0.00788079708,0.00136648006,0.0013655673,0.00799925358
5.50803406e-07,0.00736615947,-0.000782434072,0.000143845391,-0.0268876478,-0.00732897831,0.00107637602,0.00107550591,0.00740899452
5.51704034e-07,0.00668712705,-0.000550260767,0.000144923426,-0.0204106383,-0.0066597735,0.000817234376,0.000816425532,0.00671129331
5.52604718e-07,0.00649688533,-0.000536678126,0.000129570442,-0.0198815428,-0.00647022711,0.000796054959,0.000795261711,0.00652030144
5.53505629e-07,0.00602818932,-0.000339062914,0.000286679919,-0.0144775314,-0.00600980852,0.000579854977,0.000579101257,0.00604451946
5.54402902e-07,0.0065732873,-0.0010389291,0.0001214882,-0.0325043723,-0.00652648329,0.00130095945,0.00130017489,0.00665599272
5.55305235e-07,0.00731668854,-0.00156250352,6.71274247e-05,-0.0463247597,-0.0072483525,0.00185384318,0.00185299039,0.00748196863
5.56205521e-07,0.00785659999,-0.00157759618,6.26851543e-05,-0.0472396016,-0.00778722852,0.00189051447,0.00188958406,0.00801366973
5.57106489e-07,0.00814855658,-0.0015484835,6.97731884e-05,-0.0468030311,-0.00808011577,0.00187310023,0.00187212124,0.00829467562
5.58000522e-07,0.0086194193,-0.00149077142,8.36061154e-05,-0.0458302498,-0.00855290973,0.0018342638,0.00183320999,0.00874778706
5.58900695e-07,0.00871078484,-0.00133568246,8.6254513e-05,-0.0420466885,-0.00865040409,0.00168295255,0.00168186754,0.00881301651
5.59804334e-07,0.00830357149,-0.00108625588,0.000133288835,-0.0354096554,-0.00825349087,0.00141744129,0.00141638622,0.00837538162
5.60705246e-07,0.00782726053,-0.000791738858,0.000150097796,-0.0275773108,-0.00778933845,0.00110411249,0.00110309243,0.00786863312
5.61603088e-07,0.00716706971,-0.000565838185,0.000162427823,-0.0212759525,-0.00713870932,0.000851991921,0.000851038098,0.00719120601
5.6250218e-07,0.00716038002,-0.000578488223,0.000157554925,-0.0215850994,-0.00713151912,0.000864364324,0.000863403976,0.00718543765
5.63402693e-07,0.00650463067,-0.00038570154,0.000294106925,-0.0161154959,-0.00648400371,0.000645508869,0.000644619837,0.00652268999
5.64301729e-07,0.00647223974,-0.000990013825,0.000172805841,-0.031179795,-0.00642747264,0.00124804248,0.0012471918,0.00654979973
5.65204857e-07,0.00720648374,-0.00158101763,2.48682918e-05,-0.0466753319,-0.00713749548,0.00186793547,0.00186701328,0.00737791591
5.66105655e-07,0.00817368459,-0.0016887004,5.69652984e-05,-0.0503287055,-0.00809961651,0.00201420983,0.00201314822,0.0083465007
5.67004122e-07,0.00877507683,-0.00173044414,7.73210777e-05,-0.0519703738,-0.00869885839,0.00207996945,0.00207881495,0.00894440545
5.67904692e-07,0.00895015057,-0.00159884035,9.50713002e-05,-0.0488568693,-0.00887905485,0.00195547201,0.00195427477,0.00909233327
5.68805376e-07,0.00895167608,-0.00139886048,0.00010058473,-0.0438623391,-0.00888857619,0.0017557131,0.00175449356,0.00906087372
5.69705662e-07,0.00851128716,-0.00113386882,0.000110002598,-0.0368035361,-0.00845913638,0.00147332255,0.00147214144,0.00858718628
5.70606346e-07,0.00811742246,-0.000838854059,0.000143225479,-0.0290410221,-0.00807738417,0.00116279338,0.00116164088,0.00816190769
5.71504415e-07,0.00726689817,-0.000602471293,0.000152773559,-0.0222884212,-0.007236993,0.0008925878,0.000891536847,0.00729342995
5.72405213e-07,0.00709220348,-0.000580088934,0.000146469698,-0.0215550717,-0.0070633331,0.00086323742,0.000862202868,0.00711739466
5.73305329e-07,0.00717257056,-0.000779904833,0.000125585808,-0.0266266502,-0.0071356454,0.00106610731,0.00106506601,0.00721594012
5.74206013e-07,0.00700654415,-0.001108784,0.000270737539,-0.0346770696,-0.00695660013,0.00138808412,0.00138708279,0.00709889863
5.75105048e-07,0.00757439854,-0.00128789106,8.9897876e-05,-0.0397167318,-0.00751683792,0.00158975604,0.00158866927,0.00768363574
5.76005789e-07,0.008241456,-0.00170752616,6.89823428e-05,-0.0508640744,-0.00816658088,0.00203573066,0.00203456298,0.00841676905
5.76906359e-07,0.00882173702,-0.00174706161,8.06546886e-05,-0.0524293743,-0.00874481674,0.00209843954,0.00209717497,0.00899342946
5.77800392e-07,0.00924539845,-0.00164167047,9.1798378e-05,-0.0502181873,-0.00917235381,0.00201007464,0.00200872749,0.00939046865
5.78700281e-07,0.00932477415,-0.0014409459,0.000104604718,-0.0452825613,-0.00925969285,0.0018126848,0.00181130245,0.00943603095
5.79600453e-07,0.00883134361,-0.00116695627,0.000134641887,-0.0379462764,-0.00877761368,0.00151918238,0.00151785105,0.00890912708
5.80501307e-07,0.00830634963,-0.000860235712,0.000157097791,-0.0297608916,-0.00826530518,0.00119171301,0.00119043566,0.00835225295
5.81402105e-07,0.0076417462,-0.00062852219,0.000166449361,-0.0233102813,-0.00761049943,0.000933607782,0.000932411253,0.00766935659
5.82302789e-07,0.00753433304,-0.000647051609,0.000162352895,-0.0236660223,-0.00750243121,0.000947826999,0.000946640894,0.00756380913
5.83203416e-07,0.00764037855,-0.000882402237,0.000161245611,-0.0296508465,-0.00759898038,0.00118723006,0.00118603386,0.00769285501
5.84103645e-07,0.00725401519,-0.00116647931,0.000336519617,-0.0363627002,-0.00720156602,0.00145562949,0.00145450801,0.00735490692
5.85005125e-07,0.00753301196,-0.00127750414,4.69298793e-05,-0.0394138023,-0.00747589981,0.00157772241,0.00157655209,0.00764071256
5.85901773e-07,0.00839518011,-0.00176999392,4.08462292e-05,-0.0525752194,-0.00831768398,0.00210429578,0.00210300878,0.00857983659
5.86802059e-07,0.00907450542,-0.00183203281,7.59790346e-05,-0.0548011102,-0.00899398501,0.00219345081,0.00219204441,0.00925790287
5.87701777e-07,0.00963518117,-0.00174207345,0.000126205108,-0.053111691,-0.00955780969,0.00212598446,0.00212446764,0.00979221445
5.88602006e-07,0.00970138982,-0.00152006047,0.000145772618,-0.0476311073,-0.00963284354,0.0019067967,0.00190524429,0.00982083489
5.8950252e-07,0.00912954938,-0.00118959998,0.000133679001,-0.0388061777,-0.0090746754,0.00155373303,0.00155224711,0.00920769732
5.90403147e-07,0.00827324111,-0.000863380381,0.000131381166,-0.0298040193,-0.00823209739,0.00119353117,0.00119216077,0.008319207
5.91303831e-07,0.00782771874,-0.000631635776,0.000136985458,-0.0235709082,-0.00779619871,0.000944155795,0.000942836329,0.00785435608
5.92203889e-07,0.00744620152,-0.000670032401,0.00016210672,-0.0241501722,-0.0074134512,0.000967265088,0.00096600689,0.0074780438
5.93104232e-07,0.00775760692,-0.000886384223,0.000158101713,-0.0298647359,-0.00771595574,0.00119589675,0.00119458944,0.00780968234
5.94003836e-07,0.00750497077,-0.00120558124,0.000400416378,-0.0375871696,-0.0074507572,0.00150473569,0.00150348678,0.00761172422
5.94902588e-07,0.00789786968,-0.00135097606,0.000121275232,-0.0416101702,-0.0078375276,0.00166572597,0.00166440681,0.00801350045
5.95804238e-07,0.00854400173,-0.0018205602,3.22350461e-05,-0.0539840832,-0.00846436445,0.00216077288,0.00215936333,0.00873587111
5.96704581e-07,0.00917004514,-0.00184606656,6.93736583e-05,-0.0552440993,-0.00908888711,0.0022112939,0.00220976397,0.00935427723
5.97604924e-07,0.00970802922,-0.0017543725,0.000109045963,-0.0534885898,-0.00963010764,0.00214118681,0.00213954359,0.00986587782
5.98504528e-07,0.00996367354,-0.00154323701,0.000133589041,-0.0484682322,-0.00989399064,0.00194044326,0.00193872929,0.0100833634
5.99405155e-07,0.00948851369,-0.00119943474,0.000172185944,-0.0394063443,-0.0094329593,0.00157791467,0.00157625377,0.00956557284
6.00305384e-07,0.0087779155,-0.000908870017,0.000156610156,-0.0314401686,-0.008734549,0.00125916601,0.00125760674,0.00882623204
6.01206182e-07,0.00829649065,-0.000667188433,0.000155810296,-0.0249232147,-0.00826317392,0.00099842589,0.000996928588,0.00832473269
6.02104535e-07,0.007872032,-0.000706920924,0.000108798253,-0.0254932325,-0.00783746592,0.00102115278,0.0010197293,0.00790445837
6.03001581e-07,0.00798507594,-0.000872413919,0.000141940342,-0.0297397878,-0.00794380147,0.00119103395,0.00118959151,0.00803384658
6.03902151e-07,0.00792719331,-0.00128866837,0.000456061913,-0.0400807373,-0.00786931941,0.00160464075,0.00160322949,0.0080441937
6.04803006e-07,0.00823169295,-0.00140991609,0.000191304061,-0.0434124209,-0.00816872687,0.00173796823,0.00173649684,0.00835375541
6.05702155e-07,0.00855120737,-0.00188054156,2.50087851e-05,-0.0554871745,-0.00846916571,0.00222099442,0.00221948698,0.00875558162
6.0660193e-07,0.0093706185,-0.00196081516,6.08847768e-05,-0.0583075732,-0.00928471131,0.00233397152,0.00233230293,0.00957376593
6.07501647e-07,0.0101671433,-0.00191979075,9.31158138e-05,-0.0580749288,-0.0100822395,0.00232483242,0.00232299715,0.0103472252
6.08401081e-07,0.0104908049,-0.00166943017,0.000149742758,-0.0521422215,-0.010415654,0.00208761511,0.00208568886,0.0106238603
6.09300628e-07,0.010033302,-0.00129780278,0.000161142947,-0.0424029119,-0.00997337817,0.00169798974,0.00169611648,0.0101181722
6.10201084e-07,0.00914909411,-0.000955021766,0.000146198552,-0.0329597518,-0.00910358513,0.00132012403,0.00131839007,0.00919996542
6.11101314e-07,0.00852615666,-0.000713299378,0.000139842043,-0.0263011605,-0.00849081227,0.00105368414,0.00105204642,0.00855708473
6.12002054e-07,0.00798400864,-0.000739523326,0.000150019958,-0.0264167413,-0.00794804924,0.00105820698,0.00105666965,0.00801958819
6.12902568e-07,0.0083357133,-0.000991425244,0.000138118659,-0.0330593064,-0.00828939918,0.00132397183,0.00132237226,0.00839560105
6.13802115e-07,0.00820153207,-0.00135931105,0.00047195371,-0.0421160497,-0.00814061377,0.00168619755,0.00168464199,0.00832679981
6.14700241e-07,0.00850808714,-0.00147262577,0.000209654332,-0.0452514999,-0.00844239225,0.00181168056,0.00181005999,0.00863713658
6.15600527e-07,0.00889183395,-0.00193453103,6.33499512e-05,-0.0571721904,-0.00880736082,0.00228856213,0.00228688762,0.00910006233
6.16500813e-07,0.0094800489,-0.00198084023,3.43403954e-05,-0.0589138977,-0.00939325339,0.00235835661,0.00235655591,0.00968484561
6.17405703e-07,0.0100992946,-0.00187412475,9.00286468e-05,-0.0568636097,-0.0100162712,0.00227648971,0.00227454439,0.0102721079
6.18305705e-07,0.010777574,-0.0016769442,0.000145839222,-0.0526120178,-0.0107018932,0.00210659083,0.00210448071,0.0109082314
6.19206332e-07,0.0105251195,-0.00132031518,0.000175907262,-0.0434514433,-0.010463902,0.00174015159,0.00173805773,0.0106090676
6.20100593e-07,0.00981966406,-0.000987002626,0.000215644992,-0.0344228521,-0.0097723398,0.00137889496,0.00137691408,0.00987149833
6.21001107e-07,0.00891294703,-0.000747474318,0.000186586461,-0.0275370311,-0.00887592662,0.00110329924,0.00110148124,0.00894618115
6.21901165e-07,0.00833262131,-0.000768472382,0.000131155684,-0.0274842475,-0.0082952254,0.00110107366,0.0010993699,0.00836901006
6.22801849e-07,0.00854159426,-0.000994674396,0.00010405614,-0.0333427526,-0.00849498553,0.00133545143,0.0013337101,0.00859994403
6.2370043e-07,0.00829705875,-0.00134196784,0.000530737394,-0.0417753682,-0.00823675759,0.00167268827,0.00167101473,0.00842162359
6.24601171e-07,0.00884746201,-0.00151872006,0.000295857171,-0.0467379801,-0.00877965238,0.00187130936,0.0018695192,0.00898173848
6.25501627e-07,0.0091866916,-0.00200801226,4.71466446e-05,-0.0592984557,-0.00909904416,0.00237377575,0.00237193823,0.00940370346
6.26404926e-07,0.00952709746,-0.00203892123,3.13569763e-05,-0.060408853,-0.00943794169,0.00241827259,0.00241635412,0.00974288299
6.27304132e-07,0.0100770118,-0.0019448892,7.59652976e-05,-0.0586063005,-0.00999117641,0.00234630649,0.00234425202,0.0102632612
6.28204873e-07,0.0108811213,-0.00175575307,0.000134559334,-0.0546805747,-0.0108022061,0.00218947745,0.00218722299,0.0110226846
6.29104875e-07,0.0109743066,-0.00142152095,0.000178122398,-0.0464232154,-0.0109086827,0.0018592391,0.00185692862,0.0110674231
6.30005559e-07,0.0104617374,-0.00106073346,0.000201504226,-0.0369002074,-0.0104109511,0.00147824289,0.0014760083,0.0105173052
6.30905561e-07,0.00965369027,-0.000807881937,0.000194643857,-0.0297799073,-0.00961366169,0.00119328036,0.00119119629,0.00968939086
6.31802664e-07,0.00900132488,-0.000838272623,0.000157218659,-0.0298903007,-0.00896060282,0.00119755908,0.00119561203,0.0090416408
6.3270187e-07,0.00903428532,-0.00109345559,0.000134823815,-0.0362977497,-0.0089833323,0.001453856,0.00145190999,0.00910121607
6.33602781e-07,0.00900029484,-0.00114847033,0.000498136855,-0.0376380049,-0.008947169,0.00150746747,0.00150552019,0.00908693742
6.34501816e-07,0.00942394789,-0.00168817479,0.000345221633,-0.0515416861,-0.00934890075,0.00206368183,0.00206166744,0.00958018298
6.35402216e-07,0.0101184463,-0.00221695146,0.000112064015,-0.0654415712,-0.0100216982,0.00261980806,0.00261766285,0.0103590727
6.36303412e-07,0.010815165,-0.00230323896,0.000103345919,-0.0682894737,-0.010714409,0.00273388786,0.00273157895,0.0110581818
6.37204153e-07,0.0112735257,-0.00214488711,0.000117332056,-0.0647889003,-0.0111787354,0.00259399222,0.00259155601,0.0114763534
6.38105462e-07,0.0115999384,-0.00185207103,0.000116106225,-0.0577980019,-0.0115165966,0.00231446338,0.00231192008,0.0117474345
6.39000518e-07,0.0113356262,-0.00143726834,0.00017101923,-0.047172498,-0.0112690835,0.00188942282,0.00188689992,0.0114276599
6.39902112e-07,0.0108743878,-0.0011039644,0.000218604939,-0.0383872502,-0.0108215427,0.00153794088,0.00153549001,0.010932467
6.40803933e-07,0.0102286749,-0.000875850616,0.000223755502,-0.0320465118,-0.0101854683,0.00128418793,0.00128186047,0.0102685427
6.41705697e-07,0.00945074391,-0.000857450534,0.000183182434,-0.0308133978,-0.00940889544,0.00123469362,0.00123253591,0.0094913296
6.42601719e-07,0.00954932906,-0.00108339661,0.000165613164,-0.0365556628,-0.0094983663,0.00146440132,0.00146222651,0.00961201651
6.43503313e-07,0.00953069795,-0.0010317316,0.000577914936,-0.0352460966,-0.00948181615,0.00141203259,0.00140984386,0.00960378359
6.44405304e-07,0.00974205323,-0.00174552877,0.000415953284,-0.0532878563,-0.00966445809,0.00213371076,0.00213151425,0.009905932
6.453065e-07,0.010098597,-0.00226639584,0.000112185604,-0.0666540861,-0.00999988757,0.00266841913,0.00266616344,0.0103504009
6.46200476e-07,0.0106382873,-0.0023164961,9.89354157e-06,-0.0684417039,-0.0105371427,0.00274006118,0.00273766816,0.0108875805
6.47104343e-07,0.0115679242,-0.00224297214,0.000110900037,-0.0675284564,-0.0114689761,0.00270377159,0.00270113826,0.0117838912
6.48005255e-07,0.012438491,-0.00200437685,0.000165048725,-0.062432684,-0.0123483878,0.00250018053,0.00249730736,0.0126000328
6.48906394e-07,0.0121590672,-0.00159915898,0.000205440505,-0.0520316586,-0.0120853919,0.00208411282,0.00208126634,0.0122654976
6.49801109e-07,0.0115350187,-0.00117027794,0.00021840063,-0.0406970643,-0.0114789933,0.00163061956,0.00162788257,0.0115962884
6.50702475e-07,0.0106787821,-0.000893487886,0.000214506304,-0.032931298,-0.0106345103,0.00131981058,0.00131725192,0.0107182425
6.51603898e-07,0.00980293378,-0.000906230533,0.000202867712,-0.0323791169,-0.00975885293,0.00129751844,0.00129516467,0.00984682283
6.52505207e-07,0.00969098601,-0.00112503918,0.000196887107,-0.0377338752,-0.00963824469,0.00151167535,0.00150935501,0.00975805758
6.5340015e-07,0.0102749038,-0.00139470038,0.000291158591,-0.0450503081,-0.0102109119,0.00180447133,0.00180201232,0.0103732161
6.54301346e-07,0.0102709541,-0.00182185241,0.000511815131,-0.0557171367,-0.0101898838,0.00223112373,0.00222868547,0.0104438307
6.55205156e-07,0.0105904127,-0.00190555677,0.000174614092,-0.0581252389,-0.0105057395,0.00232753608,0.00232500955,0.0107618993
6.56104305e-07,0.0108134644,-0.00237195753,-3.84420582e-06,-0.0699981302,-0.0107099618,0.00280248345,0.00279992521,0.011070556
6.57005671e-07,0.0118942466,-0.00232921448,8.91458112e-05,-0.0700036883,-0.0117915887,0.00280299435,0.00280014753,0.0121204904
6.57906014e-07,0.0126917725,-0.00206501735,0.000160231211,-0.0641954988,-0.0125990418,0.00257090109,0.00256781995,0.012859668
6.58806016e-07,0.0123330057,-0.00161948672,0.000221694136,-0.0527086519,-0.0122583784,0.00211137999,0.00210834607,0.0124408567
6.59700447e-07,0.0118727954,-0.00119227392,0.000249455479,-0.0415786579,-0.0118156202,0.00166610541,0.00166314632,0.0119351169
6.60601756e-07,0.011207765,-0.000947968627,0.000209641759,-0.0348145887,-0.0111608913,0.00139540141,0.00139258355,0.0112497373
6.61501304e-07,0.0101295877,-0.000862691435,0.000166193189,-0.0316129588,-0.0100869867,0.00126707684,0.00126451835,0.0101676155
6.62402385e-07,0.0101695033,-0.00102533412,0.000186167104,-0.0357154422,-0.0101203663,0.00143118562,0.00142861769,0.0102227572
6.63304149e-07,0.0104289064,-0.0015267171,0.000226262797,-0.0484982692,-0.010359512,0.00194254091,0.00193993077,0.0105424925
6.6420057e-07,0.0105523244,-0.0018578741,0.00062647328,-0.056893453,-0.0104695885,0.00227836842,0.00227573812,0.0107329266
6.65100572e-07,0.0108669,-0.00196438259,0.000303848676,-0.0598662943,-0.0107796533,0.00239737139,0.00239465177,0.0110472005
6.66002563e-07,0.0111845993,-0.00244833669,1.03393504e-05,-0.0722716153,-0.0110777454,0.00289364296,0.00289086461,0.0114494419
6.66904498e-07,0.0121227363,-0.00240655337,1.28321844e-05,-0.0721591562,-0.0120168029,0.00288940853,0.00288636625,0.0123593042
6.67804898e-07,0.0132549424,-0.00217227312,0.000177076814,-0.067430459,-0.0131574721,0.00270059185,0.00269721836,0.0134329306
6.68700238e-07,0.0132769719,-0.00177241419,0.000243388451,-0.0574628077,-0.0131954741,0.00230193372,0.00229851231,0.013396965
6.69601945e-07,0.0125766331,-0.0013014205,0.000242697366,-0.0450007319,-0.0125145302,0.00180331069,0.00180002928,0.0126461179
6.70503084e-07,0.011531963,-0.00101977994,0.000226957753,-0.0369271785,-0.0114819584,0.00148011975,0.00147708714,0.0115791896
6.71404337e-07,0.010654402,-0.000929956324,0.000228785852,-0.0338114947,-0.0106086912,0.0013552749,0.00135245979,0.0106973568
6.7230161e-07,0.0105751483,-0.00105806871,0.000244713679,-0.0369330011,-0.0105243778,0.0014801155,0.00147732005,0.0106307646
6.73202237e-07,0.0109623391,-0.0015700137,0.000189750135,-0.0501064807,-0.0108907866,0.0020071345,0.00200425923,0.0110758217
6.7410167e-07,0.0106309596,-0.00185887038,0.000619290047,-0.0569933094,-0.010548121,0.00228250848,0.00227973238,0.0108100057
6.75003946e-07,0.0111412741,-0.00199930207,0.000305061461,-0.0610078648,-0.0110524115,0.00244323497,0.00244031459,0.0113233502
6.75900424e-07,0.011387595,-0.00250032125,7.75834196e-05,-0.0737685412,-0.0112784999,0.0029537036,0.00295074165,0.0116591142
6.76800767e-07,0.0119943237,-0.0024229202,3.15634607e-05,-0.0724369735,-0.0118878385,0.00290062714,0.00289747894,0.0122366392
6.77702928e-07,0.0132521167,-0.00220562844,0.000180937932,-0.0682570189,-0.0131533148,0.00273380749,0.00273028076,0.0134356293
6.78601566e-07,0.0134793762,-0.00181300752,0.00024262385,-0.0586738959,-0.0133960932,0.00235058859,0.00234695584,0.0136029205
6.79503387e-07,0.0129715288,-0.00133167242,0.000263550988,-0.0461447462,-0.0129079003,0.00184933003,0.00184578985,0.0130423683
6.80405321e-07,0.0121374549,-0.0010587069,0.000210616083,-0.038497258,-0.0120854093,0.00154322879,0.00153989032,0.0121853614
6.81305323e-07,0.0112798922,-0.000988843851,0.000211193619,-0.0359003395,-0.0112313263,0.00143912826,0.00143601358,0.0113251217
6.82205382e-07,0.0107939476,-0.00108563609,0.000204925149,-0.0378357321,-0.0107418997,0.00151641047,0.00151342928,0.0108503412
6.83100723e-07,0.0108786877,-0.00147676398,0.000194993467,-0.0476906709,-0.0108109311,0.00191061421,0.00190762684,0.0109801959
6.84001293e-07,0.0110190995,-0.00189803937,0.000743630284,-0.0583539829,-0.0109343841,0.00233716759,0.00233415931,0.0112060739
6.84902545e-07,0.0116530284,-0.00207887171,0.000465079444,-0.0635003522,-0.0115605746,0.00254320568,0.00254001409,0.0118461419
6.85802604e-07,0.0118825035,-0.0026666054,0.000112346344,-0.0784104988,-0.011766363,0.00313964581,0.00313641995,0.0121785589
6.86702833e-07,0.0126198037,-0.00259905565,-2.04628959e-05,-0.0774544254,-0.0125057747,0.00310163422,0.00309817702,0.012884679
6.87603801e-07,0.0136382654,-0.00234552845,0.000141059907,-0.0721313283,-0.0135335602,0.00288903744,0.00288525313,0.0138392083
6.8850477e-07,0.0141390041,-0.002003378,0.00026620159,-0.0640803874,-0.0140475806,0.00256718487,0.00256321549,0.0142827106
6.89405908e-07,0.0136833461,-0.00152682478,0.000319597166,-0.0517226271,-0.0136113442,0.00207279138,0.00206890509,0.013771975
6.90300681e-07,0.0128459167,-0.00119526393,0.000262945978,-0.042608209,-0.0127878435,0.0017080075,0.00170432836,0.0129040835
6.91201137e-07,0.0118258875,-0.000935736636,0.000219292881,-0.0351121426,-0.0117790086,0.00140789751,0.0014044857,0.011864877
6.92101139e-07,0.0113046803,-0.00113899563,0.000200941169,-0.0396723673,-0.01125009,0.0015901512,0.00158689469,0.0113636915
6.93002562e-07,0.011348635,-0.00152092858,0.000212183222,-0.0492570885,-0.0112787363,0.00197353635,0.00197028354,0.0114520636
6.939012e-07,0.0113414386,-0.00193672953,0.00073754671,-0.0596371368,-0.0112549182,0.00238871693,0.00238548547,0.0115292292
6.94805635e-07,0.0120149469,-0.00216314476,0.000441363954,-0.0659613311,-0.0119188335,0.0026418842,0.00263845325,0.0122160937
6.95703307e-07,0.0122546768,-0.00266781938,0.0001639525,-0.0788066015,-0.01213819,0.00315574178,0.00315226406,0.0125427766
6.96604559e-07,0.0130536705,-0.00265746447,2.55959094e-05,-0.0793403462,-0.0129369587,0.00317734638,0.00317361385,0.0133214521
6.97501548e-07,0.014022354,-0.00241362024,0.000163684148,-0.0742094368,-0.0139146186,0.0029724342,0.00296837747,0.0142295034
6.98403539e-07,0.0142915864,-0.00201013521,0.000238249471,-0.0643963888,-0.0141997706,0.00258003834,0.00257585555,0.0144342248
6.99305588e-07,0.0138547542,-0.00152436551,0.000295700243,-0.0518271588,-0.0137827135,0.00207718857,0.00207308635,0.0139414971
7.00201099e-07,0.0131331589,-0.00118038757,0.000309998635,-0.0425176844,-0.0130754509,0.00170462966,0.00170070738,0.0131897413
7.01101044e-07,0.0119845662,-0.00108416006,0.000265249197,-0.0389739014,-0.011931625,0.00156254767,0.00155895606,0.0120364275
7.02001898e-07,0.0114439521,-0.00117934751,0.000200936178,-0.0408152267,-0.0113876368,0.00163604019,0.00163260907,0.0115063146
7.02902639e-07,0.0109486785,-0.00146172557,0.000138091214,-0.0473779514,-0.0108814673,0.0018983867,0.00189511806,0.011046686
7.03802812e-07,0.0114392005,-0.00185557932,0.00067843165,-0.0577034466,-0.011355847,0.00231154107,0.00230813786,0.0116085637
7.04705087e-07,0.0121910404,-0.00220027566,0.00054622005,-0.0670600608,-0.0120933014,0.00268602726,0.00268240243,0.0124000418
7.05602417e-07,0.0128509486,-0.00279521453,0.000252020021,-0.0825770199,-0.0127288905,0.00330687954,0.0033030808,0.0131538442
7.06505659e-07,0.013504127,-0.00271126186,3.55650263e-06,-0.0811272487,-0.0133849036,0.00324911418,0.00324508995,0.0137736125
7.07401e-07,0.0143472934,-0.00242958823,0.000169936262,-0.0749264956,-0.0142386595,0.00300138353,0.00299705982,0.0145525464
7.08301968e-07,0.0142684225,-0.00201439788,0.000276276551,-0.0644756556,-0.0141764549,0.00258337129,0.00257902622,0.0144125642
7.09203391e-07,0.0138548557,-0.00152597972,0.000319226674,-0.0518634692,-0.0137827504,0.00207880555,0.00207453877,0.0139422934
7.10105155e-07,0.01315114,-0.00117895345,0.000287964533,-0.0424957871,-0.0130934749,0.00170391574,0.00169983149,0.0132070185
7.11000553e-07,0.0122332396,-0.000983081758,0.000263075286,-0.0366918594,-0.0121841415,0.0014714945,0.00146767437,0.0122754963
7.11904363e-07,0.0117321862,-0.00119645393,0.000217319539,-0.0415250324,-0.0116749563,0.00166465921,0.00166100129,0.0117950381
7.1280607e-07,0.0116318678,-0.00154445472,0.000151443921,-0.0501189716,-0.0115608019,0.00200836997,0.00200475886,0.0117349318
7.13701411e-07,0.0114307469,-0.00168654358,0.000676917902,-0.0534688309,-0.0113541597,0.00214230248,0.00213875324,0.0115743087
7.14603289e-07,0.0117201591,-0.00219276897,0.000529904733,-0.0664019883,-0.0116230968,0.00265969634,0.00265607953,0.0119352907
7.15500562e-07,0.0126184188,-0.00279672141,0.000201393996,-0.0823802799,-0.0124964864,0.0032990865,0.0032952112,0.0129262022
7.16402099e-07,0.0136324763,-0.00279356213,1.80007319e-05,-0.083306551,-0.0135098591,0.00333648123,0.00333226204,0.0139157725
7.17302044e-07,0.0147821167,-0.00253100693,0.000130421453,-0.0778870136,-0.0146690793,0.0031201094,0.00311548054,0.0149977992
7.18200738e-07,0.0146093341,-0.00202147616,0.000206074023,-0.0649862662,-0.0145168107,0.00260407674,0.00259945065,0.0147499652
7.19105287e-07,0.013653066,-0.0014385879,0.000269194192,-0.0494760498,-0.0135846168,0.00198341421,0.00197904199,0.0137312859
7.20000116e-07,0.012395056,-0.00108540733,0.000226803924,-0.0394052751,-0.0123417365,0.00158020916,0.00157621101,0.0124445555
7.2090603e-07,0.000665558444,-0.00017616633,-1.85308199e-05,-0.00506082876,-0.000657981294,0.000202640655,0.00020243315,0.000688727819
7.21804952e-07,0.0032684789,-0.000907198177,8.52614176e-06,-0.0259033944,-0.00322958622,0.00103717681,0.00103613578,0.00339205477
7.22700577e-07,0.00390048069,-0.00107430888,5.4583812e-05,-0.0307046417,-0.00385439982,0.00122942717,0.00122818567,0.004046093
7.23602341e-07,0.0040136748,-0.00085805112,5.62579808e-05,-0.0254140254,-0.00397615139,0.00101786895,0.00101656102,0.0041047536
7.24500637e-07,0.00440216018,-0.00114214967,9.44083076e-05,-0.0328963548,-0.00435296512,0.00131727553,0.00131585419,0.00454889361
7.25403311e-07,0.00458659092,-0.00121746538,4.47138846e-05,-0.0349606201,-0.00453423651,0.00139990626,0.0013984248,0.00474563352
7.26302119e-07,0.00516003091,-0.00135597913,5.01340837e-05,-0.0389893204,-0.00510167873,0.00156124069,0.00155957282,0.00533545797
7.27201211e-07,0.00629329169,-0.00162268814,7.44064964e-05,-0.0467754491,-0.00622336751,0.00187305471,0.00187101796,0.00649955179
7.2810343e-07,0.00688309222,-0.00176669331,7.18433075e-05,-0.0509574972,-0.0068069376,0.00204053042,0.00203829989,0.00710656916
7.29000931e-07,0.00778382365,-0.0020479029,9.43424457e-05,-0.0588753298,-0.00769570314,0.00235753473,0.00235501319,0.00804926813
7.29903491e-07,0.00813032128,-0.00221635401,0.000160166455,-0.0634269565,-0.00803518737,0.0025397073,0.00253707826,0.00842852315
7.30806448e-07,0.0089240931,-0.00245288201,0.000194744542,-0.0701225847,-0.00881886566,0.0028077885,0.00280490339,0.00925710501
7.31705029e-07,0.00940298848,-0.00255117356,0.000207229648,-0.0730527416,-0.00929344736,0.00292515214,0.00292210966,0.0097451333
7.32602871e-07,0.00939950999,-0.00255102734,0.000212474071,-0.073045589,-0.0092899775,0.00292486694,0.00292182356,0.00974185166
7.33504123e-07,0.0105500864,-0.00287023792,0.000154937516,-0.0821603313,-0.0104268685,0.00328983297,0.00328641325,0.0109346511
7.34400373e-07,0.0105048455,-0.00241609756,0.000774401356,-0.0707699731,-0.0103998246,0.00283424672,0.00283079892,0.0108068962
7.35300148e-07,0.00143840921,-0.000190608291,5.55168408e-05,-0.006187208,-0.00142963633,0.000247976851,0.00024748832,0.001452045
7.36201969e-07,0.00186584191,-0.000266786461,1.91102972e-05,-0.00851378404,-0.00185368083,0.000341186836,0.000340551361,0.00188491545
7.37105324e-07,0.00174533785,-0.00023610171,2.88589999e-05,-0.00762775866,-0.00173450022,0.000305707753,0.000305110347,0.00176147128
7.38002655e-07,0.00154007296,-0.000188973863,3.05281683e-05,-0.00624696538,-0.00153128413,0.000250409197,0.000249878615,0.00155192391
7.38902088e-07,0.000956506468,-0.000115833624,8.35999617e-06,-0.00384150981,-0.000951109256,0.000153991026,0.000153660392,0.000963530976
7.39803966e-07,0.00064765726,-0.000108590059,9.69853409e-06,-0.00335450866,-0.000642796759,0.000134402581,0.000134180347,0.000656769205
7.4070573e-07,0.000791024475,-0.000214584594,1.4940847e-05,-0.00614451105,-0.000781810645,0.000246045491,0.000245780442,0.000819749655
7.41602719e-07,0.0011141327,-0.000302107423,1.91756935e-05,-0.00865114667,-0.00110116044,0.000346419194,0.000346045867,0.00115452513
7.42505335e-07,0.00147242763,-0.000398713717,1.3726918e-05,-0.0114195654,-0.00145530555,0.000457276189,0.000456782617,0.00152551767
7.43401756e-07,0.00178928743,-5.31631777e-05,-0.000117595133,-0.00310086529,-0.00178573023,0.000124673066,0.000124034612,0.00179393546
7.44305737e-07,0.00180118287,-0.000320712832,7.38890885e-05,-0.00979646016,-0.00178691702,0.0003924844,0.000391858406,0.0018310041
7.45205284e-07,0.00170050457,-0.000292048382,4.59571493e-05,-0.00898059085,-0.00168746552,0.00035981682,0.000359223634,0.00172601277
7.4610216e-07,0.00158422487,-0.000265852141,5.22256887e-05,-0.00821090769,-0.00157232641,0.000328991585,0.000328436308,0.00160722535
7.4700381e-07,0.00190154614,-0.000296782906,2.8849001e-05,-0.0092979176,-0.00188815696,0.000372587075,0.000371916704,0.00192478313
7.47904892e-07,0.00194025692,-0.000271190831,2.66111256e-05,-0.00869686995,-0.00192786018,0.000348563489,0.000347874798,0.00195929822
7.48805519e-07,0.00176010316,-0.000227434823,1.88442646e-05,-0.00742525281,-0.0017496003,0.000297638252,0.000297010113,0.00177483656
7.49706146e-07,0.00193488714,-0.000352153787,2.71256449e-05,-0.0107139582,-0.00191925704,0.00042924695,0.000428558327,0.00196685951
7.50600464e-07,0.00245737215,-0.00070332957,-1.90595324e-06,-0.0200042948,-0.00242728083,0.000801035657,0.000800171793,0.00255604264
7.51501034e-07,0.00278986315,-0.000773937558,2.8609551e-05,-0.0220974684,-0.00275668231,0.00088488326,0.000883898735,0.00289536427
7.52401832e-07,0.00366918952,-0.00101645628,2.72318157e-05,-0.0290268678,-0.00362560715,0.00116237167,0.00116107471,0.00380747642
7.53302402e-07,0.00439126557,-0.00081991154,0.000173429115,-0.0248317365,-0.00435496531,0.000994859485,0.000993269458,0.00447051964
7.54205303e-07,0.00551595725,-0.00135972584,0.000119004624,-0.0394309759,-0.00545717054,0.00157921766,0.00157723904,0.00568232354
7.55100075e-07,0.00631886441,-0.0015837769,0.000117757976,-0.0458232276,-0.00625047581,0.00183519723,0.0018329291,0.00651538669
7.560011e-07,0.00661924761,-0.00168010022,9.46042128e-05,-0.0485269427,-0.00654676683,0.00194345562,0.00194107771,0.00682979689
7.56900079e-07,0.00733349379,-0.00184224441,3.52121569e-05,-0.0532848686,-0.00725395765,0.00213403235,0.00213139474,0.00756143079
7.57800649e-07,0.00807749946,-0.00201600674,0.000107733416,-0.0583624803,-0.00799041955,0.00233740797,0.00233449921,0.00832597665
7.58700253e-07,0.00830103643,-0.002107454,0.000127055115,-0.0608682856,-0.00821012081,0.00243772118,0.00243473142,0.00856532026
7.59605371e-07,0.00847655162,-0.00227897824,0.000150456995,-0.0653270409,-0.00837863646,0.00261612695,0.00261308163,0.00877885565
7.6050344e-07,0.0094711408,-0.00261759781,0.000114655966,-0.0747711062,-0.00935888891,0.00299424863,0.00299084425,0.00982687501
7.6140185e-07,0.0112688038,-0.00371836987,0.000164390847,-0.104050443,-0.0111110949,0.00416602754,0.0041620177,0.0118675709
7.62303443e-07,0.0119783087,-0.00408317102,0.000142909528,-0.113866255,-0.011805444,0.00455890951,0.00455465019,0.0126559309
7.63206344e-07,0.0112463897,-0.00646009343,0.000206827521,-0.17252174,-0.010979059,0.00690466168,0.00690086961,0.0129713864
7.64104982e-07,0.0124339666,-0.00501815695,8.61229128e-05,-0.137674361,-0.012223348,0.00551136901,0.00550697446,0.0134086853
7.65002881e-07,0.0134019069,-0.00632332871,0.000192578154,-0.171238482,-0.0131383211,0.00685420405,0.00684953928,0.0148200095
7.65905384e-07,0,0,0,0,-0,-0,-0,0
7.66804646e-07,0,0,0,0,-0,-0,-0,0
7.6770533e-07,0,0,0,0,-0,-0,-0,0
7.68606128e-07,0,0,0,0,-0,-0,-0,0
7.69502606e-07,0.00122025888,-0.000566611183,-1.5380549e-06,-0.015362693,-0.0011966244,0.000614955295,0.00061450772,0.00134539301
7.70402437e-07,0.00154159358,-0.000467870297,3.56092005e-06,-0.0132139372,-0.00152165065,0.000529143352,0.000528557487,0.0016110326
7.71303746e-07,0.00186359067,-0.00052556477,-8.22963284e-06,-0.0149739133,-0.00184108302,0.000599668125,0.000598956533,0.00193629963
7.72201076e-07,0.00248764735,-0.000697088079,1.37880979e-05,-0.0198764876,-0.00245778141,0.000796009844,0.000795059502,0.00258350754
7.73103181e-07,0.00334683689,-0.000925920031,3.23791719e-05,-0.0264434256,-0.00330713285,0.00105901717,0.00105773702,0.00347270694
7.74000625e-07,0.00423691189,-0.00116266392,4.26502775e-05,-0.033238586,-0.00418702866,0.0013311652,0.00132954344,0.00439374883
7.74904549e-07,0.00510669127,-0.0014002407,8.3933046e-05,-0.0400344692,-0.00504661177,0.00160333384,0.00160137877,0.0052958488
7.75803983e-07,0.00487665506,-0.00110811996,8.32368314e-05,-0.0325090326,-0.00482844128,0.00130224777,0.00130036131,0.005001662
7.76703985e-07,0.00522461953,-0.00143445341,6.34244279e-05,-0.0410058275,-0.00516307755,0.00164223506,0.0016402331,0.00541833263
7.77600405e-07,0.00581235997,-0.00159580377,8.62034358e-05,-0.0456182957,-0.00574389558,0.0018269597,0.00182473183,0.00602806347
7.78500862e-07,0.00763199851,-0.00211887877,0.000133207781,-0.0604863614,-0.00754116117,0.00242238243,0.00241945446,0.00792179227
7.79404729e-07,0.00895337202,-0.00249349885,0.000164639525,-0.0711526051,-0.00884649692,0.0028495437,0.0028461042,0.00929556416
7.80304845e-07,0.0101262769,-0.00281574391,0.000123224614,-0.0803634897,-0.0100055772,0.00321843468,0.00321453959,0.0105111884
7.81200697e-07,0.0116030909,-0.00322624366,0.0001488735,-0.0920799226,-0.0114647943,0.00368766289,0.0036831969,0.0120441907
7.82101779e-07,0.0111605301,-0.00392566342,0.000213885185,-0.109114744,-0.0109946182,0.00436882548,0.00436458975,0.0118327517
7.8300576e-07,0.0115488004,-0.00507328194,0.000182265168,-0.138168573,-0.0113366854,0.00553105269,0.00552674294,0.0126153161
7.83903261e-07,0,0,0,0,-0,-0,-0,0
7.8480258e-07,0.000308383198,-0.000223216877,-3.18068146e-06,-0.00588150695,-0.00029921023,0.000235370366,0.000235260278,0.000380704725
7.85700138e-07,0.00117241719,-0.000307358569,-9.14685097e-06,-0.00883833226,-0.00115918832,0.000353996897,0.00035353329,0.00121207055
7.86602129e-07,0.0016102019,-0.000436422502,2.03121072e-05,-0.0124957133,-0.00159146166,0.000500464313,0.000499828532,0.00166842061
7.8750287e-07,0.00185693474,-0.000503531308,2.86113209e-05,-0.0144163221,-0.00183531351,0.000577386121,0.000576652884,0.00192420608
7.88400826e-07,0.00203288067,-0.000550335913,1.52535113e-05,-0.0157596637,-0.00200924702,0.000631189248,0.000630386546,0.00210611161
7.89305659e-07,0.00179262704,-0.000486166828,2.98385257e-05,-0.0139189037,-0.00177175164,0.000557463908,0.000556756146,0.00185762219
7.90201682e-07,0.00175943691,-0.000476506772,1.52559787e-05,-0.0136447446,-0.00173897436,0.000546484328,0.000545789786,0.00182288499
7.91101741e-07,0.00193284848,-0.000519347494,1.90075589e-05,-0.0148865301,-0.00191053404,0.000596225395,0.000595461205,0.00200149603
7.92001231e-07,0.00322056236,-0.000836516905,3.96126379e-05,-0.0240837652,-0.0031845345,0.000964635925,0.000963350609,0.00332766459
7.9290362e-07,0.00292186439,-0.000277115527,5.57017229e-05,-0.00981310382,-0.00290844555,0.000393737276,0.000392524153,0.00293550459
7.9380618e-07,0.00252036797,-0.000390904024,4.18890932e-06,-0.0122583415,-0.00250271995,0.00049137918,0.000490333661,0.00255050548
7.94700554e-07,0.00259613944,-0.000434791669,5.41069567e-05,-0.0134296631,-0.00257667578,0.00053826177,0.000537186526,0.00263285232
7.95604535e-07,0.00189862237,-0.00043768491,3.40541628e-05,-0.0128120622,-0.00187960095,0.000513259453,0.000512482487,0.00194871616
7.96506129e-07,0.00224935776,-0.000584174355,2.98785726e-05,-0.0168185122,-0.00222419777,0.000673657397,0.000672740489,0.00232416925
7.97401469e-07,0.00265670312,-0.000687672757,5.148118e-05,-0.0198069979,-0.00262707846,0.000793362481,0.000792279914,0.00274474326
7.98303006e-07,0.00282185641,-0.000726219267,5.04149175e-05,-0.0209333189,-0.0027905582,0.000838482528,0.000837332755,0.00291424256
7.99205509e-07,0.00234993757,-0.000622311898,1.77080608e-07,-0.0178707093,-0.00232317203,0.000715786554,0.000714828372,0.00243094194
8.00101986e-07,0.00300599984,-0.00077907223,4.57209608e-05,-0.0224356446,-0.00297244078,0.000898656988,0.000897425786,0.00310565275
8.01005456e-07,0.00383516448,-0.00100219133,5.24096467e-05,-0.0288294721,-0.00379201979,0.00115475536,0.00115317889,0.00396429323
8.01902559e-07,0.00448944792,-0.00120386144,3.30489092e-05,-0.0345144495,-0.00443771522,0.00138242851,0.00138057798,0.00464817354
8.02804323e-07,0.00470546773,-0.00126722059,4.69688093e-05,-0.0363108218,-0.00465102855,0.00145437547,0.00145243287,0.00487334389
8.03702051e-07,0.00484179286,-0.000922808074,-3.05331487e-05,-0.027841378,-0.00480101746,0.00111569,0.00111365512,0.00492904302
8.04605577e-07,0.00507919118,-0.00118882407,5.4150667e-05,-0.0347216539,-0.00502758808,0.00139098661,0.00138886616,0.005216744
8.05500974e-07,0.00259527215,-0.000477349211,-1.75894238e-05,-0.0144915404,-0.00257410733,0.000580750588,0.000579661615,0.00263886513
8.06402966e-07,0.00289988937,-0.000483391806,3.96505675e-05,-0.0149436435,-0.00287823925,0.00059896979,0.000597745739,0.00294016975
8.07305412e-07,0.00273864856,-0.000384710584,3.85642525e-05,-0.012318871,-0.00272107361,0.000493919589,0.000492754839,0.00276580646
8.08200923e-07,0.0022207452,-0.000282203109,9.42387032e-06,-0.00924583059,-0.00220768372,0.000370783499,0.000369833224,0.00223862383
8.09102858e-07,0.00190185453,-0.000235163083,-6.31169269e-06,-0.00775530888,-0.00189092923,0.000311028874,0.000310212355,0.00191634865
8.10004622e-07,0.00347057777,-0.000801107846,2.3878305e-05,-0.023444254,-0.0034357659,0.000939253139,0.000937770158,0.00356191718
8.10906329e-07,0.00391138904,-0.00107057323,2.76643405e-05,-0.0306116845,-0.00386544883,0.00122613073,0.00122446738,0.00405534913
8.11802352e-07,0.00469548535,-0.00129172497,7.50028339e-05,-0.0369115695,-0.00464007424,0.00147846106,0.00147646278,0.0048704991
8.12705082e-07,0.00537638273,-0.00147471146,5.70243974e-05,-0.042155996,-0.00531310947,0.00168852982,0.00168623984,0.00557525936
8.13605425e-07,0.00591564272,-0.00120173325,8.02076902e-05,-0.0358693935,-0.00586285432,0.0014373346,0.00143477574,0.00603700462
8.14501163e-07,0.00703140581,-0.00177274703,0.000110150926,-0.051237274,-0.00695489046,0.00205251025,0.00204949096,0.00725227088
8.15403666e-07,0.00820088573,-0.00206357846,0.00011799614,-0.0596587434,-0.00811180477,0.00238987578,0.00238634974,0.00845735218
8.16305715e-07,0.00868903473,-0.00215532258,0.000119955701,-0.0624331385,-0.00859589451,0.00250106727,0.00249732554,0.00895316309
8.17202078e-07,0.00951313414,-0.0023170663,0.000134534304,-0.0672883242,-0.00941286671,0.0026956368,0.00269153297,0.0097921712
8.1810532e-07,0.00971634686,-0.00238204934,0.00015360731,-0.0691124722,-0.00961331825,0.00276869419,0.00276449889,0.0100052561
8.1900123e-07,0.00980692916,-0.00246035215,3.82679973e-05,-0.0711578131,-0.00970069681,0.00285055669,0.00284631252,0.0101109177
8.19904244e-07,0.0119265607,-0.00318701519,0.000166828642,-0.0914062262,-0.0117895741,0.00366140113,0.00365624905,0.0123461632
8.20800096e-07,0.0123043898,-0.00339417672,0.000256343395,-0.0969549343,-0.0121588168,0.0038835061,0.00387819737,0.0127665249
8.21704703e-07,0.0133291939,-0.00492766732,0.000273454381,-0.136277348,-0.0131214779,0.00545675131,0.00545109391,0.014213518
8.22603624e-07,0.0128899692,-0.00709158788,9.89375403e-05,-0.189902231,-0.0125960707,0.00760137665,0.00759608924,0.014712298
8.23501466e-07,0.0120231146,-0.00656538457,0.000160764786,-0.175899506,-0.011750952,0.00704092931,0.00703598022,0.0136998323
8.24402491e-07,0,0,0,0,-0,-0,-0,0
8.25305335e-07,0,0,0,0,-0,-0,-0,0
8.26203063e-07,0,0,0,0,-0,-0,-0,0
8.27100109e-07,0,0,0,0,-0,-0,-0,0
8.28002385e-07,0,0,0,0,-0,-0,-0,0
8.28903467e-07,0.000573634868,-0.000259659078,3.03319609e-07,-0.00705347955,-0.000562792428,0.000282390655,0.000282139182,0.000629666492
8.29806311e-07,0.00167866528,-0.000669440487,8.65080438e-06,-0.0183822475,-0.00165055205,0.000736033713,0.000735289901,0.00180724723
8.30700287e-07,0.00241099065,-0.000694444112,8.70605891e-06,-0.0197302792,-0.00238129176,0.000790302542,0.000789211169,0.00250902458
8.31602676e-07,0.00303953304,-0.00083703245,2.08759229e-05,-0.0239133146,-0.00300362937,0.000957911816,0.000956532583,0.00315274804
8.32504895e-07,0.0038389822,-0.00104885362,2.14900774e-05,-0.0299947485,-0.00379396847,0.00120153299,0.00119978994,0.00397974121
8.33403874e-07,0.00457860436,-0.00125042361,5.17411208e-05,-0.0357609876,-0.00452493836,0.00143251874,0.0014304395,0.00474656236
8.3430092e-07,0.00500605023,-0.00136661134,7.85307057e-05,-0.0390858278,-0.00494739604,0.00156570681,0.00156343311,0.00518982972
8.35206095e-07,0.00468818191,-0.00128448207,0.000105564824,-0.0367200784,-0.00463306629,0.0014709319,0.00146880314,0.00486210734
8.36105016e-07,0.00576886348,-0.00158077816,0.000147649756,-0.0451896787,-0.00570103474,0.00181020672,0.00180758715,0.00598334739
8.3700013e-07,0.00635640929,-0.00174239918,0.000137982206,-0.0498076715,-0.00628164745,0.00199519402,0.00199230686,0.00659233896
8.37906327e-07,0.00798421074,-0.00220291014,0.00012825997,-0.0629200339,-0.00788973131,0.00252043132,0.00251680136,0.00828353094
8.38805647e-07,0.00944756623,-0.00261565321,0.000117982789,-0.0746763945,-0.00933541096,0.00299136285,0.00298705578,0.00980367632
8.39702295e-07,0.0101002986,-0.00286284811,0.000166644415,-0.0814965367,-0.00997773601,0.00326446235,0.00325986147,0.0104995095
8.40605082e-07,0.0103766341,-0.00289430097,0.000153040499,-0.0825551674,-0.0102525927,0.00330694052,0.0033022067,0.0107738078
8.4150571e-07,0.0095546199,-0.00236254605,0.000202819676,-0.0684586465,-0.00945250058,0.00274273915,0.00273834586,0.00984446652
8.42400027e-07,0.00782762747,-0.00314745004,0.000175223206,-0.0863615125,-0.00769550177,0.00345795403,0.0034544605,0.00843853641
8.4330145e-07,0.00932032336,-0.00489474088,0.000279290049,-0.13148658,-0.00911713066,0.00526353913,0.00525946319,0.0105311404
8.44204521e-07,0.000771998661,-0.000192217762,1.85475765e-05,-0.00556450756,-0.000763694484,0.00022293572,0.000222580303,0.000795784903
8.45100487e-07,0.00143891969,-0.000318736827,2.11987863e-05,-0.00938389823,-0.00142502263,0.000376023312,0.000375355929,0.0014739513
8.46004582e-07,0.000797903049,-8.8623965e-05,2.5225454e-05,-0.00300207501,-0.000793720798,0.000120460687,0.000120083001,0.000803205955
8.46904186e-07,0.000743053446,-9.19578597e-05,3.64878069e-05,-0.00303115067,-0.000738781749,0.000121598516,0.000121246027,0.000749610587
8.4780504e-07,0.00076931162,-8.81887463e-05,2.46137715e-05,-0.00296291732,-0.000765169644,0.000118882464,0.000118516693,0.0007747409
8.4870544e-07,0.000532083795,-5.39942557e-05,2.34076178e-05,-0.00187436456,-0.000529498991,7.52287428e-05,7.49745825e-05,0.000535328368
8.49603964e-07,0.00100549741,-0.000190486055,4.41973898e-05,-0.005751641,-0.000997075711,0.000230542858,0.00023006564,0.00102433559
8.50500612e-07,0.00131436193,-0.000365613494,1.54970876e-05,-0.0104315449,-0.00129868994,0.000417881501,0.000417261794,0.00136435357
8.51402319e-07,0.00189532142,-0.000498993555,2.40596146e-05,-0.0143391611,-0.00187385094,0.000574387055,0.000573566444,0.00196005528
8.52301469e-07,0.00229035015,-0.000619209546,3.14710087e-05,-0.0177305918,-0.00226375634,0.000710303822,0.000709223673,0.00237278627
8.53203346e-07,0.00236187805,-0.000480477931,7.05555522e-06,-0.0143353799,-0.00234077481,0.000574543531,0.000573415197,0.00241026487
8.54103916e-07,0.00263813371,-0.000628001231,6.45124601e-05,-0.0182936061,-0.00261091013,0.000732996108,0.000731744245,0.00271261808
8.55002781e-07,0.00317187398,-0.000717442133,7.99445916e-05,-0.021055039,-0.00314064678,0.000843709385,0.000842201561,0.00325298307
8.55900566e-07,0.00390003016,-0.000677885138,7.6991877e-05,-0.0207857396,-0.00386980238,0.000833302512,0.000831429586,0.00395925388
8.5680341e-07,0.0037838174,-0.000374571275,6.77042408e-05,-0.0130935125,-0.0037658119,0.000525583996,0.0005237405,0.00380291489
8.57701366e-07,0.00291977823,-0.000202886527,6.34114767e-05,-0.00795129966,-0.00290932942,0.000319484227,0.000318051986,0.00292750557
8.5860222e-07,0.0018542473,-0.000110668523,6.55240947e-05,-0.00459542777,-0.00184833854,0.000184730115,0.000183817111,0.00185870223
8.59504553e-07,0.00145038567,-7.83892901e-05,5.38910608e-05,-0.00339026237,-0.00144609078,0.000136326544,0.000135610495,0.00145350188
8.60405976e-07,0.00145498733,-0.000216258792,7.94026055e-05,-0.0068390863,-0.00144517545,0.000274269782,0.000273563452,0.00147311261
8.61304329e-07,0.0013608014,-0.000289546733,9.42284023e-05,-0.00857699197,-0.00134813412,0.000343732669,0.000343079679,0.00139445213
8.62200579e-07,0.00129845226,-0.00029502745,7.65497753e-05,-0.00865233596,-0.00128561569,0.000346715701,0.000346093439,0.00133374636
8.63105583e-07,0.00142546406,-0.000335553515,6.50046568e-05,-0.00979011226,-0.00141090527,0.000392288467,0.000391604491,0.00146586819
8.64000242e-07,0.0017809394,-0.000322890817,8.35293031e-05,-0.00982452743,-0.00176660265,0.00039385112,0.000392981097,0.00181189977
8.64906269e-07,0.00193538703,-0.000223880998,2.11968872e-05,-0.00750360545,-0.00192488608,0.000301096755,0.000300144218,0.00194840832
8.65800189e-07,0.00175616716,-0.000373950141,6.71635462e-06,-0.0110754985,-0.00173980839,0.000443878976,0.000443019941,0.00179555198
8.66706216e-07,0.0020059424,-0.000428432541,5.40847759e-05,-0.0126830721,-0.00198720513,0.000508306141,0.000507322885,0.00205189778
8.67606275e-07,0.00225273147,-0.000462902273,2.06940549e-05,-0.013787725,-0.00223241837,0.000552617233,0.000551509,0.00229989257
8.68500706e-07,0.0031272911,-0.000725701277,6.19741841e-05,-0.0212158561,-0.00309576929,0.000850179082,0.000848634243,0.00321098626
8.69402243e-07,0.00417058868,-0.00104489317,-2.84126563e-05,-0.0302191619,-0.00412546807,0.00121083643,0.00120876648,0.00429958358
8.70304461e-07,0.00470803911,-0.00118898647,7.91457387e-06,-0.0343490131,-0.0046567264,0.00137630676,0.00137396052,0.00485586076
8.71203099e-07,0.00496765599,-0.00136602705,3.48694484e-05,-0.0390279479,-0.00490905588,0.00156358763,0.00156111792,0.00515216962
8.72102703e-07,0.00578773906,-0.00156955398,0.000135063063,-0.0449216738,-0.00572034407,0.00179974633,0.00179686695,0.00599830519
8.73000658e-07,0.0070927036,-0.00193395943,0.000129229695,-0.0553128868,-0.00700969244,0.00221604496,0.00221251547,0.00735277796
8.73900944e-07,0.00803624839,-0.00199666712,8.59425636e-05,-0.0578102842,-0.00794997486,0.00231643423,0.00231241137,0.00828102372
8.74801742e-07,0.00877424236,-0.00221767696,0.000182171047,-0.06405963,-0.00867854048,0.00256677916,0.0025623852,0.00905199461
8.75705609e-07,0.0092750648,-0.00230664411,0.000143607263,-0.0667762682,-0.00917540458,0.0026757027,0.00267105073,0.00955866399
8.76604645e-07,0.00997907482,-0.00243933569,0.000136904026,-0.0707856789,-0.00987354522,0.00283644104,0.00283142716,0.0102738034
8.77504817e-07,0.0106044058,-0.00256004534,0.00020496716,-0.0744180679,-0.0104935489,0.0029820607,0.00297672272,0.01091097
8.78401693e-07,0.0120628774,-0.00292818481,0.000142678138,-0.0850536078,-0.0119361322,0.00340822901,0.00340214431,0.0124140096
8.79301581e-07,0.0129596572,-0.00326624932,-1.65938036e-05,-0.094383575,-0.0128186758,0.00378188473,0.003775343,0.0133649308
8.80202265e-07,0.0131920055,-0.00354053569,9.30064853e-05,-0.10146492,-0.0130398696,0.00406524315,0.00405859679,0.0136591746
8.81102039e-07,0.0138069727,-0.00385009078,0.000145695682,-0.109804906,-0.013641966,0.00439914276,0.00439219624,0.0143344662
8.82004144e-07,0.0142799448,-0.0059778844,0.000255124789,-0.163428217,-0.0140294708,0.00654414822,0.00653712869,0.0154827974
8.82906249e-07,0.0139199411,-0.00733632641,0.000330025505,-0.197009683,-0.0136154319,0.00788710731,0.00788038731,0.0157383406
8.838025e-07,0.0155904228,-0.00740448013,0.000286919356,-0.200359866,-0.0152818519,0.00802200796,0.00801439464,0.0172618056
8.84706196e-07,0.0163583215,-0.00572883803,6.63934043e-05,-0.159255877,-0.0161161442,0.00637841396,0.00637023509,0.01733259
8.85605573e-07,0,0,0,0,-0,-0,-0,0
8.8650313e-07,0,0,0,0,-0,-0,-0,0
8.87405974e-07,0.00014576019,-6.6810273e-05,-9.46289447e-07,-0.00181278831,-0.000142971899,7.25856848e-05,7.25115323e-05,0.000160345069
8.88302509e-07,0.00149608159,-0.000744784309,1.26304831e-05,-0.0200814959,-0.00146510146,0.000804015868,0.000803259835,0.00167126399
8.89205808e-07,0.00249518221,-0.00108599546,4.09258791e-05,-0.0295908172,-0.0024497581,0.00118490746,0.00118363269,0.00272157957
8.90105014e-07,0.00299455202,-0.00104003609,1.25789275e-05,-0.0289350301,-0.00295056635,0.00115895432,0.0011574012,0.00317004339
8.91000184e-07,0.00339023769,-0.000952903589,2.2141081e-05,-0.0271484163,-0.00334941988,0.00108771472,0.00108593665,0.00352167958
8.9190047e-07,0.00400293944,-0.00109727879,2.19273206e-05,-0.0313593484,-0.00395585807,0.00125647596,0.00125437394,0.0041506657
8.92803655e-07,0.00495570619,-0.00135552406,3.83776714e-05,-0.0387503058,-0.00489753565,0.00155261517,0.00155001223,0.00513789277
8.93703032e-07,0.00593708269,-0.00162032631,2.62178728e-05,-0.0463332757,-0.00586753789,0.0018564502,0.00185333103,0.00615427458
8.94606558e-07,0.00622787094,-0.00170202856,0.000129933062,-0.0486610942,-0.00615482632,0.00194971553,0.00194644377,0.00645756612
8.95502865e-07,0.00653974107,-0.00179042376,0.000187158555,-0.0511768237,-0.00646291212,0.0020505115,0.00204707295,0.00678298303
8.96400252e-07,0.00645263214,-0.00176989404,0.000104409941,-0.050578054,-0.00637669384,0.00202651477,0.00202312216,0.00669177763
8.97304403e-07,0.00829861686,-0.00222948194,0.000107375381,-0.0638800338,-0.00820282335,0.00255955475,0.00255520135,0.00859355345
8.98201392e-07,0.00822030753,-0.00224224105,0.000100561454,-0.0641209483,-0.00812406643,0.00256917213,0.00256483793,0.00852122136
8.99105942e-07,0.00971075147,-0.00264455169,0.000108740744,-0.0756407902,-0.00959723005,0.00303076281,0.00302563161,0.0100649974
9.00002306e-07,0.0110301068,-0.00297049875,0.000169009087,-0.0850842744,-0.0109024956,0.0034092093,0.00340337098,0.0114243461
9.00901e-07,0.0113573894,-0.00307600643,0.00013841805,-0.0880427137,-0.0112252972,0.00352772039,0.00352170855,0.0117673816
9.01803389e-07,0.0117229233,-0.00271460623,0.000163265402,-0.0793744549,-0.0116049909,0.00318122674,0.0031749782,0.0120342292
9.02703732e-07,0.0112407934,-0.00339981611,0.000233448736,-0.0960168466,-0.0110958456,0.00384660846,0.00384067386,0.0117460072
9.03604018e-07,0.00458329543,-0.000702561636,2.16089884e-05,-0.0220690165,-0.00455153432,0.000885282594,0.000882760659,0.00463688008
9.04503622e-07,0.00636713021,-0.00134492398,3.74237243e-05,-0.039874658,-0.00630825457,0.00159846548,0.00159498632,0.00650773141
9.05406239e-07,0.00784903206,-0.00150742382,0.000178610222,-0.0453946553,-0.0077824728,0.00182009561,0.00181578621,0.00799446887
9.06303683e-07,0.00821044855,-0.00133747712,0.000243401752,-0.0415050983,-0.00815039625,0.00166473765,0.00166020393,0.00832223256
9.07200558e-07,0.00749542005,-0.00111585076,8.19847846e-05,-0.0352635384,-0.00744480239,0.00141469505,0.00141054153,0.00757846727
9.08102493e-07,0.00762039004,-0.00114375469,9.32520834e-06,-0.0360837579,-0.00756855655,0.00144757413,0.00144335032,0.00770575149
9.09004086e-07,0.00786371622,-0.00113368325,4.19302633e-05,-0.0360718966,-0.00781209085,0.0014472412,0.00144287586,0.0079451261
9.09904884e-07,0.00744374143,-0.00121055311,-3.24890607e-05,-0.0375784151,-0.00738937802,0.00150725506,0.00150313661,0.00754160333
9.10800622e-07,0.00728438981,-0.00138510542,-4.33572386e-05,-0.0417821407,-0.00722317363,0.00167529539,0.00167128563,0.00741503417
9.1170125e-07,0.00405698409,-0.0025771556,-0.000149921136,-0.0683819875,-0.0039506802,0.00273733024,0.0027352795,0.00480867209
9.12600569e-07,0.00279422547,-0.00074885122,0.0001078938,-0.0214619096,-0.00276204432,0.000859991435,0.000858476385,0.00289484286
9.13500912e-07,0.00285494397,-0.000768125115,6.75381598e-05,-0.0220032465,-0.00282194351,0.000881678006,0.000880129859,0.00295724241
9.14403984e-07,0.00250608823,-0.000608687813,0.00014669064,-0.017676305,-0.00247974261,0.000708417727,0.000707052201,0.00258311773
9.15305122e-07,0.0022327085,-0.000543944479,0.000121365862,-0.0157894082,-0.0022091706,0.000632793908,0.000631576329,0.00230121545
9.16202907e-07,0.00243801158,-0.000509501144,4.18484051e-05,-0.0151312137,-0.00241568682,0.000606588057,0.000605248548,0.00249103255
9.17100465e-07,0.0024458617,-0.000324844121,4.1509451e-05,-0.0105258329,-0.00243091497,0.000422392661,0.000421033315,0.00246768843
9.18005298e-07,0.00175584329,-0.000101734418,-5.89397459e-05,-0.00427200785,-0.00175037051,0.000171868046,0.000170880314,0.00175977539
9.18901094e-07,0.0012739806,-0.000148625026,4.54224246e-05,-0.00496855052,-0.00126701813,0.000199451777,0.000198742021,0.00128342478
9.1980155e-07,0.00133873394,-0.000113554896,0.000132263202,-0.00415569125,-0.00133312211,0.000166999143,0.00016622765,0.00135003587
9.20700302e-07,0.00069222512,-0.000128102329,5.31630103e-05,-0.00388246845,-0.000686548686,0.000155681482,0.000155298738,0.000705983094
9.21605874e-07,0.00079110323,-0.000130345463,0.000101375583,-0.00403596461,-0.000785258003,0.000161876892,0.000161438584,0.000808152998
9.22503432e-07,0.000827362528,-0.000132118483,8.90500378e-05,-0.00411599968,-0.000821417396,0.000165098479,0.000164639987,0.000842563918
9.23403093e-07,0.000873974932,-0.000145587634,8.08713739e-05,-0.00449843751,-0.000867453893,0.000180420855,0.000179937501,0.000889701141
9.2430389e-07,0.000402930193,9.38220546e-06,6.360728e-05,-0.000162697776,-0.00040298308,6.73820943e-06,6.50791102e-06,0.000408027759
9.25203608e-07,0.000286832044,3.91330423e-06,0.000100079997,-0.000184931268,-0.0002867591,7.56004848e-06,7.39725074e-06,0.000303815637
9.2610469e-07,0.000177547758,-6.2901172e-06,5.10524405e-05,-0.000332129683,-0.000177154201,1.33851024e-05,1.32851873e-05,0.000184848921
9.27001224e-07,0.00012425633,2.31408012e-06,5.05305106e-05,-6.46300468e-05,-0.000124249477,2.65669881e-06,2.58520187e-06,0.000134157829
9.27902818e-07,0.000705307873,-0.000300024985,1.86689886e-05,-0.00818993617,-0.000692745903,0.00032798979,0.000327597447,0.000766695976
9.28802478e-07,0.00232958025,-0.00109850429,-2.65837407e-05,-0.0297373384,-0.00228378838,0.00119078397,0.00118949354,0.00257572563
9.29702708e-07,0.00402323063,-0.00162820786,3.03692304e-05,-0.0446384549,-0.00395490153,0.00178779178,0.0017855382,0.00434031887
9.3060487e-07,0.00442031818,-0.00112239644,0.000140023301,-0.0323931873,-0.00437189851,0.00129826422,0.00129572749,0.00456273964
9.31506406e-07,0.00546430424,-0.00149291102,0.000110661458,-0.042677559,-0.00540023286,0.00171023074,0.00170710236,0.00566565531
9.32402486e-07,0.00599789759,-0.00164370693,0.000134464557,-0.0469702445,-0.00592736917,0.00188224407,0.00187880978,0.00622050068
9.33301465e-07,0.0064894869,-0.00177530257,8.69357391e-05,-0.050741896,-0.00641330283,0.00203339278,0.00202967584,0.00672849889
9.34200671e-07,0.00706508104,-0.00192967081,9.77245145e-05,-0.0551652238,-0.00698226348,0.00221065516,0.00220660895,0.00732451702
9.35103344e-07,0.00809141528,-0.00221305876,0.00017545202,-0.0632555634,-0.00799644426,0.00253485886,0.00253022254,0.00839043585
9.36001243e-07,0.00955022592,-0.00261523109,0.000155585425,-0.074739188,-0.00943800541,0.00299504636,0.00298956752,0.00990305284
9.36902325e-07,0.0110535054,-0.00301083131,6.92531321e-05,-0.0861024186,-0.0109242626,0.00345044528,0.00344409674,0.0114564341
9.37805055e-07,0.0122588603,-0.00333271874,-3.81081627e-05,-0.0953307599,-0.0121157813,0.00382027658,0.0038132304,0.0127038625
9.38705227e-07,0.0130964695,-0.0035726605,1.13567667e-05,-0.102149762,-0.0129431254,0.00409352184,0.00408599049,0.0135750339
9.39605059e-07,0.0134102758,-0.003696881,0.000141097786,-0.10556224,-0.0132517132,0.00423019189,0.0042224896,0.0139112305
9.40500399e-07,0.0144889643,-0.00396952312,0.000182286138,-0.113435261,-0.0143186361,0.00454575197,0.00453741044,0.0150239951
9.41404949e-07,0.0152485585,-0.00420900201,0.000141205761,-0.120166019,-0.0150680461,0.00481541496,0.00480664074,0.0158194239
9.42304496e-07,0.015475478,-0.00646273931,0.000165811623,-0.17669265,-0.0152046586,0.00707642388,0.00706770599,0.0167715507
9.43200803e-07,0.00322249718,-0.000428447238,6.24490494e-05,-0.0138767119,-0.00320278621,0.000556970042,0.000555068478,0.00325145429
9.44102339e-07,0.00397001673,-0.000657968863,0.00011112498,-0.0203466956,-0.0039405294,0.000816200884,0.000813867822,0.00402570548
9.45001148e-07,0.00412263954,-0.000812336977,3.42073472e-05,-0.0243533719,-0.00408685705,0.000976548804,0.000974134877,0.0042020493
9.45906095e-07,0.00390400272,-0.000665127765,0.000119826866,-0.0204604715,-0.00387428192,0.000820714203,0.00081841886,0.00396206899
9.46803311e-07,0.00332313403,-0.000483086857,9.21746832e-05,-0.0153406654,-0.00330115756,0.000615590356,0.000613626614,0.00335932864
9.4770138e-07,0.00311186188,-0.00036266903,6.41919396e-05,-0.0121242683,-0.00309486983,0.000486820219,0.000484970734,0.00313358162
9.48603429e-07,0.00453831768,-0.00113144715,0.000101802099,-0.0327337943,-0.00448944169,0.00131202641,0.00130935177,0.00467833984
9.49500986e-07,0.00581682613,-0.00144891383,0.000209812992,-0.041923102,-0.00575423219,0.00168036585,0.00167692408,0.00599823632
9.50400988e-07,0.00624477072,-0.00146276515,0.000227194716,-0.0426902622,-0.00618128056,0.00171131932,0.00170761049,0.00641782367
9.51303548e-07,0.00635613687,-0.00166256656,0.000142505567,-0.0477910079,-0.00628456771,0.00191541437,0.00191164032,0.00657152276
9.52204573e-07,0.00685416954,-0.00167618447,0.000184975652,-0.0486213788,-0.00678165743,0.00194893738,0.00194485515,0.00705857283
9.53100425e-07,0.00708168373,-0.00187874236,0.000194640743,-0.0539056547,-0.00700088948,0.00216043139,0.00215622619,0.00732924295
9.54002189e-07,0.0075719119,-0.00164938008,0.000308124057,-0.0486581288,-0.00749989757,0.00195085647,0.00194632515,0.00775559443
9.54902816e-07,0.00831451081,-0.00197820016,0.000191211497,-0.0576035567,-0.00822875318,0.00230910956,0.00230414227,0.00854873837
9.55802989e-07,0.00898298901,-0.00221473142,0.000142136123,-0.0641703308,-0.00888723794,0.00257218362,0.00256681323,0.00925307135
9.56704525e-07,0.00358752091,-0.000524363364,0.000140502772,-0.0166311245,-0.00356368234,0.000667406502,0.000665244982,0.0036283611
9.57605721e-07,0.00359162316,-0.000496825378,7.83884752e-05,-0.0159470905,-0.00356888253,0.000640054589,0.000637883618,0.00362667025
9.58505439e-07,0.00316216005,-0.000407995132,0.00011626615,-0.0133051071,-0.00314331521,0.000534121455,0.000532204285,0.00319049119
9.59400268e-07,0.00309787574,-0.000402587117,0.000126816129,-0.0131066479,-0.00307929858,0.000526147078,0.000524265915,0.00312649849
9.60304874e-07,0.00330486847,-0.000550365599,0.000119883451,-0.0170020461,-0.00328021617,0.000682084855,0.000680081844,0.00335252591
9.61203e-07,0.00346937939,-0.00084334705,0.000102127822,-0.0244831219,-0.00343287937,0.000981410634,0.000979324877,0.00357187033
9.62102945e-07,0.00369581347,-0.000904932152,7.06595965e-05,-0.0262444466,-0.00365666958,0.00105200142,0.00104977787,0.00380564478
9.63002663e-07,0.00410975702,-0.00103314815,4.9105136e-05,-0.0298548285,-0.00406515475,0.00119666818,0.00119419314,0.0042379133
9.63902494e-07,0.00432410417,-0.00059366005,9.64293868e-05,-0.0190862846,-0.00429690528,0.000766103232,0.000763451383,0.00436573107
9.64800165e-07,0.00461093895,-0.000707308704,5.8029862e-05,-0.0222076979,-0.00457896589,0.000891131311,0.000888307914,0.0046652343
9.65706022e-07,0.00440488663,-0.0006899953,6.01353313e-05,-0.0215723198,-0.00437377073,0.000865591861,0.000862892792,0.00445900616
9.66603807e-07,0.00417629676,-0.000539640547,7.46133956e-05,-0.0175910927,-0.0041513763,0.000706216219,0.000703643709,0.00421167825
9.67501137e-07,0.00374740618,-0.000388898217,7.96245731e-05,-0.0134030776,-0.00372885688,0.000538443418,0.000536123104,0.00376837299
9.68402787e-07,0.00365528837,-0.000332706433,0.000102123689,-0.0119085349,-0.00363905982,0.000478612852,0.000476341397,0.00367181915
9.69306029e-07,0.00404486991,-0.000419795775,0.000136657953,-0.0144674452,-0.0040248471,0.000581211638,0.000578697808,0.00406889131
9.70204496e-07,0.00430413056,-0.000686683343,0.000167118065,-0.0213897415,-0.00427322771,0.000858253385,0.000855589658,0.00436176597
9.71101599e-07,0.00422703242,-0.000926523411,0.000149087442,-0.0273054801,-0.00418660019,0.0010948185,0.0010922192,0.00432995101
9.72005182e-07,0.00441440474,-0.0011113612,0.000122251629,-0.0321073905,-0.0043664311,0.00128700133,0.00128429562,0.00455379385
9.72902399e-07,0.00475637102,-0.0012237078,0.00010438235,-0.0352504253,-0.00470363118,0.00141293308,0.00141001701,0.00491237435
9.73805186e-07,0.00523547037,-0.00136504485,8.23510782e-05,-0.0392526165,-0.00517669531,0.00157331594,0.00157010466,0.00541112549
9.74702289e-07,0.00505354768,-0.000828013348,4.36643313e-05,-0.025657272,-0.00501639368,0.00102943903,0.00102629088,0.00512111871
9.75604507e-07,0.00522784004,-0.000886906055,7.99989648e-05,-0.027299894,-0.00518819154,0.00109525447,0.00109199576,0.00530314187
9.76505135e-07,0.00551993633,-0.000788468285,0.000111522088,-0.0251279362,-0.00548399064,0.00100857617,0.00100511745,0.00557707956
9.77402919e-07,0.00557578402,-0.000761597359,0.000104350685,-0.0245113205,-0.00554086821,0.000983960053,0.000980452821,0.00562852441
9.7830241e-07,0.00625115167,-0.00130962697,0.0001488532,-0.0388660319,-0.00619378031,0.0015585588,0.00155464128,0.00638859745
9.79202696e-07,0.0073312656,-0.00186321931,0.000170890344,-0.0537578166,-0.00725089247,0.00215490136,0.00215031266,0.007566257
9.80102868e-07,0.00803135429,-0.00198110915,0.000189415659,-0.0573911518,-0.00794570682,0.00230069298,0.00229564607,0.00827425667
9.81004177e-07,0.00839229859,-0.00209944695,0.000144240039,-0.0607021898,-0.00830163016,0.00243337005,0.00242808759,0.00865211872
9.81900257e-07,0.00899671856,-0.00238023768,0.000110638022,-0.0683112442,-0.00889433803,0.00273810653,0.00273244977,0.0093069177
9.82801566e-07,0.0104300352,-0.00277928216,0.000158003299,-0.079689756,-0.0103105506,0.0031941492,0.00318759024,0.0107951382
9.83701284e-07,0.0110720703,-0.00296931365,0.000205742443,-0.0850684643,-0.010944473,0.00340970323,0.00340273857,0.0114651601
9.84600206e-07,0.0103147943,-0.00243972288,0.000193280648,-0.0710932389,-0.0102089806,0.00285025312,0.00284372956,0.0106011596
9.85505949e-07,0.0120948283,-0.00289246254,5.55296683e-05,-0.0841535851,-0.0119694861,0.00337381301,0.00336614341,0.012436008
9.86400892e-07,0.0129795466,-0.00309023168,0.000150963169,-0.0899639204,-0.012845588,0.00360680325,0.00359855682,0.0133431987
9.87302656e-07,0.013974105,-0.00334437564,0.000213046078,-0.0972906351,-0.0138291879,0.00390051565,0.0038916254,0.0143703113
9.882001e-07,0.0152628012,-0.00368502294,0.000141428041,-0.107067674,-0.015103231,0.00429242457,0.00428270698,0.0157019902
9.89100386e-07,0.0160234421,-0.00396779599,0.000166301528,-0.11487969,-0.0158519556,0.00460538896,0.0045951876,0.0165082331
9.90001354e-07,0.0173561815,-0.00445766095,0.000196176275,-0.128427997,-0.0171640395,0.00514815744,0.00513711989,0.0179205542
9.90902777e-07,0.0173206218,-0.00470953435,0.000146967228,-0.134685457,-0.017118436,0.00539840735,0.00538741827,0.0179500766
9.91805337e-07,0.0182178784,-0.00602910528,7.18542578e-05,-0.168533444,-0.0179622062,0.00675280347,0.00674133778,0.0191897464
9.9270062e-07,0.0179483183,-0.0075194058,0.000217397144,-0.205499277,-0.0176332655,0.00823113238,0.00821997106,0.0194610086
9.93605227e-07,0.0188851804,-0.00784617476,0.00036676912,-0.214583442,-0.0185563109,0.00859510445,0.00858333766,0.0204535331
9.9450358e-07,0.019230498,-0.00720986212,0.000246637763,-0.199025601,-0.0189267981,0.00797310981,0.00796102405,0.0205391089
9.95401365e-07,0,0,0,0,-0,-0,-0,0
9.96300514e-07,2.55577179e-05,8.24832455e-07,2.32754701e-06,-4.53250914e-06,-2.55702589e-05,1.97863445e-07,1.81300366e-07,2.56767359e-05
9.97205802e-07,0.000117610805,-4.28718931e-06,3.17248087e-05,-0.000222786577,-0.000117345287,8.98693782e-06,8.91146308e-06,0.000121889889
9.98102337e-07,9.51117181e-05,-3.85199655e-06,2.23244897e-05,-0.000189784347,-9.48816001e-05,7.65236965e-06,7.59137387e-06,9.77724892e-05
9.99005692e-07,6.42202212e-05,-1.54123256e-06,2.1381129e-05,-0.000101671365,-6.41072191e-05,4.10812363e-06,4.0668546e-06,6.77035073e-05
9.99900294e-07,0,0,0,0,-0,-0,-0,0
1.00080194e-06,0,0,0,0,-0,-0,-0,0
1.00170246e-06,0,0,0,0,-0,-0,-0,0
1.00260456e-06,0,0,0,0,-0,-0,-0,0
1.00350042e-06,0,0,0,0,-0,-0,-0,0
1.00440593e-06,0.000377602701,-0.000566527015,1.90986102e-05,-0.0145242224,-0.000354645621,0.000581173934,0.000580968894,0.000681103087
1.00530588e-06,0.000340834144,-0.000296096347,1.42676818e-05,-0.00773210265,-0.000328720817,0.000309489232,0.000309284106,0.000451712881
1.00620571e-06,0,0,0,0,-0,-0,-0,0
1.00710531e-06,0.000257305102,-0.0002194837,-3.42195904e-06,-0.00573599525,-0.000248322279,0.000229597596,0.00022943981,0.000338216972
1.00800582e-06,0.0022052764,-0.00117804576,-4.52574786e-05,-0.0315968096,-0.00215640314,0.00126529098,0.00126387239,0.00250061673
1.0089052e-06,0.00370079558,-0.00223160023,-6.55483964e-05,-0.0593862198,-0.00360859513,0.00237780754,0.00237544879,0.00432206248
1.00980537e-06,0.00546819577,-0.00273656985,-6.31047878e-05,-0.073737815,-0.00535438819,0.00295305039,0.0029495126,0.00611506024
1.01070327e-06,0.00483476184,-0.00168073736,9.55168216e-05,-0.0467384197,-0.00476368298,0.00187273186,0.00186953679,0.00511946517
1.01160208e-06,0.00537157105,-0.00220665103,-4.59551629e-05,-0.0604042672,-0.00527903186,0.00241969149,0.00241617069,0.00580733986
1.01250248e-06,0.00570931192,-0.0020747669,-5.97153485e-05,-0.0574412048,-0.00562177654,0.00230141889,0.00229764819,0.00607490463
1.01340004e-06,0.00630412251,-0.00214748131,0.000111588561,-0.0598420016,-0.00621320353,0.00239786122,0.00239368007,0.00666078738
1.01430248e-06,0.00776022207,-0.0021809875,6.22105363e-05,-0.0621093176,-0.00766679848,0.00248956906,0.00248437271,0.00806111799
1.01520357e-06,0.00800291169,-0.00166976603,-3.70444941e-05,-0.0495760702,-0.00792973739,0.00198846151,0.00198304281,0.00817533403
1.01610328e-06,0.00579024013,-0.0018701168,-0.000337605132,-0.0524075627,-0.00571082383,0.00210016875,0.00209630251,0.00609411149
1.01700584e-06,0,0,0,0,-0,-0,-0,0
1.01790567e-06,0,0,0,0,-0,-0,-0,0
1.01880266e-06,0,0,0,0,-0,-0,-0,0
1.0197017e-06,0,0,0,0,-0,-0,-0,0
1.02060028e-06,0,0,0,0,-0,-0,-0,0
1.021505e-06,0,0,0,0,-0,-0,-0,0
1.02240131e-06,0,0,0,0,-0,-0,-0,0
1.02330512e-06,0,0,0,0,-0,-0,-0,0
1.02420438e-06,0,0,0,0,-0,-0,-0,0
1.02510432e-06,0,0,0,0,-0,-0,-0,0
1.02600472e-06,0,0,0,0,-0,-0,-0,0
1.02690035e-06,0.00033716514,-0.000287618343,5.90298032e-06,-0.00751641532,-0.000325393778,0.000300871288,0.000300656613,0.000443214945
1.02780245e-06,0.00135516864,-0.000733408029,-1.81877604e-05,-0.0196527708,-0.00132475615,0.000787013673,0.000786110833,0.00154100622
1.02870047e-06,0.00259115919,-0.00145164563,-9.34174841e-06,-0.0388095379,-0.0025310362,0.0015541032,0.00155238152,0.00297009567
1.02960121e-06,0.00377147156,-0.00181395793,-1.63361874e-05,-0.04901978,-0.00369591581,0.0019633256,0.0019607912,0.0041850577
1.030504e-06,0.00456158305,-0.00128651038,6.58129356e-05,-0.0366186239,-0.00450648757,0.00146789598,0.00146474496,0.00473998736
1.03140178e-06,0.00547077972,-0.00152822153,9.75368675e-05,-0.0435497984,-0.00540529112,0.00174577196,0.00174199194,0.0056810567
1.03230207e-06,0.00609682593,-0.00167272647,0.00013027298,-0.0477745235,-0.00602505791,0.00191519648,0.00191098094,0.00632346988
1.03320451e-06,0.00667293463,-0.00182914652,9.22135441e-05,-0.0522478856,-0.00659445064,0.00209452961,0.00208991542,0.00691970642
1.03410446e-06,0.00689057866,-0.00188530737,2.90817352e-05,-0.053864602,-0.00680967475,0.00215934898,0.00215458408,0.00714389977
1.03500054e-06,0.00804930273,-0.00230558985,5.94860139e-05,-0.0655015185,-0.00795066515,0.00262563188,0.00262006074,0.00837320474
1.03590207e-06,0.00911083538,-0.00250911503,9.05312772e-05,-0.0716279894,-0.00900320984,0.00287144425,0.00286511958,0.00945045901
1.03680009e-06,0.0105937663,-0.00285587646,7.5956501e-05,-0.081746541,-0.0104710879,0.00327722973,0.00326986164,0.0109722233
1.03770276e-06,0.0118920058,-0.00315466919,0.000197486486,-0.090485394,-0.0117563403,0.00362769919,0.00361941576,0.0123049072
1.03860361e-06,0.0128217172,-0.00338820624,0.000223012699,-0.0972322747,-0.0126759691,0.00389822797,0.00388929099,0.013263714
1.03950651e-06,0.0135360928,-0.00358310319,8.40932771e-05,-0.102802426,-0.0133819795,0.00412153642,0.00411209702,0.0140025537
1.040401e-06,0.0144189578,-0.0037886193,0.000114598944,-0.10880331,-0.0142559198,0.00436219333,0.00435213238,0.0149088266
1.0413014e-06,0.0149874967,-0.00382718397,0.000216830769,-0.110324867,-0.0148224617,0.00442346265,0.00441299468,0.0154699518
1.0422051e-06,0.00626145722,-0.00116367894,0.000139526295,-0.0352172107,-0.00620991398,0.00141313963,0.00140868843,0.00637020116
1.04310061e-06,0.00886039808,-0.0012738331,0.000141469034,-0.0405193195,-0.00880237097,0.00162713559,0.00162077278,0.00895261517
1.04400033e-06,0.00981394015,-0.0022785177,3.922428e-05,-0.0665543005,-0.00971497364,0.00266914806,0.00266217202,0.0100750485
1.04490323e-06,0.00951472577,-0.00253717438,-0.00039207589,-0.072722204,-0.00940565509,0.00291563246,0.00290888816,0.00985499791
1.0458042e-06,0.00894410163,-0.00249577919,-0.000674957701,-0.0711277798,-0.00883714276,0.0028514515,0.00284511119,0.00931028655
1.0467046e-06,0.00952857547,-0.00216386165,-0.000963771192,-0.0634089857,-0.00943442223,0.00254317218,0.00253635943,0.00981859983
1.04760602e-06,0.00931896083,-0.00124752359,-0.00089133915,-0.0403107144,-0.00926161902,0.00161918474,0.00161242858,0.0094442486
1.04850074e-06,0.00940116774,-0.00157894334,-0.000636222947,-0.0486709625,-0.00933050692,0.00195362679,0.0019468385,0.00955404609
1.04940602e-06,0.00880133454,-0.00205351971,-0.00094613625,-0.0599382296,-0.00871217552,0.00240383662,0.00239752918,0.00908711212
1.05030256e-06,0.00805196166,-0.00271486584,-0.00102848758,-0.0757247284,-0.00793695527,0.00303468682,0.00302898914,0.00855934401
1.05120216e-06,0,0,0,0,-0,-0,-0,0
1.05210052e-06,0,0,0,0,-0,-0,-0,0
1.05300069e-06,0,0,0,0,-0,-0,-0,0
1.05390404e-06,0,0,0,0,-0,-0,-0,0
1.0548041e-06,0,0,0,0,-0,-0,-0,0
1.05570075e-06,0,0,0,0,-0,-0,-0,0
1.05660388e-06,0,0,0,0,-0,-0,-0,0
1.05750632e-06,0,0,0,0,-0,-0,-0,0
1.05840331e-06,0,0,0,0,-0,-0,-0,0
1.05930417e-06,0,0,0,0,-0,-0,-0,0
1.06020286e-06,0,0,0,0,-0,-0,-0,0
1.06110065e-06,0,0,0,0,-0,-0,-0,0
1.06200446e-06,0,0,0,0,-0,-0,-0,0
1.0629002e-06,0,0,0,0,-0,-0,-0,0
1.06380276e-06,0,0,0,0,-0,-0,-0,0
1.06470304e-06,0,0,0,0,-0,-0,-0,0
1.06560094e-06,0,0,0,0,-0,-0,-0,0
1.06650191e-06,0,0,0,0,-0,-0,-0,0
1.0674047e-06,0.00147075171,-0.00127052958,-3.26627269e-05,-0.033183109,-0.00141876763,0.00132832767,0.00132732436,0.00194381657
1.06830237e-06,0.00255148206,-0.00149721385,-5.08752528e-05,-0.0399059802,-0.00248956856,0.0015980483,0.00159623921,0.00295876635
1.06920425e-06,0.00442359224,-0.00262359576,-6.31981384e-05,-0.069881469,-0.00431513799,0.00279839367,0.00279525876,0.00514348297
1.07010351e-06,0.00645568641,-0.00300739263,-1.96137298e-05,-0.081462279,-0.00633025892,0.00326314564,0.00325849116,0.00712184542
1.07100391e-06,0.00716803875,-0.00250089983,0.000160546784,-0.0695074126,-0.00706229576,0.00278554448,0.0027802965,0.00759348765
1.07190601e-06,0.00813262817,-0.00171991356,0.000121230885,-0.0509424061,-0.00805734473,0.0020437562,0.00203769624,0.00831338923
1.07280232e-06,0.00915564597,-0.00251273927,0.000135693874,-0.0717522725,-0.00904783966,0.00287685754,0.0028700909,0.00949516322
1.07370147e-06,0.00980095752,-0.00271912478,0.000148057734,-0.077541016,-0.00968438181,0.00310888353,0.00310164064,0.0101722332
1.0746063e-06,0.0116455797,-0.00326452334,0.000159152492,-0.092975013,-0.0115057184,0.00372761105,0.00371900052,0.0120955351
1.07550068e-06,0.0128742717,-0.0041148481,0.000240237496,-0.115422778,-0.0126994236,0.00462639021,0.00461691111,0.0135180088
1.0764013e-06,0.0135635305,-0.00296695088,-2.37075328e-05,-0.0874212757,-0.0134340348,0.00350697419,0.00349685103,0.0138842616
1.07730432e-06,0.0152388308,-0.00409563258,2.74876547e-05,-0.117261,-0.0150628598,0.00470174721,0.00469044,0.0157796365
1.07820017e-06,0.0167559702,-0.00452231616,0.000107769949,-0.129408017,-0.0165617228,0.00518875888,0.00517632067,0.017355849
1.07910421e-06,0.0180890709,-0.00505574467,0.000270247285,-0.1440413,-0.0178724257,0.00577507051,0.00576165199,0.0187842507
1.08000245e-06,0.0181395002,-0.00507645588,0.000415348855,-0.144608185,-0.0179219864,0.00579778179,0.00578432739,0.0188410293
1.08090615e-06,0.0194118656,-0.00537016429,0.00029725497,-0.15319331,-0.0191815889,0.00614213631,0.0061277324,0.0201431763
1.0818012e-06,0.0206501819,-0.00570821343,0.000150177992,-0.162852764,-0.0204053963,0.00652943449,0.00651411057,0.0214251317
1.08270615e-06,0.0220237039,-0.00686790468,0.000155070054,-0.193171248,-0.0217314444,0.00774312435,0.00772684991,0.023070234
1.08360246e-06,0.0233124495,-0.00831695367,0.000326234032,-0.230635345,-0.0229612125,0.00924255032,0.0092254138,0.0247537562
1.08450638e-06,0.0251844302,-0.009545465,0.00041692899,-0.263161629,-0.0247825685,0.0105449382,0.0105264652,0.0269359473
1.08540473e-06,0.0261488799,-0.0107840123,0.000259802589,-0.295048714,-0.0256967181,0.0118210625,0.0118019485,0.0282865045
1.08630445e-06,0.0263422467,-0.0103393691,0.00015772428,-0.28412959,-0.0259077112,0.0113845076,0.0113651836,0.0282991412
1.08720349e-06,0.0249478798,-0.00468558772,8.42611335e-05,-0.141516566,-0.0247405507,0.00567948885,0.00566066265,0.0253842183
1.08810355e-06,0,0,0,0,-0,-0,-0,0
1.08900406e-06,0,0,0,0,-0,-0,-0,0
1.08990139e-06,0,0,0,0,-0,-0,-0,0
1.09080099e-06,0,0,0,0,-0,-0,-0,0
1.09170412e-06,0,0,0,0,-0,-0,-0,0
1.09260259e-06,0,0,0,0,-0,-0,-0,0
1.09350049e-06,0,0,0,0,-0,-0,-0,0
1.09440612e-06,0,0,0,0,-0,-0,-0,0
1.09530401e-06,0,0,0,0,-0,-0,-0,0
1.09620566e-06,0,0,0,0,-0,-0,-0,0
1.09710174e-06,0.000886199938,-0.00077179342,-9.1519305e-06,-0.0201494712,-0.000854627567,0.000806614613,0.00080597885,0.00117520176
1.0980043e-06,0.0012276523,-0.00109449564,-6.01275897e-05,-0.0285458583,-0.00118290216,0.00114271316,0.00114183433,0.00164580261
1.0989055e-06,0.00154933194,-0.00141198572,-6.85651103e-05,-0.0367926583,-0.00149162827,0.00147281304,0.00147170633,0.00209733982
1.09980238e-06,0.00163829909,-0.00153060141,-0.000103704981,-0.0398430936,-0.00157578089,0.00159489158,0.00159372374,0.00224444187
1.10070482e-06,0.00204764097,-0.00160942425,-2.28101035e-05,-0.0422132351,-0.00198164327,0.00169002068,0.0016885294,0.00260453455
1.10160533e-06,0,0,0,0,-0,-0,-0,0
1.10250369e-06,0,0,0,0,-0,-0,-0,0
1.10340125e-06,0,0,0,0,-0,-0,-0,0
1.1043004e-06,0,0,0,0,-0,-0,-0,0
1.10520284e-06,0,0,0,0,-0,-0,-0,0
1.10610449e-06,0,0,0,0,-0,-0,-0,0
1.10700398e-06,0,0,0,0,-0,-0,-0,0
1.1079045e-06,0,0,0,0,-0,-0,-0,0
1.10880103e-06,0,0,0,0,-0,-0,-0,0
1.10970313e-06,0,0,0,0,-0,-0,-0,0
1.11060069e-06,0,0,0,0,-0,-0,-0,0
1.11150052e-06,0,0,0,0,-0,-0,-0,0
1.1124024e-06,0,0,0,0,-0,-0,-0,0
1.11330075e-06,0,0,0,0,-0,-0,-0,0
1.11420093e-06,0,0,0,0,-0,-0,-0,0
1.11510371e-06,0,0,0,0,-0,-0,-0,0
1.1160007e-06,0,0,0,0,-0,-0,-0,0
1.11690031e-06,0.00128222886,-0.00110391178,1.93812484e-05,-0.0288338661,-0.00123705851,0.00115430425,0.00115335464,0.00169207201
1.11780525e-06,0.00209892797,-0.00183672982,4.51472333e-05,-0.0479410738,-0.00202379945,0.00191919536,0.00191764295,0.0027894647
1.11870474e-06,0.00162801985,-0.00107439258,-2.43145132e-05,-0.0284349304,-0.00158375336,0.00113863661,0.00113739721,0.001950733
1.11960378e-06,0.00489470875,-0.00360884354,-0.000226863311,-0.0949500501,-0.00474647825,0.003801693,0.003798002,0.00608550675
1.12050213e-06,0.00603794027,-0.00391709013,-0.000221742957,-0.103770033,-0.00587646874,0.00415541009,0.0041508013,0.00720065884
1.12140128e-06,0.0082531767,-0.00392342685,-0.000128258122,-0.106097132,-0.00808967981,0.00425032757,0.00424388528,0.00913918235
1.12230248e-06,0.00931229163,-0.0041317814,-4.64497898e-05,-0.112339236,-0.0091396156,0.00450086876,0.00449356943,0.0101878629
1.12320242e-06,0.0100836689,-0.00443017529,-6.99564916e-05,-0.120548934,-0.00989844325,0.00482987083,0.00482195735,0.0110141602
1.12410009e-06,0.0106102265,-0.0041955919,-5.73056932e-05,-0.115203686,-0.0104339606,0.00461653177,0.00460814744,0.0114097845
1.12500265e-06,0.00534814037,-0.00298068812,0.000223070703,-0.0797004849,-0.0052246667,0.00319217246,0.00318801939,0.00612673385
1.12590067e-06,0,0,0,0,-0,-0,-0,0
1.12680357e-06,0,0,0,0,-0,-0,-0,0
1.12770488e-06,0,0,0,0,-0,-0,-0,0
1.12860596e-06,0,0,0,0,-0,-0,-0,0
1.12950556e-06,0,0,0,0,-0,-0,-0,0
1.13040164e-06,0,0,0,0,-0,-0,-0,0
1.13130216e-06,0,0,0,0,-0,-0,-0,0
1.13220597e-06,0,0,0,0,-0,-0,-0,0
1.1331017e-06,0,0,0,0,-0,-0,-0,0
1.13400267e-06,0,0,0,0,-0,-0,-0,0
1.13490444e-06,0,0,0,0,-0,-0,-0,0
1.13580552e-06,0,0,0,0,-0,-0,-0,0
1.13670262e-06,0.00120933342,-0.00104196463,-3.58095167e-05,-0.0272142049,-0.00116669861,0.00108949161,0.0010885682,0.00159670283
1.13760507e-06,0.00224094721,-0.00196992722,-5.51441626e-05,-0.0514064357,-0.00216037862,0.00205796548,0.00205625743,0.0029842082
1.13850501e-06,0.00247279368,-0.00177442865,-0.000130689848,-0.0467491969,-0.00239985749,0.00187189466,0.00186996788,0.00304637251
1.13940519e-06,0,0,0,0,-0,-0,-0,0
1.14030343e-06,0,0,0,0,-0,-0,-0,0
1.14120212e-06,0,0,0,0,-0,-0,-0,0
1.14210013e-06,0,0,0,0,-0,-0,-0,0
1.14300599e-06,0.00101364811,0.000240195892,3.91053472e-05,0.00501184165,-0.00102244258,-0.000199468648,-0.000200473666,0.00104245182
1.143904e-06,0,0,0,0,-0,-0,-0,0
1.14480031e-06,0,0,0,0,-0,-0,-0,0
1.14570378e-06,0,0,0,0,-0,-0,-0,0
1.14660531e-06,0,0,0,0,-0,-0,-0,0
1.14750083e-06,0,0,0,0,-0,-0,-0,0
1.1484035e-06,0,0,0,0,-0,-0,-0,0
1.14930617e-06,0,0,0,0,-0,-0,-0,0
1.15020623e-06,0,0,0,0,-0,-0,-0,0
1.15110356e-06,0,0,0,0,-0,-0,-0,0
1.15200623e-06,0,0,0,0,-0,-0,-0,0
1.15290356e-06,0,0,0,0,-0,-0,-0,0
1.15380453e-06,0,0,0,0,-0,-0,-0,0
1.15470607e-06,0,0,0,0,-0,-0,-0,0
1.15560067e-06,0,0,0,0,-0,-0,-0,0
1.15650096e-06,0,0,0,0,-0,-0,-0,0
1.15740033e-06,0,0,0,0,-0,-0,-0,0
1.15830574e-06,0,0,0,0,-0,-0,-0,0
1.15920113e-06,0,0,0,0,-0,-0,-0,0
1.16010096e-06,0,0,0,0,-0,-0,-0,0
1.16100398e-06,0,0,0,0,-0,-0,-0,0
1.16190324e-06,0,0,0,0,-0,-0,-0,0
1.16280296e-06,0,0,0,0,-0,-0,-0,0
1.16370325e-06,0.000198237612,-0.000315032608,5.52490701e-06,-0.00806415733,-0.000185481099,0.000322708006,0.000322566293,0.000372255584
1.16460467e-06,0.000354942866,-0.000516168308,9.81886114e-06,-0.0132422624,-0.000334017722,0.000529949357,0.000529690497,0.00062650664
1.1655053e-06,0.000246275798,-0.000332101394,1.5517162e-05,-0.00853754766,-0.00023279829,0.000341684153,0.000341501907,0.000413743745
1.16640388e-06,0.000726874045,-0.000621910614,-1.96176879e-05,-0.016247483,-0.000701422832,0.000650480361,0.000649899319,0.000956819493
1.16730212e-06,0.00177582842,-0.0015445532,-3.22067754e-05,-0.0403228588,-0.0017126423,0.00161433192,0.00161291435,0.00235377324
1.16820388e-06,0.00271526165,-0.00240713381,-0.000111702982,-0.0627906546,-0.00261683005,0.00251378987,0.00251162618,0.00363034662
1.16910064e-06,0.00359174749,-0.00317811011,-0.000166966303,-0.0829083845,-0.00346178397,0.00331919955,0.00331633538,0.00479884483
1.1700007e-06,0,0,0,0,-0,-0,-0,0
1.17090246e-06,0,0,0,0,-0,-0,-0,0
1.1718007e-06,0,0,0,0,-0,-0,-0,0
1.17270577e-06,0,0,0,0,-0,-0,-0,0
1.17360594e-06,0,0,0,0,-0,-0,-0,0
1.17450236e-06,0,0,0,0,-0,-0,-0,0
1.17540606e-06,0,0,0,0,-0,-0,-0,0
1.17630532e-06,0,0,0,0,-0,-0,-0,0
1.17720401e-06,0,0,0,0,-0,-0,-0,0
1.17810441e-06,0,0,0,0,-0,-0,-0,0
1.17900561e-06,0,0,0,0,-0,-0,-0,0
1.17990135e-06,0,0,0,0,-0,-0,-0,0
1.18080402e-06,0,0,0,0,-0,-0,-0,0
1.18170124e-06,0,0,0,0,-0,-0,-0,0
1.18260527e-06,0,0,0,0,-0,-0,-0,0
1.18350238e-06,0,0,0,0,-0,-0,-0,0
1.18440551e-06,0,0,0,0,-0,-0,-0,0
1.18530068e-06,0,0,0,0,-0,-0,-0,0
1.18620278e-06,0.000538745197,-0.000460133218,-1.07114947e-05,-0.0120216487,-0.000519913837,0.000481309223,0.000480865948,0.000708578649
1.18710329e-06,0.00163995475,-0.00141846365,-1.11065492e-05,-0.037039049,-0.00158191954,0.00148290973,0.00148156196,0.00216832056
1.18800608e-06,0.0020754477,-0.00182636245,-4.82694777e-05,-0.0476548523,-0.00200075255,0.00190789733,0.00190619409,0.00276503398
1.18890341e-06,0.00313622947,-0.00281902822,-9.33436386e-05,-0.073490493,-0.00302098976,0.00294218902,0.00293961972,0.00421800526
1.18980631e-06,0.00370010501,-0.00334175513,-0.000109012362,-0.0871003419,-0.00356351076,0.00348704682,0.00348401368,0.00498698186
1.19070012e-06,0,0,0,0,-0,-0,-0,0
1.19160279e-06,0,0,0,0,-0,-0,-0,0
1.19250058e-06,0,0,0,0,-0,-0,-0,0
1.19340268e-06,0,0,0,0,-0,-0,-0,0
1.19430422e-06,0,0,0,0,-0,-0,-0,0
1.19520337e-06,0,0,0,0,-0,-0,-0,0
1.19610479e-06,0,0,0,0,-0,-0,-0,0
1.19700542e-06,0,0,0,0,-0,-0,-0,0
1.19790434e-06,6.2339037e-05,-9.90344051e-06,-6.74233831e-07,-0.000308994844,-6.18931404e-05,1.23884154e-05,1.23597938e-05,6.31243872e-05
1.19880383e-06,0,0,0,0,-0,-0,-0,0
1.19970446e-06,0,0,0,0,-0,-0,-0,0
1.20060463e-06,0,0,0,0,-0,-0,-0,0
1.20150435e-06,0.00023174331,-3.7060945e-05,1.78515597e-06,-0.0011540706,-0.000230075898,4.62985609e-05,4.61628241e-05,0.000234694828
1.2024035e-06,0,0,0,0,-0,-0,-0,0
1.20330049e-06,0,0,0,0,-0,-0,-0,0
1.20420577e-06,0,0,0,0,-0,-0,-0,0
1.20510265e-06,0,0,0,0,-0,-0,-0,0
1.20600407e-06,0,0,0,0,-0,-0,-0,0
1.20690311e-06,0.00108799583,-0.000940754777,-1.15809917e-05,-0.0245647728,-0.00104950539,0.000983510502,0.000982590914,0.00143836316
1.20780294e-06,0.00169982633,-0.00139245263,-3.81944938e-06,-0.0364476889,-0.0016427834,0.00145931374,0.00145790756,0.00219735033
1.20870027e-06,0.000657015771,-0.000592598226,-2.70604505e-05,-0.0154461069,-0.00063279262,0.000618397834,0.000617844276,0.00088519752
1.20960146e-06,0,0,0,0,-0,-0,-0,0
1.21050539e-06,0,0,0,0,-0,-0,-0,0
1.21140556e-06,0,0,0,0,-0,-0,-0,0
1.21230244e-06,0,0,0,0,-0,-0,-0,0
1.21320147e-06,0,0,0,0,-0,-0,-0,0
1.21410505e-06,0,0,0,0,-0,-0,-0,0
1.21500102e-06,0,0,0,0,-0,-0,-0,0
1.21590222e-06,0,0,0,0,-0,-0,-0,0
1.21680489e-06,0,0,0,0,-0,-0,-0,0
1.21770302e-06,0,0,0,0,-0,-0,-0,0
1.21860546e-06,0,0,0,0,-0,-0,-0,0
1.21950461e-06,0,0,0,0,-0,-0,-0,0
1.22040535e-06,0,0,0,0,-0,-0,-0,0
1.22130655e-06,0,0,0,0,-0,-0,-0,0
1.22220092e-06,0,0,0,0,-0,-0,-0,0
1.22310223e-06,3.42693784e-05,-1.00047391e-05,-1.32880523e-05,-0.000283404806,-3.38418837e-05,1.1367146e-05,1.13361923e-05,3.80927478e-05
1.22400616e-06,1.46200264e-05,-4.48393985e-06,-6.34718936e-06,-0.000126295345,-1.44290221e-05,5.06499829e-06,5.05181379e-06,1.65571042e-05
1.22490576e-06,0,0,0,0,-0,-0,-0,0
1.22580241e-06,0,0,0,0,-0,-0,-0,0
1.22670474e-06,0,0,0,0,-0,-0,-0,0
1.22760343e-06,0,0,0,0,-0,-0,-0,0
1.22850565e-06,0,0,0,0,-0,-0,-0,0
1.22940628e-06,0,0,0,0,-0,-0,-0,0
1.23030622e-06,0,0,0,0,-0,-0,-0,0
1.23120276e-06,0,0,0,0,-0,-0,-0,0
1.23210361e-06,0,0,0,0,-0,-0,-0,0
1.23300151e-06,0,0,0,0,-0,-0,-0,0
1.23390032e-06,0,0,0,0,-0,-0,-0,0
1.23480197e-06,0,0,0,0,-0,-0,-0,0
1.23570169e-06,0,0,0,0,-0,-0,-0,0
1.23660368e-06,0,0,0,0,-0,-0,-0,0
1.23750533e-06,0,0,0,0,-0,-0,-0,0
1.23840368e-06,0,0,0,0,-0,-0,-0,0
1.23930022e-06,4.80845956e-05,-1.39631429e-05,3.81339589e-07,-0.000395758485,-4.74877563e-05,1.58748449e-05,1.58303394e-05,5.00723788e-05
1.2402005e-06,0.000145475511,-4.19583812e-05,1.4980462e-07,-0.00119018974,-0.000143681258,4.77422878e-05,4.76075895e-05,0.000151405589
1.24110397e-06,0.000180205039,-4.91146493e-05,1.07847893e-06,-0.00140286121,-0.000178096832,5.62816424e-05,5.61144482e-05,0.000186781338
1.24200369e-06,0.000206841491,-5.62989226e-05,-5.21052144e-08,-0.0016083353,-0.000204424683,6.45253429e-05,6.43334119e-05,0.000214366447
1.24290511e-06,0.000360364153,-9.80756813e-05,1.11881195e-06,-0.00280183926,-0.000356153919,0.000112407954,0.00011207357,0.000373473444
1.24380153e-06,0.00060187286,-0.000157801129,-4.10951179e-06,-0.00452960748,-0.000595081064,0.0001817434,0.000181184299,0.000622229077
1.24470625e-06,0.000873218232,-0.000230553764,4.69023644e-06,-0.00661194324,-0.000863300059,0.000265288761,0.00026447773,0.000903153983
1.24560097e-06,0.00124780333,-0.000331150921,5.48407934e-06,-0.00949065108,-0.00123356272,0.00038078486,0.000379626043,0.00129100897
1.24650444e-06,0.00160612282,-0.000429166103,2.79611459e-06,-0.0122889802,-0.00158767603,0.000493050598,0.000491559207,0.00166247463
1.24740268e-06,0.00168943836,-0.000454476423,1.94699023e-05,-0.013002594,-0.00166991278,0.000521672406,0.00052010376,0.00174960849
1.2483041e-06,0.00170904316,-0.000461739342,3.57453791e-05,-0.0132031674,-0.00168921146,0.000529713498,0.000528126694,0.00177068052
1.24920098e-06,0.0016837687,-0.000456225418,4.71000531e-05,-0.0130407503,-0.00166417771,0.000523193276,0.000521630011,0.00174511807
1.25010456e-06,0.00167524291,-0.000452253065,6.63527389e-05,-0.0129331844,-0.00165581759,0.00051888316,0.000517327376,0.00173648332
1.25100189e-06,0.00185580587,-0.00050062011,4.87004363e-05,-0.0143177053,-0.00183430195,0.000574432108,0.000572708212,0.00192276042
1.25190331e-06,0.00205736002,-0.000541151734,4.61069021e-06,-0.0155277625,-0.00203407405,0.000622991328,0.000621110499,0.00212734499
1.25280235e-06,0.0014857928,-0.000385236868,-1.03749862e-05,-0.0110740988,-0.00146919896,0.000444344585,0.00044296395,0.00153495776
1.25370218e-06,0.000629106129,-0.000165493824,-1.92478115e-06,-0.00474836631,-0.000621984923,0.000190518982,0.000189934652,0.000650512438
1.25460315e-06,0.000618906226,-0.00016329615,1.24202634e-05,-0.00468350807,-0.000611881063,0.000187915179,0.000187340323,0.000640206851
1.25550116e-06,0.00114650372,-0.00028490377,4.39302312e-06,-0.00823642034,-0.00113419353,0.000330523798,0.000329456814,0.00118138065
1.25640076e-06,0.00113032304,-0.000322767155,2.62357917e-05,-0.00916655827,-0.00111651166,0.000367709842,0.000366662331,0.00117579638
1.25730401e-06,0,0,0,0,-0,-0,-0,0
1.2582027e-06,0,0,0,0,-0,-0,-0,0
1.25910458e-06,0,0,0,0,-0,-0,-0,0
1.26000543e-06,0,0,0,0,-0,-0,-0,0
1.26090447e-06,0,0,0,0,-0,-0,-0,0
1.26180464e-06,0,0,0,0,-0,-0,-0,0
1.26270402e-06,0,0,0,0,-0,-0,-0,0
1.26360283e-06,0,0,0,0,-0,-0,-0,0
1.26450391e-06,0,0,0,0,-0,-0,-0,0
1.26540283e-06,0,0,0,0,-0,-0,-0,0
1.26630641e-06,0,0,0,0,-0,-0,-0,0
1.26720181e-06,0,0,0,0,-0,-0,-0,0
1.26810539e-06,0,0,0,0,-0,-0,-0,0
1.26900295e-06,0,0,0,0,-0,-0,-0,0
1.26990358e-06,0,0,0,0,-0,-0,-0,0
1.27080273e-06,0,0,0,0,-0,-0,-0,0
1.27170506e-06,0,0,0,0,-0,-0,-0,0
1.27260125e-06,0,0,0,0,-0,-0,-0,0
1.27350381e-06,0,0,0,0,-0,-0,-0,0
1.27440489e-06,0,0,0,0,-0,-0,-0,0
1.27530336e-06,0,0,0,0,-0,-0,-0,0
1.27620058e-06,0,0,0,0,-0,-0,-0,0
1.27710155e-06,0,0,0,0,-0,-0,-0,0
1.27800354e-06,0,0,0,0,-0,-0,-0,0
1.27890007e-06,0,0,0,0,-0,-0,-0,0
1.27980093e-06,0,0,0,0,-0,-0,-0,0
1.28070133e-06,1.6454768e-06,-2.2334504e-07,1.51350605e-07,-7.2046646e-06,-1.63522917e-06,2.8896791e-07,2.88186584e-07,1.66744832e-06
1.28160377e-06,6.92021786e-06,-9.6950339e-07,6.1412328e-07,-3.10544165e-05,-6.87591263e-06,1.24546279e-06,1.24217666e-06,7.01473445e-06
1.28250133e-06,3.40103588e-06,-4.6624595e-07,3.0648954e-07,-1.50065662e-05,-3.37967055e-06,6.01878164e-07,6.00262647e-07,3.44650057e-06
1.28340071e-06,0,0,0,0,-0,-0,-0,0
1.28430099e-06,0,0,0,0,-0,-0,-0,0
1.28520151e-06,0,0,0,0,-0,-0,-0,0
1.28610304e-06,0,0,0,0,-0,-0,-0,0
1.28700128e-06,0,0,0,0,-0,-0,-0,0
1.28790055e-06,0,0,0,0,-0,-0,-0,0
1.28880549e-06,0,0,0,0,-0,-0,-0,0
1.28970487e-06,0,0,0,0,-0,-0,-0,0
1.2906039e-06,0,0,0,0,-0,-0,-0,0
1.29150374e-06,0,0,0,0,-0,-0,-0,0
1.29240516e-06,0,0,0,0,-0,-0,-0,0
1.29330169e-06,0,0,0,0,-0,-0,-0,0
1.29420027e-06,0,0,0,0,-0,-0,-0,0
1.29510477e-06,0,0,0,0,-0,-0,-0,0
1.2960046e-06,0,0,0,0,-0,-0,-0,0
1.29690545e-06,0,0,0,0,-0,-0,-0,0
1.29780176e-06,0,0,0,0,-0,-0,-0,0
1.29870432e-06,0,0,0,0,-0,-0,-0,0
1.29960313e-06,0,0,0,0,-0,-0,-0,0
1.30050319e-06,0,0,0,0,-0,-0,-0,0
1.30140472e-06,0,0,0,0,-0,-0,-0,0
1.30230262e-06,0,0,0,0,-0,-0,-0,0
1.30320404e-06,0,0,0,0,-0,-0,-0,0
1.30410547e-06,0,0,0,0,-0,-0,-0,0
1.30500166e-06,0,0,0,0,-0,-0,-0,0
1.30590035e-06,0,0,0,0,-0,-0,-0,0
1.30679996e-06,0,0,0,0,-0,-0,-0,0
1.30770081e-06,0,0,0,0,-0,-0,-0,0
1.30860371e-06,0,0,0,0,-0,-0,-0,0
1.30950048e-06,0,0,0,0,-0,-0,-0,0
1.31040315e-06,0,0,0,0,-0,-0,-0,0
1.31130048e-06,0,0,0,0,-0,-0,-0,0
1.31220236e-06,0,0,0,0,-0,-0,-0,0
1.31310037e-06,0,0,0,0,-0,-0,-0,0
1.31400009e-06,0,0,0,0,-0,-0,-0,0
1.31490549e-06,0,0,0,0,-0,-0,-0,0
1.3158002e-06,1.82030908e-05,-1.82547683e-06,-3.83012008e-07,-6.34818134e-05,-1.81155307e-05,2.55194612e-06,2.53927254e-06,1.82984037e-05
1.31670413e-06,0,0,0,0,-0,-0,-0,0
1.31760555e-06,0,0,0,0,-0,-0,-0,0
1.31850504e-06,0,0,0,0,-0,-0,-0,0
1.31940374e-06,0,0,0,0,-0,-0,-0,0
1.32030061e-06,0,0,0,0,-0,-0,-0,0
1.32120613e-06,0,0,0,0,-0,-0,-0,0
1.32210289e-06,0,0,0,0,-0,-0,-0,0
1.3230034e-06,0,0,0,0,-0,-0,-0,0
1.32390096e-06,0,0,0,0,-0,-0,-0,0
1.32480636e-06,0,0,0,0,-0,-0,-0,0
1.32570381e-06,0,0,0,0,-0,-0,-0,0
1.32660614e-06,0,0,0,0,-0,-0,-0,0
1.32750472e-06,0,0,0,0,-0,-0,-0,0
1.32840114e-06,0,0,0,0,-0,-0,-0,0
1.3293037e-06,0,0,0,0,-0,-0,-0,0
1.33020228e-06,0,0,0,0,-0,-0,-0,0
1.33110268e-06,2.30500827e-05,-2.73624437e-06,-7.22601385e-07,-9.09612718e-05,-2.29222245e-05,3.65581313e-06,3.63845087e-06,2.32231673e-05
1.33200626e-06,0,0,0,0,-0,-0,-0,0
1.33290223e-06,0,0,0,0,-0,-0,-0,0
1.33380593e-06,0,0,0,0,-0,-0,-0,0
1.33470303e-06,0,0,0,0,-0,-0,-0,0
1.33560104e-06,0,0,0,0,-0,-0,-0,0
1.33650371e-06,0,0,0,0,-0,-0,-0,0
1.33740298e-06,0,0,0,0,-0,-0,-0,0
1.33830281e-06,0,0,0,0,-0,-0,-0,0
1.33920105e-06,0,0,0,0,-0,-0,-0,0
1.3401052e-06,0,0,0,0,-0,-0,-0,0
1.3410023e-06,0,0,0,0,-0,-0,-0,0
1.34190464e-06,0,0,0,0,-0,-0,-0,0
1.34280583e-06,0,0,0,0,-0,-0,-0,0
1.34370259e-06,0,0,0,0,-0,-0,-0,0
1.34460402e-06,0,0,0,0,-0,-0,-0,0
1.34550066e-06,0,0,0,0,-0,-0,-0,0
1.34640391e-06,0,0,0,0,-0,-0,-0,0
1.34730578e-06,0,0,0,0,-0,-0,-0,0
1.34820095e-06,0,0,0,0,-0,-0,-0,0
1.34910556e-06,0,0,0,0,-0,-0,-0,0
1.35000266e-06,0,0,0,0,-0,-0,-0,0
1.35090488e-06,0,0,0,0,-0,-0,-0,0
1.35180483e-06,0,0,0,0,-0,-0,-0,0
1.35270102e-06,0,0,0,0,-0,-0,-0,0
1.35360267e-06,0,0,0,0,-0,-0,-0,0
1.3545e-06,0,0,0,0,-0,-0,-0,0
1.35540256e-06,0,0,0,0,-0,-0,-0,0
1.35630114e-06,0,0,0,0,-0,-0,-0,0
1.35720643e-06,0,0,0,0,-0,-0,-0,0
1.3581049e-06,0,0,0,0,-0,-0,-0,0
1.35900223e-06,0,0,0,0,-0,-0,-0,0
1.35990331e-06,0,0,0,0,-0,-0,-0,0
1.36080189e-06,0,0,0,0,-0,-0,-0,0
1.36170388e-06,0,0,0,0,-0,-0,-0,0
1.36260519e-06,0,0,0,0,-0,-0,-0,0
1.36350081e-06,0,0,0,0,-0,-0,-0,0
1.36440417e-06,0,0,0,0,-0,-0,-0,0
1.36530082e-06,0,0,0,0,-0,-0,-0,0
1.36620451e-06,0,0,0,0,-0,-0,-0,0
1.36710162e-06,0,0,0,0,-0,-0,-0,0
1.36800463e-06,0,0,0,0,-0,-0,-0,0
1.36890196e-06,0,0,0,0,-0,-0,-0,0
1.36980384e-06,0.000101903956,4.16907687e-06,-2.03968466e-05,5.18173329e-06,-0.000101989162,-9.06707253e-08,-2.07269331e-07,0.000104008791
1.37070629e-06,0,0,0,0,-0,-0,-0,0
1.37160032e-06,0,0,0,0,-0,-0,-0,0
1.37250265e-06,0,0,0,0,-0,-0,-0,0
1.37340635e-06,0,0,0,0,-0,-0,-0,0
1.37430254e-06,0,0,0,0,-0,-0,-0,0
1.37520055e-06,0,0,0,0,-0,-0,-0,0
1.37610334e-06,0,0,0,0,-0,-0,-0,0
1.37700624e-06,0,0,0,0,-0,-0,-0,0
1.377903e-06,0,0,0,0,-0,-0,-0,0
1.37880636e-06,0,0,0,0,-0,-0,-0,0
1.37970176e-06,0,0,0,0,-0,-0,-0,0
1.38060341e-06,0,0,0,0,-0,-0,-0,0
1.38150176e-06,0,0,0,0,-0,-0,-0,0
1.38240523e-06,0,0,0,0,-0,-0,-0,0
1.38330324e-06,0,0,0,0,-0,-0,-0,0
1.38420228e-06,0,0,0,0,-0,-0,-0,0
1.38510643e-06,0,0,0,0,-0,-0,-0,0
1.38600296e-06,0,0,0,0,-0,-0,-0,0
1.38690336e-06,0,0,0,0,-0,-0,-0,0
1.38780103e-06,0,0,0,0,-0,-0,-0,0
1.38870394e-06,0,0,0,0,-0,-0,-0,0
1.38960138e-06,0,0,0,0,-0,-0,-0,0
1.39050621e-06,0,0,0,0,-0,-0,-0,0
1.3914015e-06,0,0,0,0,-0,-0,-0,0
1.39230326e-06,0,0,0,0,-0,-0,-0,0
1.39320537e-06,0,0,0,0,-0,-0,-0,0
1.39410588e-06,0,0,0,0,-0,-0,-0,0
1.39500003e-06,0,0,0,0,-0,-0,-0,0
1.39590384e-06,0,0,0,0,-0,-0,-0,0
1.39680458e-06,0,0,0,0,-0,-0,-0,0
1.39770191e-06,0,0,0,0,-0,-0,-0,0
1.39860515e-06,0,0,0,0,-0,-0,-0,0
1.39950066e-06,0,0,0,0,-0,-0,-0,0
1.4004039e-06,0,0,0,0,-0,-0,-0,0
1.40130078e-06,0,0,0,0,-0,-0,-0,0
1.40220607e-06,0,0,0,0,-0,-0,-0,0
1.4031026e-06,0,0,0,0,-0,-0,-0,0
1.40400118e-06,0,0,0,0,-0,-0,-0,0
1.40490329e-06,0,0,0,0,-0,-0,-0,0
1.40580391e-06,0,0,0,0,-0,-0,-0,0
1.40670636e-06,0,0,0,0,-0,-0,-0,0
1.4076021e-06,0,0,0,0,-0,-0,-0,0
1.4085058e-06,0,0,0,0,-0,-0,-0,0
1.40940347e-06,0,0,0,0,-0,-0,-0,0
1.41030159e-06,0,0,0,0,-0,-0,-0,0
1.41120393e-06,0,0,0,0,-0,-0,-0,0
1.41210546e-06,0,0,0,0,-0,-0,-0,0
1.41300632e-06,0,0,0,0,-0,-0,-0,0
1.41390058e-06,0,0,0,0,-0,-0,-0,0
1.41480291e-06,0,0,0,0,-0,-0,-0,0
1.41570365e-06,0,0,0,0,-0,-0,-0,0
1.41660394e-06,0,0,0,0,-0,-0,-0,0
1.4175057e-06,0,0,0,0,-0,-0,-0,0
1.41840292e-06,0,0,0,0,-0,-0,-0,0
1.41930138e-06,0,0,0,0,-0,-0,-0,0
1.42020406e-06,0,0,0,0,-0,-0,-0,0
1.42110571e-06,0,0,0,0,-0,-0,-0,0
1.42200122e-06,0,0,0,0,-0,-0,-0,0
1.42290219e-06,0,0,0,0,-0,-0,-0,0
1.42380225e-06,0,0,0,0,-0,-0,-0,0
1.42470537e-06,0,0,0,0,-0,-0,-0,0
1.42560077e-06,0,0,0,0,-0,-0,-0,0
1.42650151e-06,0,0,0,0,-0,-0,-0,0
1.4274035e-06,0,0,0,0,-0,-0,-0,0
1.42830152e-06,0,0,0,0,-0,-0,-0,0
1.42920248e-06,0,0,0,0,-0,-0,-0,0
1.4301047e-06,0,0,0,0,-0,-0,-0,0
1.4310059e-06,0,0,0,0,-0,-0,-0,0
1.43190323e-06,0,0,0,0,-0,-0,-0,0
1.43280613e-06,0,0,0,0,-0,-0,-0,0
1.43370187e-06,0,0,0,0,-0,-0,-0,0
1.43460261e-06,0,0,0,0,-0,-0,-0,0
1.43550392e-06,0,0,0,0,-0,-0,-0,0
1.436405e-06,0,0,0,0,-0,-0,-0,0
1.4373004e-06,0,0,0,0,-0,-0,-0,0
1.43820171e-06,0,0,0,0,-0,-0,-0,0
1.43910233e-06,0,0,0,0,-0,-0,-0,0
1.44000262e-06,0,0,0,0,-0,-0,-0,0
1.44090393e-06,0,0,0,0,-0,-0,-0,0
1.44180524e-06,0,0,0,0,-0,-0,-0,0
1.442702e-06,0,0,0,0,-0,-0,-0,0
1.44360581e-06,0,0,0,0,-0,-0,-0,0
1.4445028e-06,0,0,0,0,-0,-0,-0,0
1.44540115e-06,0,0,0,0,-0,-0,-0,0
1.44630133e-06,0,0,0,0,-0,-0,-0,0
1.44720252e-06,0,0,0,0,-0,-0,-0,0
1.44810224e-06,0,0,0,0,-0,-0,-0,0
1.44900355e-06,0,0,0,0,-0,-0,-0,0
1.44990531e-06,0,0,0,0,-0,-0,-0,0
1.4508056e-06,0,0,0,0,-0,-0,-0,0
1.45170031e-06,0,0,0,0,-0,-0,-0,0
1.45260117e-06,0,0,0,0,-0,-0,-0,0
1.45350248e-06,0,0,0,0,-0,-0,-0,0
1.45440049e-06,0,0,0,0,-0,-0,-0,0
1.45530225e-06,0,0,0,0,-0,-0,-0,0
1.45620436e-06,0,0,0,0,-0,-0,-0,0
1.45710612e-06,0,0,0,0,-0,-0,-0,0
1.45800334e-06,0,0,0,0,-0,-0,-0,0
1.4589059e-06,0,0,0,0,-0,-0,-0,0
1.45980016e-06,0,0,0,0,-0,-0,-0,0
1.46070477e-06,0,0,0,0,-0,-0,-0,0
1.46160016e-06,0,0,0,0,-0,-0,-0,0
1.46250295e-06,0,0,0,0,-0,-0,-0,0
1.46340471e-06,0,0,0,0,-0,-0,-0,0
1.46430591e-06,0,0,0,0,-0,-0,-0,0
1.46520074e-06,0,0,0,0,-0,-0,-0,0
1.4661033e-06,0,0,0,0,-0,-0,-0,0
1.46700245e-06,0,0,0,0,-0,-0,-0,0
1.46790399e-06,0,0,0,0,-0,-0,-0,0
1.46880109e-06,0,0,0,0,-0,-0,-0,0
1.46970535e-06,0,0,0,0,-0,-0,-0,0
1.47060598e-06,0,0,0,0,-0,-0,-0,0
1.47150149e-06,0,0,0,0,-0,-0,-0,0
1.47240212e-06,0,0,0,0,-0,-0,-0,0
1.47330286e-06,0,0,0,0,-0,-0,-0,0
1.47420371e-06,0,0,0,0,-0,-0,-0,0
1.47510025e-06,0,0,0,0,-0,-0,-0,0
1.47600326e-06,0,0,0,0,-0,-0,-0,0
1.47690446e-06,0,0,0,0,-0,-0,-0,0
1.47780145e-06,0,0,0,0,-0,-0,-0,0
1.47870526e-06,0,0,0,0,-0,-0,-0,0
1.47960316e-06,0,0,0,0,-0,-0,-0,0
1.4805014e-06,0,0,0,0,-0,-0,-0,0
1.48140305e-06,0,0,0,0,-0,-0,-0,0
1.48230447e-06,0,0,0,0,-0,-0,-0,0
1.48320566e-06,0,0,0,0,-0,-0,-0,0
1.48410265e-06,0,0,0,0,-0,-0,-0,0
1.4850043e-06,0,0,0,0,-0,-0,-0,0
1.48590618e-06,0,0,0,0,-0,-0,-0,0
1.48680385e-06,0,0,0,0,-0,-0,-0,0
1.48770619e-06,0,0,0,0,-0,-0,-0,0
1.4886009e-06,0,0,0,0,-0,-0,-0,0
1.48950153e-06,0,0,0,0,-0,-0,-0,0
1.49040318e-06,0,0,0,0,-0,-0,-0,0
1.49130415e-06,0,0,0,0,-0,-0,-0,0
1.49220568e-06,0,0,0,0,-0,-0,-0,0
1.49310074e-06,0,0,0,0,-0,-0,-0,0
1.49400137e-06,0,0,0,0,-0,-0,-0,0
1.49490279e-06,0,0,0,0,-0,-0,-0,0
1.49580558e-06,0,0,0,0,-0,-0,-0,0
1.49670302e-06,0,0,0,0,-0,-0,-0,0
1.49760444e-06,0,0,0,0,-0,-0,-0,0
1.49850553e-06,0,0,0,0,-0,-0,-0,0
1.49940058e-06,0,0,0,0,-0,-0,-0,0
1.50030132e-06,0,0,0,0,-0,-0,-0,0
1.50120275e-06,0,0,0,0,-0,-0,-0,0
1.50210019e-06,0,0,0,0,-0,-0,-0,0
1.50300252e-06,0,0,0,0,-0,-0,-0,0
1.50390474e-06,0,0,0,0,-0,-0,-0,0
1.5048056e-06,0,0,0,0,-0,-0,-0,0
1.50570361e-06,0,0,0,0,-0,-0,-0,0
1.50660412e-06,0,0,0,0,-0,-0,-0,0
1.50750589e-06,0,0,0,0,-0,-0,-0,0
1.50840037e-06,0,0,0,0,-0,-0,-0,0
1.50930111e-06,0,0,0,0,-0,-0,-0,0
1.51020311e-06,0,0,0,0,-0,-0,-0,0
1.51110567e-06,0,0,0,0,-0,-0,-0,0
1.51200288e-06,0,0,0,0,-0,-0,-0,0
1.5129059e-06,0,0,0,0,-0,-0,-0,0
1.51380118e-06,0,0,0,0,-0,-0,-0,0
1.51470226e-06,0,0,0,0,-0,-0,-0,0
1.5156038e-06,0,0,0,0,-0,-0,-0,0
1.51650158e-06,0,0,0,0,-0,-0,-0,0
1.51740426e-06,0,0,0,0,-0,-0,-0,0
1.51830602e-06,0,0,0,0,-0,-0,-0,0
1.51920312e-06,0,0,0,0,-0,-0,-0,0
1.52010398e-06,0,0,0,0,-0,-0,-0,0
1.5210054e-06,0,0,0,0,-0,-0,-0,0
1.52190069e-06,0,0,0,0,-0,-0,-0,0
1.52280404e-06,0,0,0,0,-0,-0,-0,0
1.5237008e-06,0,0,0,0,-0,-0,-0,0
1.52460257e-06,0,0,0,0,-0,-0,-0,0
1.52550217e-06,0,0,0,0,-0,-0,-0,0
1.52640166e-06,0,0,0,0,-0,-0,-0,0
1.52730354e-06,0,0,0,0,-0,-0,-0,0
1.5282053e-06,0,0,0,0,-0,-0,-0,0
1.5291015e-06,0,0,0,0,-0,-0,-0,0
1.53000576e-06,0,0,0,0,-0,-0,-0,0
1.53090139e-06,0,0,0,0,-0,-0,-0,0
1.5318036e-06,0,0,0,0,-0,-0,-0,0
1.5327048e-06,0,0,0,0,-0,-0,-0,0
1.53360031e-06,0,0,0,0,-0,-0,-0,0
1.53450333e-06,0,0,0,0,-0,-0,-0,0
1.53540589e-06,0,0,0,0,-0,-0,-0,0
1.53630265e-06,0,0,0,0,-0,-0,-0,0
1.53720441e-06,0,0,0,0,-0,-0,-0,0
1.53810618e-06,0,0,0,0,-0,-0,-0,0
1.53900157e-06,0,0,0,0,-0,-0,-0,0
1.53990277e-06,0,0,0,0,-0,-0,-0,0
1.54080067e-06,0,0,0,0,-0,-0,-0,0
1.5417038e-06,0,0,0,0,-0,-0,-0,0
1.54260636e-06,0,0,0,0,-0,-0,-0,0
1.54350084e-06,0,0,0,0,-0,-0,-0,0
1.54440306e-06,0,0,0,0,-0,-0,-0,0
1.54530187e-06,0,0,0,0,-0,-0,-0,0
1.54620602e-06,0,0,0,0,-0,-0,-0,0
1.54710381e-06,0,0,0,0,-0,-0,-0,0
1.54800512e-06,0,0,0,0,-0,-0,-0,0
1.54890006e-06,0,0,0,0,-0,-0,-0,0
1.54980319e-06,0,0,0,0,-0,-0,-0,0
1.55070632e-06,0,0,0,0,-0,-0,-0,0
1.55160387e-06,0,0,0,0,-0,-0,-0,0
1.55250541e-06,0,0,0,0,-0,-0,-0,0
1.55340047e-06,0,0,0,0,-0,-0,-0,0
1.55430189e-06,0,0,0,0,-0,-0,-0,0
1.55520388e-06,0,0,0,0,-0,-0,-0,0
1.55610633e-06,0,0,0,0,-0,-0,-0,0
1.55700468e-06,0,0,0,0,-0,-0,-0,0
1.55790201e-06,0,0,0,0,-0,-0,-0,0
1.55880491e-06,0,0,0,0,-0,-0,-0,0
1.55970633e-06,0,0,0,0,-0,-0,-0,0
1.56060389e-06,0,0,0,0,-0,-0,-0,0
1.56150577e-06,0,0,0,0,-0,-0,-0,0
1.56240139e-06,0,0,0,0,-0,-0,-0,0
1.56330452e-06,0,0,0,0,-0,-0,-0,0
1.56420595e-06,0,0,0,0,-0,-0,-0,0
1.56510112e-06,0,0,0,0,-0,-0,-0,0
1.56600231e-06,0,0,0,0,-0,-0,-0,0
1.56690567e-06,0,0,0,0,-0,-0,-0,0
1.56780425e-06,0,0,0,0,-0,-0,-0,0
1.56870044e-06,0,0,0,0,-0,-0,-0,0
1.569603e-06,0,0,0,0,-0,-0,-0,0
1.57050522e-06,0,0,0,0,-0,-0,-0,0
1.57140198e-06,0,0,0,0,-0,-0,-0,0
1.57230591e-06,0,0,0,0,-0,-0,-0,0
1.57320142e-06,0.000102227219,-1.62708675e-05,4.32335071e-07,-0.000507249322,-0.000101494787,2.0345851e-05,2.02899729e-05,0.00010351489
1.57410375e-06,0,0,0,0,-0,-0,-0,0
1.57500494e-06,0,0,0,0,-0,-0,-0,0
1.57590148e-06,0,0,0,0,-0,-0,-0,0
1.57680427e-06,0,0,0,0,-0,-0,-0,0
1.5777058e-06,0,0,0,0,-0,-0,-0,0
1.57860063e-06,0,0,0,0,-0,-0,-0,0
1.57950285e-06,0,0,0,0,-0,-0,-0,0
1.5804053e-06,0,0,0,0,-0,-0,-0,0
1.58130126e-06,0,0,0,0,-0,-0,-0,0
1.58220394e-06,0,0,0,0,-0,-0,-0,0
1.58310058e-06,0,0,0,0,-0,-0,-0,0
1.58400303e-06,0,0,0,0,-0,-0,-0,0
1.58490514e-06,0,0,0,0,-0,-0,-0,0
1.58580144e-06,0,0,0,0,-0,-0,-0,0
1.58670468e-06,0,0,0,0,-0,-0,-0,0
1.58760054e-06,0,0,0,0,-0,-0,-0,0
1.58850219e-06,0,0,0,0,-0,-0,-0,0
1.58940429e-06,0,0,0,0,-0,-0,-0,0
1.59030606e-06,0,0,0,0,-0,-0,-0,0
1.59120157e-06,0,0,0,0,-0,-0,-0,0
1.59210379e-06,0,0,0,0,-0,-0,-0,0
1.59300578e-06,0,0,0,0,-0,-0,-0,0
1.59390152e-06,0,0,0,0,-0,-0,-0,0
1.59480385e-06,0,0,0,0,-0,-0,-0,0
1.5957005e-06,0,0,0,0,-0,-0,-0,0
1.59660362e-06,0,0,0,0,-0,-0,-0,0
1.59750175e-06,0,0,0,0,-0,-0,-0,0
1.59840386e-06,0,0,0,0,-0,-0,-0,0
1.59930494e-06,0,0,0,0,-0,-0,-0,0
1.6002009e-06,0,0,0,0,-0,-0,-0,0
1.60110289e-06,0,0,0,0,-0,-0,-0,0
1.60200545e-06,0,0,0,0,-0,-0,-0,0
1.60290278e-06,2.84315338e-05,-4.91434594e-06,4.63535077e-09,-0.000150578257,-2.82122702e-05,6.04737309e-06,6.02313026e-06,2.88531269e-05
1.60380591e-06,0,0,0,0,-0,-0,-0,0
1.60470177e-06,0,0,0,0,-0,-0,-0,0
1.60560387e-06,0,0,0,0,-0,-0,-0,0
1.60650029e-06,0,0,0,0,-0,-0,-0,0
1.60740331e-06,0,0,0,0,-0,-0,-0,0
1.60830064e-06,0,0,0,0,-0,-0,-0,0
1.60920297e-06,0,0,0,0,-0,-0,-0,0
1.61010519e-06,0,0,0,0,-0,-0,-0,0
1.61100081e-06,0,0,0,0,-0,-0,-0,0
1.61190303e-06,0,0,0,0,-0,-0,-0,0
1.61280525e-06,0,0,0,0,-0,-0,-0,0
1.61370087e-06,0,0,0,0,-0,-0,-0,0
1.61460321e-06,0,0,0,0,-0,-0,-0,0
1.61550497e-06,0,0,0,0,-0,-0,-0,0
1.61640116e-06,0,0,0,0,-0,-0,-0,0
1.61730475e-06,0,0,0,0,-0,-0,-0,0
1.61820105e-06,0,0,0,0,-0,-0,-0,0
1.61910327e-06,0,0,0,0,-0,-0,-0,0
1.62000003e-06,0,0,0,0,-0,-0,-0,0
1.62090305e-06,0,0,0,0,-0,-0,-0,0
1.62180527e-06,0,0,0,0,-0,-0,-0,0
1.62270123e-06,0,0,0,0,-0,-0,-0,0
1.62360323e-06,0,0,0,0,-0,-0,-0,0
1.62450533e-06,0,0,0,0,-0,-0,-0,0
1.62540346e-06,0,0,0,0,-0,-0,-0,0
1.62630647e-06,0,0,0,0,-0,-0,-0,0
1.62720255e-06,0,0,0,0,-0,-0,-0,0
1.62810534e-06,0,0,0,0,-0,-0,-0,0
1.62900164e-06,0,0,0,0,-0,-0,-0,0
1.62990409e-06,0,0,0,0,-0,-0,-0,0
1.63080006e-06,0,0,0,0,-0,-0,-0,0
1.63170296e-06,0,0,0,0,-0,-0,-0,0
1.63260052e-06,0,0,0,0,-0,-0,-0,0
1.63350285e-06,0,0,0,0,-0,-0,-0,0
1.63440529e-06,0,0,0,0,-0,-0,-0,0
1.63530194e-06,0,0,0,0,-0,-0,-0,0
1.63620382e-06,0,0,0,0,-0,-0,-0,0
1.63710047e-06,0,0,0,0,-0,-0,-0,0
1.6380036e-06,0,0,0,0,-0,-0,-0,0
1.63890047e-06,0,0,0,0,-0,-0,-0,0
1.63980246e-06,0,0,0,0,-0,-0,-0,0
1.64070468e-06,0,0,0,0,-0,-0,-0,0
1.64159997e-06,0,0,0,0,-0,-0,-0,0
1.64250253e-06,0,0,0,0,-0,-0,-0,0
1.64340611e-06,0,0,0,0,-0,-0,-0,0
1.64430116e-06,0,0,0,0,-0,-0,-0,0
1.64520361e-06,0,0,0,0,-0,-0,-0,0
1.64610049e-06,0,0,0,0,-0,-0,-0,0
1.64700396e-06,0,0,0,0,-0,-0,-0,0
1.64790072e-06,0,0,0,0,-0,-0,-0,0
1.64880294e-06,0,0,0,0,-0,-0,-0,0
1.64970049e-06,0,0,0,0,-0,-0,-0,0
1.65060533e-06,0,0,0,0,-0,-0,-0,0
1.65150141e-06,0,0,0,0,-0,-0,-0,0
1.65240431e-06,0,0,0,0,-0,-0,-0,0
1.65330164e-06,0,0,0,0,-0,-0,-0,0
1.6542001e-06,0,0,0,0,-0,-0,-0,0
1.6551046e-06,0,0,0,0,-0,-0,-0,0
1.65600284e-06,0,0,0,0,-0,-0,-0,0
1.65690551e-06,0,0,0,0,-0,-0,-0,0
1.6578017e-06,0,0,0,0,-0,-0,-0,0
1.65870529e-06,0,0,0,0,-0,-0,-0,0
1.65960273e-06,0,0,0,0,-0,-0,-0,0
1.6605054e-06,0,0,0,0,-0,-0,-0,0
1.66140103e-06,0,0,0,0,-0,-0,-0,0
1.6623037e-06,0,0,0,0,-0,-0,-0,0
1.66320638e-06,0,0,0,0,-0,-0,-0,0
1.6641028e-06,0,0,0,0,-0,-0,-0,0
1.66500126e-06,0,0,0,0,-0,-0,-0,0
1.66590462e-06,0,0,0,0,-0,-0,-0,0
1.66680172e-06,0,0,0,0,-0,-0,-0,0
1.6677061e-06,0,0,0,0,-0,-0,-0,0
1.66860389e-06,0,0,0,0,-0,-0,-0,0
1.66950622e-06,0,0,0,0,-0,-0,-0,0
1.67040332e-06,0,0,0,0,-0,-0,-0,0
1.67130599e-06,0,0,0,0,-0,-0,-0,0
1.67220185e-06,0,0,0,0,-0,-0,-0,0
1.67310475e-06,0,0,0,0,-0,-0,-0,0
1.67400106e-06,0,0,0,0,-0,-0,-0,0
1.67490384e-06,0,0,0,0,-0,-0,-0,0
1.67580106e-06,0,0,0,0,-0,-0,-0,0
1.6767043e-06,0,0,0,0,-0,-0,-0,0
1.67760027e-06,0,0,0,0,-0,-0,-0,0
1.67850271e-06,0,0,0,0,-0,-0,-0,0
1.67940038e-06,0,0,0,0,-0,-0,-0,0
1.68030431e-06,0,0,0,0,-0,-0,-0,0
1.68120073e-06,0,0,0,0,-0,-0,-0,0
1.6821034e-06,0,0,0,0,-0,-0,-0,0
1.68300573e-06,0,0,0,0,-0,-0,-0,0
1.68390136e-06,0,0,0,0,-0,-0,-0,0
1.68480381e-06,0,0,0,0,-0,-0,-0,0
1.68570602e-06,0,0,0,0,-0,-0,-0,0
1.68660165e-06,0,0,0,0,-0,-0,-0,0
1.68750444e-06,0,0,0,0,-0,-0,-0,0
1.68840108e-06,0,0,0,0,-0,-0,-0,0
1.6893033e-06,0,0,0,0,-0,-0,-0,0
1.69020586e-06,0,0,0,0,-0,-0,-0,0
1.69110024e-06,0,0,0,0,-0,-0,-0,0
1.69200257e-06,0,0,0,0,-0,-0,-0,0
1.69290479e-06,0,0,0,0,-0,-0,-0,0
1.69380098e-06,0,0,0,0,-0,-0,-0,0
1.694704e-06,0,0,0,0,-0,-0,-0,0
1.69560587e-06,0,0,0,0,-0,-0,-0,0
1.69650161e-06,0,0,0,0,-0,-0,-0,0
1.69740406e-06,0,0,0,0,-0,-0,-0,0
1.69830628e-06,0,0,0,0,-0,-0,-0,0
1.69920258e-06,0,0,0,0,-0,-0,-0,0
1.7001056e-06,0,0,0,0,-0,-0,-0,0
1.70100213e-06,0,0,0,0,-0,-0,-0,0
1.70190492e-06,0,0,0,0,-0,-0,-0,0
1.70280066e-06,0,0,0,0,-0,-0,-0,0
1.70370299e-06,0,0,0,0,-0,-0,-0,0
1.70460521e-06,0,0,0,0,-0,-0,-0,0
1.70550175e-06,0,0,0,0,-0,-0,-0,0
1.70640408e-06,0,0,0,0,-0,-0,-0,0
1.70730004e-06,0,0,0,0,-0,-0,-0,0
1.70820238e-06,0,0,0,0,-0,-0,-0,0
1.70910505e-06,0,0,0,0,-0,-0,-0,0
1.71000102e-06,0,0,0,0,-0,-0,-0,0
1.71090358e-06,0,0,0,0,-0,-0,-0,0
1.71180022e-06,0,0,0,0,-0,-0,-0,0
1.71270324e-06,0,0,0,0,-0,-0,-0,0
1.7136058e-06,0,0,0,0,-0,-0,-0,0
1.71450233e-06,0,0,0,0,-0,-0,-0,0
1.71540512e-06,0,0,0,0,-0,-0,-0,0
1.71630131e-06,0,0,0,0,-0,-0,-0,0
1.71720387e-06,0,0,0,0,-0,-0,-0,0
1.71810609e-06,0,0,0,0,-0,-0,-0,0
1.71900194e-06,0,0,0,0,-0,-0,-0,0
1.7199045e-06,0,0,0,0,-0,-0,-0,0
1.72080058e-06,0,0,0,0,-0,-0,-0,0
1.72170314e-06,0,0,0,0,-0,-0,-0,0
1.7226065e-06,0,0,0,0,-0,-0,-0,0
1.72350371e-06,0,0,0,0,-0,-0,-0,0
1.72440025e-06,0,0,0,0,-0,-0,-0,0
1.72530292e-06,0,0,0,0,-0,-0,-0,0
1.72620639e-06,0,0,0,0,-0,-0,-0,0
1.72710202e-06,0,0,0,0,-0,-0,-0,0
1.72800424e-06,0,0,0,0,-0,-0,-0,0
1.72890043e-06,0,0,0,0,-0,-0,-0,0
1.72980288e-06,0,0,0,0,-0,-0,-0,0
1.73070566e-06,0,0,0,0,-0,-0,-0,0
1.73160208e-06,0,0,0,0,-0,-0,-0,0
1.73250453e-06,0,0,0,0,-0,-0,-0,0
1.73340015e-06,0,0,0,0,-0,-0,-0,0
1.73430396e-06,0,0,0,0,-0,-0,-0,0
1.73520232e-06,0,0,0,0,-0,-0,-0,0
1.73610522e-06,0,0,0,0,-0,-0,-0,0
1.73700153e-06,0,0,0,0,-0,-0,-0,0
1.73790477e-06,0,0,0,0,-0,-0,-0,0
1.73880085e-06,0,0,0,0,-0,-0,-0,0
1.73970329e-06,0,0,0,0,-0,-0,-0,0
1.74060631e-06,0,0,0,0,-0,-0,-0,0
1.74150205e-06,0,0,0,0,-0,-0,-0,0
1.74240427e-06,0,0,0,0,-0,-0,-0,0
1.74330103e-06,0,0,0,0,-0,-0,-0,0
1.74420359e-06,0,0,0,0,-0,-0,-0,0
1.74510649e-06,0,0,0,0,-0,-0,-0,0
1.74600279e-06,0,0,0,0,-0,-0,-0,0
1.74690615e-06,0,0,0,0,-0,-0,-0,0
1.74780359e-06,0,0,0,0,-0,-0,-0,0
1.74870058e-06,0,0,0,0,-0,-0,-0,0
1.74960485e-06,0,0,0,0,-0,-0,-0,0
1.7505015e-06,0,0,0,0,-0,-0,-0,0
1.75140519e-06,0,0,0,0,-0,-0,-0,0
1.75230298e-06,0,0,0,0,-0,-0,-0,0
1.75320019e-06,0,0,0,0,-0,-0,-0,0
1.75410287e-06,0,0,0,0,-0,-0,-0,0
1.75500611e-06,0,0,0,0,-0,-0,-0,0
1.75590219e-06,0,0,0,0,-0,-0,-0,0
1.75680441e-06,0,0,0,0,-0,-0,-0,0
1.75770003e-06,0,0,0,0,-0,-0,-0,0
1.75860305e-06,0,0,0,0,-0,-0,-0,0
1.75950561e-06,0,0,0,0,-0,-0,-0,0
1.76040157e-06,0,0,0,0,-0,-0,-0,0
1.76130459e-06,0,0,0,0,-0,-0,-0,0
1.76220078e-06,0,0,0,0,-0,-0,-0,0
1.76310311e-06,0,0,0,0,-0,-0,-0,0
1.76400636e-06,0,0,0,0,-0,-0,-0,0
1.76490266e-06,0,0,0,0,-0,-0,-0,0
1.765805e-06,0,0,0,0,-0,-0,-0,0
1.76670073e-06,0,0,0,0,-0,-0,-0,0
1.76760375e-06,0,0,0,0,-0,-0,-0,0
1.76850642e-06,0,0,0,0,-0,-0,-0,0
1.76940227e-06,0,0,0,0,-0,-0,-0,0
1.77030529e-06,0,0,0,0,-0,-0,-0,0
1.77120125e-06,0,0,0,0,-0,-0,-0,0
1.77210359e-06,0,0,0,0,-0,-0,-0,0
1.77300603e-06,0,0,0,0,-0,-0,-0,0
1.773902e-06,0,0,0,0,-0,-0,-0,0
1.77480456e-06,0,0,0,0,-0,-0,-0,0
1.77570087e-06,0,0,0,0,-0,-0,-0,0
1.77660365e-06,0,0,0,0,-0,-0,-0,0
1.77750564e-06,0,0,0,0,-0,-0,-0,0
1.7784015e-06,0,0,0,0,-0,-0,-0,0
1.77930394e-06,0,0,0,0,-0,-0,-0,0
1.78020628e-06,0,0,0,0,-0,-0,-0,0
1.78110281e-06,0,0,0,0,-0,-0,-0,0
1.78200526e-06,0,0,0,0,-0,-0,-0,0
1.78290145e-06,0,0,0,0,-0,-0,-0,0
1.78380412e-06,0,0,0,0,-0,-0,-0,0
1.78470077e-06,0,0,0,0,-0,-0,-0,0
1.78560356e-06,0,0,0,0,-0,-0,-0,0
1.78650578e-06,0,0,0,0,-0,-0,-0,0
1.78740186e-06,0,0,0,0,-0,-0,-0,0
1.7883043e-06,0,0,0,0,-0,-0,-0,0
1.78920016e-06,0,0,0,0,-0,-0,-0,0
1.79010271e-06,0,0,0,0,-0,-0,-0,0
1.79100505e-06,0,0,0,0,-0,-0,-0,0
1.79190135e-06,0,0,0,0,-0,-0,-0,0
1.7928038e-06,0,0,0,0,-0,-0,-0,0
1.79370033e-06,0,0,0,0,-0,-0,-0,0
1.79460346e-06,0,0,0,0,-0,-0,-0,0
1.79550557e-06,0,0,0,0,-0,-0,-0,0
1.79640176e-06,0,0,0,0,-0,-0,-0,0
1.79730444e-06,0,0,0,0,-0,-0,-0,0
1.79820063e-06,0,0,0,0,-0,-0,-0,0
1.79910307e-06,0,0,0,0,-0,-0,-0,0
1.79999995e-06,0,0,0,0,-0,-0,-0,0
