time_s,ALLIE_mJ,ALLKE_mJ,ALLAE_mJ,ALLSE_mJ,ALLPD_mJ,ALLDMD_mJ,ALLWK_mJ,ALLVD_mJ,ETOTAL_mJ
0,0,0.00873762928,0,0,0,0,0,0,0.00873762928
9.15182263e-10,2.89366716e-14,0.00873762928,9.30933848e-15,1.9627334e-14,0,0,4.79214628e-12,4.55464185e-14,0.00873762928
1.82767146e-09,1.41619477e-13,0.00873762928,4.38470671e-14,9.777241e-14,0,0,1.46149221e-11,6.35550504e-14,0.00873762928
2.74016787e-09,3.1315895e-13,0.00873762928,9.78701102e-14,2.15288833e-13,0,0,2.68063922e-11,7.59290024e-14,0.00873762928
3.60703001e-09,5.04269044e-13,0.00873762928,1.63046727e-13,3.4122233e-13,0,0,4.01575544e-11,8.60940686e-14,0.00873762928
4.51949367e-09,7.29012174e-13,0.00873762928,2.44256736e-13,4.84755411e-13,0,0,5.55957398e-11,9.28561495e-14,0.00873762928
5.43194156e-09,9.61259501e-13,0.00873762928,3.28470459e-13,6.32789069e-13,0,0,7.17478438e-11,9.68507704e-14,0.00873762928
6.34450137e-09,1.20669154e-12,0.00873762928,4.09292175e-13,7.9739931e-13,0,0,8.97983771e-11,1.17643512e-13,0.00873762928
7.21147186e-09,1.46694028e-12,0.00873762928,4.71551671e-13,9.95388559e-13,0,0,1.11374243e-10,1.45230209e-13,0.00873762928
8.12408096e-09,1.82006797e-12,0.00873762928,5.31041899e-13,1.28902607e-12,0,0,1.389278e-10,1.73866225e-13,0.00873762928
9.03668074e-09,2.29709372e-12,0.00873762928,6.07833608e-13,1.68926017e-12,0,0,1.71912692e-10,2.11693903e-13,0.00873762928
9.90359883e-09,3.08890478e-12,0.00873762928,7.84856067e-13,2.30404866e-12,0,0,2.10327811e-10,2.46122784e-13,0.00873762928
1.08161125e-08,4.00350109e-12,0.00873762928,9.81570727e-13,3.02193036e-12,0,0,2.54820914e-10,2.68708748e-13,0.00873762928
1.17285781e-08,5.03799433e-12,0.00873762928,1.24139587e-12,3.79659845e-12,0,0,3.03020553e-10,2.89580426e-13,0.00873762928
1.26409958e-08,6.01079689e-12,0.00873762928,1.53399136e-12,4.47680564e-12,0,0,3.5172712e-10,2.92457031e-13,0.00873762928
1.35077798e-08,6.69382562e-12,0.00873762928,1.78638994e-12,4.90743557e-12,0,0,3.96311289e-10,2.93446663e-13,0.00873762928
1.44201451e-08,7.2524417e-12,0.00873762928,2.03895017e-12,5.21349153e-12,0,0,4.41688686e-10,2.9458841e-13,0.00873762928
1.5332466e-08,7.6706046e-12,0.00873762928,2.22924305e-12,5.44136177e-12,0,0,4.85141372e-10,2.96052408e-13,0.00873762928
1.62450835e-08,8.07171517e-12,0.00873762928,2.39839854e-12,5.67331685e-12,0,0,5.29641331e-10,3.29776245e-13,0.00873762928
1.71122316e-08,8.55836842e-12,0.00873762928,2.48775219e-12,6.07061623e-12,0,0,5.796566e-10,3.75425738e-13,0.00873762928
1.80249362e-08,9.27077512e-12,0.00873762928,2.53232656e-12,6.73844791e-12,0,0,6.39941156e-10,4.19838074e-13,0.00873762928
1.8937568e-08,1.04442991e-11,0.00873762928,2.67087285e-12,7.773426e-12,0,0,7.07609915e-10,4.67943284e-13,0.00873762928
1.98044692e-08,1.24245171e-11,0.00873762928,3.10350248e-12,9.32101445e-12,0,0,7.8156176e-10,5.16704247e-13,0.00873762928
2.07169197e-08,1.47819361e-11,0.00873762928,3.60568585e-12,1.11762492e-11,0,0,8.65661598e-10,5.56532901e-13,0.00873762928
2.16292761e-08,1.75970662e-11,0.00873762928,4.33737811e-12,1.32596876e-11,0,0,9.54206492e-10,5.76527758e-13,0.00873762928
2.2541597e-08,1.96543563e-11,0.00873762928,5.00112885e-12,1.46532283e-11,0,0,1.03864994e-09,5.7957274e-13,0.00873762928
2.34082851e-08,2.06559561e-11,0.00873762928,5.43061299e-12,1.52253436e-11,0,0,1.11432719e-09,5.82535539e-13,0.00873762928
2.43205136e-08,2.1417217e-11,0.00873762928,5.8360131e-12,1.5581203e-11,0,0,1.18992693e-09,5.86912192e-13,0.00873762928
2.52326711e-08,2.17489846e-11,0.00873762928,6.15537179e-12,1.55936115e-11,0,0,1.26060529e-09,5.92093974e-13,0.00873762928
2.61447646e-08,2.19954662e-11,0.00873762928,6.46215286e-12,1.55333125e-11,0,0,1.33043832e-09,6.33943527e-13,0.00873762928
2.70111418e-08,2.24241337e-11,0.00873762928,6.55529667e-12,1.58688375e-11,0,0,1.40726475e-09,6.99803496e-13,0.00873762928
2.7923079e-08,2.31602029e-11,0.00873762928,6.45789498e-12,1.67023079e-11,0,0,1.49889579e-09,7.65409654e-13,0.00873762928
2.88350055e-08,2.49638123e-11,0.00873762928,6.5948501e-12,1.83689626e-11,0,0,1.60009272e-09,8.19558017e-13,0.00873762928
2.97013685e-08,2.81963532e-11,0.00873762928,7.34739179e-12,2.08489614e-11,0,0,1.70902226e-09,8.99153961e-13,0.00873762928
3.06134069e-08,3.26138283e-11,0.00873762928,8.44081575e-12,2.41730125e-11,0,0,1.83323823e-09,9.52814108e-13,0.00873762928
3.15255626e-08,3.77828185e-11,0.00873762928,9.95521547e-12,2.78276031e-11,0,0,1.96204675e-09,9.82108817e-13,0.00873762928
3.2437864e-08,4.19001535e-11,0.00873762928,1.14620848e-11,3.04380687e-11,0,0,2.087164e-09,9.89253926e-13,0.00873762928
3.33046764e-08,4.33171173e-11,0.00873762928,1.22218503e-11,3.10952687e-11,0,0,2.19712759e-09,9.95886425e-13,0.00873762928
3.42173188e-08,4.40180323e-11,0.00873762928,1.2866529e-11,3.1151505e-11,0,0,2.30575758e-09,1.00582661e-12,0.00873762928
3.51300677e-08,4.39800384e-11,0.00873762928,1.33731273e-11,3.06069094e-11,0,0,2.40633047e-09,1.0175464e-12,0.00873762928
3.60428913e-08,4.36413648e-11,0.00873762928,1.38665095e-11,2.97748562e-11,0,0,2.50301513e-09,1.06968416e-12,0.00873762928
3.69100732e-08,4.37569078e-11,0.00873762928,1.39832399e-11,2.97736662e-11,0,0,2.60945421e-09,1.16338037e-12,0.00873762928
3.78227973e-08,4.41135635e-11,0.00873762928,1.34984558e-11,3.06151077e-11,0,0,2.73529333e-09,1.25176215e-12,0.00873762928
3.87354433e-08,4.64304289e-11,0.00873762928,1.35625391e-11,3.2867889e-11,0,0,2.87318347e-09,1.32530824e-12,0.00873762928
3.96023552e-08,5.11006168e-11,0.00873762928,1.4645141e-11,3.64554775e-11,0,0,3.01962322e-09,1.42928377e-12,0.00873762928
4.05147098e-08,5.81905565e-11,0.00873762928,1.64038488e-11,4.1786706e-11,0,0,3.18756754e-09,1.51406394e-12,0.00873762928
4.14268904e-08,6.71212252e-11,0.00873762928,1.90890862e-11,4.80321408e-11,0,0,3.36115402e-09,1.55531588e-12,0.00873762928
4.23389501e-08,7.34870151e-11,0.00873762928,2.15368435e-11,5.19501699e-11,0,0,3.52700091e-09,1.57029403e-12,0.00873762928
4.3205425e-08,7.50073753e-11,0.00873762928,2.25826163e-11,5.24247624e-11,0,0,3.67127884e-09,1.58556761e-12,0.00873762928
4.41173604e-08,7.52485713e-11,0.00873762928,2.33127181e-11,5.19358549e-11,0,0,3.8125032e-09,1.60795997e-12,0.00873762928
4.50292106e-08,7.44353121e-11,0.00873762928,2.38169744e-11,5.06183394e-11,0,0,3.94208266e-09,1.6330715e-12,0.00873762928
4.59409542e-08,7.29630106e-11,0.00873762928,2.43312245e-11,4.86317861e-11,0,0,4.0644248e-09,1.6938278e-12,0.00873762928
4.68068961e-08,7.24896115e-11,0.00873762928,2.45174436e-11,4.79721679e-11,0,0,4.1982009e-09,1.8128783e-12,0.00873762928
4.77183306e-08,7.22019666e-11,0.00873762928,2.35200835e-11,4.86818814e-11,0,0,4.35563274e-09,1.93245571e-12,0.00873762928
4.86297509e-08,7.52202536e-11,0.00873762928,2.33987465e-11,5.1821502e-11,0,0,4.52826576e-09,2.03605145e-12,0.00873762928
4.95412458e-08,8.2313649e-11,0.00873762928,2.49717833e-11,5.73418639e-11,0,0,4.72122297e-09,2.16970148e-12,0.00873762928
5.04072624e-08,9.13075934e-11,0.00873762928,2.72050507e-11,6.41025427e-11,0,0,4.91853092e-09,2.26051166e-12,0.00873762928
5.13190983e-08,1.02838613e-10,0.00873762928,3.06185216e-11,7.2220091e-11,0,0,5.13259524e-09,2.33329523e-12,0.00873762928
5.22310621e-08,1.14007206e-10,0.00873762928,3.49761817e-11,7.90310248e-11,0,0,5.34117861e-09,2.36311925e-12,0.00873762928
5.31430508e-08,1.16697971e-10,0.00873762928,3.70296328e-11,7.96683344e-11,0,0,5.52782309e-09,2.39328175e-12,0.00873762928
5.40093552e-08,1.16133374e-10,0.00873762928,3.77145398e-11,7.84188339e-11,0,0,5.69165026e-09,2.43039508e-12,0.00873762928
5.49210704e-08,1.14811848e-10,0.00873762928,3.83811941e-11,7.64306535e-11,0,0,5.85001425e-09,2.47509565e-12,0.00873762928
5.58327002e-08,1.11938556e-10,0.00873762928,3.87693419e-11,7.31692068e-11,0,0,5.99546324e-09,2.54434538e-12,0.00873762928
5.67440637e-08,1.10585159e-10,0.00873762928,3.89453782e-11,7.16397844e-11,0,0,6.16404883e-09,2.70781618e-12,0.00873762928
5.76097037e-08,1.09123849e-10,0.00873762928,3.74648923e-11,7.16589565e-11,0,0,6.34213659e-09,2.85042866e-12,0.00873762928
5.85209037e-08,1.12669367e-10,0.00873762928,3.72413836e-11,7.54279833e-11,0,0,6.5464163e-09,2.98598451e-12,0.00873762928
5.94321925e-08,1.22113222e-10,0.00873762928,3.90559599e-11,8.30572625e-11,0,0,6.77525147e-09,3.17752964e-12,0.00873762928
6.03435808e-08,1.35697106e-10,0.00873762928,4.23532945e-11,9.33438049e-11,0,0,7.02582659e-09,3.29759375e-12,0.00873762928
6.12096684e-08,1.50557442e-10,0.00873762928,4.66429083e-11,1.03914537e-10,0,0,7.26863592e-09,3.38344934e-12,0.00873762928
6.2121579e-08,1.65630051e-10,0.00873762928,5.23250887e-11,1.13304963e-10,0,0,7.51651186e-09,3.43163974e-12,0.00873762928
6.30337951e-08,1.68706896e-10,0.00873762928,5.48203843e-11,1.13886511e-10,0,0,7.73889575e-09,3.48237693e-12,0.00873762928
6.39007496e-08,1.68102893e-10,0.00873762928,5.61108278e-11,1.11992068e-10,0,0,7.93245469e-09,3.54276894e-12,0.00873762928
6.48136194e-08,1.6540648e-10,0.00873762928,5.67944546e-11,1.08612022e-10,0,0,8.11791789e-09,3.61303001e-12,0.00873762928
6.57265886e-08,1.60829253e-10,0.00873762928,5.6935491e-11,1.03893755e-10,0,0,8.28670199e-09,3.68372997e-12,0.00873762928
6.66395721e-08,1.58884308e-10,0.00873762928,5.70147783e-11,1.01869527e-10,0,0,8.48375858e-09,3.90638086e-12,0.00873762928
6.75068392e-08,1.56620286e-10,0.00873762928,5.51233677e-11,1.01496922e-10,0,0,8.69312711e-09,4.08537787e-12,0.00873762928
6.8419709e-08,1.59476446e-10,0.00873762928,5.42346446e-11,1.05241801e-10,0,0,8.93157015e-09,4.25361048e-12,0.00873762928
6.93322804e-08,1.73061121e-10,0.00873762928,5.72422595e-11,1.15818861e-10,0,0,9.20001941e-09,4.53499651e-12,0.00873762928
7.02445533e-08,1.93388541e-10,0.00873762928,6.27722388e-11,1.30616296e-10,0,0,9.49800061e-09,4.70862498e-12,0.00873762928
7.11110246e-08,2.11045112e-10,0.00873762928,6.78564219e-11,1.43188683e-10,0,0,9.77909842e-09,4.86036558e-12,0.00873762928
7.20228854e-08,2.28089991e-10,0.00873762928,7.42972142e-11,1.5379277e-10,0,0,1.00655795e-08,4.94222762e-12,0.00873762928
7.29346823e-08,2.30817976e-10,0.00873762928,7.66139235e-11,1.54204052e-10,0,0,1.03235305e-08,5.02444831e-12,0.00873762928
7.38007842e-08,2.3007167e-10,0.00873762928,7.8164572e-11,1.51907098e-10,0,0,1.05470566e-08,5.11765933e-12,0.00873762928
7.47122897e-08,2.25991628e-10,0.00873762928,7.906472e-11,1.46926901e-10,0,0,1.07596527e-08,5.22054665e-12,0.00873762928
7.56236531e-08,2.19622709e-10,0.00873762928,7.98151614e-11,1.39807554e-10,0,0,1.09517115e-08,5.31517712e-12,0.00873762928
7.653653e-08,2.15850976e-10,0.00873762928,8.04377884e-11,1.35413195e-10,0,0,1.11706964e-08,5.56450285e-12,0.00873762928
7.74038114e-08,2.11840087e-10,0.00873762928,7.80242537e-11,1.33815833e-10,0,0,1.14063443e-08,5.79977949e-12,0.00873762928
7.83167593e-08,2.17271104e-10,0.00873762928,7.77092418e-11,1.39561862e-10,0,0,1.16807053e-08,6.10111744e-12,0.00873762928
7.92293022e-08,2.39615605e-10,0.00873762928,8.28846644e-11,1.56730934e-10,0,0,1.19974288e-08,6.41728814e-12,0.00873762928
8.01416391e-08,2.66330791e-10,0.00873762928,8.99545577e-11,1.76376219e-10,0,0,1.23441293e-08,6.64787409e-12,0.00873762928
8.1008082e-08,2.89663016e-10,0.00873762928,9.66422845e-11,1.93020752e-10,0,0,1.26717259e-08,6.85429361e-12,0.00873762928
8.19199855e-08,3.03608e-10,0.00873762928,1.01879637e-10,2.0172837e-10,0,0,1.29951347e-08,6.99356024e-12,0.00873762928
8.28317752e-08,3.05662384e-10,0.00873762928,1.04484137e-10,2.01178241e-10,0,0,1.32886617e-08,7.10891545e-12,0.00873762928
8.37434371e-08,3.03814585e-10,0.00873762928,1.06274663e-10,1.97539915e-10,0,0,1.35537377e-08,7.24616894e-12,0.00873762928
8.46093471e-08,2.97633446e-10,0.00873762928,1.06896984e-10,1.90736454e-10,0,0,1.37800571e-08,7.37956397e-12,0.00873762928
8.55206181e-08,2.88580354e-10,0.00873762928,1.07901313e-10,1.80679055e-10,0,0,1.39964147e-08,7.5054225e-12,0.00873762928
8.64332463e-08,2.82330381e-10,0.00873762928,1.08752701e-10,1.73577666e-10,0,0,1.42348249e-08,7.78484482e-12,0.00873762928
8.73005419e-08,2.76219131e-10,0.00873762928,1.06511015e-10,1.69708109e-10,0,0,1.44949697e-08,8.05800999e-12,0.00873762928
8.82134472e-08,2.83862378e-10,0.00873762928,1.06631461e-10,1.77230938e-10,0,0,1.48040309e-08,8.53010891e-12,0.00873762928
8.91259262e-08,3.12045306e-10,0.00873762928,1.13968258e-10,1.98077055e-10,0,0,1.51589283e-08,8.90109514e-12,0.00873762928
9.00381494e-08,3.43589102e-10,0.00873762928,1.22342164e-10,2.21246937e-10,0,0,1.55508779e-08,9.19929324e-12,0.00873762928
9.09044502e-08,3.75711157e-10,0.00873762928,1.31367972e-10,2.44343185e-10,0,0,1.59260001e-08,9.47199263e-12,0.00873762928
9.18161049e-08,3.99456607e-10,0.00873762928,1.39880996e-10,2.59575611e-10,0,0,1.62972018e-08,9.69025814e-12,0.00873762928
9.27278521e-08,3.96265715e-10,0.00873762928,1.40463599e-10,2.55802102e-10,0,0,1.66243233e-08,9.85736406e-12,0.00873762928
9.3639315e-08,3.93243577e-10,0.00873763021,1.41402334e-10,2.51841215e-10,0,0,1.69262258e-08,1.00579883e-11,0.00873762928
9.45050189e-08,3.86513654e-10,0.00873763021,1.42076614e-10,2.44437054e-10,0,0,1.71830248e-08,1.02588953e-11,0.00873762928
9.54161194e-08,3.75574682e-10,0.00873763021,1.43180856e-10,2.32393813e-10,0,0,1.74261086e-08,1.04469098e-11,0.00873762928
9.63290319e-08,3.66418951e-10,0.00873763021,1.44758164e-10,2.21660787e-10,0,0,1.7687249e-08,1.07914034e-11,0.00873762928
9.72428182e-08,3.59398511e-10,0.00873763021,1.42384909e-10,2.17013615e-10,0,0,1.79939548e-08,1.11592966e-11,0.00873762928
9.81101138e-08,3.72006537e-10,0.00873763021,1.43810255e-10,2.28196267e-10,0,0,1.83289792e-08,1.1817429e-11,0.00873762928
9.90225573e-08,4.08559131e-10,0.00873763021,1.52877475e-10,2.5568167e-10,0,0,1.87278069e-08,1.22754185e-11,0.00873762928
9.99347236e-08,4.5091933e-10,0.00873763021,1.65084349e-10,2.85834967e-10,0,0,1.91723846e-08,1.2675366e-11,0.00873762928
1.00800953e-07,4.88610985e-10,0.00873763021,1.76648376e-10,3.11962622e-10,0,0,1.95935002e-08,1.3011571e-11,0.00873762928
1.0171253e-07,5.14392418e-10,0.00873763021,1.86167498e-10,3.28224919e-10,0,0,2.00073611e-08,1.32920445e-11,0.00873762928
1.02624199e-07,5.05748499e-10,0.00873763021,1.847653e-10,3.20983184e-10,0,0,2.0366679e-08,1.35385887e-11,0.00873762928
1.03535804e-07,4.90204877e-10,0.00873763021,1.81245755e-10,3.08959136e-10,0,0,2.0688967e-08,1.38256212e-11,0.00873762928
1.04401479e-07,4.82145879e-10,0.00873763021,1.81767393e-10,3.003785e-10,0,0,2.09682351e-08,1.4103039e-11,0.00873762928
1.05312566e-07,4.69458195e-10,0.00873763021,1.83001725e-10,2.86456497e-10,0,0,2.12291837e-08,1.4368483e-11,0.00873762928
1.06223432e-07,4.50030041e-10,0.00873763021,1.82064905e-10,2.6796515e-10,0,0,2.14963212e-08,1.4929431e-11,0.00873762928
1.07133459e-07,4.44900949e-10,0.00873763021,1.82579077e-10,2.62321859e-10,0,0,2.18265885e-08,1.54541623e-11,0.00873762928
1.08043281e-07,4.6390583e-10,0.00873763021,1.86700017e-10,2.77205814e-10,0,0,2.22066721e-08,1.61062587e-11,0.00873762928
1.08907663e-07,5.00814223e-10,0.00873763021,1.9627984e-10,3.04534398e-10,0,0,2.26089085e-08,1.66325721e-11,0.00873762928
1.09817776e-07,5.54211843e-10,0.00873763021,2.1171169e-10,3.42500139e-10,0,0,2.30975559e-08,1.71919683e-11,0.00873762928
1.10728244e-07,6.07741579e-10,0.00873763021,2.28339556e-10,3.79402038e-10,0,0,2.35867628e-08,1.7621531e-11,0.00873762928
1.11639459e-07,6.40676123e-10,0.00873763021,2.40474279e-10,4.00201844e-10,0,0,2.40416007e-08,1.79821436e-11,0.00873762928
1.12505674e-07,6.3183514e-10,0.00873763021,2.39052333e-10,3.92782806e-10,0,0,2.44174263e-08,1.83012615e-11,0.00873762928
1.13418125e-07,6.08962325e-10,0.00873763021,2.32674227e-10,3.76288084e-10,0,0,2.47688323e-08,1.86781389e-11,0.00873762928
1.14331073e-07,5.84007342e-10,0.00873763021,2.26112448e-10,3.57894908e-10,0,0,2.50800962e-08,1.90706409e-11,0.00873762928
1.15244198e-07,5.69211123e-10,0.00873763021,2.26876559e-10,3.4233455e-10,0,0,2.53621142e-08,1.94730187e-11,0.00873762928
1.16111764e-07,5.60781421e-10,0.00873763021,2.32843078e-10,3.27938371e-10,0,0,2.56400465e-08,2.00186812e-11,0.00873762928
1.17024783e-07,5.54891022e-10,0.00873763021,2.34733455e-10,3.20157539e-10,0,0,2.5994332e-08,2.05507902e-11,0.00873762928
1.17937724e-07,5.714893e-10,0.00873763021,2.38352976e-10,3.33136352e-10,0,0,2.64048055e-08,2.13250025e-11,0.00873762928
1.18804586e-07,6.17042806e-10,0.00873763021,2.49511023e-10,3.67531755e-10,0,0,2.68472107e-08,2.19696969e-11,0.00873762928
1.19716617e-07,6.80862478e-10,0.00873763021,2.67879413e-10,4.12983064e-10,0,0,2.73777605e-08,2.26029265e-11,0.00873762928
1.20628371e-07,7.45717654e-10,0.00873763021,2.87592478e-10,4.58125149e-10,0,0,2.79146342e-08,2.31314742e-11,0.00873762928
1.21539742e-07,7.91174348e-10,0.00873763021,3.04397563e-10,4.86776786e-10,0,0,2.84171957e-08,2.3598198e-11,0.00873762928
1.22405709e-07,7.80080667e-10,0.00873763021,3.03325337e-10,4.76755302e-10,0,0,2.88283317e-08,2.40005116e-11,0.00873762928
1.23317122e-07,7.5141221e-10,0.00873763021,2.95433317e-10,4.55978894e-10,0,0,2.92137727e-08,2.44741501e-11,0.00873762928
1.24228251e-07,7.18117898e-10,0.00873763021,2.85919038e-10,4.32198888e-10,0,0,2.95507867e-08,2.4970798e-11,0.00873762928
1.25139181e-07,6.96769142e-10,0.00873763021,2.84809953e-10,4.11959189e-10,0,0,2.98551406e-08,2.55464417e-11,0.00873762928
1.26004821e-07,6.90913216e-10,0.00873763021,2.92200764e-10,3.98712452e-10,0,0,3.01454151e-08,2.61708519e-11,0.00873762928
1.26917925e-07,6.83262891e-10,0.00873763021,2.94351432e-10,3.88911459e-10,0,0,3.05262446e-08,2.68495625e-11,0.00873762928
1.27830987e-07,6.94936608e-10,0.00873763021,2.97026681e-10,3.97909955e-10,0,0,3.09661274e-08,2.77530984e-11,0.00873762928
1.28743608e-07,7.47912399e-10,0.00873763021,3.09848314e-10,4.38064085e-10,0,0,3.14720268e-08,2.85682554e-11,0.00873762928
1.29610129e-07,8.15704282e-10,0.00873763021,3.28782196e-10,4.86922058e-10,0,0,3.20176099e-08,2.93317072e-11,0.00873762928
1.30521798e-07,8.98666086e-10,0.00873763021,3.53066382e-10,5.45599732e-10,0,0,3.26097549e-08,2.99802301e-11,0.00873762928
1.31433168e-07,9.6103614e-10,0.00873763021,3.76545323e-10,5.84490789e-10,0,0,3.31619141e-08,3.05738317e-11,0.00873762928
1.32344752e-07,9.5257835e-10,0.00873763021,3.76752463e-10,5.75825831e-10,0,0,3.36332526e-08,3.11085671e-11,0.00873762928
1.33210591e-07,9.17015797e-10,0.00873763021,3.67622544e-10,5.49393253e-10,0,0,3.40292843e-08,3.16751035e-11,0.00873762928
1.34121848e-07,8.72229122e-10,0.00873763021,3.53868906e-10,5.18360188e-10,0,0,3.43941622e-08,3.22869786e-11,0.00873762928
1.3503282e-07,8.41894165e-10,0.00873763021,3.49910406e-10,4.91983732e-10,0,0,3.47222837e-08,3.29547049e-11,0.00873762928
1.35943822e-07,8.34870895e-10,0.00873763021,3.5958661e-10,4.75284256e-10,0,0,3.50487355e-08,3.37389214e-11,0.00873762928
1.36811337e-07,8.30172486e-10,0.00873763021,3.65004083e-10,4.65168376e-10,0,0,3.54355869e-08,3.44887938e-11,0.00873762928
1.37724399e-07,8.34285196e-10,0.00873763021,3.64305336e-10,4.69979833e-10,0,0,3.58985908e-08,3.55250343e-11,0.00873762928
1.38636935e-07,8.95583552e-10,0.00873763021,3.78672371e-10,5.16911181e-10,0,0,3.64436978e-08,3.65338662e-11,0.00873762928
1.39503385e-07,9.78252146e-10,0.00873763021,4.03397732e-10,5.74854442e-10,0,0,3.703056e-08,3.74149045e-11,0.00873762928
1.40415068e-07,1.07200504e-09,0.00873763021,4.34581537e-10,6.37423503e-10,0,0,3.7666517e-08,3.81405012e-11,0.00873762928
1.41326424e-07,1.14097043e-09,0.00873763021,4.61727073e-10,6.79243328e-10,0,0,3.8264119e-08,3.88844616e-11,0.00873762928
1.42237639e-07,1.15555698e-09,0.00873763021,4.68715233e-10,6.86841806e-10,0,0,3.87912458e-08,3.9579038e-11,0.00873762928
1.43103506e-07,1.11726861e-09,0.00873763021,4.56489818e-10,6.60778821e-10,0,0,3.92241866e-08,4.02682263e-11,0.00873762928
1.44014763e-07,1.06396358e-09,0.00873763021,4.42152981e-10,6.21810659e-10,0,0,3.96224245e-08,4.09965187e-11,0.00873762928
1.44925579e-07,1.01555042e-09,0.00873763021,4.33833663e-10,5.8171673e-10,0,0,3.99749176e-08,4.17599323e-11,0.00873762928
1.45836054e-07,1.00467679e-09,0.00873763021,4.44699111e-10,5.59977731e-10,0,0,4.03156442e-08,4.26562917e-11,0.00873762928
1.46704807e-07,1.00829434e-09,0.00873763021,4.53744875e-10,5.54549517e-10,0,0,4.07348786e-08,4.35901523e-11,0.00873762928
1.47618536e-07,1.01855036e-09,0.00873763021,4.55933236e-10,5.6261712e-10,0,0,4.12368593e-08,4.47489823e-11,0.00873762928
1.48531043e-07,1.08904274e-09,0.00873763021,4.7430726e-10,6.14735485e-10,0,0,4.18300132e-08,4.59295726e-11,0.00873762928
1.49443125e-07,1.16996812e-09,0.00873763021,4.99933261e-10,6.70034916e-10,0,0,4.24835136e-08,4.69380403e-11,0.00873762928
1.50309091e-07,1.26264166e-09,0.00873763021,5.28656563e-10,7.3398515e-10,0,0,4.31460307e-08,4.7829022e-11,0.00873762928
1.51220178e-07,1.35943556e-09,0.00873763021,5.60750668e-10,7.9868484e-10,0,0,4.38078906e-08,4.87289133e-11,0.00873762928
1.52131463e-07,1.37202494e-09,0.00873763021,5.69682024e-10,8.02342859e-10,0,0,4.43613928e-08,4.95349421e-11,0.00873762928
1.53042876e-07,1.330132e-09,0.00873763021,5.56725221e-10,7.73406783e-10,0,0,4.48393962e-08,5.04463381e-11,0.00873762928
1.53908445e-07,1.27352462e-09,0.00873763021,5.38636524e-10,7.34888095e-10,0,0,4.52369555e-08,5.13200558e-11,0.00873762928
1.54819304e-07,1.20837584e-09,0.00873763021,5.23798782e-10,6.84577117e-10,0,0,4.56069671e-08,5.22565879e-11,0.00873762928
1.55729467e-07,1.18660892e-09,0.00873763021,5.36238332e-10,6.50370591e-10,0,0,4.59620964e-08,5.32940046e-11,0.00873762928
1.56638862e-07,1.18184251e-09,0.00873763021,5.48234125e-10,6.33608443e-10,0,0,4.64197605e-08,5.44873383e-11,0.00873762928
1.57501816e-07,1.18622101e-09,0.00873763021,5.5001842e-10,6.36202535e-10,0,0,4.69117261e-08,5.57251363e-11,0.00873762928
1.58410131e-07,1.26935129e-09,0.00873763021,5.72764391e-10,6.96586844e-10,0,0,4.75302855e-08,5.71911962e-11,0.00873762928
1.5931856e-07,1.36569811e-09,0.00873763021,6.0349914e-10,7.62199026e-10,0,0,4.82147939e-08,5.8493467e-11,0.00873762928
1.60227444e-07,1.46825341e-09,0.00873763021,6.35616393e-10,8.32636959e-10,0,0,4.89614571e-08,5.95583374e-11,0.00873762928
1.61137379e-07,1.56576718e-09,0.00873763021,6.69824196e-10,8.95943042e-10,0,0,4.9670863e-08,6.06180592e-11,0.00873762928
1.62002621e-07,1.60150404e-09,0.00873763021,6.86048773e-10,9.15455267e-10,0,0,5.02577606e-08,6.15806919e-11,0.00873762928
1.62914489e-07,1.56457869e-09,0.00873763021,6.73069545e-10,8.915092e-10,0,0,5.07803009e-08,6.26698624e-11,0.00873762928
1.63827337e-07,1.5091719e-09,0.00873763021,6.52063015e-10,8.57108828e-10,0,0,5.12336058e-08,6.37689623e-11,0.00873762928
1.64740626e-07,1.44029444e-09,0.00873763021,6.32627672e-10,8.07666711e-10,0,0,5.16315346e-08,6.48553503e-11,0.00873762928
1.65608242e-07,1.41317513e-09,0.00873763021,6.42883635e-10,7.70291442e-10,0,0,5.19980254e-08,6.60291891e-11,0.00873762928
1.66522739e-07,1.39202039e-09,0.00873763021,6.56974308e-10,7.35046024e-10,1.91057918e-18,0,5.24726218e-08,6.73481132e-11,0.00873762928
1.67437122e-07,1.38535527e-09,0.00873763021,6.59977906e-10,7.25377425e-10,2.44162748e-18,0,5.30153415e-08,6.8791306e-11,0.00873762928
1.68304211e-07,1.48228541e-09,0.00873763021,6.85483725e-10,7.9680168e-10,1.59644833e-17,0,5.36525171e-08,7.05047964e-11,0.00873762928
1.69216449e-07,1.60026203e-09,0.00873763021,7.20603077e-10,8.79658846e-10,4.64982575e-17,0,5.43821344e-08,7.19732815e-11,0.00873762928
1.70128047e-07,1.72680759e-09,0.00873763021,7.60898566e-10,9.65909019e-10,5.03122417e-17,0,5.51850192e-08,7.33439212e-11,0.00873762928
1.71038934e-07,1.84165672e-09,0.00873763021,8.0141771e-10,1.04023901e-09,5.03122417e-17,0,5.59529099e-08,7.4628026e-11,0.00873762928
1.71904418e-07,1.85682347e-09,0.00873763021,8.13104972e-10,1.04371845e-09,5.03122417e-17,0,5.6572663e-08,7.57428703e-11,0.00873762928
1.72815675e-07,1.80039561e-09,0.00873763021,7.96112676e-10,1.00428288e-09,5.03122417e-17,0,5.7123767e-08,7.70653125e-11,0.00873762928
1.73726846e-07,1.73919412e-09,0.00873763021,7.72190589e-10,9.67003477e-10,5.03122417e-17,0,5.76008965e-08,7.84476581e-11,0.00873762928
1.7463779e-07,1.67250402e-09,0.00873763021,7.50124241e-10,9.22379728e-10,5.03122417e-17,0,5.80115582e-08,7.98062172e-11,0.00873762928
1.75502564e-07,1.64940717e-09,0.00873763021,7.60730201e-10,8.88676854e-10,5.03122417e-17,0,5.83881885e-08,8.12518594e-11,0.00873762928
1.76412044e-07,1.61978286e-09,0.00873763021,7.74992626e-10,8.44790182e-10,5.59411462e-17,0,5.88611968e-08,8.28093011e-11,0.00873762928
1.77320146e-07,1.58589331e-09,0.00873763021,7.73607012e-10,8.12286294e-10,6.05533465e-17,0,5.94136402e-08,8.44051981e-11,0.00873762928
1.78228106e-07,1.66792946e-09,0.00873763021,7.97070465e-10,8.70858885e-10,9.99520649e-17,0,6.00926597e-08,8.65122904e-11,0.00873762928
1.79135952e-07,1.81997095e-09,0.00873763021,8.42494685e-10,9.77475989e-10,2.8168573e-16,0,6.08539921e-08,8.83109558e-11,0.00873762928
1.80044324e-07,1.9790376e-09,0.00873763021,8.89100238e-10,1.08993681e-09,4.61145118e-16,0,6.17039362e-08,8.99039315e-11,0.00873762928
1.80908202e-07,2.11334195e-09,0.00873763021,9.3179775e-10,1.18154375e-09,4.61219604e-16,0,6.24755216e-08,9.13228521e-11,0.00873762928
1.81818621e-07,2.14841145e-09,0.00873763021,9.5290309e-10,1.1955078e-09,4.62488777e-16,0,6.3185837e-08,9.2691653e-11,0.00873762928
1.82730318e-07,2.07081996e-09,0.00873763021,9.32333655e-10,1.13848586e-09,4.62690106e-16,0,6.37730295e-08,9.41578621e-11,0.00873762928
1.83643181e-07,1.98079153e-09,0.00873763021,9.00759856e-10,1.08003118e-09,4.62690106e-16,0,6.42771738e-08,9.57480692e-11,0.00873762928
1.84510938e-07,1.91193528e-09,0.00873763021,8.77557915e-10,1.03437703e-09,4.62690106e-16,0,6.46907381e-08,9.72804268e-11,0.00873762928
1.85424327e-07,1.89915061e-09,0.00873763021,8.8995239e-10,1.00919761e-09,4.69358903e-16,0,6.51041034e-08,9.90219018e-11,0.00873762928
1.86337786e-07,1.8935038e-09,0.00873763021,9.13733478e-10,9.79768044e-10,2.1945802e-15,0,6.55965806e-08,1.0079438e-10,0.00873762928
1.87205231e-07,1.85997784e-09,0.00873763021,9.14955334e-10,9.45018286e-10,4.28577792e-15,0,6.61513724e-08,1.02412148e-10,0.00873762928
1.88118094e-07,1.90612215e-09,0.00873763021,9.28345234e-10,9.77771308e-10,5.64158163e-15,0,6.68544615e-08,1.04709928e-10,0.00873762928
1.89030317e-07,2.04338679e-09,0.00873763021,9.72701475e-10,1.07067299e-09,1.23169577e-14,0,6.76464111e-08,1.06699261e-10,0.00873762928
1.89941886e-07,2.22916463e-09,0.00873763021,1.0306479e-09,1.19850274e-09,1.40354926e-14,0,6.85459867e-08,1.08666853e-10,0.00873762928
1.90807256e-07,2.41015807e-09,0.00873763021,1.08397469e-09,1.32616929e-09,1.40566625e-14,0,6.93716018e-08,1.10377596e-10,0.00873762928
1.91717859e-07,2.4922433e-09,0.00873763021,1.11616272e-09,1.37606648e-09,1.41936303e-14,0,7.01312999e-08,1.1199848e-10,0.00873762928
1.92628946e-07,2.40853404e-09,0.00873763021,1.09476084e-09,1.31375877e-09,1.42317917e-14,0,7.07531811e-08,1.13662718e-10,0.00873762928
1.93540018e-07,2.27398944e-09,0.00873763021,1.05522246e-09,1.21875265e-09,1.42352713e-14,0,7.1282642e-08,1.15466442e-10,0.00873762928
1.94405217e-07,2.16948104e-09,0.00873763021,1.02648046e-09,1.14298626e-09,1.42366181e-14,0,7.1714787e-08,1.1727587e-10,0.00873762928
1.95315295e-07,2.15115814e-09,0.00873763021,1.0361928e-09,1.11495091e-09,1.43166152e-14,0,7.21431661e-08,1.19287066e-10,0.00873762928
1.96227106e-07,2.16833196e-09,0.00873763021,1.06468012e-09,1.10363407e-09,1.76717551e-14,0,7.26326732e-08,1.21400973e-10,0.00873762928
1.97141816e-07,2.16011609e-09,0.00873763021,1.07868436e-09,1.08140696e-09,2.47761677e-14,0,7.32426528e-08,1.23374977e-10,0.00873762928
1.98009289e-07,2.18852891e-09,0.00873763021,1.08955878e-09,1.09894349e-09,2.65364733e-14,0,7.3931659e-08,1.25815941e-10,0.00873762928
1.98921441e-07,2.30517183e-09,0.00873763021,1.12710674e-09,1.17799659e-09,6.85126733e-14,0,7.47683302e-08,1.28147562e-10,0.00873762928
1.99833067e-07,2.48574206e-09,0.00873763021,1.17739529e-09,1.30824862e-09,9.80229556e-14,0,7.57284795e-08,1.30459685e-10,0.00873762928
2.00743898e-07,2.71042744e-09,0.00873763021,1.2407142e-09,1.46961443e-09,9.88017787e-14,0,7.66570665e-08,1.32571135e-10,0.00873762928
2.01608827e-07,2.842095e-09,0.00873763021,1.28477273e-09,1.55722268e-09,9.96247084e-14,0,7.74205517e-08,1.34404141e-10,0.00873762928
2.02519857e-07,2.78689094e-09,0.00873763021,1.26996169e-09,1.51682933e-09,9.98923302e-14,0,7.80760701e-08,1.36286454e-10,0.00873762928
2.03430758e-07,2.6399094e-09,0.00873763021,1.22531463e-09,1.41449474e-09,9.98938413e-14,0,7.86355656e-08,1.38329861e-10,0.00873762928
2.04341447e-07,2.48173704e-09,0.00873763021,1.18392074e-09,1.29771638e-09,9.9894336e-14,0,7.9111679e-08,1.4048486e-10,0.00873762928
2.05206078e-07,2.40819431e-09,0.00873763021,1.18292542e-09,1.22516886e-09,1.00107294e-13,0,7.95321711e-08,1.42678314e-10,0.00873762928
2.0611516e-07,2.42480547e-09,0.00873763021,1.22012689e-09,1.20425891e-09,4.19684036e-13,0,8.00310929e-08,1.45139789e-10,0.00873762928
2.07022353e-07,2.46295739e-09,0.00873763021,1.25023381e-09,1.2116943e-09,1.02925155e-12,0,8.06736438e-08,1.47483997e-10,0.00873762928
2.07929062e-07,2.53548227e-09,0.00873763021,1.2687118e-09,1.26548583e-09,1.28458615e-12,0,8.14348766e-08,1.50263163e-10,0.00873762928
2.08834962e-07,2.66915889e-09,0.00873763021,1.3077549e-09,1.35936784e-09,2.03609026e-12,0,8.23119137e-08,1.52769686e-10,0.00873762928
2.09741302e-07,2.81075074e-09,0.00873763021,1.3543463e-09,1.45403556e-09,2.36898934e-12,0,8.33006197e-08,1.55327265e-10,0.00873762928
2.10603972e-07,2.98245784e-09,0.00873763021,1.41253109e-09,1.56754276e-09,2.38399144e-12,0,8.42332639e-08,1.57575467e-10,0.00873762928
2.11513481e-07,3.15117954e-09,0.00873763021,1.4686149e-09,1.680178e-09,2.38662367e-12,0,8.51117861e-08,1.59934066e-10,0.00873762928
2.12424069e-07,3.16607074e-09,0.00873763021,1.46612444e-09,1.69754222e-09,2.40410426e-12,0,8.5823153e-08,1.62183267e-10,0.00873762928
2.13335113e-07,3.06913961e-09,0.00873763021,1.42748335e-09,1.63925185e-09,2.4042181e-12,0,8.64191705e-08,1.64478473e-10,0.00873762928
2.14200412e-07,2.91223001e-09,0.00873763021,1.38564371e-09,1.524182e-09,2.4043263e-12,0,8.69005277e-08,1.66690411e-10,0.00873762928
2.15110674e-07,2.77237522e-09,0.00873763021,1.37732858e-09,1.39263512e-09,2.4113541e-12,0,8.73627855e-08,1.6916199e-10,0.00873762928
2.16019842e-07,2.7221938e-09,0.00873763021,1.4077427e-09,1.31170197e-09,2.74924506e-12,0,8.78590569e-08,1.71925321e-10,0.00873762928
2.16927234e-07,2.76712586e-09,0.00873763021,1.44732282e-09,1.31497357e-09,4.82944717e-12,0,8.85206717e-08,1.74611908e-10,0.00873762928
2.17833858e-07,2.86659962e-09,0.00873763021,1.4684729e-09,1.39310663e-09,5.02018349e-12,0,8.92865586e-08,1.77778042e-10,0.00873762928
2.18740041e-07,3.06016235e-09,0.00873763021,1.5200472e-09,1.53311741e-09,6.99769322e-12,0,9.02057522e-08,1.80740381e-10,0.00873762928
2.19639389e-07,3.23441696e-09,0.00873763021,1.57629754e-09,1.64938141e-09,8.73796868e-12,0,9.12468465e-08,1.83582038e-10,0.00873762928
2.20501221e-07,3.39554074e-09,0.00873763021,1.63149583e-09,1.75520321e-09,8.84162275e-12,0,9.22470562e-08,1.86164778e-10,0.00873762928
2.21410147e-07,3.52918872e-09,0.00873763021,1.6793118e-09,1.84050497e-09,9.3720769e-12,0,9.31679836e-08,1.88811647e-10,0.00873762928
2.22320637e-07,3.52724339e-09,0.00873763021,1.66726555e-09,1.85045035e-09,9.52741965e-12,0,9.39068983e-08,1.91457822e-10,0.00873762928
2.23231552e-07,3.46682683e-09,0.00873763021,1.63296343e-09,1.82433268e-09,9.53062716e-12,0,9.45269605e-08,1.94258665e-10,0.00873762928
2.24142525e-07,3.34050432e-09,0.00873763021,1.59462366e-09,1.73634906e-09,9.53158039e-12,0,9.50461541e-08,1.96992797e-10,0.00873762928
2.25007597e-07,3.19067883e-09,0.00873763021,1.57857383e-09,1.60253455e-09,9.57049977e-12,0,9.54867332e-08,1.99613659e-10,0.00873762928
2.25916892e-07,3.09733594e-09,0.00873763021,1.60364333e-09,1.48305435e-09,1.06382915e-11,0,9.59734408e-08,2.02705686e-10,0.00873762928
2.26824284e-07,3.09460635e-09,0.00873763021,1.63917513e-09,1.4406506e-09,1.4780642e-11,0,9.66575442e-08,2.05820874e-10,0.00873762928
2.27730624e-07,3.16232196e-09,0.00873763021,1.65857572e-09,1.48848323e-09,1.52628691e-11,0,9.74374998e-08,2.09399373e-10,0.00873762928
2.2863658e-07,3.39981909e-09,0.00873763021,1.71651804e-09,1.66413083e-09,1.9170221e-11,0,9.83910198e-08,2.1297368e-10,0.00873762928
2.29542749e-07,3.65126618e-09,0.00873763021,1.79124615e-09,1.83932258e-09,2.0697468e-11,0,9.94632217e-08,2.16043447e-10,0.00873762928
2.30403984e-07,3.83072285e-09,0.00873763021,1.8529559e-09,1.95694905e-09,2.08178301e-11,0,1.00504117e-07,2.18812274e-10,0.00873762928
2.31312271e-07,3.96505673e-09,0.00873763021,1.90810501e-09,2.03546513e-09,2.14866146e-11,0,1.01506096e-07,2.21805477e-10,0.00873762928
2.3222222e-07,3.91858457e-09,0.00873763021,1.89500726e-09,2.00168793e-09,2.18892474e-11,0,1.02303453e-07,2.24840341e-10,0.00873762928
2.3313379e-07,3.82819243e-09,0.00873763021,1.85544879e-09,1.95076466e-09,2.19788025e-11,0,1.02960236e-07,2.28176339e-10,0.00873762928
2.34000865e-07,3.73951625e-09,0.00873763021,1.81657944e-09,1.90095473e-09,2.19818538e-11,0,1.03483572e-07,2.31269517e-10,0.00873762928
2.34913799e-07,3.648712e-09,0.00873763021,1.803102e-09,1.82361326e-09,2.19967794e-11,0,1.03969711e-07,2.34403275e-10,0.00873762928
2.35826519e-07,3.5910579e-09,0.00873763021,1.84121873e-09,1.72573078e-09,2.4108323e-11,0,1.04461947e-07,2.37723979e-10,0.00873762928
2.3674022e-07,3.53621998e-09,0.00873763021,1.87754656e-09,1.62989133e-09,2.87820965e-11,0,1.05169683e-07,2.41172721e-10,0.00873762928
2.37604993e-07,3.50134943e-09,0.00873763021,1.88227922e-09,1.58988256e-09,2.9187628e-11,0,1.05913024e-07,2.45050202e-10,0.00873762928
2.38518197e-07,3.75303699e-09,0.00873763021,1.9478128e-09,1.76697013e-09,3.82539937e-11,0,1.06916289e-07,2.49302273e-10,0.00873762928
2.39429227e-07,4.02134415e-09,0.00873763021,2.00617212e-09,1.97564587e-09,3.95260734e-11,0,1.08016131e-07,2.53251337e-10,0.00873762928
2.4033946e-07,4.33128067e-09,0.00873763021,2.08951545e-09,2.20190199e-09,3.98634216e-11,0,1.09186345e-07,2.56841493e-10,0.00873762928
2.41203963e-07,4.52492266e-09,0.00873763021,2.16481677e-09,2.31580954e-09,4.42961987e-11,0,1.10183514e-07,2.60130473e-10,0.00873762928
2.42114623e-07,4.41758985e-09,0.00873763021,2.15354645e-09,2.21773222e-09,4.63110661e-11,0,1.11010472e-07,2.6359348e-10,0.00873762928
2.43025283e-07,4.22279145e-09,0.00873763114,2.10005791e-09,2.07633444e-09,4.63988743e-11,0,1.11690305e-07,2.67531441e-10,0.00873762928
2.43935887e-07,4.08007139e-09,0.00873763114,2.0366242e-09,1.99703876e-09,4.64084778e-11,0,1.12252927e-07,2.71514033e-10,0.00873762928
2.44800759e-07,4.02905842e-09,0.00873763021,2.01734074e-09,1.96502237e-09,4.66952831e-11,0,1.12718368e-07,2.7508068e-10,0.00873762928
2.4570997e-07,4.05397138e-09,0.00873763021,2.06631667e-09,1.93779903e-09,4.98555884e-11,0,1.13218405e-07,2.78878282e-10,0.00873762928
2.46630862e-07,3.91508514e-09,0.00873763021,2.06819117e-09,1.79404902e-09,5.28450339e-11,0,1.13894743e-07,2.84244739e-10,0.00873762928
2.47511281e-07,3.81856013e-09,0.00873763021,2.06636508e-09,1.69797609e-09,5.42191431e-11,0,1.146663e-07,2.89211183e-10,0.00873762928
2.48406991e-07,3.89311117e-09,0.00873763021,2.09068718e-09,1.74548098e-09,5.69428428e-11,0,1.15615642e-07,2.94378077e-10,0.00873762928
2.49324842e-07,4.100424e-09,0.00873763021,2.14025753e-09,1.9022377e-09,5.79289498e-11,0,1.16683644e-07,2.99206049e-10,0.00873762928
2.50234564e-07,4.44256409e-09,0.00873763021,2.23227437e-09,2.15205787e-09,5.82317181e-11,0,1.17823866e-07,3.03212067e-10,0.00873762928
2.51144684e-07,4.73803086e-09,0.00873763021,2.33199438e-09,2.34602093e-09,6.00152289e-11,0,1.18873906e-07,3.07007114e-10,0.00873762928
2.52009386e-07,4.7140829e-09,0.00873763021,2.34649611e-09,2.30432429e-09,6.32628464e-11,0,1.19682682e-07,3.1050218e-10,0.00873762928
2.52920131e-07,4.51389681e-09,0.00873763114,2.2991915e-09,2.15136131e-09,6.33439898e-11,0,1.20383248e-07,3.14811538e-10,0.00873762928
2.5383045e-07,4.30143299e-09,0.00873763114,2.2376121e-09,2.00037609e-09,6.34445829e-11,0,1.20972516e-07,3.19306415e-10,0.00873762928
2.54740371e-07,4.17200541e-09,0.00873763114,2.19932894e-09,1.90896832e-09,6.37077682e-11,0,1.21477996e-07,3.23623267e-10,0.00873762928
2.55603908e-07,4.19824397e-09,0.00873763114,2.24324559e-09,1.88874583e-09,6.62523439e-11,0,1.21991718e-07,3.27735533e-10,0.00873762928
2.56510788e-07,4.27348246e-09,0.00873763021,2.30089237e-09,1.89842586e-09,7.41644315e-11,0,1.22705146e-07,3.3200287e-10,0.00873762928
2.57415564e-07,4.30620206e-09,0.00873763021,2.32541453e-09,1.90432869e-09,7.6458867e-11,0,1.23548517e-07,3.36258549e-10,0.00873762928
2.58320682e-07,4.35336389e-09,0.00873763021,2.34484587e-09,1.9291766e-09,7.9341686e-11,0,1.24547753e-07,3.4092873e-10,0.00873762928
2.59226084e-07,4.42767112e-09,0.00873763114,2.36788189e-09,1.97994265e-09,7.98466571e-11,0,1.25616523e-07,3.45752538e-10,0.00873762928
2.60131714e-07,4.70137662e-09,0.00873763114,2.43816323e-09,2.18296581e-09,8.02476141e-11,0,1.26804963e-07,3.50271145e-10,0.00873762928
2.61038792e-07,5.09654852e-09,0.00873763114,2.55229704e-09,2.45876342e-09,8.54881721e-11,0,1.27911278e-07,3.54472812e-10,0.00873762928
2.61902329e-07,5.22980592e-09,0.00873763021,2.59523891e-09,2.54407739e-09,9.04898725e-11,0,1.28744489e-07,3.58170327e-10,0.00873762928
2.62812961e-07,5.10835152e-09,0.00873763021,2.56068966e-09,2.45659337e-09,9.10683473e-11,0,1.29474927e-07,3.62510966e-10,0.00873762928
2.63723621e-07,4.83452833e-09,0.00873763114,2.48593923e-09,2.2571347e-09,9.14542678e-11,0,1.30090569e-07,3.67168101e-10,0.00873762928
2.6463411e-07,4.57419969e-09,0.00873763114,2.44519671e-09,2.03567918e-09,9.33237723e-11,0,1.30605699e-07,3.71887021e-10,0.00873762928
2.65543349e-07,4.51919968e-09,0.00873763114,2.4833533e-09,1.93864658e-09,9.7200123e-11,0,1.31155318e-07,3.7674841e-10,0.00873762928
2.66405294e-07,4.61621497e-09,0.00873763114,2.5308633e-09,1.9792632e-09,1.06088388e-10,0,1.3182904e-07,3.81272375e-10,0.00873762928
2.67310071e-07,4.78845985e-09,0.00873763021,2.58372901e-09,2.09348783e-09,1.11243327e-10,0,1.32705466e-07,3.85843413e-10,0.00873762928
2.68213199e-07,4.92646501e-09,0.00873763021,2.62157895e-09,2.18858243e-09,1.16303557e-10,0,1.33760054e-07,3.90944943e-10,0.00873762928
2.69117805e-07,4.97201835e-09,0.00873763114,2.64790834e-09,2.20608487e-09,1.18025048e-10,0,1.34886548e-07,3.96058103e-10,0.00873762928
2.70023662e-07,5.11783194e-09,0.00873763114,2.69028289e-09,2.30933939e-09,1.1820965e-10,0,1.36130936e-07,4.00965094e-10,0.00873762928
2.70930713e-07,5.46066437e-09,0.00873763114,2.76882539e-09,2.56901589e-09,1.22822974e-10,0,1.37308547e-07,4.05644518e-10,0.00873762928
2.71839468e-07,5.66424019e-09,0.00873763114,2.80719736e-09,2.72407563e-09,1.32967026e-10,0,1.38248467e-07,4.10000367e-10,0.00873762928
2.72704426e-07,5.65309222e-09,0.00873763114,2.79325718e-09,2.72556377e-09,1.34271358e-10,0,1.38974301e-07,4.14434376e-10,0.00873762928
2.736152e-07,5.45253975e-09,0.00873763114,2.74242229e-09,2.57502464e-09,1.35093173e-10,0,1.39617953e-07,4.19288798e-10,0.00873762928
2.74525803e-07,5.16707566e-09,0.00873763114,2.70378098e-09,2.32625852e-09,1.37036424e-10,0,1.40162726e-07,4.24284829e-10,0.00873762928
2.75435099e-07,5.01383957e-09,0.00873763114,2.72684142e-09,2.14606288e-09,1.40935402e-10,0,1.40728133e-07,4.29487473e-10,0.00873762928
2.76342547e-07,5.05706943e-09,0.00873763114,2.78275758e-09,2.12328466e-09,1.5102733e-10,0,1.41442911e-07,4.3468612e-10,0.00873762928
2.77201963e-07,5.20787813e-09,0.00873763114,2.82643953e-09,2.22273933e-09,1.58699151e-10,0,1.42301218e-07,4.39600994e-10,0.00873762928
2.78106e-07,5.41582423e-09,0.00873763114,2.86350099e-09,2.38677478e-09,1.65548394e-10,0,1.43390679e-07,4.44982606e-10,0.00873762928
2.79009924e-07,5.57208768e-09,0.00873763114,2.91229396e-09,2.48928322e-09,1.70510328e-10,0,1.44565675e-07,4.50035009e-10,0.00873762928
2.79915298e-07,5.72592374e-09,0.00873763114,2.96104097e-09,2.5940492e-09,1.70833639e-10,0,1.45856717e-07,4.55139287e-10,0.00873762928
2.80821297e-07,5.9815517e-09,0.00873763114,3.03485037e-09,2.76800538e-09,1.78695947e-10,0,1.47114633e-07,4.60253946e-10,0.00873762928
2.81729143e-07,6.14926732e-09,0.00873763114,3.09054449e-09,2.86167867e-09,1.97044006e-10,0,1.48151983e-07,4.65153721e-10,0.00873762928
2.82638382e-07,6.11756157e-09,0.00873763114,3.07342574e-09,2.84384827e-09,2.00287731e-10,0,1.48970088e-07,4.70411099e-10,0.00873762928
2.83504477e-07,6.02237371e-09,0.00873763114,3.03002157e-09,2.79168666e-09,2.00665679e-10,0,1.49627525e-07,4.7537807e-10,0.00873762928
2.84416842e-07,5.87500182e-09,0.00873763114,3.00018965e-09,2.6735012e-09,2.01311079e-10,0,1.50207356e-07,4.80659346e-10,0.00873762928
2.85329406e-07,5.75246029e-09,0.00873763114,3.03775249e-09,2.50624921e-09,2.08458431e-10,0,1.50793838e-07,4.86004792e-10,0.00873762928
2.86242511e-07,5.6616285e-09,0.00873763114,3.10356141e-09,2.33777731e-09,2.20289967e-10,0,1.51509099e-07,4.91789165e-10,0.00873762928
2.87109998e-07,5.67592906e-09,0.00873763114,3.13447401e-09,2.31056418e-09,2.30891195e-10,0,1.52397419e-07,4.97569985e-10,0.00873762928
2.88023784e-07,5.89743232e-09,0.00873763114,3.16565885e-09,2.49332177e-09,2.38451786e-10,0,1.53535993e-07,5.041354e-10,0.00873762928
2.88935894e-07,6.22630214e-09,0.00873763114,3.22934746e-09,2.74660406e-09,2.50350934e-10,0,1.54780125e-07,5.10379905e-10,0.00873762928
2.89801847e-07,6.4684671e-09,0.00873763114,3.27715766e-09,2.94026448e-09,2.51044768e-10,0,1.56053858e-07,5.16091614e-10,0.00873762928
2.90712336e-07,6.67489974e-09,0.00873763114,3.3470402e-09,3.06651415e-09,2.6134539e-10,0,1.57372597e-07,5.22041133e-10,0.00873762928
2.91621774e-07,6.75597001e-09,0.00873763114,3.40870421e-09,3.06083758e-09,2.86428381e-10,0,1.58512904e-07,5.27958843e-10,0.00873762928
2.92532263e-07,6.62106414e-09,0.00873763114,3.37859363e-09,2.94860913e-09,2.93861629e-10,0,1.5938312e-07,5.34060018e-10,0.00873762928
2.93442923e-07,6.53388987e-09,0.00873763114,3.32304273e-09,2.91650704e-09,2.94339775e-10,0,1.60102772e-07,5.39970735e-10,0.00873762928
2.9430737e-07,6.50213394e-09,0.00873763114,3.29697714e-09,2.91037972e-09,2.94777314e-10,0,1.60670979e-07,5.45479717e-10,0.00873762928
2.95217092e-07,6.43305009e-09,0.00873763114,3.32599082e-09,2.80592527e-09,3.01133979e-10,0,1.61260331e-07,5.51242274e-10,0.00873762928
2.96135596e-07,6.29464791e-09,0.00873763114,3.39438144e-09,2.58878963e-09,3.11476706e-10,0,1.61964465e-07,5.57867419e-10,0.00873762928
2.97036649e-07,6.20836671e-09,0.00873763114,3.42271522e-09,2.46234744e-09,3.23304244e-10,0,1.62924039e-07,5.64489511e-10,0.00873762928
2.97916415e-07,6.30155039e-09,0.00873763114,3.42135897e-09,2.55231369e-09,3.27877892e-10,0,1.64022723e-07,5.71102887e-10,0.00873762928
2.98804963e-07,6.64201893e-09,0.00873763114,3.47196871e-09,2.83055734e-09,3.39493017e-10,0,1.65288967e-07,5.77122461e-10,0.00873762928
2.99715992e-07,6.97901337e-09,0.00873763114,3.527036e-09,3.10988146e-09,3.42095741e-10,0,1.66670631e-07,5.83079696e-10,0.00873762928
3.00626397e-07,7.32894634e-09,0.00873763114,3.6348129e-09,3.33226358e-09,3.61869867e-10,0,1.68044409e-07,5.88919469e-10,0.00873762928
3.01535152e-07,7.45167217e-09,0.00873763114,3.71343978e-09,3.34592754e-09,3.92304966e-10,0,1.69195573e-07,5.94938043e-10,0.00873762928
3.02444448e-07,7.26710692e-09,0.00873763114,3.68526387e-09,3.18194959e-09,3.9989323e-10,0,1.7010791e-07,6.01391881e-10,0.00873762928
3.03308724e-07,7.08412617e-09,0.00873763114,3.62257624e-09,3.06126458e-09,4.00285416e-10,0,1.70837822e-07,6.07457473e-10,0.00873762928
3.04218815e-07,6.93823621e-09,0.00873763114,3.56711261e-09,2.97042324e-09,4.00700306e-10,0,1.7145085e-07,6.13875006e-10,0.00873762928
3.05128822e-07,6.86377177e-09,0.00873763114,3.58798324e-09,2.87033064e-09,4.05458001e-10,0,1.72041211e-07,6.20218155e-10,0.00873762928
3.06036242e-07,6.89421764e-09,0.00873763114,3.69027098e-09,2.7867546e-09,4.17192142e-10,0,1.72739092e-07,6.26962482e-10,0.00873762928
3.06940791e-07,6.95442237e-09,0.00873763114,3.75835674e-09,2.76294476e-09,4.33120817e-10,0,1.73728964e-07,6.33684272e-10,0.00873762928
3.07844203e-07,6.99081726e-09,0.00873763114,3.75997855e-09,2.79250378e-09,4.38335312e-10,0,1.74876547e-07,6.40823894e-10,0.00873762928
3.08702056e-07,7.15742754e-09,0.00873763114,3.79069087e-09,2.91906588e-09,4.47670789e-10,0,1.76143089e-07,6.47325193e-10,0.00873762928
3.0960652e-07,7.34275352e-09,0.00873763114,3.79832121e-09,3.09541326e-09,4.49018989e-10,0,1.77544877e-07,6.54003962e-10,0.00873762928
3.10511894e-07,7.75128406e-09,0.00873763114,3.87950205e-09,3.40392092e-09,4.67861305e-10,0,1.78964086e-07,6.60328736e-10,0.00873762928
3.11418859e-07,8.18715939e-09,0.00873763114,4.01296996e-09,3.66550501e-09,5.08684206e-10,0,1.80200757e-07,6.66531386e-10,0.00873762928
3.12327643e-07,8.19604651e-09,0.00873763114,4.04326128e-09,3.62872599e-09,5.24059351e-10,0,1.81149574e-07,6.73024025e-10,0.00873762928
3.13238928e-07,7.88872256e-09,0.00873763114,3.9909045e-09,3.37291994e-09,5.24897736e-10,0,1.81947357e-07,6.8000916e-10,0.00873762928
3.14105591e-07,7.52636087e-09,0.00873763114,3.91038357e-09,3.09048764e-09,5.25490096e-10,0,1.82574681e-07,6.86959656e-10,0.00873762928
3.15018411e-07,7.23903915e-09,0.00873763114,3.85057852e-09,2.85901325e-09,5.2944743e-10,0,1.83173057e-07,6.94825086e-10,0.00873762928
3.15931345e-07,7.30639194e-09,0.00873763114,3.92762445e-09,2.84003687e-09,5.38730727e-10,0,1.83862767e-07,7.03035075e-10,0.00873762928
3.16845302e-07,7.40172323e-09,0.00873763114,3.96720168e-09,2.8824434e-09,5.52078439e-10,0,1.84861122e-07,7.12308434e-10,0.00873762928
3.17713017e-07,7.52679608e-09,0.00873763114,4.01867917e-09,2.94518077e-09,5.62936253e-10,0,1.85985058e-07,7.19849069e-10,0.00873762928
3.18625979e-07,7.55012053e-09,0.00873763114,4.04507849e-09,2.93704416e-09,5.67997982e-10,0,1.87317681e-07,7.27915839e-10,0.00873762928
3.19536952e-07,7.65119701e-09,0.00873763114,4.05789224e-09,3.02452552e-09,5.68778968e-10,0,1.88728393e-07,7.35835504e-10,0.00873762928
3.20401909e-07,8.05599321e-09,0.00873763114,4.13650936e-09,3.33172112e-09,5.87762783e-10,0,1.90067482e-07,7.42680528e-10,0.00873762928
3.21311234e-07,8.51358806e-09,0.00873763114,4.23679358e-09,3.65297215e-09,6.2382266e-10,0,1.91277792e-07,7.49161233e-10,0.00873762928
3.2221817e-07,8.69092531e-09,0.00873763114,4.30554303e-09,3.75318621e-09,6.32196351e-10,0,1.92273205e-07,7.55760343e-10,0.00873762928
3.23127807e-07,8.54576498e-09,0.00873763114,4.32217684e-09,3.588154e-09,6.35434039e-10,0,1.93110182e-07,7.62974295e-10,0.00873762928
3.24037615e-07,8.27349123e-09,0.00873763114,4.30929692e-09,3.32505934e-09,6.39135023e-10,0,1.93775705e-07,7.70897179e-10,0.00873762928
3.24901748e-07,8.06816391e-09,0.00873763114,4.29460023e-09,3.12833626e-09,6.45227816e-10,0,1.94337872e-07,7.78165421e-10,0.00873762928
3.25809083e-07,8.12084622e-09,0.00873763114,4.35317515e-09,3.10728887e-09,6.60382471e-10,0,1.95030509e-07,7.85387533e-10,0.00873762928
3.2671403e-07,8.15987278e-09,0.00873763114,4.34974412e-09,3.13416404e-09,6.75964229e-10,0,1.96023677e-07,7.95737642e-10,0.00873762928
3.27614345e-07,8.33775093e-09,0.00873763114,4.40504788e-09,3.24431926e-09,6.88383683e-10,0,1.97211861e-07,8.04378453e-10,0.00873762928
3.28516194e-07,8.48055937e-09,0.00873763114,4.45108261e-09,3.32637318e-09,7.03103076e-10,0,1.98599821e-07,8.13058065e-10,0.00873762928
3.29419265e-07,8.60857519e-09,0.00873763114,4.46180382e-09,3.43910056e-09,7.07671255e-10,0,2.00057045e-07,8.21574919e-10,0.00873762928
3.30323218e-07,8.90023877e-09,0.00873763114,4.5214148e-09,3.64006714e-09,7.38756889e-10,0,2.01540132e-07,8.29110558e-10,0.00873762928
3.31228705e-07,9.254574e-09,0.00873763114,4.60955141e-09,3.86236199e-09,7.8266027e-10,0,2.02864129e-07,8.36003489e-10,0.00873762928
3.32136409e-07,9.37293798e-09,0.00873763114,4.66155292e-09,3.91804855e-09,7.93336785e-10,0,2.03938214e-07,8.42878711e-10,0.00873762928
3.33000798e-07,9.31318311e-09,0.00873763114,4.67678474e-09,3.84095022e-09,7.95447597e-10,0,2.04787369e-07,8.50284398e-10,0.00873762928
3.3391018e-07,9.24357835e-09,0.00873763114,4.70065187e-09,3.74324793e-09,7.99679045e-10,0,2.0551073e-07,8.58707272e-10,0.00873762928
3.34821237e-07,9.06917386e-09,0.00873763114,4.70923833e-09,3.55452734e-09,8.05407963e-10,0,2.06122465e-07,8.6669566e-10,0.00873762928
3.35733091e-07,8.93189966e-09,0.00873763114,4.7597748e-09,3.35048744e-09,8.21637536e-10,0,2.0683828e-07,8.74427142e-10,0.00873762928
3.36623998e-07,8.74120154e-09,0.00873763114,4.71689932e-09,3.1883467e-09,8.35955971e-10,0,2.07813471e-07,8.85164497e-10,0.00873762928
3.37513711e-07,8.88137563e-09,0.00873763114,4.74018647e-09,3.29111205e-09,8.50076565e-10,0,2.09026481e-07,8.94144592e-10,0.00873762928
3.38442135e-07,9.24954779e-09,0.00873763114,4.78438666e-09,3.60058094e-09,8.64580019e-10,0,2.10513278e-07,9.03776332e-10,0.00873762928
3.39310105e-07,9.63327995e-09,0.00873763114,4.85531526e-09,3.90468546e-09,8.7327956e-10,0,2.11984911e-07,9.12174725e-10,0.00873762928
3.40220737e-07,1.0006679e-08,0.00873763114,4.96540453e-09,4.131405e-09,9.09869347e-10,0,2.13597346e-07,9.19935295e-10,0.00873762928
3.41130118e-07,1.0127625e-08,0.00873763114,5.03177056e-09,4.12756584e-09,9.6828856e-10,0,2.14987395e-07,9.27097288e-10,0.00873762928
3.42040181e-07,9.96695082e-09,0.00873763207,5.01674613e-09,3.96934174e-09,9.80863613e-10,0,2.16072507e-07,9.34520128e-10,0.00873762928
3.42904713e-07,9.88170612e-09,0.00873763207,4.9729918e-09,3.92245525e-09,9.86259407e-10,0,2.16929834e-07,9.42447675e-10,0.00873762928
3.43814577e-07,9.88466997e-09,0.00873763114,4.94862951e-09,3.94816579e-09,9.8787456e-10,0,2.17665558e-07,9.5113073e-10,0.00873762928
3.44724498e-07,9.77966153e-09,0.00873763114,4.96481434e-09,3.8245207e-09,9.90326487e-10,0,2.18270259e-07,9.59065605e-10,0.00873762928
3.45632856e-07,9.61416013e-09,0.00873763114,5.05722131e-09,3.55197116e-09,1.00496711e-09,0,2.18984027e-07,9.67218083e-10,0.00873762928
3.46538059e-07,9.53485468e-09,0.00873763114,5.1206035e-09,3.37755068e-09,1.03669984e-09,0,2.2000475e-07,9.75302838e-10,0.00873762928
3.47443773e-07,9.62129132e-09,0.00873763207,5.12578024e-09,3.43992634e-09,1.05558462e-09,0,2.2126504e-07,9.84036741e-10,0.00873762928
3.4830046e-07,9.89070603e-09,0.00873763114,5.12388443e-09,3.70693543e-09,1.0598864e-09,0,2.22640139e-07,9.92760985e-10,0.00873762928
3.49201969e-07,1.03273523e-08,0.00873763114,5.19082288e-09,4.06228651e-09,1.07424314e-09,0,2.24194849e-07,1.0011374e-09,0.00873762928
3.50105154e-07,1.07092912e-08,0.00873763114,5.28861976e-09,4.31715153e-09,1.10352039e-09,0,2.25840651e-07,1.00892739e-09,0.00873762928
3.51010016e-07,1.10507088e-08,0.00873763114,5.43772583e-09,4.45228787e-09,1.16069498e-09,0,2.273608e-07,1.01648989e-09,0.00873762928
3.51913883e-07,1.10365592e-08,0.00873763207,5.49347456e-09,4.34635927e-09,1.19672539e-09,0,2.285433e-07,1.02446918e-09,0.00873762928
3.52823207e-07,1.08603952e-08,0.00873763207,5.44747136e-09,4.20947099e-09,1.203453e-09,0,2.29518122e-07,1.03352227e-09,0.00873762928
3.53732702e-07,1.06734772e-08,0.00873763207,5.38133804e-09,4.08761824e-09,1.20452126e-09,0,2.30310334e-07,1.04290154e-09,0.00873762928
3.54644015e-07,1.05615348e-08,0.00873763114,5.39864997e-09,3.95656841e-09,1.20631649e-09,0,2.30951414e-07,1.05175579e-09,0.00873762928
3.55510821e-07,1.06026974e-08,0.00873763114,5.52439294e-09,3.85085519e-09,1.22744892e-09,0,2.31674917e-07,1.06039977e-09,0.00873762928
3.56423072e-07,1.07976694e-08,0.00873763114,5.67031133e-09,3.85511356e-09,1.27224409e-09,0,2.32745137e-07,1.06910836e-09,0.00873762928
3.57335608e-07,1.08261364e-08,0.00873763114,5.66846881e-09,3.85570686e-09,1.30196054e-09,0,2.34087778e-07,1.07890752e-09,0.00873762928
3.58203579e-07,1.10427028e-08,0.00873763207,5.68989833e-09,4.0372532e-09,1.31555133e-09,0,2.35610443e-07,1.08840925e-09,0.00873762928
3.59116996e-07,1.12012755e-08,0.00873763207,5.66114045e-09,4.19850021e-09,1.34163458e-09,0,2.37242219e-07,1.09888298e-09,0.00873762928
3.60027343e-07,1.16556524e-08,0.00873763207,5.72198511e-09,4.56917748e-09,1.36449008e-09,0,2.38986644e-07,1.10897336e-09,0.00873762928
3.60936724e-07,1.22875488e-08,0.00873763207,5.88886584e-09,4.96782659e-09,1.43085688e-09,0,2.40576298e-07,1.11850085e-09,0.00873762928
3.61800119e-07,1.24289405e-08,0.00873763114,5.99383343e-09,4.96257568e-09,1.4725311e-09,0,2.41749234e-07,1.12729814e-09,0.00873762928
3.62706231e-07,1.20742838e-08,0.00873763207,5.96269789e-09,4.63300109e-09,1.47858525e-09,0,2.42770938e-07,1.13694121e-09,0.00873762928
3.63614475e-07,1.16290648e-08,0.00873763207,5.88968696e-09,4.25866187e-09,1.48071566e-09,0,2.43628335e-07,1.14684962e-09,0.00873762928
3.64523117e-07,1.13334719e-08,0.00873763207,5.85520388e-09,3.9943715e-09,1.48389623e-09,0,2.44313156e-07,1.15660581e-09,0.00873762928
3.65431276e-07,1.1192606e-08,0.00873763207,5.82310866e-09,3.87575794e-09,1.49373913e-09,0,2.45018555e-07,1.16777166e-09,0.00873762928
3.66341709e-07,1.14113048e-08,0.00873763114,5.9322276e-09,3.95972233e-09,1.51935442e-09,0,2.46035199e-07,1.17813215e-09,0.00873762928
3.67225709e-07,1.1653718e-08,0.00873763114,6.04411987e-09,4.05141254e-09,1.55818536e-09,0,2.47334697e-07,1.18746679e-09,0.00873762928
3.68137734e-07,1.15840786e-08,0.00873763207,6.03469186e-09,3.98107369e-09,1.56831337e-09,0,2.4884767e-07,1.19779453e-09,0.00873762928
3.69004425e-07,1.17088597e-08,0.00873763207,6.03218231e-09,4.08385592e-09,1.59282165e-09,0,2.50450796e-07,1.20808108e-09,0.00873762928
3.69914972e-07,1.22071979e-08,0.00873763207,6.05838535e-09,4.51523485e-09,1.63357772e-09,0,2.52159282e-07,1.21815125e-09,0.00873762928
3.70825347e-07,1.2940391e-08,0.00873763207,6.17728535e-09,5.06945552e-09,1.69365033e-09,0,2.53726853e-07,1.22749111e-09,0.00873762928
3.71735524e-07,1.3276515e-08,0.00873763114,6.30786001e-09,5.23588595e-09,1.73276871e-09,0,2.54985309e-07,1.23633637e-09,0.00873762928
3.7264536e-07,1.31260558e-08,0.00873763207,6.37988107e-09,4.99922548e-09,1.74694914e-09,0,2.56029068e-07,1.24573307e-09,0.00873762928
3.73509039e-07,1.26897657e-08,0.00873763207,6.35809494e-09,4.58371696e-09,1.74795389e-09,0,2.56827548e-07,1.25526389e-09,0.00873762928
3.74418562e-07,1.23219692e-08,0.00873763207,6.30233599e-09,4.26820268e-09,1.75143045e-09,0,2.57504212e-07,1.26542332e-09,0.00873762928
3.75326636e-07,1.22810775e-08,0.00873763207,6.31833297e-09,4.19401713e-09,1.76872739e-09,0,2.5821754e-07,1.2756709e-09,0.00873762928
3.76231299e-07,1.25877975e-08,0.00873763207,6.44065246e-09,4.3317443e-09,1.81540027e-09,0,2.59198572e-07,1.28549105e-09,0.00873762928
3.77137724e-07,1.26801716e-08,0.00873763114,6.45638609e-09,4.36646674e-09,1.85731819e-09,0,2.60541356e-07,1.29708722e-09,0.00873762928
3.78036646e-07,1.2751757e-08,0.00873763207,6.46801634e-09,4.41317871e-09,1.87056148e-09,0,2.62114639e-07,1.30767264e-09,0.00873762928
3.78935198e-07,1.28799922e-08,0.00873763207,6.47510223e-09,4.5141122e-09,1.89077753e-09,0,2.63804253e-07,1.31844602e-09,0.00873762928
3.79836109e-07,1.31760078e-08,0.00873763207,6.49699494e-09,4.7572386e-09,1.9217743e-09,0,2.65579644e-07,1.32887135e-09,0.00873762928
3.80738527e-07,1.37334553e-08,0.00873763207,6.617491e-09,5.11828713e-09,1.99767736e-09,0,2.67275993e-07,1.33860634e-09,0.00873762928
3.81643304e-07,1.41952814e-08,0.00873763207,6.78950141e-09,5.3347553e-09,2.07102469e-09,0,2.68659704e-07,1.34815537e-09,0.00873762928
3.82504254e-07,1.4260916e-08,0.00873763207,6.85910617e-09,5.31378319e-09,2.08802642e-09,0,2.69735949e-07,1.35896305e-09,0.00873762928
3.83413038e-07,1.41460106e-08,0.00873763207,6.88195767e-09,5.17361354e-09,2.0904396e-09,0,2.70693846e-07,1.37132061e-09,0.00873762928
3.84323073e-07,1.382588e-08,0.00873763207,6.86747059e-09,4.86594898e-09,2.09246043e-09,0,2.71450205e-07,1.3831476e-09,0.00873762928
3.85233477e-07,1.35161642e-08,0.00873763207,6.89361812e-09,4.5132853e-09,2.10926077e-09,0,2.72198861e-07,1.39434619e-09,0.00873762928
3.86145018e-07,1.36159271e-08,0.00873763207,7.02127378e-09,4.43184023e-09,2.16281282e-09,0,2.73193933e-07,1.4051269e-09,0.00873762928
3.87014694e-07,1.40896992e-08,0.00873763207,7.14742088e-09,4.66997685e-09,2.27230168e-09,0,2.74616013e-07,1.41478573e-09,0.00873762928
3.87930157e-07,1.435488e-08,0.00873763207,7.11081372e-09,4.95802466e-09,2.28604136e-09,0,2.76271464e-07,1.42684564e-09,0.00873762928
3.88800345e-07,1.47985073e-08,0.00873763207,7.17928161e-09,5.26530464e-09,2.35392084e-09,0,2.78065244e-07,1.43906542e-09,0.00873762928
3.89712199e-07,1.49721338e-08,0.00873763207,7.21829929e-09,5.36830536e-09,2.38552977e-09,0,2.79955373e-07,1.45174783e-09,0.00873762928
3.90622176e-07,1.5186199e-08,0.00873763207,7.29491534e-09,5.44398704e-09,2.44729725e-09,0,2.8180088e-07,1.46393964e-09,0.00873762928
3.91531046e-07,1.5407462e-08,0.00873763207,7.37362837e-09,5.51962875e-09,2.51420529e-09,0,2.83316012e-07,1.47524815e-09,0.00873762928
3.92439659e-07,1.57693716e-08,0.00873763207,7.46950857e-09,5.7548819e-09,2.54498089e-09,0,2.84554773e-07,1.48701218e-09,0.00873762928
3.93303054e-07,1.58120042e-08,0.00873763207,7.46600293e-09,5.79675818e-09,2.54924282e-09,0,2.85484589e-07,1.49884893e-09,0.00873762928
3.94212009e-07,1.5511727e-08,0.00873763207,7.44665041e-09,5.51322499e-09,2.55185229e-09,0,2.8625638e-07,1.51084756e-09,0.00873762928
3.95120082e-07,1.50027315e-08,0.00873763207,7.44475326e-09,4.99357045e-09,2.56440802e-09,0,2.86978121e-07,1.52264124e-09,0.00873762928
3.96027644e-07,1.48555293e-08,0.00873763207,7.55461915e-09,4.68560746e-09,2.61530286e-09,0,2.87925133e-07,1.53442115e-09,0.00873762928
3.96943591e-07,1.53133701e-08,0.00873763207,7.6876443e-09,4.88765117e-09,2.73807399e-09,0,2.89424804e-07,1.54574531e-09,0.00873762928
3.97812727e-07,1.55448543e-08,0.00873763207,7.60967023e-09,5.16483567e-09,2.77034706e-09,0,2.90951931e-07,1.55816249e-09,0.00873762928
3.98729355e-07,1.62197473e-08,0.00873763207,7.73784326e-09,5.62425218e-09,2.85765189e-09,0,2.92921726e-07,1.57142566e-09,0.00873762928
3.99640612e-07,1.64275722e-08,0.00873763207,7.7868636e-09,5.73058223e-09,2.91012636e-09,0,2.94841982e-07,1.58441693e-09,0.00873762928
4.00505002e-07,1.66792891e-08,0.00873763207,7.91360577e-09,5.79517367e-09,2.97050895e-09,0,2.96670834e-07,1.59663349e-09,0.00873762928
4.01413701e-07,1.69017351e-08,0.00873763207,8.01758837e-09,5.83586379e-09,3.04828252e-09,0,2.98285983e-07,1.60907121e-09,0.00873762928
4.02321916e-07,1.72077836e-08,0.00873763207,8.11597634e-09,6.0035541e-09,3.08825232e-09,0,2.99612111e-07,1.62223712e-09,0.00873762928
4.03229848e-07,1.71631651e-08,0.00873763207,8.08846767e-09,5.97682392e-09,3.09787396e-09,0,3.00643165e-07,1.63595104e-09,0.00873762928
4.04138461e-07,1.69424457e-08,0.00873763207,8.07492562e-09,5.7663927e-09,3.10112713e-09,0,3.0145867e-07,1.64892155e-09,0.00873762928
4.05000748e-07,1.65952461e-08,0.00873763207,8.07153544e-09,5.40834222e-09,3.11536907e-09,0,3.02146248e-07,1.6605205e-09,0.00873762928
4.0590831e-07,1.65829839e-08,0.00873763207,8.18819323e-09,5.22211119e-09,3.17267856e-09,0,3.03119577e-07,1.6732189e-09,0.00873762928
4.06819936e-07,1.68899827e-08,0.00873763207,8.30947489e-09,5.30306909e-09,3.27743943e-09,0,3.04599439e-07,1.68544656e-09,0.00873762928
4.07733722e-07,1.6980378e-08,0.00873763207,8.25496294e-09,5.39034417e-09,3.33507044e-09,0,3.06241361e-07,1.69892889e-09,0.00873762928
4.08600442e-07,1.74823196e-08,0.00873763207,8.33251512e-09,5.76276005e-09,3.3870442e-09,0,3.08153744e-07,1.71214676e-09,0.00873762928
4.09515138e-07,1.78141537e-08,0.00873763207,8.33803249e-09,5.99851369e-09,3.47760709e-09,0,3.10101314e-07,1.72598291e-09,0.00873762928
4.10425741e-07,1.83521287e-08,0.00873763207,8.48447357e-09,6.31888719e-09,3.54876906e-09,0,3.12064572e-07,1.7391687e-09,0.00873762928
4.1133481e-07,1.87311642e-08,0.00873763207,8.63946781e-09,6.45887965e-09,3.63281605e-09,0,3.13749752e-07,1.75248027e-09,0.00873762928
4.12242883e-07,1.87475546e-08,0.00873763207,8.76045103e-09,6.30978159e-09,3.67732111e-09,0,3.15122151e-07,1.76558068e-09,0.00873762928
4.13105198e-07,1.85799376e-08,0.00873763207,8.79686457e-09,6.07772854e-09,3.70534514e-09,0,3.16173214e-07,1.77930404e-09,0.00873762928
4.14013442e-07,1.82428934e-08,0.00873763207,8.69567707e-09,5.84036686e-09,3.70684883e-09,0,3.17010858e-07,1.79334469e-09,0.00873762928
4.14921374e-07,1.8102968e-08,0.00873763207,8.64942962e-09,5.73065995e-09,3.72287867e-09,0,3.17763721e-07,1.80627424e-09,0.00873762928
4.15830726e-07,1.82615416e-08,0.00873763207,8.73766393e-09,5.75380277e-09,3.77007492e-09,0,3.1874248e-07,1.81918447e-09,0.00873762928
4.16705262e-07,1.84377935e-08,0.00873763207,8.85178597e-09,5.72583048e-09,3.86017662e-09,0,3.20138241e-07,1.83150861e-09,0.00873762928
4.1762658e-07,1.84208186e-08,0.00873763207,8.88104967e-09,5.62276226e-09,3.91700627e-09,0,3.21835444e-07,1.84444282e-09,0.00873762928
4.1850916e-07,1.8606924e-08,0.00873763207,8.86547014e-09,5.77336801e-09,3.96808586e-09,0,3.23744871e-07,1.85768023e-09,0.00873762928
4.19425135e-07,1.9250157e-08,0.00873763207,8.92215013e-09,6.25974117e-09,4.06826528e-09,0,3.25834179e-07,1.87020155e-09,0.00873762928
4.20336562e-07,2.00182093e-08,0.00873763207,9.06462283e-09,6.78830636e-09,4.16528056e-09,0,3.27889097e-07,1.88170435e-09,0.00873762928
4.21200781e-07,2.06158433e-08,0.00873763207,9.27655819e-09,7.08623293e-09,4.25305258e-09,0,3.29634048e-07,1.89226856e-09,0.00873762928
4.22107831e-07,2.06232187e-08,0.00873763207,9.4490904e-09,6.86776591e-09,4.30636282e-09,0,3.31089637e-07,1.90377625e-09,0.00873762928
4.23016303e-07,2.02252579e-08,0.00873763207,9.48191659e-09,6.41215347e-09,4.33118741e-09,0,3.322439e-07,1.91627803e-09,0.00873762928
4.23924632e-07,1.97804191e-08,0.008737633,9.34758582e-09,6.09836848e-09,4.33446523e-09,0,3.33152713e-07,1.9297417e-09,0.00873762928
4.24832194e-07,1.96102725e-08,0.00873763207,9.24359433e-09,6.01146066e-09,4.35521752e-09,0,3.33923197e-07,1.94229344e-09,0.00873762928
4.25740581e-07,1.9719721e-08,0.00873763207,9.28755117e-09,6.0348877e-09,4.39728209e-09,0,3.3491807e-07,1.95504124e-09,0.00873762928
4.2660929e-07,1.99595043e-08,0.00873763207,9.43596312e-09,6.03561734e-09,4.4879247e-09,0,3.36266311e-07,1.96732985e-09,0.00873762928
4.27523304e-07,2.0144201e-08,0.00873763207,9.56109858e-09,6.0138925e-09,4.56921034e-09,0,3.38023568e-07,1.98089789e-09,0.00873762928
4.2841728e-07,2.01830588e-08,0.00873763207,9.51046797e-09,6.06537265e-09,4.60721905e-09,0,3.39931745e-07,1.9961901e-09,0.00873762928
4.2931174e-07,2.06239754e-08,0.008737633,9.54810453e-09,6.3925496e-09,4.68332217e-09,0,3.42000874e-07,2.01032391e-09,0.00873762928
4.30207763e-07,2.13341416e-08,0.008737633,9.66490532e-09,6.88251367e-09,4.78672302e-09,0,3.44134094e-07,2.02309169e-09,0.00873762928
4.3110586e-07,2.21670682e-08,0.00873763207,9.92264582e-09,7.30799643e-09,4.93642593e-09,0,3.46037496e-07,2.03480655e-09,0.00873762928
4.32003958e-07,2.24431389e-08,0.00873763207,1.01002291e-08,7.30829042e-09,5.03461894e-09,0,3.47482882e-07,2.04650119e-09,0.00873762928
4.32907342e-07,2.22333565e-08,0.00873763207,1.01325579e-08,7.04598335e-09,5.05481523e-09,0,3.48657608e-07,2.05922523e-09,0.00873762928
4.33813113e-07,2.17779768e-08,0.00873763207,1.00301385e-08,6.69139633e-09,5.05644104e-09,0,3.49621303e-07,2.07331596e-09,0.00873762928
4.34719823e-07,2.13533209e-08,0.008737633,9.93763472e-09,6.34097796e-09,5.07470865e-09,0,3.50417565e-07,2.08686246e-09,0.00873762928
4.35626731e-07,2.1245496e-08,0.008737633,9.96894656e-09,6.14658502e-09,5.12996445e-09,0,3.51398626e-07,2.10034723e-09,0.00873762928
4.36537675e-07,2.1479881e-08,0.00873763207,1.00680673e-08,6.19594864e-09,5.21586552e-09,0,3.52798963e-07,2.11366946e-09,0.00873762928
4.37407948e-07,2.20343281e-08,0.00873763207,1.02420064e-08,6.46032383e-09,5.33199751e-09,0,3.54563866e-07,2.12665596e-09,0.00873762928
4.38344443e-07,2.22241656e-08,0.00873763207,1.02441433e-08,6.59061561e-09,5.38940625e-09,0,3.566158e-07,2.14248819e-09,0.00873762928
4.39237226e-07,2.24977192e-08,0.00873763207,1.02980016e-08,6.74265488e-09,5.45706413e-09,0,3.58723696e-07,2.1569555e-09,0.00873762928
4.40131657e-07,2.29733637e-08,0.008737633,1.03948201e-08,7.02545977e-09,5.55308288e-09,0,3.60917568e-07,2.17056328e-09,0.00873762928
4.41027822e-07,2.38146374e-08,0.008737633,1.06216049e-08,7.47627382e-09,5.71675773e-09,0,3.62912573e-07,2.18293472e-09,0.00873762928
4.41927398e-07,2.42889833e-08,0.008737633,1.075884e-08,7.69049446e-09,5.83964876e-09,0,3.64417076e-07,2.19481899e-09,0.00873762928
4.42829304e-07,2.4310431e-08,0.00873763207,1.07774669e-08,7.66133557e-09,5.8716294e-09,0,3.65635287e-07,2.20777796e-09,0.00873762928
4.43733825e-07,2.39074911e-08,0.00873763207,1.06939728e-08,7.33787697e-09,5.87564086e-09,0,3.66722361e-07,2.22271535e-09,0.00873762928
4.44639454e-07,2.34312552e-08,0.008737633,1.06761782e-08,6.86021639e-09,5.89485971e-09,0,3.67590644e-07,2.23711738e-09,0.00873762928
4.45500092e-07,2.31046595e-08,0.008737633,1.07057625e-08,6.44777787e-09,5.9511196e-09,0,3.68512929e-07,2.25103358e-09,0.00873762928
4.46408308e-07,2.33538167e-08,0.008737633,1.08306164e-08,6.46994325e-09,6.05325745e-09,0,3.69876545e-07,2.26498642e-09,0.00873762928
4.4733946e-07,2.40837732e-08,0.008737633,1.09946416e-08,6.89055746e-09,6.19857365e-09,0,3.71844976e-07,2.27940755e-09,0.00873762928
4.48233578e-07,2.42443754e-08,0.00873763207,1.09345883e-08,7.05279746e-09,6.25698959e-09,0,3.7383748e-07,2.29556485e-09,0.00873762928
4.49125366e-07,2.45882852e-08,0.00873763207,1.10169642e-08,7.2638775e-09,6.30744301e-09,0,3.75992045e-07,2.31063235e-09,0.00873762928
4.50018575e-07,2.50135663e-08,0.008737633,1.11599991e-08,7.46126716e-09,6.39230002e-09,0,3.78226304e-07,2.32490383e-09,0.00873762928
4.50913944e-07,2.55679939e-08,0.008737633,1.13246292e-08,7.7052329e-09,6.53813048e-09,0,3.80318653e-07,2.33804909e-09,0.00873762928
4.51813207e-07,2.60265747e-08,0.008737633,1.14971499e-08,7.86299204e-09,6.6664323e-09,0,3.82012075e-07,2.35066189e-09,0.00873762928
4.52713721e-07,2.63213114e-08,0.008737633,1.1606212e-08,7.9905238e-09,6.72457601e-09,0,3.83436088e-07,2.36627318e-09,0.00873762928
4.53616394e-07,2.61888591e-08,0.008737633,1.15886296e-08,7.86132048e-09,6.73890765e-09,0,3.84629288e-07,2.38256059e-09,0.00873762928
4.54520773e-07,2.58304311e-08,0.008737633,1.15719985e-08,7.50465112e-09,6.75378153e-09,0,3.85566608e-07,2.39788567e-09,0.00873762928
4.55443939e-07,2.55466279e-08,0.008737633,1.16319514e-08,7.0928774e-09,6.82179868e-09,0,3.86606587e-07,2.41311349e-09,0.00873762928
4.56305258e-07,2.55278234e-08,0.008737633,1.17124763e-08,6.92572089e-09,6.88962576e-09,0,3.87864731e-07,2.42689846e-09,0.00873762928
4.57224502e-07,2.59865036e-08,0.008737633,1.18237793e-08,7.13124493e-09,7.03148029e-09,0,3.89814488e-07,2.44133358e-09,0.00873762928
4.58136299e-07,2.62876867e-08,0.008737633,1.18016947e-08,7.36837835e-09,7.11761317e-09,0,3.9188933e-07,2.45653431e-09,0.00873762928
4.59007936e-07,2.68069318e-08,0.008737633,1.18506724e-08,7.76563969e-09,7.19061877e-09,0,3.94035851e-07,2.4710527e-09,0.00873762928
4.59922092e-07,2.74666903e-08,0.008737633,1.19998989e-08,8.16763368e-09,7.29915772e-09,0,3.96354494e-07,2.48562482e-09,0.00873762928
4.60833547e-07,2.83019936e-08,0.008737633,1.2274965e-08,8.52507753e-09,7.50195106e-09,0,3.98599298e-07,2.49882759e-09,0.00873762928
4.61742871e-07,2.85549575e-08,0.008737633,1.24437589e-08,8.41995096e-09,7.69124764e-09,0,4.0032964e-07,2.51160626e-09,0.00873762928
4.62607233e-07,2.82190022e-08,0.008737633,1.23928068e-08,8.08954592e-09,7.73665043e-09,0,4.01633116e-07,2.52605004e-09,0.00873762928
4.63515505e-07,2.79773165e-08,0.008737633,1.23149997e-08,7.90864441e-09,7.75367148e-09,0,4.02877873e-07,2.54186361e-09,0.00873762928
4.64422357e-07,2.78605441e-08,0.008737633,1.22695614e-08,7.80788767e-09,7.78309595e-09,0,4.03816074e-07,2.55754284e-09,0.00873762928
4.65334807e-07,2.76442069e-08,0.008737633,1.22520021e-08,7.54687601e-09,7.84532794e-09,0,4.04773743e-07,2.57291766e-09,0.00873762928
4.66205478e-07,2.77120389e-08,0.008737633,1.23958435e-08,7.39830375e-09,7.91789212e-09,0,4.06017364e-07,2.58725485e-09,0.00873762928
4.67122874e-07,2.80443331e-08,0.008737633,1.25396067e-08,7.43753281e-09,8.06719402e-09,0,4.07977723e-07,2.60276001e-09,0.00873762928
4.68023728e-07,2.82260011e-08,0.008737633,1.25723441e-08,7.49211715e-09,8.161539e-09,0,4.10050944e-07,2.61995003e-09,0.00873762928
4.68915943e-07,2.86070865e-08,0.008737633,1.25488189e-08,7.84140575e-09,8.21686186e-09,0,4.12316496e-07,2.63689848e-09,0.00873762928
4.6980864e-07,2.94063209e-08,0.008737633,1.26942945e-08,8.38209147e-09,8.32993496e-09,0,4.14635991e-07,2.65238054e-09,0.00873762928
4.70703071e-07,3.0400944e-08,0.008737633,1.29719124e-08,8.9073442e-09,8.52168824e-09,0,4.16921097e-07,2.66633515e-09,0.00873762928
4.71600373e-07,3.08559898e-08,0.008737633,1.32259101e-08,8.88812757e-09,8.74195383e-09,0,4.18806707e-07,2.6802931e-09,0.00873762928
4.72544912e-07,3.07225321e-08,0.008737633,1.33269822e-08,8.57422933e-09,8.82131879e-09,0,4.20426971e-07,2.69576961e-09,0.00873762928
4.73401769e-07,3.03905381e-08,0.008737633,1.32505287e-08,8.29539459e-09,8.84461393e-09,0,4.2168864e-07,2.71081091e-09,0.00873762928
4.74305466e-07,3.0121921e-08,0.008737633,1.31187559e-08,8.13630852e-09,8.86685569e-09,0,4.22724696e-07,2.72656342e-09,0.00873762928
4.75210101e-07,2.99891028e-08,0.008737633,1.30645512e-08,7.99658295e-09,8.92796947e-09,0,4.23674777e-07,2.74191292e-09,0.00873762928
4.76115957e-07,3.02243386e-08,0.008737633,1.32283429e-08,7.98831934e-09,9.00767549e-09,0,4.24999854e-07,2.75769363e-09,0.00873762928
4.7703611e-07,3.07541335e-08,0.008737633,1.34657574e-08,8.11569922e-09,9.17267773e-09,0,4.27009866e-07,2.77400192e-09,0.00873762928
4.77902176e-07,3.08307904e-08,0.008737633,1.34959572e-08,8.03868705e-09,9.2961443e-09,0,4.29082036e-07,2.79124168e-09,0.00873762928
4.78837478e-07,3.09264614e-08,0.008737633,1.34409834e-08,8.12989143e-09,9.35558653e-09,0,4.31529799e-07,2.81006063e-09,0.00873762928
4.79728953e-07,3.14867243e-08,0.008737633,1.35052014e-08,8.5301588e-09,9.45136414e-09,0,4.33907388e-07,2.82653478e-09,0.00873762928
4.80622305e-07,3.23717941e-08,0.008737633,1.36846019e-08,9.08986841e-09,9.59732471e-09,0,4.36230721e-07,2.84222623e-09,0.00873762928
4.81518725e-07,3.31496679e-08,0.008737633,1.39697098e-08,9.38594802e-09,9.79401005e-09,0,4.38187669e-07,2.85738522e-09,0.00873762928
4.8241759e-07,3.34551089e-08,0.008737633,1.41772905e-08,9.37195122e-09,9.90586724e-09,0,4.39803586e-07,2.87344615e-09,0.00873762928
4.83317137e-07,3.32022978e-08,0.008737633,1.41932492e-08,9.05978492e-09,9.94926275e-09,0,4.41184284e-07,2.8909195e-09,0.00873762928
4.84219299e-07,3.26409761e-08,0.008737633,1.4067786e-08,8.5933598e-09,9.97983118e-09,0,4.42234267e-07,2.90788527e-09,0.00873762928
4.8512311e-07,3.21702416e-08,0.008737633,1.3940638e-08,8.19670376e-09,1.00328998e-08,0,4.43158399e-07,2.92497049e-09,0.00873762928
4.86028398e-07,3.24377716e-08,0.008737633,1.40395739e-08,8.27260216e-09,1.01255972e-08,0,4.4444954e-07,2.94219094e-09,0.00873762928
4.86941303e-07,3.31822001e-08,0.008737633,1.42977301e-08,8.57961169e-09,1.03048592e-08,0,4.46418085e-07,2.95874414e-09,0.00873762928
4.87812144e-07,3.369124e-08,0.008737633,1.44938639e-08,8.7213472e-09,1.0476028e-08,0,4.4862341e-07,2.97409875e-09,0.00873762928
4.88729768e-07,3.37417312e-08,0.008737633,1.44616514e-08,8.69852013e-09,1.05815579e-08,0,4.51130376e-07,2.99094371e-09,0.00873762928
4.89643924e-07,3.39912489e-08,0.008737633,1.44796628e-08,8.8351424e-09,1.06764455e-08,0,4.53621368e-07,3.00804737e-09,0.00873762928
4.9051016e-07,3.47553346e-08,0.008737633,1.46038266e-08,9.3262944e-09,1.08252154e-08,0,4.55996684e-07,3.0240197e-09,0.00873762928
4.9142011e-07,3.56954857e-08,0.008737633,1.48196824e-08,9.85397275e-09,1.10218306e-08,0,4.58140363e-07,3.03969538e-09,0.00873762928
4.92328866e-07,3.60886219e-08,0.008737633,1.49450354e-08,9.98358729e-09,1.11599983e-08,0,4.59853538e-07,3.05490566e-09,0.00873762928
4.93236541e-07,3.5909224e-08,0.008737633,1.49859396e-08,9.72577752e-09,1.11975078e-08,0,4.61314784e-07,3.07060355e-09,0.00873762928
4.94143194e-07,3.54035983e-08,0.008737633,1.49648791e-08,9.20779986e-09,1.12309184e-08,0,4.62510627e-07,3.08709169e-09,0.00873762928
4.95012102e-07,3.48677105e-08,0.008737633,1.49129313e-08,8.6744576e-09,1.12803207e-08,0,4.63445133e-07,3.10322767e-09,0.00873762928
4.95927509e-07,3.48782088e-08,0.008737633,1.49835024e-08,8.5093399e-09,1.13853682e-08,0,4.64747785e-07,3.12064086e-09,0.00873762928
4.96845587e-07,3.54425858e-08,0.008737633,1.51318034e-08,8.76282602e-09,1.15479581e-08,0,4.66657269e-07,3.13763127e-09,0.00873762928
4.97720521e-07,3.62744004e-08,0.008737633,1.53573172e-08,9.12083653e-09,1.17962484e-08,0,4.68971308e-07,3.15287751e-09,0.00873762928
4.98605857e-07,3.65219428e-08,0.008737633,1.53738782e-08,9.22349397e-09,1.19245707e-08,0,4.71460993e-07,3.16971049e-09,0.00873762928
4.99536839e-07,3.69836819e-08,0.008737633,1.54871778e-08,9.4612016e-09,1.20353034e-08,0,4.74138346e-07,3.18717031e-09,0.00873762928
5.00425756e-07,3.76613301e-08,0.008737633,1.56197153e-08,9.83254189e-09,1.22090746e-08,0,4.76688854e-07,3.20332316e-09,0.00873762928
5.01317629e-07,3.84194401e-08,0.008737633,1.57929652e-08,1.01855839e-08,1.2440891e-08,0,4.78955087e-07,3.21862248e-09,0.00873762928
5.02212799e-07,3.88513719e-08,0.008737633,1.59127733e-08,1.03200257e-08,1.2618572e-08,0,4.80761571e-07,3.2336005e-09,0.00873762928
5.03110243e-07,3.88832468e-08,0.008737633,1.59193974e-08,1.02977786e-08,1.26660726e-08,0,4.82276448e-07,3.24937122e-09,0.00873762928
5.04010075e-07,3.8662769e-08,0.008737633,1.59219891e-08,1.00473665e-08,1.26934143e-08,0,4.83512451e-07,3.26627059e-09,0.00873762928
5.04911384e-07,3.83292225e-08,0.008737633,1.59559139e-08,9.60576418e-09,1.27675461e-08,0,4.84505051e-07,3.28362026e-09,0.00873762928
5.05812693e-07,3.78921037e-08,0.008737633,1.59460214e-08,9.07752629e-09,1.28685569e-08,0,4.85724399e-07,3.30136984e-09,0.00873762928
5.06721449e-07,3.80950738e-08,0.008737633,1.60847264e-08,8.98125041e-09,1.30290969e-08,0,4.87512239e-07,3.31833072e-09,0.00873762928
5.07608149e-07,3.89782748e-08,0.008737633,1.63193352e-08,9.38391231e-09,1.32750291e-08,0,4.89873173e-07,3.33501426e-09,0.00873762928
5.08501444e-07,3.92822521e-08,0.008737633,1.62849609e-08,9.61342828e-09,1.3383862e-08,0,4.92313575e-07,3.35527117e-09,0.00873762928
5.09432368e-07,4.00113684e-08,0.008737633,1.64129386e-08,1.01270139e-08,1.34714169e-08,0,4.950071e-07,3.37494144e-09,0.00873762928
5.1032066e-07,4.05891036e-08,0.008737633,1.65740417e-08,1.03967999e-08,1.36182612e-08,0,4.9756926e-07,3.39227624e-09,0.00873762928
5.11212249e-07,4.09019734e-08,0.008737633,1.67322955e-08,1.03834648e-08,1.37862148e-08,0,4.99941564e-07,3.40827966e-09,0.00873762928
5.12107249e-07,4.12250465e-08,0.00873763394,1.68880039e-08,1.03610018e-08,1.39760408e-08,0,5.01962575e-07,3.42438078e-09,0.00873762928
5.13042494e-07,4.15776071e-08,0.008737633,1.69705832e-08,1.04967981e-08,1.41102241e-08,0,5.03698914e-07,3.4422758e-09,0.00873762928
5.13941245e-07,4.17414157e-08,0.008737633,1.69836625e-08,1.05913855e-08,1.41663685e-08,0,5.05013304e-07,3.46050122e-09,0.00873762928
5.14842043e-07,4.15483825e-08,0.008737633,1.69748642e-08,1.03506084e-08,1.42229082e-08,0,5.06033928e-07,3.47817419e-09,0.00873762928
5.15744659e-07,4.10841778e-08,0.008737633,1.69602838e-08,9.80354642e-09,1.43203485e-08,0,5.0730506e-07,3.49608409e-09,0.00873762928
5.16606235e-07,4.10883061e-08,0.00873763394,1.71216517e-08,9.52122647e-09,1.44454262e-08,0,5.0896972e-07,3.51251228e-09,0.00873762928
5.17527724e-07,4.17553707e-08,0.00873763394,1.73576051e-08,9.69606528e-09,1.47016994e-08,0,5.11452868e-07,3.53054785e-09,0.00873762928
5.18400043e-07,4.2371358e-08,0.00873763394,1.74163688e-08,1.01118545e-08,1.48431338e-08,0,5.13992688e-07,3.54912322e-09,0.00873762928
5.19316529e-07,4.33125464e-08,0.008737633,1.75034707e-08,1.08262554e-08,1.49828185e-08,0,5.16759542e-07,3.56772833e-09,0.00873762928
5.20230515e-07,4.413684e-08,0.008737633,1.76949921e-08,1.1306021e-08,1.5135825e-08,0,5.19508319e-07,3.58507135e-09,0.00873762928
5.21141658e-07,4.47250592e-08,0.008737633,1.79350028e-08,1.1419985e-08,1.53700714e-08,0,5.22056212e-07,3.6010146e-09,0.00873762928
5.22004996e-07,4.49261321e-08,0.00873763394,1.8137392e-08,1.11599761e-08,1.56287658e-08,0,5.24001393e-07,3.61667052e-09,0.00873762928
5.2291341e-07,4.4746713e-08,0.00873763394,1.8125208e-08,1.08848957e-08,1.57366102e-08,0,5.25679241e-07,3.63419805e-09,0.00873762928
5.23820347e-07,4.45444392e-08,0.00873763394,1.80075883e-08,1.07559393e-08,1.57809108e-08,0,5.27082818e-07,3.6530472e-09,0.00873762928
5.2473581e-07,4.43705908e-08,0.008737633,1.79221402e-08,1.06044311e-08,1.58440212e-08,0,5.28174894e-07,3.67117359e-09,0.00873762928
5.25604491e-07,4.41851249e-08,0.008737633,1.79379889e-08,1.03030695e-08,1.59440638e-08,0,5.29309716e-07,3.68780317e-09,0.00873762928
5.26527629e-07,4.44113084e-08,0.008737633,1.81767152e-08,1.01447322e-08,1.60898601e-08,0,5.3100905e-07,3.70538422e-09,0.00873762928
5.27415864e-07,4.51022224e-08,0.00873763394,1.84779534e-08,1.02549107e-08,1.63693574e-08,0,5.33450873e-07,3.72308051e-09,0.00873762928
5.2831939e-07,4.52298714e-08,0.00873763394,1.84312725e-08,1.02653894e-08,1.65332086e-08,0,5.36018263e-07,3.74399933e-09,0.00873762928
5.29206147e-07,4.56427749e-08,0.00873763394,1.84079205e-08,1.06467253e-08,1.658813e-08,0,5.38664437e-07,3.76374443e-09,0.00873762928
5.30139232e-07,4.65032883e-08,0.00873763394,1.85096702e-08,1.12828422e-08,1.6710775e-08,0,5.41455847e-07,3.78319021e-09,0.00873762928
5.31030082e-07,4.74922999e-08,0.008737633,1.87628224e-08,1.18092975e-08,1.69201808e-08,0,5.43961391e-07,3.80016152e-09,0.00873762928
5.31923547e-07,4.81034981e-08,0.008737633,1.90429326e-08,1.18835111e-08,1.7177058e-08,0,5.46110812e-07,3.81717102e-09,0.00873762928
5.3281957e-07,4.80790412e-08,0.00873763394,1.91632417e-08,1.15610561e-08,1.73547434e-08,0,5.47904165e-07,3.83515042e-09,0.00873762928
5.33716388e-07,4.76651536e-08,0.00873763394,1.91543403e-08,1.10695559e-08,1.74412591e-08,0,5.49391928e-07,3.85468057e-09,0.00873762928
5.34616163e-07,4.73384816e-08,0.00873763394,1.90926102e-08,1.07187734e-08,1.7527098e-08,0,5.5049793e-07,3.87391852e-09,0.00873762928
5.35517302e-07,4.72007038e-08,0.00873763394,1.89954914e-08,1.05864615e-08,1.76187509e-08,0,5.51653784e-07,3.89311872e-09,0.00873762928
5.3642043e-07,4.78383448e-08,0.008737633,1.9210928e-08,1.08577805e-08,1.77696364e-08,0,5.53320433e-07,3.91201871e-09,0.00873762928
5.373455e-07,4.86818337e-08,0.008737633,1.95281107e-08,1.11144089e-08,1.80393158e-08,0,5.55880376e-07,3.93150046e-09,0.00873762928
5.38215829e-07,4.89176344e-08,0.00873763394,1.9685892e-08,1.10118235e-08,1.8219918e-08,0,5.58544741e-07,3.95052124e-09,0.00873762928
5.39132145e-07,4.89797252e-08,0.00873763394,1.95788878e-08,1.1065902e-08,1.83349353e-08,0,5.61452509e-07,3.9707202e-09,0.00873762928
5.40044653e-07,4.98191319e-08,0.00873763394,1.96696384e-08,1.16641097e-08,1.84853839e-08,0,5.64309289e-07,3.99021127e-09,0.00873762928
5.40909923e-07,5.11613756e-08,0.00873763394,1.98941486e-08,1.25343664e-08,1.87328588e-08,0,5.66968652e-07,4.00783007e-09,0.00873762928
5.41817599e-07,5.21023722e-08,0.008737633,2.01467003e-08,1.29111397e-08,1.90445331e-08,0,5.69285703e-07,4.02574285e-09,0.00873762928
5.42723967e-07,5.2140539e-08,0.008737633,2.03070627e-08,1.2618445e-08,1.92150313e-08,0,5.71145449e-07,4.04414546e-09,0.00873762928
5.43631643e-07,5.14890068e-08,0.00873763394,2.03138111e-08,1.18784378e-08,1.9296758e-08,0,5.72724218e-07,4.06334122e-09,0.00873762928
5.44500722e-07,5.07816296e-08,0.00873763394,2.01964649e-08,1.12161898e-08,1.9368974e-08,0,5.73885472e-07,4.0820809e-09,0.00873762928
5.45416924e-07,5.04210291e-08,0.00873763394,2.00781294e-08,1.08811209e-08,1.94617797e-08,0,5.75019612e-07,4.10220835e-09,0.00873762928
5.46326874e-07,5.1090705e-08,0.00873763394,2.02820907e-08,1.11805489e-08,1.96280645e-08,0,5.76646187e-07,4.12274437e-09,0.00873762928
5.47204195e-07,5.21487706e-08,0.008737633,2.05889528e-08,1.16669057e-08,1.98929104e-08,0,5.78987681e-07,4.14281054e-09,0.00873762928
5.48119715e-07,5.26567696e-08,0.008737633,2.07662225e-08,1.17451702e-08,2.01453769e-08,0,5.81770394e-07,4.16435197e-09,0.00873762928
5.49001015e-07,5.25437827e-08,0.00873763394,2.06990673e-08,1.16131993e-08,2.0231516e-08,0,5.84523661e-07,4.18516644e-09,0.00873762928
5.49929268e-07,5.28291153e-08,0.00873763394,2.07255848e-08,1.17675194e-08,2.0336012e-08,0,5.87446948e-07,4.20667812e-09,0.00873762928
5.50815855e-07,5.36814255e-08,0.00873763394,2.08335251e-08,1.23037633e-08,2.05441371e-08,0,5.90212039e-07,4.22684865e-09,0.00873762928
5.51704773e-07,5.4870263e-08,0.00873763394,2.11244817e-08,1.28879867e-08,2.08577955e-08,0,5.92592585e-07,4.24667101e-09,0.00873762928
5.52640188e-07,5.56147342e-08,0.008737633,2.1363455e-08,1.31418529e-08,2.11094271e-08,0,5.94599953e-07,4.26677138e-09,0.00873762928
5.53533312e-07,5.55256428e-08,0.00873763394,2.14245368e-08,1.29067645e-08,2.11943423e-08,0,5.96211635e-07,4.28585789e-09,0.00873762928
5.5442888e-07,5.49518298e-08,0.00873763394,2.14076472e-08,1.22626522e-08,2.12815312e-08,0,5.97432233e-07,4.30546132e-09,0.00873762928
5.55326096e-07,5.41773062e-08,0.00873763394,2.1302041e-08,1.14881393e-08,2.13871267e-08,0,5.98483325e-07,4.32598402e-09,0.00873762928
5.56225359e-07,5.41484617e-08,0.00873763394,2.13890488e-08,1.12065015e-08,2.15529123e-08,0,6.00055785e-07,4.34885905e-09,0.00873762928
5.57145086e-07,5.52161268e-08,0.00873763394,2.16847766e-08,1.1719151e-08,2.18122018e-08,0,6.0251125e-07,4.37111192e-09,0.00873762928
5.58029683e-07,5.66811202e-08,0.00873763394,2.20722924e-08,1.24577859e-08,2.21510419e-08,0,6.05418393e-07,4.391294e-09,0.00873762928
5.58902912e-07,5.6969931e-08,0.00873763394,2.20492371e-08,1.26124347e-08,2.23082601e-08,0,6.08367145e-07,4.41276393e-09,0.00873762928
5.59818432e-07,5.73025893e-08,0.00873763394,2.21447536e-08,1.26975923e-08,2.24602417e-08,0,6.11472785e-07,4.43357262e-09,0.00873762928
5.60731337e-07,5.75740273e-08,0.00873763394,2.22015206e-08,1.27117117e-08,2.26607941e-08,0,6.1445661e-07,4.45528192e-09,0.00873762928
5.61640547e-07,5.8383776e-08,0.00873763394,2.24302248e-08,1.30400375e-08,2.29135146e-08,0,6.17088745e-07,4.47689175e-09,0.00873762928
5.62544187e-07,5.92807403e-08,0.00873763394,2.26322303e-08,1.35075275e-08,2.31409807e-08,0,6.19194623e-07,4.49758986e-09,0.00873762928
5.63409742e-07,5.98143899e-08,0.00873763394,2.27052421e-08,1.38486014e-08,2.32605455e-08,0,6.20875085e-07,4.51685223e-09,0.00873762928
5.64329241e-07,5.93876806e-08,0.008737633,2.26391492e-08,1.34121247e-08,2.33364084e-08,0,6.222553e-07,4.53756543e-09,0.00873762928
5.65243965e-07,5.84972852e-08,0.00873763394,2.25647359e-08,1.25035706e-08,2.34289779e-08,0,6.23431049e-07,4.55867211e-09,0.00873762928
5.66110714e-07,5.81434279e-08,0.00873763487,2.26827748e-08,1.18480949e-08,2.3612559e-08,0,6.2498151e-07,4.58030414e-09,0.00873762928
5.6702379e-07,5.87431686e-08,0.00873763487,2.29557422e-08,1.19366179e-08,2.38508058e-08,0,6.27288614e-07,4.60323113e-09,0.00873762928
5.67940788e-07,6.01744219e-08,0.00873763394,2.32722392e-08,1.27265105e-08,2.41756712e-08,0,6.30260615e-07,4.62520866e-09,0.00873762928
5.68810549e-07,6.11446183e-08,0.00873763394,2.33841018e-08,1.33976288e-08,2.43628904e-08,0,6.33237221e-07,4.64531569e-09,0.00873762928
5.69724875e-07,6.17145517e-08,0.00873763394,2.34603625e-08,1.37064502e-08,2.45477416e-08,0,6.36302389e-07,4.66526906e-09,0.00873762928
5.70635677e-07,6.21108498e-08,0.00873763394,2.36070719e-08,1.37356375e-08,2.47681413e-08,0,6.39294626e-07,4.68572114e-09,0.00873762928
5.71544263e-07,6.25443732e-08,0.00873763487,2.37821318e-08,1.37115954e-08,2.50506496e-08,0,6.42002192e-07,4.70683537e-09,0.00873762928
5.72405554e-07,6.30888053e-08,0.00873763487,2.39403288e-08,1.3840955e-08,2.53075214e-08,0,6.44041336e-07,4.72722661e-09,0.00873762928
5.73316299e-07,6.34826876e-08,0.00873763394,2.39569964e-08,1.40953258e-08,2.54303636e-08,0,6.45825651e-07,4.74852113e-09,0.00873762928
5.74236026e-07,6.34970121e-08,0.00873763394,2.38953728e-08,1.40911931e-08,2.55104489e-08,0,6.47270497e-07,4.76977569e-09,0.00873762928
5.75109084e-07,6.28943795e-08,0.00873763394,2.38084166e-08,1.34899709e-08,2.55959893e-08,0,6.48359162e-07,4.78935558e-09,0.00873762928
5.76025968e-07,6.23652454e-08,0.00873763394,2.38751223e-08,1.27096431e-08,2.57804764e-08,0,6.49933725e-07,4.81125717e-09,0.00873762928
5.76908462e-07,6.24854692e-08,0.00873763487,2.41121878e-08,1.24160087e-08,2.59572701e-08,0,6.52072799e-07,4.83330487e-09,0.00873762928
5.77841718e-07,6.38070148e-08,0.00873763487,2.45053595e-08,1.29375648e-08,2.63640896e-08,0,6.55162694e-07,4.85757301e-09,0.00873762928
5.78732852e-07,6.46953424e-08,0.00873763394,2.46184992e-08,1.3516896e-08,2.65599471e-08,0,6.58224906e-07,4.88115193e-09,0.00873762928
5.79612561e-07,6.55921113e-08,0.00873763394,2.46439367e-08,1.42342014e-08,2.67139733e-08,0,6.61287913e-07,4.90222085e-09,0.00873762928
5.80538426e-07,6.64556552e-08,0.00873763394,2.47998688e-08,1.47056536e-08,2.69501292e-08,0,6.64446077e-07,4.92285013e-09,0.00873762928
5.81423024e-07,6.71125662e-08,0.00873763394,2.50560337e-08,1.47807357e-08,2.72757994e-08,0,6.67251072e-07,4.94273023e-09,0.00873762928
5.82311827e-07,6.73497809e-08,0.00873763487,2.52747228e-08,1.44944128e-08,2.75806489e-08,0,6.69505539e-07,4.96411356e-09,0.00873762928
5.83202961e-07,6.74274006e-08,0.00873763487,2.53246153e-08,1.43445771e-08,2.77582082e-08,0,6.71390637e-07,4.98685182e-09,0.00873762928
5.84141503e-07,6.72548524e-08,0.00873763394,2.52141117e-08,1.42015635e-08,2.78391799e-08,0,6.72973385e-07,5.01175457e-09,0.00873762928
5.85038151e-07,6.70330778e-08,0.00873763394,2.50912748e-08,1.39986387e-08,2.79431642e-08,0,6.74180171e-07,5.0337583e-09,0.00873762928
5.85936164e-07,6.66860274e-08,0.00873763394,2.50270809e-08,1.35546561e-08,2.81042869e-08,0,6.75702836e-07,5.05634956e-09,0.00873762928
5.86836791e-07,6.64070683e-08,0.00873763487,2.50818424e-08,1.31137234e-08,2.82114989e-08,0,6.77812693e-07,5.08074649e-09,0.00873762928
5.8771144e-07,6.71770337e-08,0.00873763487,2.5435666e-08,1.32203999e-08,2.85209705e-08,0,6.80675214e-07,5.10501863e-09,0.00873762928
5.88604394e-07,6.77295589e-08,0.00873763487,2.5553712e-08,1.34618716e-08,2.87139716e-08,0,6.83708606e-07,5.13534593e-09,0.00873762928
5.8953043e-07,6.86573713e-08,0.00873763487,2.56360106e-08,1.41839847e-08,2.88373734e-08,0,6.86851081e-07,5.16381471e-09,0.00873762928
5.90413265e-07,6.99884737e-08,0.00873763394,2.59151118e-08,1.50158854e-08,2.90574746e-08,0,6.89810292e-07,5.18657295e-09,0.00873762928
5.91342655e-07,7.11055321e-08,0.00873763394,2.61865338e-08,1.55269149e-08,2.93920817e-08,0,6.92772744e-07,5.20863441e-09,0.00873762928
5.92230606e-07,7.15164177e-08,0.00873763487,2.64946607e-08,1.52783137e-08,2.97434433e-08,0,6.95103836e-07,5.23074073e-09,0.00873762928
5.93121058e-07,7.13146733e-08,0.00873763487,2.66352878e-08,1.47117696e-08,2.99676195e-08,0,6.97022756e-07,5.25553601e-09,0.00873762928
5.94013613e-07,7.09675803e-08,0.00873763487,2.65943214e-08,1.42996059e-08,3.00736573e-08,0,6.98618862e-07,5.28321387e-09,0.00873762928
5.9490975e-07,7.09909074e-08,0.00873763487,2.65372524e-08,1.42701495e-08,3.01835072e-08,0,6.9989693e-07,5.30911448e-09,0.00873762928
5.95807251e-07,7.10922521e-08,0.00873763394,2.65064095e-08,1.42405439e-08,3.03453014e-08,0,7.01342117e-07,5.33236966e-09,0.00873762928
5.96706855e-07,7.16891151e-08,0.00873763394,2.67707811e-08,1.438812e-08,3.0530213e-08,0,7.03369039e-07,5.35492628e-09,0.00873762928
5.97635164e-07,7.26817149e-08,0.00873763487,2.71749094e-08,1.46083909e-08,3.08984127e-08,0,7.0646621e-07,5.38019318e-09,0.00873762928
5.98532324e-07,7.28811713e-08,0.00873763487,2.72441856e-08,1.44970604e-08,3.11399262e-08,0,7.09661094e-07,5.40887823e-09,0.00873762928
5.99409987e-07,7.33315701e-08,0.00873763487,2.72156377e-08,1.48108104e-08,3.13051203e-08,0,7.12850294e-07,5.43526424e-09,0.00873762928
6.00334545e-07,7.43058166e-08,0.00873763487,2.73461289e-08,1.54573598e-08,3.15023279e-08,0,7.16060299e-07,5.46076384e-09,0.00873762928
6.01217835e-07,7.56531335e-08,0.00873763394,2.76195404e-08,1.62866396e-08,3.17469535e-08,0,7.19097727e-07,5.4832161e-09,0.00873762928
6.02103853e-07,7.65443673e-08,0.00873763394,2.7908607e-08,1.65169585e-08,3.21188054e-08,0,7.2170269e-07,5.50491297e-09,0.00873762928
6.03036995e-07,7.66967574e-08,0.00873763487,2.81239743e-08,1.61449982e-08,3.24277813e-08,0,7.23885194e-07,5.53024826e-09,0.00873762928
6.03927333e-07,7.62223635e-08,0.00873763487,2.81650276e-08,1.54856519e-08,3.2571684e-08,0,7.25574012e-07,5.55664137e-09,0.00873762928
6.04821082e-07,7.57264544e-08,0.00873763487,2.80960126e-08,1.49655985e-08,3.26648433e-08,0,7.26909718e-07,5.58317126e-09,0.00873762928
6.05716764e-07,7.54012746e-08,0.00873763487,2.79378511e-08,1.4680551e-08,3.27828715e-08,0,7.28295845e-07,5.60907276e-09,0.00873762928
6.06614947e-07,7.62018004e-08,0.00873763487,2.82002066e-08,1.50121622e-08,3.29894299e-08,0,7.30281783e-07,5.63427127e-09,0.00873762928
6.07539505e-07,7.74838824e-08,0.00873763394,2.86019439e-08,1.54978697e-08,3.33840688e-08,0,7.33313129e-07,5.66049829e-09,0.00873762928
6.08421885e-07,7.83024134e-08,0.00873763487,2.88900495e-08,1.568851e-08,3.37238539e-08,0,7.36598963e-07,5.6862417e-09,0.00873762928
6.09335643e-07,7.84657814e-08,0.00873763487,2.88618587e-08,1.56452291e-08,3.39586919e-08,0,7.40073517e-07,5.71308734e-09,0.00873762928
6.10201027e-07,7.91868686e-08,0.00873763487,2.90277864e-08,1.59653428e-08,3.41937394e-08,0,7.43270903e-07,5.73770143e-09,0.00873762928
6.11111318e-07,8.04703433e-08,0.00873763487,2.92529307e-08,1.66775198e-08,3.45398909e-08,0,7.46590558e-07,5.76253889e-09,0.00873762928
6.12017345e-07,8.16980261e-08,0.00873763487,2.95438873e-08,1.7251244e-08,3.49028966e-08,0,7.49339335e-07,5.78614312e-09,0.00873762928
6.12922975e-07,8.21535409e-08,0.00873763394,2.96734566e-08,1.73357844e-08,3.51442964e-08,0,7.51559014e-07,5.81031934e-09,0.00873762928
6.13842815e-07,8.18420816e-08,0.00873763487,2.96464453e-08,1.69186318e-08,3.52770009e-08,0,7.53442635e-07,5.83620618e-09,0.00873762928
6.14712519e-07,8.10679879e-08,0.00873763487,2.95921634e-08,1.61043801e-08,3.53714462e-08,0,7.5477044e-07,5.86149485e-09,0.00873762928
6.15629119e-07,8.02985411e-08,0.00873763487,2.94955154e-08,1.52788306e-08,3.55241951e-08,0,7.56085399e-07,5.88829607e-09,0.00873762928
6.16505361e-07,8.07474621e-08,0.00873763487,2.97333056e-08,1.52635788e-08,3.57505741e-08,0,7.57974192e-07,5.91441873e-09,0.00873762928
6.17432761e-07,8.20814137e-08,0.00873763487,3.00868201e-08,1.58857851e-08,3.61088119e-08,0,7.60931584e-07,5.94157257e-09,0.00873762928
6.18304512e-07,8.34272313e-08,0.00873763487,3.0462278e-08,1.6493237e-08,3.64717181e-08,0,7.64203207e-07,5.96637717e-09,0.00873762928
6.19222305e-07,8.39347294e-08,0.00873763487,3.0520102e-08,1.66914429e-08,3.67231863e-08,0,7.67848462e-07,5.99406302e-09,0.00873762928
6.20142771e-07,8.44371542e-08,0.00873763487,3.06391108e-08,1.67596106e-08,3.70384363e-08,0,7.71371504e-07,6.02058225e-09,0.00873762928
6.21023048e-07,8.52773496e-08,0.0087376358,3.08242711e-08,1.71250107e-08,3.73280677e-08,0,7.74639204e-07,6.04610717e-09,0.00873762928
6.21906452e-07,8.63721752e-08,0.00873763487,3.10998161e-08,1.75998416e-08,3.76725175e-08,0,7.77475805e-07,6.07104322e-09,0.00873762928
6.22836865e-07,8.72834391e-08,0.00873763487,3.13320463e-08,1.79463502e-08,3.80050373e-08,0,7.79869197e-07,6.0974239e-09,0.00873762928
6.23726237e-07,8.74232242e-08,0.00873763487,3.13140767e-08,1.79581772e-08,3.81509686e-08,0,7.81786184e-07,6.1235319e-09,0.00873762928
6.24618963e-07,8.70392753e-08,0.00873763487,3.13005017e-08,1.74687145e-08,3.82700627e-08,0,7.83280143e-07,6.15001605e-09,0.00873762928
6.25514247e-07,8.60318679e-08,0.00873763487,3.11474508e-08,1.64614686e-08,3.84229466e-08,0,7.84534507e-07,6.17689899e-09,0.00873762928
6.26411236e-07,8.58140723e-08,0.0087376358,3.12455875e-08,1.59105156e-08,3.86579657e-08,0,7.86447401e-07,6.20520968e-09,0.00873762928
6.27320787e-07,8.6678078e-08,0.0087376358,3.16085647e-08,1.61012395e-08,3.89682739e-08,0,7.89219257e-07,6.23354213e-09,0.00873762928
6.28240059e-07,8.84762699e-08,0.00873763487,3.21256053e-08,1.68558234e-08,3.94948394e-08,0,7.92764411e-07,6.26203134e-09,0.00873762928
6.29108797e-07,8.92238887e-08,0.00873763487,3.21908793e-08,1.72921268e-08,3.97408826e-08,0,7.96247832e-07,6.28998897e-09,0.00873762928
6.30025966e-07,8.99295785e-08,0.00873763487,3.22468132e-08,1.7653683e-08,4.00290787e-08,0,7.99781276e-07,6.31790309e-09,0.00873762928
6.30902434e-07,9.06731117e-08,0.00873763487,3.24332774e-08,1.79044974e-08,4.03353333e-08,0,8.03062051e-07,6.344266e-09,0.00873762928
6.31826083e-07,9.13885998e-08,0.0087376358,3.26899148e-08,1.79876061e-08,4.0711079e-08,0,8.06125911e-07,6.37087272e-09,0.00873762928
6.32709543e-07,9.20150427e-08,0.0087376358,3.29071881e-08,1.80409145e-08,4.10669401e-08,0,8.08532889e-07,6.39711928e-09,0.00873762928
6.33639445e-07,9.25497332e-08,0.00873763487,3.30055947e-08,1.82417157e-08,4.13024281e-08,0,8.10612107e-07,6.42547748e-09,0.00873762928
6.34529101e-07,9.25198762e-08,0.00873763487,3.29360716e-08,1.81424955e-08,4.14413108e-08,0,8.12143298e-07,6.45281251e-09,0.00873762928
6.35420975e-07,9.19467311e-08,0.00873763487,3.27701564e-08,1.7599378e-08,4.15772021e-08,0,8.13452289e-07,6.47972964e-09,0.00873762928
6.36315065e-07,9.17736855e-08,0.00873763487,3.28641434e-08,1.70547505e-08,4.18547934e-08,0,8.15338353e-07,6.50753362e-09,0.00873762928
6.37217397e-07,9.19875163e-08,0.0087376358,3.31662235e-08,1.67611454e-08,4.20601509e-08,0,8.17929106e-07,6.53811938e-09,0.00873762928
6.38101994e-07,9.3787186e-08,0.0087376358,3.38106716e-08,1.73180528e-08,4.26584599e-08,0,8.21417927e-07,6.56819132e-09,0.00873762928
6.39015241e-07,9.47574605e-08,0.0087376358,3.40048381e-08,1.77820283e-08,4.29705977e-08,0,8.25234281e-07,6.6017094e-09,0.00873762928
6.39925702e-07,9.60431805e-08,0.00873763487,3.40554571e-08,1.86477784e-08,4.33399485e-08,0,8.29069052e-07,6.63070621e-09,0.00873762928
6.40837925e-07,9.69442908e-08,0.00873763487,3.41687354e-08,1.90819058e-08,4.36936496e-08,0,8.32597323e-07,6.65842004e-09,0.00873762928
6.41700694e-07,9.77222641e-08,0.0087376358,3.44225164e-08,1.92955163e-08,4.40042314e-08,0,8.35718424e-07,6.6840169e-09,0.00873762928
6.42609223e-07,9.81247723e-08,0.0087376358,3.47056393e-08,1.9023835e-08,4.43952963e-08,0,8.38417236e-07,6.71243416e-09,0.00873762928
6.43527642e-07,9.84291049e-08,0.0087376358,3.48596991e-08,1.88528446e-08,4.47165576e-08,0,8.40641349e-07,6.7429542e-09,0.00873762928
6.44401098e-07,9.80744659e-08,0.0087376358,3.4706261e-08,1.85144202e-08,4.48537811e-08,0,8.42258657e-07,6.77224499e-09,0.00873762928
6.45314401e-07,9.79549526e-08,0.00873763487,3.45811912e-08,1.8396749e-08,4.49770141e-08,0,8.4377757e-07,6.80097489e-09,0.00873762928
6.46225487e-07,9.82045663e-08,0.00873763487,3.46774129e-08,1.82432842e-08,4.52838655e-08,0,8.45692739e-07,6.82929313e-09,0.00873762928
6.47141349e-07,9.85230741e-08,0.0087376358,3.49802178e-08,1.80596622e-08,4.54831941e-08,0,8.48157015e-07,6.85971902e-09,0.00873762928
6.48017306e-07,9.97765071e-08,0.0087376358,3.54777718e-08,1.82766122e-08,4.6022123e-08,0,8.51570405e-07,6.88988511e-09,0.00873762928
6.4893959e-07,1.00791652e-07,0.0087376358,3.57615448e-08,1.86204598e-08,4.6409653e-08,0,8.55452356e-07,6.9220687e-09,0.00873762928
6.49807475e-07,1.01791024e-07,0.0087376358,3.58059076e-08,1.92314911e-08,4.67536303e-08,0,8.59111992e-07,6.94971236e-09,0.00873762928
6.50720779e-07,1.0305105e-07,0.0087376358,3.60014312e-08,1.9920666e-08,4.71289567e-08,0,8.62694833e-07,6.97661395e-09,0.00873762928
6.51629819e-07,1.04156115e-07,0.0087376358,3.62199302e-08,2.04724806e-08,4.74637041e-08,0,8.66103505e-07,7.00275704e-09,0.00873762928
6.52545168e-07,1.04954324e-07,0.0087376358,3.65352975e-08,2.05656381e-08,4.7853387e-08,0,8.6904322e-07,7.03136571e-09,0.00873762928
6.53413906e-07,1.05069979e-07,0.0087376358,3.67408681e-08,2.01414494e-08,4.81876654e-08,0,8.71295072e-07,7.06006187e-09,0.00873762928
6.54333633e-07,1.04583229e-07,0.0087376358,3.67273394e-08,1.94911749e-08,4.83647149e-08,0,8.73167323e-07,7.09047399e-09,0.00873762928
6.55203223e-07,1.0400349e-07,0.0087376358,3.65824917e-08,1.89585165e-08,4.84624856e-08,0,8.74609555e-07,7.11759496e-09,0.00873762928
6.56119312e-07,1.04050436e-07,0.0087376358,3.6534356e-08,1.87992111e-08,4.87168705e-08,0,8.76453498e-07,7.1459656e-09,0.00873762928
6.57046485e-07,1.04910434e-07,0.0087376358,3.68618807e-08,1.90824796e-08,4.89660721e-08,0,8.78975698e-07,7.17654869e-09,0.00873762928
6.57922101e-07,1.06156769e-07,0.0087376358,3.72799782e-08,1.9513438e-08,4.93633543e-08,0,8.82351912e-07,7.20725613e-09,0.00873762928
6.58824717e-07,1.06890887e-07,0.0087376358,3.75270979e-08,1.96542267e-08,4.97095591e-08,0,8.86168664e-07,7.23890015e-09,0.00873762928
6.59700845e-07,1.07383713e-07,0.0087376358,3.75746154e-08,1.97593248e-08,5.00497706e-08,0,8.89841147e-07,7.26796268e-09,0.00873762928
6.60624835e-07,1.08329864e-07,0.0087376358,3.77074052e-08,2.02480237e-08,5.03744388e-08,0,8.93559729e-07,7.29680538e-09,0.00873762928
6.61507556e-07,1.09701666e-07,0.0087376358,3.79583796e-08,2.09995221e-08,5.07437683e-08,0,8.96929976e-07,7.3230928e-09,0.00873762928
6.62437742e-07,1.10913589e-07,0.0087376358,3.8272379e-08,2.14564153e-08,5.11847951e-08,0,8.99796248e-07,7.35205408e-09,0.00873762928
6.63326318e-07,1.11062704e-07,0.0087376358,3.83896861e-08,2.12240412e-08,5.14489784e-08,0,9.02020474e-07,7.38086525e-09,0.00873762928
6.64217737e-07,1.1051155e-07,0.0087376358,3.8453873e-08,2.04532871e-08,5.16043919e-08,0,9.03906084e-07,7.41010897e-09,0.00873762928
6.65113078e-07,1.09645846e-07,0.0087376358,3.83640923e-08,1.95499918e-08,5.17317602e-08,0,9.0540027e-07,7.44010364e-09,0.00873762928
6.66009441e-07,1.08888429e-07,0.00873763673,3.80990031e-08,1.88440179e-08,5.19454098e-08,0,9.07119329e-07,7.47114726e-09,0.00873762928
6.66915867e-07,1.09309667e-07,0.0087376358,3.82182463e-08,1.8959053e-08,5.21323642e-08,0,9.09508287e-07,7.5036084e-09,0.00873762928
6.67836389e-07,1.11223258e-07,0.0087376358,3.8761673e-08,1.98667358e-08,5.25948529e-08,0,9.13006602e-07,7.53705987e-09,0.00873762928
6.68735709e-07,1.11943926e-07,0.0087376358,3.8905057e-08,2.01479988e-08,5.28908721e-08,0,9.16663112e-07,7.57361907e-09,0.00873762928
6.69612518e-07,1.12328088e-07,0.0087376358,3.90341235e-08,2.0167521e-08,5.31264419e-08,0,9.20219179e-07,7.60737251e-09,0.00873762928
6.70534519e-07,1.12659052e-07,0.00873763673,3.91853092e-08,2.00603694e-08,5.34133733e-08,0,9.2377212e-07,7.64075203e-09,0.00873762928
6.71417297e-07,1.13366795e-07,0.00873763673,3.93508977e-08,2.03566e-08,5.36592957e-08,0,9.26985535e-07,7.67068187e-09,0.00873762928
6.72303486e-07,1.14360489e-07,0.0087376358,3.9562579e-08,2.08382307e-08,5.39596741e-08,0,9.29831401e-07,7.70045716e-09,0.00873762928
6.73232364e-07,1.15554904e-07,0.0087376358,3.98626447e-08,2.13541167e-08,5.43381447e-08,0,9.3241141e-07,7.73264919e-09,0.00873762928
6.74122361e-07,1.16232293e-07,0.0087376358,4.02041493e-08,2.13827303e-08,5.46454153e-08,0,9.34466186e-07,7.76496378e-09,0.00873762928
6.75010483e-07,1.15989288e-07,0.0087376358,4.03389429e-08,2.07668762e-08,5.48834684e-08,0,9.35992261e-07,7.79837794e-09,0.00873762928
6.75904971e-07,1.15176064e-07,0.00873763673,4.02749194e-08,1.98214209e-08,5.50797203e-08,0,9.37658285e-07,7.83045007e-09,0.00873762928
6.76804689e-07,1.15716929e-07,0.00873763673,4.05943901e-08,1.97820498e-08,5.53404895e-08,0,9.40084988e-07,7.8627842e-09,0.00873762928
6.77722369e-07,1.1730247e-07,0.00873763673,4.09756531e-08,2.0548498e-08,5.57783153e-08,0,9.43565396e-07,7.8975475e-09,0.00873762928
6.78600941e-07,1.19097209e-07,0.0087376358,4.13523829e-08,2.14798739e-08,5.62649518e-08,0,9.47393517e-07,7.93300448e-09,0.00873762928
6.79511004e-07,1.20056143e-07,0.0087376358,4.14149994e-08,2.19944525e-08,5.6646698e-08,0,9.51443326e-07,7.96976973e-09,0.00873762928
6.80423568e-07,1.20784392e-07,0.0087376358,4.16402592e-08,2.20619754e-08,5.70821612e-08,0,9.5527605e-07,8.00365374e-09,0.00873762928
6.8133312e-07,1.212792e-07,0.00873763673,4.18068389e-08,2.20121859e-08,5.74601735e-08,0,9.58943474e-07,8.03574629e-09,0.00873762928
6.8223892e-07,1.21872816e-07,0.00873763673,4.20444515e-08,2.19959713e-08,5.78323913e-08,0,9.62062245e-07,8.06724287e-09,0.00873762928
6.8310095e-07,1.22642277e-07,0.00873763673,4.22016058e-08,2.22259597e-08,5.82147131e-08,0,9.64530273e-07,8.09888512e-09,0.00873762928
6.84016584e-07,1.23187078e-07,0.0087376358,4.22542534e-08,2.24746781e-08,5.84581379e-08,0,9.66711468e-07,8.13345657e-09,0.00873762928
6.84931308e-07,1.22880209e-07,0.0087376358,4.21505355e-08,2.21469243e-08,5.85827529e-08,0,9.68387099e-07,8.16885937e-09,0.00873762928
6.8580789e-07,1.22374686e-07,0.0087376358,4.21371809e-08,2.14697575e-08,5.87677427e-08,0,9.70003612e-07,8.20125923e-09,0.00873762928
6.86733017e-07,1.2231213e-07,0.00873763673,4.23834869e-08,2.08640376e-08,5.90646003e-08,0,9.7241616e-07,8.23634405e-09,0.00873762928
6.87601585e-07,1.23047499e-07,0.00873763673,4.2738435e-08,2.08786233e-08,5.9430441e-08,0,9.75589842e-07,8.26968449e-09,0.00873762928
6.88522675e-07,1.24915474e-07,0.00873763673,4.31965752e-08,2.16806892e-08,6.00382108e-08,0,9.79654146e-07,8.30558289e-09,0.00873762928
6.89435751e-07,1.26443268e-07,0.0087376358,4.33261462e-08,2.26675088e-08,6.04496222e-08,0,9.83845439e-07,8.3417655e-09,0.00873762928
6.90301874e-07,1.27695714e-07,0.0087376358,4.34806395e-08,2.33661623e-08,6.08489117e-08,0,9.87577664e-07,8.37372749e-09,0.00873762928
6.91210516e-07,1.28670962e-07,0.0087376358,4.38336691e-08,2.35810109e-08,6.12562872e-08,0,9.91311254e-07,8.4067997e-09,0.00873762928
6.92114838e-07,1.29187953e-07,0.00873763673,4.41442367e-08,2.33399113e-08,6.17038083e-08,0,9.94639436e-07,8.43893488e-09,0.00873762928
6.93020922e-07,1.29463643e-07,0.00873763673,4.43066739e-08,2.29784618e-08,6.21785077e-08,0,9.97318921e-07,8.4732763e-09,0.00873762928
6.9393775e-07,1.29677034e-07,0.00873763673,4.42595685e-08,2.2955513e-08,6.24619574e-08,0,9.99528993e-07,8.50905035e-09,0.00873762928
6.94811092e-07,1.29747107e-07,0.0087376358,4.41098109e-08,2.30361028e-08,6.26011953e-08,0,1.00115426e-06,8.54326654e-09,0.00873762928
6.95732865e-07,1.29512756e-07,0.0087376358,4.39881518e-08,2.27773977e-08,6.27472048e-08,0,1.0027893e-06,8.57726778e-09,0.00873762928
6.96603763e-07,1.29681368e-07,0.0087376358,4.42322445e-08,2.23558168e-08,6.30933101e-08,0,1.00506065e-06,8.61045724e-09,0.00873762928
6.9752366e-07,1.29970488e-07,0.00873763673,4.46670292e-08,2.18935003e-08,6.34099493e-08,0,1.00829732e-06,8.64662386e-09,0.00873762928
6.9844458e-07,1.31405571e-07,0.00873763766,4.52204034e-08,2.2123853e-08,6.4061318e-08,0,1.0124794e-06,8.68608296e-09,0.00873762928
6.99315251e-07,1.32439936e-07,0.00873763766,4.52938167e-08,2.27608492e-08,6.43852687e-08,0,1.01660544e-06,8.7261034e-09,0.00873762928
7.00230771e-07,1.33876767e-07,0.00873763673,4.53219968e-08,2.3767063e-08,6.4787713e-08,0,1.02059232e-06,8.76339623e-09,0.00873762928
7.0110633e-07,1.35300439e-07,0.0087376358,4.55573392e-08,2.46322802e-08,6.5110811e-08,0,1.02420995e-06,8.79690898e-09,0.00873762928
7.02026796e-07,1.36277748e-07,0.00873763673,4.58922678e-08,2.4835364e-08,6.55501111e-08,0,1.02776187e-06,8.83010731e-09,0.00873762928
7.02908267e-07,1.36438018e-07,0.00873763673,4.6172417e-08,2.42284859e-08,6.60371171e-08,0,1.03048671e-06,8.86399931e-09,0.00873762928
7.03835269e-07,1.36241084e-07,0.00873763766,4.62358827e-08,2.36408368e-08,6.63643718e-08,0,1.03283617e-06,8.90187213e-09,0.00873762928
7.04719355e-07,1.36164019e-07,0.00873763673,4.62045868e-08,2.34125839e-08,6.65468534e-08,0,1.03468028e-06,8.93868979e-09,0.00873762928
7.05609125e-07,1.36427118e-07,0.00873763673,4.62455496e-08,2.3421455e-08,6.67601228e-08,0,1.03637399e-06,8.9740686e-09,0.00873762928
7.06501282e-07,1.3676437e-07,0.00873763673,4.62940974e-08,2.34072672e-08,6.70630058e-08,0,1.03860725e-06,9.00971919e-09,0.00873762928
7.07403274e-07,1.37440722e-07,0.00873763673,4.67527705e-08,2.33304771e-08,6.73574689e-08,0,1.04162723e-06,9.04543018e-09,0.00873762928
7.08331754e-07,1.38995105e-07,0.00873763673,4.74223754e-08,2.3506054e-08,6.8066683e-08,0,1.04589549e-06,9.08390163e-09,0.00873762928
7.09202027e-07,1.39683053e-07,0.00873763766,4.7655778e-08,2.35391973e-08,6.84880845e-08,0,1.0501501e-06,9.12320441e-09,0.00873762928
7.10109248e-07,1.40761614e-07,0.00873763766,4.76584496e-08,2.42172753e-08,6.8885889e-08,0,1.05448112e-06,9.1617709e-09,0.00873762928
7.11019538e-07,1.42123355e-07,0.00873763673,4.77951687e-08,2.50220147e-08,6.93061679e-08,0,1.05832135e-06,9.19925824e-09,0.00873762928
7.11926759e-07,1.43758172e-07,0.00873763673,4.80863811e-08,2.60087578e-08,6.96630309e-08,0,1.06196285e-06,9.23401178e-09,0.00873762928
7.12836766e-07,1.44763277e-07,0.00873763673,4.84294915e-08,2.61568367e-08,7.01769451e-08,0,1.06508116e-06,9.26985511e-09,0.00873762928
7.13705731e-07,1.44707826e-07,0.00873763673,4.86935932e-08,2.53947601e-08,7.06194783e-08,0,1.06750895e-06,9.30571709e-09,0.00873762928
7.14622786e-07,1.4358983e-07,0.00873763766,4.86292571e-08,2.41248337e-08,7.08357462e-08,0,1.06949756e-06,9.34600219e-09,0.00873762928
7.15543706e-07,1.43020856e-07,0.00873763766,4.85774692e-08,2.33637891e-08,7.10795973e-08,0,1.07120877e-06,9.38775369e-09,0.00873762928
7.16416992e-07,1.43650851e-07,0.00873763766,4.87411072e-08,2.34749233e-08,7.14348189e-08,0,1.07325366e-06,9.42698453e-09,0.00873762928
7.1734371e-07,1.45176472e-07,0.00873763673,4.91907031e-08,2.42478109e-08,7.17379507e-08,0,1.07595054e-06,9.4675956e-09,0.00873762928
7.1822177e-07,1.46915895e-07,0.00873763673,4.98296941e-08,2.48113565e-08,7.22748368e-08,0,1.07952417e-06,9.50554124e-09,0.00873762928
7.19139166e-07,1.47598797e-07,0.00873763766,5.01513888e-08,2.48323389e-08,7.2615066e-08,0,1.08356801e-06,9.54460866e-09,0.00873762928
7.20005517e-07,1.47560328e-07,0.00873763766,4.99959789e-08,2.4671909e-08,7.28924405e-08,0,1.08733934e-06,9.58149915e-09,0.00873762928
7.20918308e-07,1.48359078e-07,0.00873763859,5.00953554e-08,2.4998366e-08,7.32653618e-08,0,1.09100768e-06,9.62009228e-09,0.00873762928
7.21827689e-07,1.50085825e-07,0.00873763766,5.03281363e-08,2.60369521e-08,7.37207273e-08,0,1.09441294e-06,9.65803171e-09,0.00873762928
7.22736218e-07,1.51785059e-07,0.00873763673,5.06828144e-08,2.69157692e-08,7.41864739e-08,0,1.09724624e-06,9.69562297e-09,0.00873762928
7.23621724e-07,1.52288436e-07,0.00873763673,5.09500389e-08,2.67626632e-08,7.45757376e-08,0,1.09936877e-06,9.73243708e-09,0.00873762928
7.24540712e-07,1.51437405e-07,0.00873763766,5.1040324e-08,2.54490864e-08,7.49479909e-08,0,1.10095607e-06,9.77349845e-09,0.00873762928
7.25415873e-07,1.50155643e-07,0.00873763859,5.09094527e-08,2.4049168e-08,7.51970148e-08,0,1.1020644e-06,9.81282877e-09,0.00873762928
7.26338328e-07,1.49605029e-07,0.00873763859,5.07788123e-08,2.33892354e-08,7.54369793e-08,0,1.1031683e-06,9.85464599e-09,0.00873762928
7.27213035e-07,1.50295165e-07,0.00873763859,5.10754532e-08,2.35670985e-08,7.56526148e-08,0,1.10460553e-06,9.89516469e-09,0.00873762928
7.2813026e-07,1.51657659e-07,0.00873763766,5.1564605e-08,2.40889122e-08,7.60041345e-08,0,1.1068164e-06,9.93821736e-09,0.00873762928
7.29040607e-07,1.52119384e-07,0.00873763766,5.18578958e-08,2.39993145e-08,7.62621681e-08,0,1.10927067e-06,9.98228789e-09,0.00873762928
7.29919748e-07,1.51852674e-07,0.00873763859,5.18726679e-08,2.3530033e-08,7.64499788e-08,0,1.11180861e-06,1.00236681e-08,0.00873762928
7.30800025e-07,1.51688354e-07,0.00873763859,5.19440917e-08,2.2915744e-08,7.68285204e-08,0,1.11413374e-06,1.00634807e-08,0.00873762928
7.31726743e-07,1.52375023e-07,0.00873763952,5.21965013e-08,2.28492762e-08,7.73292399e-08,0,1.11624627e-06,1.01071258e-08,0.00873762928
7.32608441e-07,1.53679238e-07,0.00873763859,5.25798711e-08,2.33676527e-08,7.77317126e-08,0,1.11775284e-06,1.01472901e-08,0.00873762928
7.33530499e-07,1.54568724e-07,0.00873763766,5.27704778e-08,2.37923992e-08,7.80058471e-08,0,1.11892439e-06,1.0187982e-08,0.00873762928
7.34417767e-07,1.54355789e-07,0.00873763766,5.27268504e-08,2.34990551e-08,7.81298795e-08,0,1.1198224e-06,1.02273523e-08,0.00873762928
7.35307822e-07,1.53456753e-07,0.00873763859,5.2666703e-08,2.25586305e-08,7.8231416e-08,0,1.12050384e-06,1.02672368e-08,0.00873762928
7.36243408e-07,1.5223948e-07,0.00873763952,5.25289217e-08,2.13418385e-08,7.83687213e-08,0,1.12102157e-06,1.03098987e-08,0.00873762928
7.37134656e-07,1.51712854e-07,0.00873763952,5.24907549e-08,2.07461994e-08,7.84759067e-08,0,1.12155624e-06,1.03518669e-08,0.00873762928
7.38044207e-07,1.51936334e-07,0.00873763952,5.24559596e-08,2.08698765e-08,7.86105048e-08,0,1.12232794e-06,1.03930482e-08,0.00873762928
7.3891988e-07,1.52191674e-07,0.00873763859,5.24055892e-08,2.10928981e-08,7.86931835e-08,0,1.12314399e-06,1.04309796e-08,0.00873762928
7.39843131e-07,1.52289246e-07,0.00873763859,5.24278825e-08,2.10718021e-08,7.87895544e-08,0,1.1241649e-06,1.0470762e-08,0.00873762928
7.40718917e-07,1.51863375e-07,0.00873763859,5.24977608e-08,2.04581454e-08,7.8907469e-08,0,1.12509042e-06,1.05078417e-08,0.00873762928
7.41641259e-07,1.51349184e-07,0.00873763952,5.25946646e-08,1.96744327e-08,7.90800883e-08,0,1.12600173e-06,1.0547117e-08,0.00873762928
7.42517273e-07,1.51221755e-07,0.00873763952,5.26443458e-08,1.93066096e-08,7.9270805e-08,0,1.12654584e-06,1.05858344e-08,0.00873762928
7.43442911e-07,1.51719306e-07,0.00873763952,5.27477368e-08,1.94953351e-08,7.94762371e-08,0,1.12686052e-06,1.06255449e-08,0.00873762928
7.44322847e-07,1.52320411e-07,0.00873763859,5.28178781e-08,1.98925889e-08,7.960994e-08,0,1.12700548e-06,1.06614788e-08,0.00873762928
7.45203067e-07,1.52312737e-07,0.00873763859,5.27498614e-08,1.98803267e-08,7.96825574e-08,0,1.12711155e-06,1.06966747e-08,0.00873762928
7.46129388e-07,1.51669738e-07,0.00873763859,5.26713606e-08,1.92353191e-08,7.97630619e-08,0,1.12723069e-06,1.07332214e-08,0.00873762928
7.47003753e-07,1.50811516e-07,0.00873763952,5.25389723e-08,1.84370297e-08,7.98355231e-08,0,1.12734051e-06,1.07681739e-08,0.00873762928
7.47919671e-07,1.50390662e-07,0.00873763952,5.24616013e-08,1.79772321e-08,7.99518247e-08,0,1.12752252e-06,1.08054214e-08,0.00873762928
7.48833145e-07,1.50645207e-07,0.00873763952,5.24043386e-08,1.8180689e-08,8.00601754e-08,0,1.12780697e-06,1.08423537e-08,0.00873762928
7.49743151e-07,1.51192197e-07,0.00873763859,5.24168904e-08,1.86586089e-08,8.01166991e-08,0,1.1281395e-06,1.08775673e-08,0.00873762928
7.50601998e-07,1.51511955e-07,0.00873763766,5.24234913e-08,1.89189002e-08,8.01695634e-08,0,1.12838404e-06,1.0909881e-08,0.00873762928
7.51508878e-07,1.51342164e-07,0.00873763766,5.2436409e-08,1.86813178e-08,8.02244315e-08,0,1.1285282e-06,1.09437304e-08,0.00873762928
7.5241752e-07,1.50728582e-07,0.00873763859,5.24394785e-08,1.80170456e-08,8.02720592e-08,0,1.12859175e-06,1.09773914e-08,0.00873762928
7.5332764e-07,1.50234698e-07,0.00873763859,5.23646584e-08,1.75598931e-08,8.03101443e-08,0,1.12863279e-06,1.10114984e-08,0.00873762928
7.54235884e-07,1.50264583e-07,0.00873763859,5.23413917e-08,1.75958075e-08,8.0327375e-08,0,1.12870509e-06,1.10463549e-08,0.00873762928
7.55139752e-07,1.5075932e-07,0.00873763766,5.2389364e-08,1.80307982e-08,8.03391558e-08,0,1.1288281e-06,1.10802203e-08,0.00873762928
7.5604072e-07,1.51100721e-07,0.00873763766,5.24526698e-08,1.82838438e-08,8.03642024e-08,0,1.12896123e-06,1.11120064e-08,0.00873762928
7.56939357e-07,1.50835845e-07,0.00873763766,5.24114263e-08,1.80377704e-08,8.03866413e-08,0,1.12907037e-06,1.11430287e-08,0.00873762928
7.57803264e-07,1.50227109e-07,0.00873763859,5.23764392e-08,1.74326793e-08,8.04179905e-08,0,1.12918042e-06,1.11733947e-08,0.00873762928
7.58714918e-07,1.49757184e-07,0.00873763859,5.23990238e-08,1.69274283e-08,8.04307305e-08,0,1.12927978e-06,1.12065734e-08,0.00873762928
7.59627142e-07,1.49792555e-07,0.00873763859,5.2371675e-08,1.69879826e-08,8.04328906e-08,0,1.129368e-06,1.12401084e-08,0.00873762928
7.60538285e-07,1.50214262e-07,0.00873763766,5.24018375e-08,1.73780563e-08,8.04343685e-08,0,1.12944736e-06,1.12722107e-08,0.00873762928
7.61401679e-07,1.50467656e-07,0.00873763766,5.24337551e-08,1.7593802e-08,8.04400955e-08,0,1.12951159e-06,1.13011271e-08,0.00873762928
7.6230998e-07,1.50220401e-07,0.00873763766,5.24710337e-08,1.73054566e-08,8.04439111e-08,0,1.12956855e-06,1.13315499e-08,0.00873762928
7.63219077e-07,1.49559412e-07,0.00873763859,5.24541264e-08,1.66605485e-08,8.04447282e-08,0,1.12960322e-06,1.13630145e-08,0.00873762928
7.64129538e-07,1.492416e-07,0.00873763859,5.25305524e-08,1.6259591e-08,8.04514499e-08,0,1.12962539e-06,1.13954952e-08,0.00873762928
7.65039431e-07,1.49459225e-07,0.00873763859,5.26272608e-08,1.6373626e-08,8.04583422e-08,0,1.12965222e-06,1.14272112e-08,0.00873762928
7.65902712e-07,1.49874523e-07,0.00873763766,5.26739008e-08,1.67407421e-08,8.0459877e-08,0,1.12968701e-06,1.14553442e-08,0.00873762928
7.6680584e-07,1.50191696e-07,0.00873763766,5.27050652e-08,1.70218204e-08,8.04648153e-08,0,1.13013084e-06,1.14869527e-08,0.00873762928
7.67718063e-07,1.50177058e-07,0.00873763766,5.27023509e-08,1.69817085e-08,8.04930025e-08,0,1.13051783e-06,1.15189254e-08,0.00873762928
7.68631537e-07,1.49926549e-07,0.00873763766,5.27868913e-08,1.66026979e-08,8.05369638e-08,0,1.13080557e-06,1.15501475e-08,0.00873762928
7.69536939e-07,1.49684851e-07,0.00873763859,5.28382706e-08,1.62871743e-08,8.05594027e-08,0,1.13101521e-06,1.15814132e-08,0.00873762928
7.70441488e-07,1.49794047e-07,0.00873763766,5.28715454e-08,1.63575447e-08,8.05649591e-08,0,1.13112162e-06,1.16117267e-08,0.00873762928
7.71314376e-07,1.50112768e-07,0.00873763766,5.28317408e-08,1.6713992e-08,8.0567041e-08,0,1.13113163e-06,1.16397905e-08,0.00873762928
7.72244562e-07,1.5045508e-07,0.00873763766,5.28689519e-08,1.70026127e-08,8.05835185e-08,0,1.13113163e-06,1.16682362e-08,0.00873762928
7.73128818e-07,1.50441366e-07,0.00873763766,5.29462518e-08,1.68891248e-08,8.06059859e-08,0,1.13113163e-06,1.16955814e-08,0.00873762928
7.74013245e-07,1.5007069e-07,0.00873763766,5.29992441e-08,1.64445915e-08,8.06268474e-08,0,1.13113163e-06,1.17244099e-08,0.00873762928
7.74921205e-07,1.49773982e-07,0.00873763859,5.30808428e-08,1.60535727e-08,8.06395732e-08,0,1.13151941e-06,1.17571028e-08,0.00873762928
7.75839169e-07,1.49791504e-07,0.00873763859,5.31179118e-08,1.60210831e-08,8.06525051e-08,0,1.1316273e-06,1.17884973e-08,0.00873762928
7.7672064e-07,1.50115511e-07,0.00873763766,5.31317959e-08,1.63220566e-08,8.06616569e-08,0,1.1316273e-06,1.18158754e-08,0.00873762928
7.77604043e-07,1.50414664e-07,0.00873763766,5.31147784e-08,1.66244352e-08,8.06754485e-08,0,1.1316273e-06,1.184267e-08,0.00873762928
7.78533945e-07,1.50404944e-07,0.00873763766,5.30700355e-08,1.66493557e-08,8.06855596e-08,0,1.1316273e-06,1.18715011e-08,0.00873762928
7.79416837e-07,1.50115653e-07,0.00873763766,5.30724051e-08,1.63353491e-08,8.0707899e-08,0,1.1316273e-06,1.18997923e-08,0.00873762928
7.8030007e-07,1.49834761e-07,0.00873763766,5.30702167e-08,1.60352904e-08,8.07292579e-08,0,1.1316273e-06,1.19286998e-08,0.00873762928
7.81229915e-07,1.49835046e-07,0.00873763766,5.3033741e-08,1.60602411e-08,8.07410601e-08,0,1.1316273e-06,1.1957817e-08,0.00873762928
7.82113204e-07,1.50117003e-07,0.00873763766,5.30332542e-08,1.63355125e-08,8.07482365e-08,0,1.1316273e-06,1.19838477e-08,0.00873762928
7.83044072e-07,1.50416454e-07,0.00873763766,5.30153059e-08,1.66375553e-08,8.07635914e-08,0,1.1316273e-06,1.2010509e-08,0.00873762928
7.83929295e-07,1.5043247e-07,0.00873763766,5.30119912e-08,1.66471494e-08,8.07733329e-08,0,1.1316273e-06,1.20362467e-08,0.00873762928
7.84814631e-07,1.502559e-07,0.00873763766,5.30946949e-08,1.63840372e-08,8.07771627e-08,0,1.1316273e-06,1.20631034e-08,0.00873762928
7.85700024e-07,1.49971513e-07,0.00873763766,5.31353201e-08,1.60571858e-08,8.0779003e-08,0,1.1316273e-06,1.20899992e-08,0.00873762928
7.86633223e-07,1.49980877e-07,0.00873763766,5.31796189e-08,1.60136207e-08,8.07876432e-08,0,1.1316273e-06,1.2117563e-08,0.00873762928
7.87503609e-07,1.50206972e-07,0.00873763766,5.31917088e-08,1.62170313e-08,8.07982232e-08,0,1.13173121e-06,1.21443957e-08,0.00873762928
7.88427542e-07,1.50345016e-07,0.00873763766,5.31100675e-08,1.64290572e-08,8.080589e-08,0,1.13175372e-06,1.21701662e-08,0.00873762928
7.89314754e-07,1.50312488e-07,0.00873763766,5.30707531e-08,1.64266307e-08,8.08151057e-08,0,1.13175372e-06,1.21950681e-08,0.00873762928
7.90245565e-07,1.50163174e-07,0.00873763766,5.31247899e-08,1.62157985e-08,8.08225806e-08,0,1.13175372e-06,1.22219008e-08,0.00873762928
7.91129537e-07,1.49981602e-07,0.00873763766,5.32155333e-08,1.59399818e-08,8.08260836e-08,0,1.13175372e-06,1.22472557e-08,0.00873762928
7.92036076e-07,1.49986249e-07,0.00873763766,5.33099787e-08,1.58489897e-08,8.08272844e-08,0,1.13180192e-06,1.22726744e-08,0.00873762928
7.92904416e-07,1.50093427e-07,0.00873763766,5.33110018e-08,1.59545284e-08,8.08278955e-08,0,1.13183012e-06,1.2295966e-08,0.00873762928
7.93819481e-07,1.50275e-07,0.00873763766,5.331826e-08,1.61286398e-08,8.08280944e-08,0,1.13185115e-06,1.23204886e-08,0.00873762928
7.94737389e-07,1.5041617e-07,0.00873763673,5.34066658e-08,1.61808824e-08,8.08286131e-08,0,1.1318624e-06,1.23452173e-08,0.00873762928
7.95602602e-07,1.50345599e-07,0.00873763673,5.34814895e-08,1.60325317e-08,8.08315761e-08,0,1.13188639e-06,1.23687371e-08,0.00873762928
7.96511813e-07,1.50215698e-07,0.00873763766,5.35522133e-08,1.58292117e-08,8.08342762e-08,0,1.13193676e-06,1.23932873e-08,0.00873762928
7.97419943e-07,1.50151081e-07,0.00873763766,5.35605409e-08,1.57539795e-08,8.0836557e-08,0,1.13198473e-06,1.24170878e-08,0.00873762928
7.9832364e-07,1.50275412e-07,0.00873763673,5.35528173e-08,1.58782747e-08,8.08443161e-08,0,1.13204703e-06,1.24407133e-08,0.00873762928
7.99200052e-07,1.50443412e-07,0.00873763673,5.35435909e-08,1.60474016e-08,8.08524234e-08,0,1.1320551e-06,1.24629036e-08,0.00873762928
8.00131716e-07,1.50550179e-07,0.00873763673,5.35542526e-08,1.61370224e-08,8.08588965e-08,0,1.1320551e-06,1.24864856e-08,0.00873762928
8.01016768e-07,1.50509962e-07,0.00873763673,5.35827311e-08,1.60624438e-08,8.0864794e-08,0,1.1320551e-06,1.25087345e-08,0.00873763021
8.01901592e-07,1.50288741e-07,0.00873763673,5.36068434e-08,1.58093076e-08,8.08725886e-08,0,1.1320551e-06,1.25310988e-08,0.00873763021
8.02832744e-07,1.50126539e-07,0.00873763766,5.36012017e-08,1.56490554e-08,8.08762906e-08,0,1.1320551e-06,1.25550388e-08,0.00873763021
8.03717455e-07,1.50190473e-07,0.00873763673,5.35968923e-08,1.57165339e-08,8.08770508e-08,0,1.1320551e-06,1.25773916e-08,0.00873763021
8.04632748e-07,1.50413342e-07,0.00873763673,5.36208695e-08,1.5913308e-08,8.08791611e-08,0,1.13219812e-06,1.26006885e-08,0.00873763021
8.05500463e-07,1.50507546e-07,0.00873763673,5.35965157e-08,1.60283768e-08,8.08826499e-08,0,1.13231056e-06,1.26216335e-08,0.00873763021
8.06431501e-07,1.50480304e-07,0.00873763673,5.36644329e-08,1.59307607e-08,8.08851155e-08,0,1.13231056e-06,1.26439792e-08,0.00873763021
8.07315644e-07,1.50316964e-07,0.00873763673,5.37185301e-08,1.57078883e-08,8.08905511e-08,0,1.13231056e-06,1.2665792e-08,0.00873763021
8.0824617e-07,1.5019873e-07,0.00873763673,5.37177769e-08,1.55817546e-08,8.08991913e-08,0,1.13231056e-06,1.26888873e-08,0.00873763021
8.09130142e-07,1.50290134e-07,0.00873763673,5.37174571e-08,1.56676982e-08,8.09049823e-08,0,1.13231056e-06,1.27103386e-08,0.00873763021
8.10014114e-07,1.50509962e-07,0.00873763673,5.37221894e-08,1.588052e-08,8.0907256e-08,0,1.13231056e-06,1.27309665e-08,0.00873763021
8.10945039e-07,1.50700515e-07,0.00873763673,5.37566436e-08,1.60308478e-08,8.09130256e-08,0,1.13231056e-06,1.27520705e-08,0.00873763021
8.1182958e-07,1.50658849e-07,0.00873763673,5.37681117e-08,1.59669167e-08,8.09238259e-08,0,1.13231056e-06,1.27725466e-08,0.00873763021
8.12714234e-07,1.50465738e-07,0.00873763673,5.37908491e-08,1.57439874e-08,8.09308958e-08,0,1.13231056e-06,1.27936728e-08,0.00873763021
8.13645272e-07,1.50357167e-07,0.00873763673,5.38433085e-08,1.55725264e-08,8.09413336e-08,0,1.13231056e-06,1.28162441e-08,0.00873763021
8.14528164e-07,1.50442759e-07,0.00873763673,5.386471e-08,1.5630361e-08,8.0947693e-08,0,1.13231226e-06,1.28371509e-08,0.00873763021
8.15435556e-07,1.50650294e-07,0.00873763673,5.39045608e-08,1.57939333e-08,8.0951807e-08,0,1.13254498e-06,1.28585196e-08,0.00873763021
8.16311513e-07,1.50796609e-07,0.00873763673,5.39580611e-08,1.58862328e-08,8.09523186e-08,0,1.13258329e-06,1.28780515e-08,0.00873763021
8.17241983e-07,1.50763057e-07,0.00873763673,5.39784715e-08,1.58322635e-08,8.09523257e-08,0,1.13258329e-06,1.28989974e-08,0.00873763021
8.18125898e-07,1.50597245e-07,0.00873763673,5.39789653e-08,1.56657993e-08,8.09524821e-08,0,1.13258329e-06,1.29196245e-08,0.00873763021
8.1901004e-07,1.50455222e-07,0.00873763673,5.3974194e-08,1.55276592e-08,8.09533702e-08,0,1.13258329e-06,1.29407773e-08,0.00873763021
8.19941135e-07,1.5046551e-07,0.00873763673,5.39822231e-08,1.55296469e-08,8.09536331e-08,0,1.13258329e-06,1.296244e-08,0.00873763021
8.2082579e-07,1.50591731e-07,0.00873763673,5.39897513e-08,1.56481175e-08,8.09538605e-08,0,1.13258329e-06,1.29818494e-08,0.00873763021
8.2171033e-07,1.50660298e-07,0.00873763673,5.39513358e-08,1.57494373e-08,8.09595235e-08,0,1.13258329e-06,1.30005029e-08,0.00873763021
8.22635911e-07,1.50635159e-07,0.00873763673,5.39367022e-08,1.57347149e-08,8.0963737e-08,0,1.1325867e-06,1.30207027e-08,0.00873763021
8.23540631e-07,1.50584611e-07,0.00873763673,5.39907141e-08,1.56276521e-08,8.09662382e-08,0,1.13263366e-06,1.30412667e-08,0.00873763021
8.24417668e-07,1.50518829e-07,0.00873763673,5.40611929e-08,1.54901532e-08,8.09674816e-08,0,1.13263718e-06,1.3061193e-08,0.00873763021
8.2534126e-07,1.50511397e-07,0.00873763673,5.4132439e-08,1.54097126e-08,8.09692509e-08,0,1.13266799e-06,1.3082011e-08,0.00873763021
8.26204712e-07,1.5063587e-07,0.00873763673,5.41895169e-08,1.54751607e-08,8.09711906e-08,0,1.13277258e-06,1.31002746e-08,0.00873763021
8.2713558e-07,1.50797248e-07,0.00873763673,5.42522827e-08,1.55732334e-08,8.09717378e-08,0,1.13277258e-06,1.31191493e-08,0.00873763021
8.28019836e-07,1.50864452e-07,0.00873763673,5.42950964e-08,1.55952566e-08,8.09741039e-08,0,1.13277258e-06,1.31377629e-08,0.00873763021
8.28904206e-07,1.50799764e-07,0.00873763673,5.43025607e-08,1.55164575e-08,8.09807474e-08,0,1.13277258e-06,1.31573668e-08,0.00873763021
8.29834448e-07,1.50686304e-07,0.00873763673,5.43173826e-08,1.53838755e-08,8.09850462e-08,0,1.13277406e-06,1.31783384e-08,0.00873763021
8.3070006e-07,1.50690639e-07,0.00873763673,5.43244418e-08,1.5379376e-08,8.09868226e-08,0,1.13284273e-06,1.31973446e-08,0.00873763021
8.31625982e-07,1.50815751e-07,0.00873763673,5.43557519e-08,1.54720396e-08,8.09879594e-08,0,1.13284784e-06,1.32166038e-08,0.00873763021
8.3251075e-07,1.50941233e-07,0.0087376358,5.43619585e-08,1.55880606e-08,8.09912208e-08,0,1.13284784e-06,1.32349092e-08,0.00873763021
8.33441959e-07,1.50975112e-07,0.0087376358,5.43558194e-08,1.5622355e-08,8.09969407e-08,0,1.13284784e-06,1.32548079e-08,0.00873763021
8.34308707e-07,1.50909756e-07,0.0087376358,5.43625802e-08,1.55441704e-08,8.10030016e-08,0,1.13291253e-06,1.32742199e-08,0.00873763021
8.35228718e-07,1.50793767e-07,0.00873763673,5.43951089e-08,1.53901265e-08,8.10085226e-08,0,1.13293879e-06,1.32946871e-08,0.00873763021
8.36101492e-07,1.50733698e-07,0.00873763673,5.44210046e-08,1.52965569e-08,8.10161396e-08,0,1.13296312e-06,1.33135041e-08,0.00873763021
8.37011328e-07,1.50824945e-07,0.00873763673,5.4461303e-08,1.53411932e-08,8.10224421e-08,0,1.13301712e-06,1.33322668e-08,0.00873763021
8.37921334e-07,1.50932323e-07,0.0087376358,5.44449712e-08,1.54579336e-08,8.10294125e-08,0,1.13308124e-06,1.33511175e-08,0.00873763021
8.38833216e-07,1.50994865e-07,0.0087376358,5.44158141e-08,1.55440461e-08,8.10350045e-08,0,1.1331017e-06,1.33704852e-08,0.00873763021
8.39743166e-07,1.50956055e-07,0.0087376358,5.43797505e-08,1.55327857e-08,8.10435239e-08,0,1.1331083e-06,1.33898439e-08,0.00873763021
8.40612643e-07,1.50881348e-07,0.0087376358,5.43990559e-08,1.54229962e-08,8.10592908e-08,0,1.13311125e-06,1.34079148e-08,0.00873763021
8.41522649e-07,1.50852614e-07,0.00873763673,5.44204433e-08,1.53595376e-08,8.10726277e-08,0,1.13313683e-06,1.34266402e-08,0.00873763021
8.42432542e-07,1.50904455e-07,0.0087376358,5.4424941e-08,1.54009978e-08,8.10785181e-08,0,1.1331847e-06,1.34449323e-08,0.00873763021
8.43341979e-07,1.51013253e-07,0.0087376358,5.44232748e-08,1.55100537e-08,8.1079925e-08,0,1.13322085e-06,1.34633806e-08,0.00873763021
8.44206056e-07,1.51116851e-07,0.0087376358,5.44490817e-08,1.55805999e-08,8.10871725e-08,0,1.13324143e-06,1.3481162e-08,0.00873763021
8.45126408e-07,1.5117233e-07,0.0087376358,5.45088064e-08,1.55635558e-08,8.10999623e-08,0,1.13324666e-06,1.35000464e-08,0.00873763021
8.46038233e-07,1.51109532e-07,0.0087376358,5.45621788e-08,1.54420103e-08,8.11053482e-08,0,1.13333692e-06,1.35189193e-08,0.00873763021
8.46914077e-07,1.51022263e-07,0.0087376358,5.45935031e-08,1.53216124e-08,8.11071459e-08,0,1.13334681e-06,1.35364964e-08,0.00873763021
8.47840624e-07,1.50980028e-07,0.0087376358,5.46089893e-08,1.5260234e-08,8.11108052e-08,0,1.13334681e-06,1.35546792e-08,0.00873763021
8.48720504e-07,1.51078993e-07,0.0087376358,5.46595267e-08,1.5303284e-08,8.11161769e-08,0,1.13334681e-06,1.35720075e-08,0.00873763021
8.49600951e-07,1.5120645e-07,0.0087376358,5.46879591e-08,1.53985447e-08,8.11199499e-08,0,1.13334681e-06,1.35896903e-08,0.00873763021
8.50529318e-07,1.51279863e-07,0.0087376358,5.47223316e-08,1.54364947e-08,8.11210441e-08,0,1.13334681e-06,1.36082248e-08,0.00873763021
8.51411698e-07,1.51207885e-07,0.0087376358,5.47645023e-08,1.53216835e-08,8.11217049e-08,0,1.13334681e-06,1.36251064e-08,0.00873763021
8.5233853e-07,1.51064228e-07,0.0087376358,5.47795267e-08,1.51604613e-08,8.11242344e-08,0,1.13334681e-06,1.36422091e-08,0.00873763021
8.53218125e-07,1.50959949e-07,0.0087376358,5.4763774e-08,1.50661741e-08,8.11299969e-08,0,1.13334681e-06,1.36583855e-08,0.00873763021
8.54145185e-07,1.51063105e-07,0.0087376358,5.47951942e-08,1.51327448e-08,8.11351626e-08,0,1.13334681e-06,1.36759271e-08,0.00873763021
8.55026542e-07,1.51251783e-07,0.0087376358,5.48549366e-08,1.52599728e-08,8.1136875e-08,0,1.13334681e-06,1.36927101e-08,0.00873763021
8.55908809e-07,1.5132521e-07,0.0087376358,5.48951959e-08,1.52914961e-08,8.11385235e-08,0,1.13334681e-06,1.3709256e-08,0.00873763021
8.56837232e-07,1.5124381e-07,0.0087376358,5.49167503e-08,1.51878918e-08,8.113917e-08,0,1.13334681e-06,1.37260168e-08,0.00873763021
8.57720295e-07,1.51076932e-07,0.0087376358,5.49144623e-08,1.50232182e-08,8.11392482e-08,0,1.13334681e-06,1.37415199e-08,0.00873763021
8.58604608e-07,1.51021354e-07,0.0087376358,5.49435804e-08,1.49385286e-08,8.11392482e-08,0,1.13334681e-06,1.3757135e-08,0.00873763021
8.5953576e-07,1.51147205e-07,0.0087376358,5.49762582e-08,1.50316897e-08,8.11392482e-08,0,1.13334681e-06,1.37739198e-08,0.00873763021
8.60420471e-07,1.51319355e-07,0.0087376358,5.50028716e-08,1.51771662e-08,8.11393193e-08,0,1.13334681e-06,1.37900207e-08,0.00873763021
8.61305352e-07,1.51366748e-07,0.0087376358,5.50165247e-08,1.52089825e-08,8.11412448e-08,0,1.13334681e-06,1.38058223e-08,0.00873763021
8.62236504e-07,1.51247463e-07,0.0087376358,5.50146702e-08,1.50911923e-08,8.11416072e-08,0,1.13334681e-06,1.38219232e-08,0.00873763021
8.63120761e-07,1.51068463e-07,0.0087376358,5.49994716e-08,1.49273855e-08,8.11416072e-08,0,1.13334681e-06,1.38367122e-08,0.00873763021
8.64004903e-07,1.50955699e-07,0.0087376358,5.49988854e-08,1.48151988e-08,8.11416072e-08,0,1.13334681e-06,1.38517677e-08,0.00873763021
8.64935714e-07,1.5104294e-07,0.0087376358,5.50205606e-08,1.48806931e-08,8.11416783e-08,0,1.13334681e-06,1.38682852e-08,0.00873763021
8.658198e-07,1.51143681e-07,0.0087376358,5.50249233e-08,1.49769761e-08,8.11417777e-08,0,1.13334681e-06,1.38839695e-08,0.00873763021
8.66703999e-07,1.51217691e-07,0.0087376358,5.50298935e-08,1.50459254e-08,8.11418701e-08,0,1.13334681e-06,1.38989691e-08,0.00873763021
8.6763481e-07,1.51111777e-07,0.0087376358,5.50243371e-08,1.49447743e-08,8.11426659e-08,0,1.13334681e-06,1.39141374e-08,0.00873763021
8.68519123e-07,1.50957419e-07,0.0087376358,5.49981891e-08,1.48159671e-08,8.11432699e-08,0,1.13334681e-06,1.39287204e-08,0.00873763021
8.6940355e-07,1.50867564e-07,0.0087376358,5.49782797e-08,1.47457957e-08,8.11434901e-08,0,1.13334681e-06,1.39439953e-08,0.00873763021
8.70334759e-07,1.50941702e-07,0.0087376358,5.49879573e-08,1.48101016e-08,8.11436465e-08,0,1.13334681e-06,1.39601353e-08,0.00873763021
8.71219356e-07,1.51062963e-07,0.0087376358,5.50121868e-08,1.4906048e-08,8.11447194e-08,0,1.13334681e-06,1.39751446e-08,0.00873763021
8.72103897e-07,1.51087903e-07,0.0087376358,5.49925403e-08,1.4948677e-08,8.11466805e-08,0,1.13334681e-06,1.39896095e-08,0.00873763021
8.73035106e-07,1.50919192e-07,0.0087376358,5.49397967e-08,1.48317048e-08,8.11476895e-08,0,1.13334681e-06,1.40045131e-08,0.00873763021
8.73920101e-07,1.50738757e-07,0.0087376358,5.48834223e-08,1.47045656e-08,8.11507661e-08,0,1.13334681e-06,1.40190073e-08,0.00873763021
8.74805096e-07,1.50703514e-07,0.0087376358,5.48931851e-08,1.46568961e-08,8.11534377e-08,0,1.13334681e-06,1.40338612e-08,0.00873763021
8.75736475e-07,1.50828313e-07,0.0087376358,5.49265593e-08,1.47475694e-08,8.11541909e-08,0,1.13334681e-06,1.40498768e-08,0.00873763021
8.76621129e-07,1.50978295e-07,0.0087376358,5.49549171e-08,1.48691814e-08,8.1154198e-08,0,1.13334681e-06,1.40646597e-08,0.00873763021
8.77506011e-07,1.51041647e-07,0.0087376358,5.49706165e-08,1.49167541e-08,8.11542762e-08,0,1.13334681e-06,1.40785579e-08,0.00873763021
8.78437504e-07,1.50924492e-07,0.0087376358,5.4965259e-08,1.48020716e-08,8.1157161e-08,0,1.13334681e-06,1.40928433e-08,0.00873763021
8.79313461e-07,1.5080596e-07,0.0087376358,5.49912933e-08,1.46539927e-08,8.11606782e-08,0,1.13334681e-06,1.41069858e-08,0.00873763021
8.80223809e-07,1.50807537e-07,0.0087376358,5.50316273e-08,1.46118548e-08,8.11640604e-08,0,1.13334681e-06,1.41236711e-08,0.00873763021
8.81134667e-07,1.50956666e-07,0.0087376358,5.50606387e-08,1.47285562e-08,8.1167471e-08,0,1.13334681e-06,1.41395571e-08,0.00873763021
8.82002837e-07,1.5114253e-07,0.0087376358,5.50900339e-08,1.4882291e-08,8.11702066e-08,0,1.13334681e-06,1.41539935e-08,0.00873763021
8.82930067e-07,1.51192211e-07,0.0087376358,5.51187398e-08,1.48993964e-08,8.11740719e-08,0,1.13334681e-06,1.41687098e-08,0.00873763021
8.83841949e-07,1.51087477e-07,0.0087376358,5.51403829e-08,1.47694008e-08,8.11776957e-08,0,1.13334681e-06,1.41827723e-08,0.00873763021
8.84710118e-07,1.5094713e-07,0.0087376358,5.51593828e-08,1.46074282e-08,8.11803176e-08,0,1.13334681e-06,1.4196246e-08,0.00873763021
8.85620409e-07,1.50897648e-07,0.0087376358,5.51762689e-08,1.45367292e-08,8.11846519e-08,0,1.13334681e-06,1.42110519e-08,0.00873763021
8.86530927e-07,1.51056057e-07,0.0087376358,5.51946862e-08,1.46710599e-08,8.11903078e-08,0,1.13334681e-06,1.42258312e-08,0.00873763021
8.87441274e-07,1.51271621e-07,0.00873763487,5.52060548e-08,1.4870805e-08,8.11947629e-08,0,1.13334681e-06,1.42410759e-08,0.00873763021
8.88306545e-07,1.51337616e-07,0.00873763487,5.52276056e-08,1.49136117e-08,8.11963972e-08,0,1.13334681e-06,1.42547023e-08,0.00873763021
8.89217006e-07,1.51243626e-07,0.00873763487,5.52440795e-08,1.48017207e-08,8.11978182e-08,0,1.13334681e-06,1.42687648e-08,0.00873763021
8.90127296e-07,1.51030491e-07,0.0087376358,5.52442536e-08,1.45854422e-08,8.12008025e-08,0,1.13334681e-06,1.42829686e-08,0.00873763021
8.9103753e-07,1.50941503e-07,0.0087376358,5.52614772e-08,1.44791201e-08,8.12009091e-08,0,1.13334681e-06,1.42989149e-08,0.00873763021
8.91903085e-07,1.51072541e-07,0.00873763487,5.5287579e-08,1.4584046e-08,8.12009091e-08,0,1.13334681e-06,1.43135939e-08,0.00873763021
8.92812807e-07,1.51282592e-07,0.00873763487,5.53050619e-08,1.47766057e-08,8.12009233e-08,0,1.13334681e-06,1.43285348e-08,0.00873763021
8.9372196e-07,1.51358819e-07,0.00873763487,5.53113786e-08,1.48464947e-08,8.12009446e-08,0,1.13334681e-06,1.43426426e-08,0.00873763021
8.94630887e-07,1.51242972e-07,0.00873763487,5.53146329e-08,1.47273518e-08,8.12009873e-08,0,1.13334681e-06,1.43566092e-08,0.00873763021
8.95539813e-07,1.51022974e-07,0.00873763487,5.53083552e-08,1.45135939e-08,8.12010228e-08,0,1.13334681e-06,1.4370829e-08,0.00873763021
8.96403606e-07,1.5095759e-07,0.00873763487,5.53183988e-08,1.44381547e-08,8.1201037e-08,0,1.13334681e-06,1.43844607e-08,0.00873763021
8.97311679e-07,1.51049917e-07,0.00873763487,5.53211912e-08,1.452758e-08,8.12011507e-08,0,1.13334681e-06,1.43990215e-08,0.00873763021
8.98221629e-07,1.51287381e-07,0.00873763487,5.53536275e-08,1.47325778e-08,8.1201172e-08,0,1.13334681e-06,1.44129313e-08,0.00873763021
8.99131749e-07,1.51415676e-07,0.00873763487,5.53865966e-08,1.48274699e-08,8.12016125e-08,0,1.13334681e-06,1.44267158e-08,0.00873763021
9.00043631e-07,1.51290664e-07,0.00873763487,5.53869484e-08,1.47014685e-08,8.12022449e-08,0,1.13334681e-06,1.44400847e-08,0.00873763021
9.00908958e-07,1.5106616e-07,0.00873763487,5.53760167e-08,1.448789e-08,8.1202252e-08,0,1.13334681e-06,1.44530183e-08,0.00873763021
9.01819362e-07,1.50941062e-07,0.00873763487,5.53633264e-08,1.43751322e-08,8.12026002e-08,0,1.13334681e-06,1.44668517e-08,0.00873763021
9.02730051e-07,1.51070154e-07,0.00873763487,5.54006867e-08,1.44660515e-08,8.12034102e-08,0,1.13334681e-06,1.44807286e-08,0.00873763021
9.03641478e-07,1.51320521e-07,0.00873763487,5.5443472e-08,1.46728842e-08,8.12041705e-08,0,1.13334681e-06,1.44942618e-08,0.00873763021
9.04506692e-07,1.51464789e-07,0.00873763487,5.54669981e-08,1.47921622e-08,8.120562e-08,0,1.13334681e-06,1.45066759e-08,0.00873763021
9.05417494e-07,1.5137438e-07,0.00873763487,5.5465371e-08,1.47013131e-08,8.12076948e-08,0,1.13334681e-06,1.45196353e-08,0.00873763021
9.06327386e-07,1.51140114e-07,0.00873763487,5.54375994e-08,1.44908068e-08,8.12117094e-08,0,1.13334681e-06,1.45328007e-08,0.00873763021
9.07236711e-07,1.51043025e-07,0.00873763487,5.5450883e-08,1.43792391e-08,8.12129031e-08,0,1.13334681e-06,1.45463295e-08,0.00873763021
9.08101924e-07,1.51174419e-07,0.00873763487,5.54921229e-08,1.44686298e-08,8.12136633e-08,0,1.13334681e-06,1.45592134e-08,0.00873763021
9.09019832e-07,1.51454643e-07,0.00873763487,5.55334729e-08,1.47064068e-08,8.12147647e-08,0,1.13334681e-06,1.45726666e-08,0.00873763021
9.09931089e-07,1.51587088e-07,0.00873763487,5.55320909e-08,1.48391122e-08,8.12158802e-08,0,1.13334681e-06,1.4585348e-08,0.00873763021
9.1084047e-07,1.5150755e-07,0.00873763487,5.55323219e-08,1.47576946e-08,8.12175358e-08,0,1.13334681e-06,1.45981813e-08,0.00873763021
9.11704717e-07,1.51341851e-07,0.00873763487,5.55347199e-08,1.45872479e-08,8.12198877e-08,0,1.13334681e-06,1.46103707e-08,0.00873763021
9.12615121e-07,1.51257979e-07,0.00873763487,5.55716646e-08,1.44651242e-08,8.12211951e-08,0,1.13334681e-06,1.46236614e-08,0.00873763021
9.1352689e-07,1.51372859e-07,0.00873763487,5.56186244e-08,1.45329446e-08,8.12212946e-08,0,1.13334681e-06,1.46369139e-08,0.00873763021
9.1443826e-07,1.51572451e-07,0.00873763487,5.56545992e-08,1.46965276e-08,8.12213159e-08,0,1.13334681e-06,1.464963e-08,0.00873763021
9.1530427e-07,1.51658625e-07,0.00873763394,5.56638078e-08,1.47734935e-08,8.12213159e-08,0,1.13334681e-06,1.46610892e-08,0.00873763021
9.16216038e-07,1.51575392e-07,0.00873763487,5.56483144e-08,1.47057477e-08,8.1221323e-08,0,1.13334681e-06,1.46731303e-08,0.00873763021
9.17127636e-07,1.51385933e-07,0.00873763487,5.56387576e-08,1.45254067e-08,8.12217706e-08,0,1.13334681e-06,1.46855204e-08,0.00873763021
9.18039348e-07,1.51300767e-07,0.00873763487,5.56541124e-08,1.44233834e-08,8.1223277e-08,0,1.13334681e-06,1.46982142e-08,0.00873763021
9.18905357e-07,1.51357057e-07,0.00873763487,5.56738726e-08,1.44590757e-08,8.12241083e-08,0,1.13334681e-06,1.47101353e-08,0.00873763021
9.19829176e-07,1.51527914e-07,0.00873763487,5.57121744e-08,1.45892836e-08,8.12264531e-08,0,1.13334681e-06,1.47223753e-08,0.00873763021
9.20713376e-07,1.51623837e-07,0.00873763394,5.57458826e-08,1.46498653e-08,8.12280945e-08,0,1.13334681e-06,1.47338817e-08,0.00873763021
9.21643789e-07,1.51555469e-07,0.00873763394,5.5745037e-08,1.45810102e-08,8.12294232e-08,0,1.13334681e-06,1.47459103e-08,0.00873763021
9.22525373e-07,1.51378885e-07,0.00873763487,5.5717404e-08,1.44319383e-08,8.12295511e-08,0,1.13334681e-06,1.47575188e-08,0.00873763021
9.23443451e-07,1.51299915e-07,0.00873763487,5.57231665e-08,1.43468597e-08,8.12298921e-08,0,1.13342128e-06,1.47704409e-08,0.00873763021
9.2430048e-07,1.51384256e-07,0.00873763487,5.57598767e-08,1.43911185e-08,8.12332601e-08,0,1.13351246e-06,1.47819588e-08,0.00873763021
9.25203551e-07,1.51551674e-07,0.00873763487,5.57979085e-08,1.4517842e-08,8.12359175e-08,0,1.1336017e-06,1.47947219e-08,0.00873763021
9.26107191e-07,1.51658966e-07,0.00873763394,5.57992621e-08,1.46235939e-08,8.12361094e-08,0,1.13375461e-06,1.48072035e-08,0.00873763021
9.27009751e-07,1.5165071e-07,0.00873763487,5.58058311e-08,1.46087604e-08,8.12361165e-08,0,1.13388126e-06,1.48194959e-08,0.00873763021
9.27911003e-07,1.51562517e-07,0.00873763487,5.58133522e-08,1.45130228e-08,8.12361378e-08,0,1.13402541e-06,1.48314339e-08,0.00873763021
9.28812597e-07,1.51515394e-07,0.00873763487,5.58459377e-08,1.44333026e-08,8.1236152e-08,0,1.13423948e-06,1.48437929e-08,0.00873763021
9.2971402e-07,1.51626651e-07,0.00873763487,5.59359137e-08,1.4454578e-08,8.1236152e-08,0,1.13462409e-06,1.48569734e-08,0.00873763021
9.3061567e-07,1.51840325e-07,0.00873763487,5.60364875e-08,1.45671546e-08,8.12366849e-08,0,1.13498686e-06,1.48711594e-08,0.00873763021
9.31520276e-07,1.52048344e-07,0.00873763487,5.61249642e-08,1.46866457e-08,8.12367418e-08,0,1.13540909e-06,1.48846118e-08,0.00873763021
9.32425337e-07,1.52190822e-07,0.00873763487,5.62385409e-08,1.47154822e-08,8.12367986e-08,0,1.13585793e-06,1.48972212e-08,0.00873763021
9.3333108e-07,1.52203341e-07,0.00873763487,5.63022375e-08,1.46606762e-08,8.12404295e-08,0,1.13631688e-06,1.49100003e-08,0.00873763021
9.34238074e-07,1.52141666e-07,0.00873763487,5.63036693e-08,1.4595618e-08,8.12423764e-08,0,1.13677311e-06,1.49232289e-08,0.00873763021
9.35144442e-07,1.52212564e-07,0.00873763487,5.63580258e-08,1.46100945e-08,8.12444441e-08,0,1.13722399e-06,1.49359298e-08,0.00873763021
9.36004596e-07,1.52371015e-07,0.00873763487,5.63912224e-08,1.47344927e-08,8.12452896e-08,0,1.13764781e-06,1.49482293e-08,0.00873763021
9.36908691e-07,1.52525232e-07,0.00873763487,5.63997098e-08,1.48773243e-08,8.12481957e-08,0,1.13808153e-06,1.49622696e-08,0.00873763021
9.37811933e-07,1.52593643e-07,0.00873763487,5.64386937e-08,1.49050745e-08,8.12498726e-08,0,1.13861108e-06,1.49754822e-08,0.00873763021
9.38718188e-07,1.52498515e-07,0.00873763487,5.64476004e-08,1.48007713e-08,8.12501426e-08,0,1.13885824e-06,1.49877728e-08,0.00873763021
9.39623703e-07,1.52421052e-07,0.00873763487,5.64701459e-08,1.47003787e-08,8.12505263e-08,0,1.13916781e-06,1.50017048e-08,0.00873763021
9.40527514e-07,1.52526241e-07,0.00873763487,5.65267761e-08,1.47429029e-08,8.1256573e-08,0,1.13975125e-06,1.5017358e-08,0.00873763021
9.4143445e-07,1.52790307e-07,0.00873763487,5.66458063e-08,1.4872473e-08,8.12720202e-08,0,1.14049169e-06,1.50315778e-08,0.00873763021
9.42342126e-07,1.53044184e-07,0.00873763487,5.67405394e-08,1.50050319e-08,8.12986087e-08,0,1.14122633e-06,1.50461972e-08,0.00873763021
9.43243947e-07,1.53218423e-07,0.00873763487,5.68602445e-08,1.50354413e-08,8.13227459e-08,0,1.14191948e-06,1.50618735e-08,0.00873763021
9.44134058e-07,1.53339911e-07,0.00873763487,5.69974326e-08,1.50133559e-08,8.13291194e-08,0,1.14250759e-06,1.5076326e-08,0.00873763021
9.45038494e-07,1.53280723e-07,0.0087376358,5.70018699e-08,1.49333186e-08,8.13455259e-08,0,1.14289003e-06,1.50930113e-08,0.00873763021
9.45942304e-07,1.53230758e-07,0.0087376358,5.69545939e-08,1.49129225e-08,8.13632397e-08,0,1.14320744e-06,1.51076893e-08,0.00873763021
9.468028e-07,1.53280496e-07,0.0087376358,5.6957969e-08,1.49566333e-08,8.136589e-08,0,1.14348188e-06,1.51213815e-08,0.00873763021
9.47709395e-07,1.53369584e-07,0.00873763487,5.70011522e-08,1.49914037e-08,8.13770242e-08,0,1.14370596e-06,1.51359192e-08,0.00873763021
9.48617526e-07,1.53380981e-07,0.00873763487,5.70101513e-08,1.49885562e-08,8.13822751e-08,0,1.14386557e-06,1.51499311e-08,0.00873763021
9.49524178e-07,1.53199011e-07,0.00873763487,5.69098688e-08,1.48994488e-08,8.13896932e-08,0,1.14399654e-06,1.51637387e-08,0.00873763021
9.50432252e-07,1.53138686e-07,0.00873763487,5.6937985e-08,1.48032804e-08,8.13974239e-08,0,1.14414115e-06,1.51781023e-08,0.00873763021
9.51341235e-07,1.53166269e-07,0.00873763487,5.70033372e-08,1.47582728e-08,8.14046643e-08,0,1.14432726e-06,1.51922475e-08,0.00873763021
9.52208779e-07,1.53254305e-07,0.00873763487,5.7064792e-08,1.47705075e-08,8.14190102e-08,0,1.14452303e-06,1.52058899e-08,0.00873763021
9.53124243e-07,1.53302679e-07,0.00873763487,5.70656766e-08,1.48060924e-08,8.14309047e-08,0,1.14472812e-06,1.52196993e-08,0.00873763021
9.5404198e-07,1.53321665e-07,0.00873763487,5.70854404e-08,1.47972683e-08,8.14389622e-08,0,1.14492354e-06,1.52332618e-08,0.00873763021
9.54911229e-07,1.53293513e-07,0.00873763487,5.71217136e-08,1.47301575e-08,8.1441641e-08,0,1.14515012e-06,1.52492099e-08,0.00873763021
9.55839596e-07,1.53209186e-07,0.0087376358,5.70747005e-08,1.46808823e-08,8.14536065e-08,0,1.1452139e-06,1.52653801e-08,0.00873763021
9.56720214e-07,1.53098341e-07,0.0087376358,5.70103609e-08,1.46261678e-08,8.14618133e-08,0,1.14522516e-06,1.52799302e-08,0.00873763021
9.57643465e-07,1.53088564e-07,0.0087376358,5.69783225e-08,1.46388004e-08,8.14714411e-08,0,1.1452305e-06,1.5296413e-08,0.00873763021
9.58527949e-07,1.53099819e-07,0.0087376358,5.69660692e-08,1.4654792e-08,8.14789587e-08,0,1.1452305e-06,1.53117892e-08,0.00873763021
9.59412318e-07,1.53068086e-07,0.0087376358,5.69660124e-08,1.46142103e-08,8.14878618e-08,0,1.1452305e-06,1.53262487e-08,0.00873763021
9.60343073e-07,1.53000542e-07,0.0087376358,5.69427883e-08,1.45664911e-08,8.14912582e-08,0,1.1452305e-06,1.53409871e-08,0.00873763021
9.61227784e-07,1.52982011e-07,0.0087376358,5.69864902e-08,1.45032759e-08,8.14922458e-08,0,1.1452305e-06,1.53548125e-08,0.00873763021
9.62112381e-07,1.52946654e-07,0.0087376358,5.69884833e-08,1.4464991e-08,8.14931695e-08,0,1.14523561e-06,1.53694177e-08,0.00873763021
9.6304359e-07,1.53029873e-07,0.0087376358,5.70323415e-08,1.45037307e-08,8.14937948e-08,0,1.14532725e-06,1.53849555e-08,0.00873763021
9.63926141e-07,1.53161679e-07,0.00873763487,5.70674779e-08,1.45931827e-08,8.15010139e-08,0,1.14532747e-06,1.5398955e-08,0.00873763021
9.64810397e-07,1.53226395e-07,0.00873763487,5.70635272e-08,1.46573118e-08,8.15055614e-08,0,1.14532747e-06,1.54123381e-08,0.00873763021
9.65741378e-07,1.53258185e-07,0.00873763487,5.70624721e-08,1.46874077e-08,8.15083112e-08,0,1.14532747e-06,1.5426167e-08,0.00873763021
9.66625862e-07,1.53264722e-07,0.00873763487,5.71148355e-08,1.4640225e-08,8.15096683e-08,0,1.14532747e-06,1.54391433e-08,0.00873763021
9.675108e-07,1.53256494e-07,0.00873763487,5.71503413e-08,1.45964636e-08,8.15096897e-08,0,1.14532747e-06,1.54522564e-08,0.00873763021
9.68442237e-07,1.53278037e-07,0.00873763487,5.71544732e-08,1.4613815e-08,8.15097536e-08,0,1.14532747e-06,1.54662203e-08,0.00873763021
9.69326834e-07,1.5329735e-07,0.00873763487,5.71444545e-08,1.46419659e-08,8.1510926e-08,0,1.14532747e-06,1.54791273e-08,0.00873763021
9.70211431e-07,1.53290628e-07,0.00873763487,5.7139637e-08,1.46397996e-08,8.15111889e-08,0,1.14532747e-06,1.54916933e-08,0.00873763021
9.71142413e-07,1.53278918e-07,0.00873763487,5.71515457e-08,1.46157495e-08,8.15116223e-08,0,1.14532747e-06,1.55048845e-08,0.00873763021
9.72026555e-07,1.53250255e-07,0.00873763487,5.71792143e-08,1.45593688e-08,8.15116792e-08,0,1.14532747e-06,1.55173776e-08,0.00873763021
9.72910698e-07,1.53199068e-07,0.00873763487,5.7177747e-08,1.4508748e-08,8.15125674e-08,0,1.14532747e-06,1.55299205e-08,0.00873763021
9.73841566e-07,1.53206202e-07,0.00873763487,5.71823904e-08,1.45018149e-08,8.15219963e-08,0,1.14532747e-06,1.55430797e-08,0.00873763021
9.74725936e-07,1.53296284e-07,0.00873763487,5.72376244e-08,1.45318495e-08,8.15268137e-08,0,1.14532747e-06,1.55552442e-08,0.00873763021
9.75643502e-07,1.53376106e-07,0.00873763487,5.72888617e-08,1.45571724e-08,8.15300751e-08,0,1.14532747e-06,1.55679434e-08,0.00873763021
9.76526167e-07,1.53383652e-07,0.00873763487,5.72973669e-08,1.45476751e-08,8.15386159e-08,0,1.14532747e-06,1.55799995e-08,0.00873763021
9.77410764e-07,1.53326226e-07,0.00873763487,5.72929935e-08,1.44907037e-08,8.15425309e-08,0,1.14532747e-06,1.55922137e-08,0.00873763021
9.78341973e-07,1.53257687e-07,0.00873763487,5.72664831e-08,1.44466439e-08,8.15445631e-08,0,1.14532747e-06,1.56050888e-08,0.00873763021
9.79226456e-07,1.53231653e-07,0.00873763487,5.72597791e-08,1.44272496e-08,8.15446271e-08,0,1.14532747e-06,1.56171609e-08,0.00873763021
9.80110713e-07,1.53251577e-07,0.00873763487,5.72522403e-08,1.44537742e-08,8.1545565e-08,0,1.14532747e-06,1.56290145e-08,0.00873763021
9.81041239e-07,1.5329222e-07,0.00873763487,5.72474299e-08,1.4497421e-08,8.15473697e-08,0,1.14532747e-06,1.5641449e-08,0.00873763021
9.81925382e-07,1.53313465e-07,0.00873763487,5.72482719e-08,1.45144918e-08,8.15507022e-08,0,1.14532747e-06,1.56530469e-08,0.00873763021
9.82809411e-07,1.53251989e-07,0.00873763487,5.72207632e-08,1.44753809e-08,8.15558465e-08,0,1.14532747e-06,1.56646482e-08,0.00873763021
9.83739938e-07,1.53215822e-07,0.00873763487,5.72207384e-08,1.4435515e-08,8.15595698e-08,0,1.14532747e-06,1.56768412e-08,0.00873763021
9.8462408e-07,1.53219077e-07,0.00873763487,5.72516434e-08,1.43965213e-08,8.15709171e-08,0,1.14532747e-06,1.56884159e-08,0.00873763021
9.85541419e-07,1.53283111e-07,0.00873763487,5.7295118e-08,1.44118051e-08,8.15761894e-08,0,1.14532747e-06,1.57005982e-08,0.00873763021
9.86426357e-07,1.53393046e-07,0.00873763487,5.73204808e-08,1.44947396e-08,8.15778236e-08,0,1.14532747e-06,1.57120432e-08,0.00873763021
9.8731141e-07,1.53451268e-07,0.00873763487,5.73281547e-08,1.45425387e-08,8.15805734e-08,0,1.14532747e-06,1.57234208e-08,0.00873763021
9.88242732e-07,1.53463873e-07,0.00873763487,5.73525121e-08,1.45293804e-08,8.15819732e-08,0,1.14532747e-06,1.57352638e-08,0.00873763021
9.89127329e-07,1.5343592e-07,0.00873763487,5.73469663e-08,1.45060408e-08,8.15829182e-08,0,1.14532747e-06,1.57466022e-08,0.00873763021
9.9001204e-07,1.53424125e-07,0.00873763487,5.73398076e-08,1.44994949e-08,8.15848296e-08,0,1.14532747e-06,1.57579532e-08,0.00873763021
9.90943477e-07,1.5340845e-07,0.00873763487,5.73321515e-08,1.44894123e-08,8.15868901e-08,0,1.14532747e-06,1.57698885e-08,0.00873763021
9.91828415e-07,1.53417886e-07,0.00873763487,5.73162957e-08,1.45117189e-08,8.15898744e-08,0,1.14532747e-06,1.57810582e-08,0.00873763021
9.92713467e-07,1.53442798e-07,0.00873763487,5.73040246e-08,1.45457983e-08,8.15929724e-08,0,1.14532747e-06,1.57921356e-08,0.00873763021
9.93645131e-07,1.53419805e-07,0.00873763487,5.7305293e-08,1.45178873e-08,8.15966246e-08,0,1.14532747e-06,1.58036695e-08,0.00873763021
9.94530183e-07,1.53367708e-07,0.00873763487,5.73205696e-08,1.44467274e-08,8.16004118e-08,0,1.14532747e-06,1.5814571e-08,0.00873763021
9.95415348e-07,1.53381791e-07,0.00873763487,5.73710395e-08,1.44060381e-08,8.16047034e-08,0,1.14532747e-06,1.58254405e-08,0.00873763021
9.96327117e-07,1.53375197e-07,0.00873763487,5.7376333e-08,1.43887036e-08,8.16101533e-08,0,1.14545037e-06,1.58377045e-08,0.00873763021
9.97200004e-07,1.53396456e-07,0.00873763487,5.73877372e-08,1.43963534e-08,8.16123631e-08,0,1.1454722e-06,1.58487321e-08,0.00873763021
9.98131782e-07,1.53427578e-07,0.00873763487,5.73840282e-08,1.4427413e-08,8.1616129e-08,0,1.1454722e-06,1.5860067e-08,0.00873763021
9.99016606e-07,1.53429653e-07,0.00873763487,5.73826036e-08,1.44248284e-08,8.16222254e-08,0,1.1454722e-06,1.58705156e-08,0.00873763021
9.99901658e-07,1.53430165e-07,0.00873763487,5.73939047e-08,1.44115866e-08,8.16246768e-08,0,1.1454722e-06,1.58810511e-08,0.00873763021
1.00083309e-06,1.53448426e-07,0.00873763487,5.7399685e-08,1.44185934e-08,8.16301409e-08,0,1.1454722e-06,1.58922564e-08,0.00873763021
1.00171781e-06,1.53469543e-07,0.00873763487,5.74119881e-08,1.44201149e-08,8.16374381e-08,0,1.1454722e-06,1.59030922e-08,0.00873763021
1.00263071e-06,1.53458117e-07,0.00873763487,5.73963561e-08,1.44190642e-08,8.16426962e-08,0,1.14553245e-06,1.5914571e-08,0.00873763021
1.00351326e-06,1.53486738e-07,0.00873763487,5.74081938e-08,1.44348888e-08,8.16436554e-08,0,1.14553291e-06,1.59251314e-08,0.00873763021
1.00444413e-06,1.53496075e-07,0.00873763487,5.74181556e-08,1.44342174e-08,8.16437051e-08,0,1.14553291e-06,1.5936001e-08,0.00873763021
1.00532839e-06,1.53497325e-07,0.00873763487,5.74374646e-08,1.4414173e-08,8.16456946e-08,0,1.14553291e-06,1.59462754e-08,0.00873763021
1.00621298e-06,1.53473721e-07,0.00873763487,5.74470072e-08,1.43773473e-08,8.16493682e-08,0,1.14553291e-06,1.59565428e-08,0.00873763021
1.00714431e-06,1.53455645e-07,0.00873763487,5.74377843e-08,1.4365674e-08,8.16521819e-08,0,1.14553291e-06,1.59675864e-08,0.00873763021
1.00802913e-06,1.53514804e-07,0.00873763487,5.74592498e-08,1.43990775e-08,8.16564736e-08,0,1.14553291e-06,1.59780811e-08,0.00873763021
1.0089143e-06,1.53565793e-07,0.00873763487,5.74766261e-08,1.44275711e-08,8.16615966e-08,0,1.14553291e-06,1.59882685e-08,0.00873763021
1.00984607e-06,1.53596844e-07,0.00873763394,5.74843604e-08,1.44448835e-08,8.16676007e-08,0,1.14553291e-06,1.59987437e-08,0.00873763021
1.0107218e-06,1.53536959e-07,0.00873763487,5.7472139e-08,1.43920582e-08,8.16727592e-08,0,1.14553291e-06,1.60086895e-08,0.00873763021
1.01160686e-06,1.53476066e-07,0.00873763487,5.74404453e-08,1.43603991e-08,8.16752177e-08,0,1.14553291e-06,1.60189106e-08,0.00873763021
1.01253818e-06,1.53511778e-07,0.00873763487,5.745094e-08,1.43828043e-08,8.16780314e-08,0,1.14553291e-06,1.60297162e-08,0.00873763021
1.01342289e-06,1.53596872e-07,0.00873763394,5.74967771e-08,1.44191032e-08,8.16809944e-08,0,1.14553291e-06,1.60398059e-08,0.00873763021
1.01429998e-06,1.53632854e-07,0.00873763394,5.75200474e-08,1.44307686e-08,8.16820389e-08,0,1.14554132e-06,1.60498477e-08,0.00873763021
1.01522846e-06,1.53619979e-07,0.00873763394,5.75326204e-08,1.44044412e-08,8.168292e-08,0,1.14554177e-06,1.60603584e-08,0.00873763021
1.01614432e-06,1.53599188e-07,0.00873763394,5.75645309e-08,1.43509924e-08,8.16836661e-08,0,1.14556826e-06,1.60707057e-08,0.00873763021
1.01700539e-06,1.53599359e-07,0.00873763394,5.75803263e-08,1.43347512e-08,8.16842842e-08,0,1.14559998e-06,1.6080504e-08,0.00873763021
1.01792818e-06,1.5364941e-07,0.00873763394,5.76005839e-08,1.4362743e-08,8.1686089e-08,0,1.14560339e-06,1.6090862e-08,0.00873763021
1.01880744e-06,1.53687367e-07,0.00873763394,5.76052308e-08,1.43949084e-08,8.16872259e-08,0,1.14560339e-06,1.61005378e-08,0.00873763021
1.01972444e-06,1.53701578e-07,0.00873763394,5.76201309e-08,1.43939696e-08,8.16874746e-08,0,1.14562181e-06,1.61106986e-08,0.00873763021
1.02060312e-06,1.53661759e-07,0.00873763394,5.76226071e-08,1.43501744e-08,8.16889809e-08,0,1.14563034e-06,1.61205289e-08,0.00873763021
1.02153456e-06,1.53584665e-07,0.00873763394,5.76091956e-08,1.4284506e-08,8.16909704e-08,0,1.14563034e-06,1.61308478e-08,0.00873763021
1.02241938e-06,1.53514648e-07,0.00873763394,5.75942849e-08,1.42293342e-08,8.16910344e-08,0,1.14563034e-06,1.61406195e-08,0.00873763021
1.02330409e-06,1.53505866e-07,0.00873763394,5.75800279e-08,1.42348062e-08,8.16910344e-08,0,1.14563034e-06,1.61503806e-08,0.00873763021
1.02423485e-06,1.53543567e-07,0.00873763394,5.75803192e-08,1.42713459e-08,8.16919012e-08,0,1.14563034e-06,1.6160504e-08,0.00873763021
1.0251191e-06,1.53522521e-07,0.00873763394,5.75816408e-08,1.42473517e-08,8.16935284e-08,0,1.14563034e-06,1.61699862e-08,0.00873763021
1.02600313e-06,1.53500835e-07,0.00873763394,5.75738497e-08,1.42332572e-08,8.16937273e-08,0,1.14563034e-06,1.61794436e-08,0.00873763021
1.02693389e-06,1.53489196e-07,0.00873763394,5.7598843e-08,1.41966217e-08,8.16937344e-08,0,1.14563034e-06,1.61893823e-08,0.00873763021
1.02781814e-06,1.53473749e-07,0.00873763394,5.76152601e-08,1.41647467e-08,8.16937344e-08,0,1.14563034e-06,1.61988858e-08,0.00873763021
1.02874651e-06,1.53553685e-07,0.00873763394,5.76478705e-08,1.42120777e-08,8.16937344e-08,0,1.14563034e-06,1.62088085e-08,0.00873763021
1.02963099e-06,1.53599402e-07,0.00873763394,5.76351091e-08,1.42705563e-08,8.16937344e-08,0,1.14563034e-06,1.62182303e-08,0.00873763021
1.03051536e-06,1.53625706e-07,0.00873763394,5.76412873e-08,1.42906842e-08,8.16937344e-08,0,1.14563034e-06,1.62275526e-08,0.00873763021
1.03144612e-06,1.53561118e-07,0.00873763394,5.7620543e-08,1.42468419e-08,8.16937344e-08,0,1.14563034e-06,1.62372107e-08,0.00873763021
1.0323306e-06,1.53497155e-07,0.00873763394,5.76037635e-08,1.41996503e-08,8.16937344e-08,0,1.14563034e-06,1.62464264e-08,0.00873763021
1.03321497e-06,1.5350345e-07,0.00873763394,5.76090891e-08,1.42006158e-08,8.16937344e-08,0,1.14563034e-06,1.62556617e-08,0.00873763021
1.03414573e-06,1.53569147e-07,0.00873763394,5.76170223e-08,1.42583811e-08,8.16937415e-08,0,1.14563034e-06,1.62652949e-08,0.00873763021
1.03502987e-06,1.5363787e-07,0.00873763394,5.76191681e-08,1.43249581e-08,8.16937415e-08,0,1.14563034e-06,1.62742122e-08,0.00873763021
1.03591412e-06,1.53668438e-07,0.00873763394,5.76294354e-08,1.43452548e-08,8.16937415e-08,0,1.14563034e-06,1.62829359e-08,0.00873763021
1.03684488e-06,1.53627724e-07,0.00873763394,5.76260817e-08,1.43079015e-08,8.16937415e-08,0,1.14563034e-06,1.62922547e-08,0.00873763021
1.03772902e-06,1.53586896e-07,0.00873763394,5.76261954e-08,1.42669547e-08,8.16937415e-08,0,1.14563034e-06,1.63013425e-08,0.00873763021
1.0386135e-06,1.53595195e-07,0.00873763394,5.7640019e-08,1.42613956e-08,8.16937771e-08,0,1.14563034e-06,1.63104215e-08,0.00873763021
1.03953312e-06,1.53670499e-07,0.00873763394,5.76589976e-08,1.43177097e-08,8.16937842e-08,0,1.14563034e-06,1.63196923e-08,0.00873763021
1.04041771e-06,1.53718688e-07,0.00873763394,5.76708743e-08,1.43540317e-08,8.16937842e-08,0,1.14563034e-06,1.63283858e-08,0.00873763021
1.0413022e-06,1.53737119e-07,0.00873763394,5.77012536e-08,1.43420653e-08,8.16938055e-08,0,1.14563034e-06,1.6336978e-08,0.00873763021
1.0422284e-06,1.53683317e-07,0.00873763394,5.77028771e-08,1.42866359e-08,8.16938055e-08,0,1.14563034e-06,1.63462541e-08,0.00873763021
1.04314609e-06,1.53617947e-07,0.00873763394,5.77059964e-08,1.42181458e-08,8.16938126e-08,0,1.14563034e-06,1.63555676e-08,0.00873763021
1.04402966e-06,1.53614891e-07,0.00873763394,5.7713482e-08,1.42075427e-08,8.16938623e-08,0,1.14563034e-06,1.63643747e-08,0.00873763021
1.04491312e-06,1.53646994e-07,0.00873763394,5.77235006e-08,1.42296228e-08,8.16938623e-08,0,1.14563034e-06,1.6372887e-08,0.00873763021
1.04584353e-06,1.53653289e-07,0.00873763394,5.77189923e-08,1.42404337e-08,8.16938623e-08,0,1.14563034e-06,1.63817102e-08,0.00873763021
1.04672006e-06,1.53643839e-07,0.00873763394,5.7726659e-08,1.4223315e-08,8.16938623e-08,0,1.14563034e-06,1.63901976e-08,0.00873763021
1.04764229e-06,1.53582519e-07,0.00873763394,5.7719955e-08,1.41686947e-08,8.16938623e-08,0,1.1456425e-06,1.63997704e-08,0.00873763021
1.04850596e-06,1.53556286e-07,0.00873763394,5.77148711e-08,1.41475525e-08,8.16938623e-08,0,1.14575323e-06,1.64085865e-08,0.00873763021
1.04943354e-06,1.53574049e-07,0.00873763394,5.77389017e-08,1.41412784e-08,8.16938623e-08,0,1.14575744e-06,1.64176281e-08,0.00873763021
1.05031847e-06,1.53622764e-07,0.00873763394,5.77821524e-08,1.41466892e-08,8.16939263e-08,0,1.14575744e-06,1.64260907e-08,0.00873763021
1.0512033e-06,1.53662683e-07,0.00873763394,5.78050141e-08,1.41637377e-08,8.16939263e-08,0,1.14575744e-06,1.64345551e-08,0.00873763021
1.05213439e-06,1.53644748e-07,0.00873763394,5.77972976e-08,1.4153521e-08,8.16939334e-08,0,1.14575744e-06,1.64435239e-08,0.00873763021
1.05300887e-06,1.5359727e-07,0.00873763394,5.77766315e-08,1.41266918e-08,8.16939547e-08,0,1.14577483e-06,1.64522316e-08,0.00873763021
1.05393929e-06,1.53560066e-07,0.00873763394,5.77715973e-08,1.40944838e-08,8.16939831e-08,0,1.14577483e-06,1.64613212e-08,0.00873763021
1.0548232e-06,1.53572017e-07,0.00873763394,5.77768873e-08,1.41011389e-08,8.16939831e-08,0,1.14577483e-06,1.64697713e-08,0.00873763021
1.0557045e-06,1.53582022e-07,0.00873763394,5.77539083e-08,1.4133807e-08,8.169431e-08,0,1.14577483e-06,1.64781664e-08,0.00873763021
1.056624e-06,1.53606251e-07,0.00873763394,5.77670924e-08,1.41444163e-08,8.16947434e-08,0,1.14577483e-06,1.64868457e-08,0.00873763021
1.05754077e-06,1.53602812e-07,0.00873763394,5.77709329e-08,1.41371297e-08,8.16947434e-08,0,1.14578802e-06,1.649558e-08,0.00873763021
1.05840184e-06,1.53567186e-07,0.00873763394,5.77589994e-08,1.4113402e-08,8.16947789e-08,0,1.14581451e-06,1.65039022e-08,0.00873763021
1.05931235e-06,1.535644e-07,0.00873763394,5.77656074e-08,1.4103847e-08,8.16949495e-08,0,1.14582849e-06,1.65127432e-08,0.00873763021
1.06024413e-06,1.53589639e-07,0.00873763394,5.77945158e-08,1.41001699e-08,8.16949566e-08,0,1.14582849e-06,1.65214633e-08,0.00873763021
1.0611277e-06,1.53616e-07,0.00873763394,5.7823204e-08,1.40978393e-08,8.16949566e-08,0,1.14582849e-06,1.65296115e-08,0.00873763021
1.06201253e-06,1.53652721e-07,0.00873763394,5.78579318e-08,1.40998271e-08,8.16949566e-08,0,1.14582849e-06,1.65377223e-08,0.00873763021
1.06294078e-06,1.53665596e-07,0.00873763394,5.78776493e-08,1.40929997e-08,8.16949566e-08,0,1.14582849e-06,1.65462364e-08,0.00873763021
1.06381447e-06,1.53636279e-07,0.00873763394,5.78629731e-08,1.40782799e-08,8.16950276e-08,0,1.14582849e-06,1.65541607e-08,0.00873763021
1.06472419e-06,1.53594357e-07,0.00873763394,5.78545638e-08,1.40445602e-08,8.16952266e-08,0,1.14582849e-06,1.65629803e-08,0.00873763021
1.06564505e-06,1.53531545e-07,0.00873763394,5.78292045e-08,1.40070693e-08,8.16952763e-08,0,1.14582849e-06,1.65715353e-08,0.00873763021
1.06652146e-06,1.53470623e-07,0.00873763394,5.78128159e-08,1.39625325e-08,8.16952763e-08,0,1.14582849e-06,1.65796159e-08,0.00873763021
1.06744551e-06,1.53470637e-07,0.00873763394,5.78133665e-08,1.39619747e-08,8.16952976e-08,0,1.14582849e-06,1.65881779e-08,0.00873763021
1.0683118e-06,1.53488386e-07,0.00873763394,5.78227777e-08,1.39703031e-08,8.16953047e-08,0,1.14582849e-06,1.65965606e-08,0.00873763021
1.06923221e-06,1.53516623e-07,0.00873763394,5.78215058e-08,1.39998209e-08,8.16953047e-08,0,1.14582849e-06,1.66051368e-08,0.00873763021
1.07010851e-06,1.53492294e-07,0.00873763394,5.78151074e-08,1.39818841e-08,8.16953047e-08,0,1.14582849e-06,1.66134146e-08,0.00873763021
1.07101846e-06,1.53506576e-07,0.00873763394,5.78276129e-08,1.39836622e-08,8.16953047e-08,0,1.14582849e-06,1.66220335e-08,0.00873763021
1.07192818e-06,1.53551696e-07,0.00873763394,5.78628523e-08,1.39935299e-08,8.16953118e-08,0,1.14582849e-06,1.66305831e-08,0.00873763021
1.07280175e-06,1.53605995e-07,0.00873763394,5.79109845e-08,1.39996699e-08,8.16953403e-08,0,1.14582849e-06,1.66386407e-08,0.00873763021
1.07371307e-06,1.5363581e-07,0.00873763394,5.79353419e-08,1.40051295e-08,8.16953474e-08,0,1.14582849e-06,1.66470926e-08,0.00873763021
1.07462654e-06,1.53618132e-07,0.00873763394,5.79244599e-08,1.3998128e-08,8.16955392e-08,0,1.14582849e-06,1.66553349e-08,0.00873763021
1.07553865e-06,1.53591472e-07,0.00873763394,5.79122421e-08,1.39836773e-08,8.16955534e-08,0,1.14582849e-06,1.66635648e-08,0.00873763021
1.07640562e-06,1.53592367e-07,0.00873763394,5.79038506e-08,1.39928966e-08,8.16956103e-08,0,1.14583702e-06,1.66718852e-08,0.00873763021
1.07731501e-06,1.53574675e-07,0.00873763394,5.78877852e-08,1.39912757e-08,8.16956103e-08,0,1.14583918e-06,1.66805112e-08,0.00873763021
1.07822632e-06,1.53582064e-07,0.00873763394,5.78555195e-08,1.40309337e-08,8.16956103e-08,0,1.14583918e-06,1.66885812e-08,0.00873763021
1.07913525e-06,1.53599743e-07,0.00873763394,5.78448685e-08,1.40592586e-08,8.16956103e-08,0,1.14583918e-06,1.66966405e-08,0.00873763021
1.08004519e-06,1.53587195e-07,0.00873763394,5.78442787e-08,1.40470213e-08,8.16959016e-08,0,1.14583918e-06,1.67047443e-08,0.00873763021
1.08091035e-06,1.53564557e-07,0.00873763394,5.78516506e-08,1.4015642e-08,8.16972658e-08,0,1.14583918e-06,1.67125744e-08,0.00873763021
1.08182144e-06,1.53542985e-07,0.00873763394,5.78604897e-08,1.39852272e-08,8.16972729e-08,0,1.14583918e-06,1.67206764e-08,0.00873763021
1.08273252e-06,1.53557437e-07,0.00873763394,5.78783741e-08,1.39817971e-08,8.16972729e-08,0,1.14583918e-06,1.67287233e-08,0.00873763021
1.08364088e-06,1.5359862e-07,0.00873763394,5.7908295e-08,1.39930556e-08,8.16972729e-08,0,1.14583918e-06,1.67368022e-08,0.00873763021
1.08450581e-06,1.53625322e-07,0.00873763394,5.79331072e-08,1.39949421e-08,8.16972729e-08,0,1.14583918e-06,1.67443162e-08,0.00873763021
1.08541371e-06,1.53607814e-07,0.00873763394,5.79165622e-08,1.39939775e-08,8.16972729e-08,0,1.14583918e-06,1.67521232e-08,0.00873763021
1.08632355e-06,1.5354486e-07,0.00873763394,5.78921764e-08,1.39554057e-08,8.16972729e-08,0,1.14583918e-06,1.67600174e-08,0.00873763021
1.08723236e-06,1.53521086e-07,0.00873763394,5.79013211e-08,1.39224987e-08,8.16972729e-08,0,1.14583918e-06,1.67680057e-08,0.00873763021
1.08814197e-06,1.5351003e-07,0.00873763394,5.7919685e-08,1.38930716e-08,8.16972729e-08,0,1.14583918e-06,1.67758589e-08,0.00873763021
1.08900451e-06,1.53539858e-07,0.00873763394,5.79391291e-08,1.39034508e-08,8.16972729e-08,0,1.14583918e-06,1.67831793e-08,0.00873763021
1.08991526e-06,1.5354054e-07,0.00873763394,5.79347166e-08,1.39085463e-08,8.16972729e-08,0,1.14583918e-06,1.67908514e-08,0.00873763021
1.09082612e-06,1.53562667e-07,0.00873763394,5.79600616e-08,1.39053373e-08,8.16972729e-08,0,1.14583918e-06,1.67986336e-08,0.00873763021
1.09173448e-06,1.53530152e-07,0.00873763394,5.79639057e-08,1.38689789e-08,8.16972729e-08,0,1.14583918e-06,1.68065153e-08,0.00873763021
1.0926434e-06,1.53491001e-07,0.00873763394,5.79626658e-08,1.38310581e-08,8.16972729e-08,0,1.14583918e-06,1.68143188e-08,0.00873763021
1.09350663e-06,1.53495918e-07,0.00873763394,5.79700412e-08,1.38286103e-08,8.16972729e-08,0,1.14583918e-06,1.68216392e-08,0.00873763021
1.09441532e-06,1.53505852e-07,0.00873763394,5.79637778e-08,1.38447964e-08,8.16972729e-08,0,1.14583918e-06,1.68291407e-08,0.00873763021
1.09532414e-06,1.53539787e-07,0.00873763394,5.79620192e-08,1.38804985e-08,8.16972729e-08,0,1.14583918e-06,1.68366974e-08,0.00873763021
1.09623375e-06,1.53548598e-07,0.00873763394,5.79489914e-08,1.390233e-08,8.16972729e-08,0,1.14583918e-06,1.6844357e-08,0.00873763021
1.09714438e-06,1.53521796e-07,0.00873763394,5.79261545e-08,1.38983687e-08,8.16972729e-08,0,1.14583918e-06,1.68521144e-08,0.00873763021
1.09800999e-06,1.53510811e-07,0.00873763394,5.79256501e-08,1.38878917e-08,8.16972729e-08,0,1.14583918e-06,1.68594116e-08,0.00873763021
1.09892119e-06,1.53502938e-07,0.00873763394,5.79319703e-08,1.38736915e-08,8.16972729e-08,0,1.14583918e-06,1.68669541e-08,0.00873763021
1.09983171e-06,1.53521242e-07,0.00873763394,5.79390509e-08,1.38849225e-08,8.16972729e-08,0,1.14583918e-06,1.68744627e-08,0.00873763021
1.10074325e-06,1.53552037e-07,0.00873763394,5.79409694e-08,1.39137928e-08,8.16972729e-08,0,1.14583918e-06,1.68818666e-08,0.00873763021
1.10160897e-06,1.53558716e-07,0.00873763394,5.79421773e-08,1.3919256e-08,8.16972801e-08,0,1.14583918e-06,1.68889347e-08,0.00873763021
1.10251949e-06,1.53583755e-07,0.00873763394,5.79846287e-08,1.39018415e-08,8.16972801e-08,0,1.14583918e-06,1.68963599e-08,0.00873763021
1.1034308e-06,1.53558744e-07,0.00873763394,5.80098245e-08,1.38516452e-08,8.16972801e-08,0,1.14583918e-06,1.69037566e-08,0.00873763021
1.10434212e-06,1.53552179e-07,0.00873763394,5.80270338e-08,1.38278642e-08,8.16972801e-08,0,1.14583918e-06,1.69110805e-08,0.00873763021
1.1052075e-06,1.53554623e-07,0.00873763394,5.80346224e-08,1.38227119e-08,8.16972801e-08,0,1.14583918e-06,1.69179355e-08,0.00873763021
1.10611802e-06,1.53578071e-07,0.00873763394,5.80369104e-08,1.38438701e-08,8.16972801e-08,0,1.14583918e-06,1.69251013e-08,0.00873763021
1.10702842e-06,1.535889e-07,0.00873763394,5.80397952e-08,1.38518272e-08,8.16972801e-08,0,1.14583918e-06,1.69324412e-08,0.00873763021
1.10793906e-06,1.53552065e-07,0.00873763394,5.80352086e-08,1.38195722e-08,8.16972801e-08,0,1.14583918e-06,1.69399126e-08,0.00873763021
1.10880364e-06,1.53513398e-07,0.00873763394,5.8022664e-08,1.37934517e-08,8.16972801e-08,0,1.14583918e-06,1.69480376e-08,0.00873763021
1.10971371e-06,1.53492522e-07,0.00873763394,5.80272221e-08,1.37679992e-08,8.16973014e-08,0,1.14583918e-06,1.69556049e-08,0.00873763021
1.11062411e-06,1.5348688e-07,0.00873763394,5.80209267e-08,1.3768652e-08,8.16973014e-08,0,1.14583918e-06,1.69630958e-08,0.00873763021
1.11153474e-06,1.53494469e-07,0.00873763394,5.80190331e-08,1.37781306e-08,8.16973014e-08,0,1.14583918e-06,1.69705086e-08,0.00873763021
1.11244447e-06,1.53493573e-07,0.00873763394,5.80088404e-08,1.3787429e-08,8.16973014e-08,0,1.14583918e-06,1.69779568e-08,0.00873763021
1.11330939e-06,1.53516524e-07,0.00873763394,5.80305972e-08,1.37886298e-08,8.16973014e-08,0,1.14583918e-06,1.69850018e-08,0.00873763021
1.11422003e-06,1.53534742e-07,0.00873763394,5.80587454e-08,1.37786689e-08,8.16973227e-08,0,1.14583918e-06,1.69924519e-08,0.00873763021
1.11512497e-06,1.5353622e-07,0.00873763394,5.80720467e-08,1.37668525e-08,8.16973227e-08,0,1.14583918e-06,1.69997403e-08,0.00873763021
1.11603447e-06,1.53528219e-07,0.00873763394,5.80651438e-08,1.37657423e-08,8.16973227e-08,0,1.14583918e-06,1.7006986e-08,0.00873763021
1.11694442e-06,1.53562254e-07,0.00873763394,5.80664015e-08,1.37985259e-08,8.16973227e-08,0,1.14583918e-06,1.70142407e-08,0.00873763021
1.11780889e-06,1.53579336e-07,0.00873763394,5.80580881e-08,1.38239225e-08,8.16973227e-08,0,1.14583918e-06,1.70210868e-08,0.00873763021
1.11871873e-06,1.53571108e-07,0.00873763394,5.80514694e-08,1.38223157e-08,8.16973227e-08,0,1.14583918e-06,1.70282508e-08,0.00873763021
1.11962868e-06,1.53524709e-07,0.00873763394,5.80322776e-08,1.37951082e-08,8.16973227e-08,0,1.14583918e-06,1.70353385e-08,0.00873763021
1.12053783e-06,1.53492195e-07,0.00873763394,5.80196264e-08,1.37752387e-08,8.16973227e-08,0,1.14583918e-06,1.7043309e-08,0.00873763021
1.12140174e-06,1.53490447e-07,0.00873763394,5.80151394e-08,1.37779548e-08,8.16973582e-08,0,1.14583918e-06,1.70503682e-08,0.00873763021
1.12231112e-06,1.53543525e-07,0.00873763394,5.8032267e-08,1.38138931e-08,8.16973582e-08,0,1.14583918e-06,1.70576175e-08,0.00873763021
1.12322039e-06,1.5358907e-07,0.00873763394,5.80518815e-08,1.38398297e-08,8.16973582e-08,0,1.14583918e-06,1.70648971e-08,0.00873763021
1.12412999e-06,1.53627255e-07,0.008737633,5.80980704e-08,1.38318264e-08,8.16973582e-08,0,1.14584338e-06,1.70725407e-08,0.00873763021
1.12503972e-06,1.53632826e-07,0.008737633,5.81313948e-08,1.38040797e-08,8.16973582e-08,0,1.14587999e-06,1.70801453e-08,0.00873763021
1.12590396e-06,1.53636009e-07,0.008737633,5.81531303e-08,1.37855203e-08,8.16973582e-08,0,1.14588181e-06,1.70871388e-08,0.00873763021
1.12681403e-06,1.53643086e-07,0.008737633,5.81592978e-08,1.37864316e-08,8.16973582e-08,0,1.14590068e-06,1.70944148e-08,0.00873763021
1.12772341e-06,1.5366281e-07,0.008737633,5.8170933e-08,1.37945273e-08,8.16973582e-08,0,1.14594491e-06,1.71017209e-08,0.00873763021
1.12863188e-06,1.53722837e-07,0.008737633,5.82096895e-08,1.38157912e-08,8.16973582e-08,0,1.14600834e-06,1.71091319e-08,0.00873763021
1.12954024e-06,1.53750207e-07,0.008737633,5.82242272e-08,1.38286165e-08,8.16973582e-08,0,1.14611214e-06,1.71164203e-08,0.00873763021
1.13040323e-06,1.53759956e-07,0.008737633,5.82451527e-08,1.38172869e-08,8.16975216e-08,0,1.14624629e-06,1.71232823e-08,0.00873763021
1.13131057e-06,1.53736536e-07,0.00873763394,5.82494835e-08,1.37895295e-08,8.16975216e-08,0,1.14641477e-06,1.7130585e-08,0.00873763021
1.13221608e-06,1.5376861e-07,0.00873763394,5.82747326e-08,1.37960878e-08,8.16977845e-08,0,1.14660372e-06,1.71382872e-08,0.00873763021
1.13312103e-06,1.53864391e-07,0.00873763394,5.83392215e-08,1.38269458e-08,8.1698218e-08,0,1.14678096e-06,1.71461529e-08,0.00873763021
1.13402234e-06,1.53981205e-07,0.00873763394,5.84186175e-08,1.38640415e-08,8.16985448e-08,0,1.14699787e-06,1.7154008e-08,0.00873763021
1.13492672e-06,1.54081846e-07,0.00873763394,5.85028417e-08,1.38803999e-08,8.16986088e-08,0,1.14724332e-06,1.71626358e-08,0.00873763021
1.13583292e-06,1.5413859e-07,0.00873763394,5.85734341e-08,1.38660994e-08,8.16990564e-08,0,1.14748161e-06,1.71715921e-08,0.00873763021
1.13673912e-06,1.54251765e-07,0.00873763394,5.86850888e-08,1.3866214e-08,8.17004633e-08,0,1.14785075e-06,1.71799481e-08,0.00873763021
1.13760029e-06,1.54446852e-07,0.00873763394,5.884554e-08,1.39006193e-08,8.17006907e-08,0,1.14832778e-06,1.71876753e-08,0.00873763021
1.13850626e-06,1.54750353e-07,0.00873763394,5.90549512e-08,1.39941774e-08,8.17012165e-08,0,1.14901025e-06,1.71959336e-08,0.00873763021
1.13941132e-06,1.55098832e-07,0.00873763394,5.92639857e-08,1.4132751e-08,8.17020904e-08,0,1.14982379e-06,1.72042736e-08,0.00873763021
1.14031479e-06,1.5538177e-07,0.00873763394,5.93789373e-08,1.42989052e-08,8.17039378e-08,0,1.15061778e-06,1.72164967e-08,0.00873763021
1.14121883e-06,1.55625187e-07,0.00873763394,5.95203566e-08,1.43975658e-08,8.17072632e-08,0,1.15130138e-06,1.72287962e-08,0.00873763021
1.14212378e-06,1.55682102e-07,0.00873763394,5.95514926e-08,1.44193066e-08,8.17112991e-08,0,1.1520234e-06,1.72410584e-08,0.00873763021
1.14303145e-06,1.55187067e-07,0.00873763487,5.91236571e-08,1.43447139e-08,8.17186958e-08,0,1.15221485e-06,1.72628294e-08,0.00873763021
1.14394129e-06,1.55143084e-07,0.00873763487,5.91328799e-08,1.42886529e-08,8.17215593e-08,0,1.15221485e-06,1.72808825e-08,0.00873763021
1.1448152e-06,1.5517584e-07,0.00873763487,5.92105849e-08,1.42423566e-08,8.17228951e-08,0,1.15221485e-06,1.72960686e-08,0.00873763021
1.14573822e-06,1.55191941e-07,0.00873763487,5.92479132e-08,1.4219582e-08,8.17244441e-08,0,1.15221485e-06,1.73110717e-08,0.00873763021
1.14661009e-06,1.55236307e-07,0.00873763487,5.92771521e-08,1.42341436e-08,8.17250054e-08,0,1.15221485e-06,1.73245578e-08,0.00873763021
1.14751958e-06,1.55217933e-07,0.00873763487,5.92630265e-08,1.4228708e-08,8.1726192e-08,0,1.15221485e-06,1.73378059e-08,0.00873763021
1.14842987e-06,1.55259485e-07,0.00873763487,5.92869007e-08,1.4243505e-08,8.17290839e-08,0,1.15221485e-06,1.73506223e-08,0.00873763021
1.14934096e-06,1.55338356e-07,0.00873763394,5.93305742e-08,1.4278033e-08,8.17297447e-08,0,1.15221485e-06,1.73632166e-08,0.00873763021
1.15020532e-06,1.55356801e-07,0.00873763394,5.93010157e-08,1.43211034e-08,8.17346759e-08,0,1.15221485e-06,1.73749388e-08,0.00873763021
1.15111516e-06,1.55326305e-07,0.00873763394,5.92613176e-08,1.43226186e-08,8.17423711e-08,0,1.15221485e-06,1.73867285e-08,0.00873763021
1.15202363e-06,1.55324457e-07,0.00873763394,5.9281831e-08,1.42965071e-08,8.17461228e-08,0,1.15221485e-06,1.73982819e-08,0.00873763021
1.15293551e-06,1.55277633e-07,0.00873763394,5.92394755e-08,1.42904399e-08,8.17477215e-08,0,1.15221485e-06,1.74096471e-08,0.00873763021
1.15380419e-06,1.55217464e-07,0.00873763394,5.91939084e-08,1.42692071e-08,8.17543437e-08,0,1.15221485e-06,1.74207031e-08,0.00873763021
1.15471289e-06,1.55203992e-07,0.00873763394,5.91873395e-08,1.42599887e-08,8.17566672e-08,0,1.15221485e-06,1.7431784e-08,0.00873763021
1.15562455e-06,1.55243725e-07,0.00873763394,5.9220099e-08,1.42650896e-08,8.17585359e-08,0,1.15221485e-06,1.74424475e-08,0.00873763021
1.15653654e-06,1.55271621e-07,0.00873763394,5.92433302e-08,1.42685694e-08,8.17597154e-08,0,1.15221485e-06,1.74530452e-08,0.00873763021
1.15740499e-06,1.55310062e-07,0.00873763394,5.92552567e-08,1.42948444e-08,8.1759957e-08,0,1.15221485e-06,1.74631634e-08,0.00873763021
1.15832552e-06,1.55275245e-07,0.00873763394,5.9252244e-08,1.4262926e-08,8.17600778e-08,0,1.15221485e-06,1.74737256e-08,0.00873763021
1.15924081e-06,1.55265809e-07,0.00873763394,5.92708673e-08,1.42338701e-08,8.17610726e-08,0,1.15221485e-06,1.74840196e-08,0.00873763021
1.16011245e-06,1.55327257e-07,0.00873763394,5.93109313e-08,1.42529766e-08,8.17633463e-08,0,1.15221485e-06,1.74936226e-08,0.00873763021
1.16102569e-06,1.55378288e-07,0.00873763394,5.9319138e-08,1.42937813e-08,8.17653643e-08,0,1.15221485e-06,1.75035684e-08,0.00873763021
1.16193746e-06,1.55377421e-07,0.00873763394,5.92953704e-08,1.43155674e-08,8.17664798e-08,0,1.15221485e-06,1.75132548e-08,0.00873763021
1.16280239e-06,1.55383816e-07,0.00873763394,5.92993459e-08,1.43179308e-08,8.17665367e-08,0,1.15221485e-06,1.75225559e-08,0.00873763021
1.16371257e-06,1.55397188e-07,0.00873763394,5.92909615e-08,1.43386361e-08,8.17676025e-08,0,1.15221485e-06,1.75320345e-08,0.00873763021
1.16462752e-06,1.55387454e-07,0.00873763394,5.92979283e-08,1.43213246e-08,8.17682064e-08,0,1.15221485e-06,1.75414279e-08,0.00873763021
1.16553576e-06,1.55383589e-07,0.00873763394,5.92948943e-08,1.43204328e-08,8.17682704e-08,0,1.15221485e-06,1.75509864e-08,0.00873763021
1.16644401e-06,1.55378956e-07,0.00873763394,5.92625327e-08,1.43480978e-08,8.17683201e-08,0,1.15221485e-06,1.75604153e-08,0.00873763021
1.16730769e-06,1.55425454e-07,0.00873763394,5.92781433e-08,1.43789336e-08,8.17683841e-08,0,1.15221485e-06,1.75691728e-08,0.00873763021
1.16821798e-06,1.55426576e-07,0.00873763394,5.9289885e-08,1.43682826e-08,8.17683983e-08,0,1.15221485e-06,1.75784542e-08,0.00873763021
1.1691277e-06,1.5538582e-07,0.00873763394,5.9286549e-08,1.43296282e-08,8.17696488e-08,0,1.15221485e-06,1.75876256e-08,0.00873763021
1.17003594e-06,1.55343272e-07,0.00873763394,5.9297804e-08,1.42753649e-08,8.17700965e-08,0,1.15221485e-06,1.75967028e-08,0.00873763021
1.17094407e-06,1.55328848e-07,0.00873763394,5.93191167e-08,1.42394949e-08,8.17702457e-08,0,1.15221485e-06,1.76057178e-08,0.00873763021
1.17180628e-06,1.5532936e-07,0.00873763394,5.93486575e-08,1.42104311e-08,8.1770267e-08,0,1.15221485e-06,1.76142656e-08,0.00873763021
1.1727135e-06,1.55321473e-07,0.00873763394,5.93675686e-08,1.41835343e-08,8.17703665e-08,0,1.15221485e-06,1.76232646e-08,0.00873763021
1.17362276e-06,1.55265298e-07,0.00873763394,5.93703788e-08,1.41244634e-08,8.17704517e-08,0,1.15222565e-06,1.7632674e-08,0.00873763021
1.17453203e-06,1.55233408e-07,0.00873763394,5.93768661e-08,1.40860861e-08,8.17704588e-08,0,1.15222565e-06,1.76415575e-08,0.00873763021
1.17544073e-06,1.55181553e-07,0.00873763394,5.93874638e-08,1.40235992e-08,8.17704802e-08,0,1.15228886e-06,1.76531696e-08,0.00873763021
1.17630452e-06,1.55204447e-07,0.00873763394,5.93864193e-08,1.40474778e-08,8.17705512e-08,0,1.15228886e-06,1.76614048e-08,0.00873763021
1.17721504e-06,1.55196332e-07,0.00873763394,5.93590066e-08,1.40667735e-08,8.17705512e-08,0,1.15228886e-06,1.7670029e-08,0.00873763021
1.17812556e-06,1.55173225e-07,0.00873763394,5.93132832e-08,1.40893945e-08,8.17705512e-08,0,1.15228886e-06,1.76786692e-08,0.00873763021
1.1790346e-06,1.55152591e-07,0.00873763394,5.92927876e-08,1.40892578e-08,8.17705512e-08,0,1.15228886e-06,1.76871477e-08,0.00873763021
1.17994455e-06,1.55148982e-07,0.00873763394,5.93073715e-08,1.40710581e-08,8.17705512e-08,0,1.15228886e-06,1.76955872e-08,0.00873763021
1.18081061e-06,1.55186001e-07,0.00873763394,5.93305778e-08,1.40848782e-08,8.17705512e-08,0,1.15228886e-06,1.77035187e-08,0.00873763021
1.18172261e-06,1.55195806e-07,0.00873763394,5.93509242e-08,1.40743355e-08,8.17705512e-08,0,1.15228886e-06,1.77120345e-08,0.00873763021
1.18263779e-06,1.55207616e-07,0.00873763394,5.93274088e-08,1.41096441e-08,8.17705583e-08,0,1.15228886e-06,1.77205326e-08,0.00873763021
1.18351215e-06,1.55264615e-07,0.00873763394,5.93343223e-08,1.41597258e-08,8.17705725e-08,0,1.15228886e-06,1.77287482e-08,0.00873763021
1.184437e-06,1.55290124e-07,0.00873763394,5.93479506e-08,1.41716026e-08,8.17705725e-08,0,1.15228886e-06,1.77371877e-08,0.00873763021
1.18532159e-06,1.55280247e-07,0.00873763394,5.93382694e-08,1.41713832e-08,8.17705867e-08,0,1.15228886e-06,1.77451955e-08,0.00873763021
1.18623848e-06,1.552892e-07,0.00873763394,5.93442557e-08,1.4172838e-08,8.17721073e-08,0,1.15228886e-06,1.77539032e-08,0.00873763021
1.18710841e-06,1.55310019e-07,0.00873763394,5.93452398e-08,1.41923158e-08,8.17724626e-08,0,1.15228886e-06,1.77618169e-08,0.00873763021
1.1880395e-06,1.55331449e-07,0.00873763394,5.93625771e-08,1.41941019e-08,8.17747718e-08,0,1.15228886e-06,1.77702866e-08,0.00873763021
1.18890398e-06,1.55339222e-07,0.00873763394,5.93668155e-08,1.41955763e-08,8.17768324e-08,0,1.15228886e-06,1.77778929e-08,0.00873763021
1.18981325e-06,1.55339322e-07,0.00873763394,5.93684142e-08,1.41940575e-08,8.17768537e-08,0,1.15228886e-06,1.77859398e-08,0.00873763021
1.19072183e-06,1.55359416e-07,0.00873763394,5.9359504e-08,1.42230663e-08,8.17768537e-08,0,1.15228886e-06,1.77939281e-08,0.00873763021
1.19163622e-06,1.55316428e-07,0.00873763394,5.93246057e-08,1.42145637e-08,8.17772658e-08,0,1.15229909e-06,1.78023445e-08,0.00873763021
1.19254321e-06,1.55294231e-07,0.00873763394,5.93453287e-08,1.41716212e-08,8.1777273e-08,0,1.15229909e-06,1.78104003e-08,0.00873763021
1.19341576e-06,1.55306111e-07,0.00873763394,5.93563598e-08,1.41724774e-08,8.17772801e-08,0,1.15229909e-06,1.78183619e-08,0.00873763021
1.19432536e-06,1.55291687e-07,0.00873763394,5.93433604e-08,1.41707437e-08,8.17775785e-08,0,1.15229909e-06,1.78262489e-08,0.00873763021
1.19524077e-06,1.55267372e-07,0.00873763394,5.93327272e-08,1.41570284e-08,8.17776211e-08,0,1.15229909e-06,1.78341537e-08,0.00873763021
1.19610661e-06,1.55218629e-07,0.00873763394,5.9308455e-08,1.41325476e-08,8.17776211e-08,0,1.15234457e-06,1.78421402e-08,0.00873763021
1.19702133e-06,1.55208326e-07,0.00873763394,5.92839733e-08,1.41423806e-08,8.17819696e-08,0,1.15239845e-06,1.78502439e-08,0.00873763021
1.19792969e-06,1.5518691e-07,0.00873763394,5.92741429e-08,1.4126293e-08,8.17864816e-08,0,1.15241028e-06,1.78582393e-08,0.00873763021
1.19884351e-06,1.552079e-07,0.00873763394,5.92992784e-08,1.41221079e-08,8.178651e-08,0,1.15244768e-06,1.78661725e-08,0.00873763021
1.19971332e-06,1.55246624e-07,0.00873763394,5.93231277e-08,1.41369911e-08,8.178651e-08,0,1.15247963e-06,1.78735196e-08,0.00873763021
1.2006326e-06,1.55258846e-07,0.00873763394,5.93473537e-08,1.4124991e-08,8.178651e-08,0,1.15248304e-06,1.78812023e-08,0.00873763021
1.20150617e-06,1.55282777e-07,0.00873763394,5.93755303e-08,1.41207437e-08,8.178651e-08,0,1.15248304e-06,1.7888441e-08,0.00873763021
1.20243442e-06,1.55298295e-07,0.00873763394,5.93916667e-08,1.41201211e-08,8.178651e-08,0,1.15248304e-06,1.78960917e-08,0.00873763021
1.20331924e-06,1.5529767e-07,0.00873763394,5.94085421e-08,1.41026151e-08,8.178651e-08,0,1.15248304e-06,1.79034316e-08,0.00873763021
1.20420395e-06,1.55301151e-07,0.00873763394,5.94132068e-08,1.41014347e-08,8.178651e-08,0,1.15248304e-06,1.79108159e-08,0.00873763021
1.20513505e-06,1.55310403e-07,0.00873763394,5.94067053e-08,1.41171954e-08,8.178651e-08,0,1.15248304e-06,1.79184312e-08,0.00873763021
1.20601464e-06,1.5532332e-07,0.00873763394,5.94090999e-08,1.4127715e-08,8.178651e-08,0,1.15248304e-06,1.79255508e-08,0.00873763021
1.20694551e-06,1.55308712e-07,0.00873763394,5.93984844e-08,1.41236844e-08,8.17865384e-08,0,1.15248304e-06,1.79329813e-08,0.00873763021
1.20782818e-06,1.5529568e-07,0.00873763394,5.93917413e-08,1.41174032e-08,8.17865384e-08,0,1.15248304e-06,1.79402573e-08,0.00873763021
1.20870993e-06,1.55256288e-07,0.00873763394,5.93728089e-08,1.40969378e-08,8.17865384e-08,0,1.15248304e-06,1.79475848e-08,0.00873763021
1.20964012e-06,1.55214636e-07,0.00873763394,5.93627405e-08,1.40653436e-08,8.17865526e-08,0,1.15248304e-06,1.79551662e-08,0.00873763021
1.21052483e-06,1.55191444e-07,0.00873763394,5.93639626e-08,1.40408236e-08,8.17866521e-08,0,1.1525043e-06,1.79645223e-08,0.00873763021
1.21140965e-06,1.5516531e-07,0.00873763394,5.93375731e-08,1.40410341e-08,8.1786709e-08,0,1.15250464e-06,1.7971777e-08,0.00873763021
1.21234109e-06,1.55183116e-07,0.00873763394,5.93542033e-08,1.40421825e-08,8.17867374e-08,0,1.15250464e-06,1.79792039e-08,0.00873763021
1.21322603e-06,1.55206422e-07,0.00873763394,5.93785856e-08,1.40410998e-08,8.17867374e-08,0,1.15250464e-06,1.79862276e-08,0.00873763021
1.21411085e-06,1.55218558e-07,0.00873763394,5.94133738e-08,1.40184495e-08,8.17867374e-08,0,1.15250464e-06,1.7993278e-08,0.00873763021
1.21503933e-06,1.55248046e-07,0.00873763394,5.94480021e-08,1.40131631e-08,8.17868795e-08,0,1.15250464e-06,1.80007618e-08,0.00873763021
1.21591518e-06,1.55223304e-07,0.00873763394,5.94454157e-08,1.39910084e-08,8.17868795e-08,0,1.15250464e-06,1.80077055e-08,0.00873763021
1.21683263e-06,1.5520807e-07,0.00873763394,5.94448757e-08,1.3976317e-08,8.17868795e-08,0,1.15250464e-06,1.80150064e-08,0.00873763021
1.217717e-06,1.5520591e-07,0.00873763394,5.9438154e-08,1.3980884e-08,8.17868795e-08,0,1.15250464e-06,1.80220336e-08,0.00873763021
1.21863991e-06,1.55257581e-07,0.00873763394,5.94525638e-08,1.4018144e-08,8.17868795e-08,0,1.15251862e-06,1.80305353e-08,0.00873763021
1.21952451e-06,1.55277348e-07,0.00873763394,5.94552922e-08,1.40351526e-08,8.17869008e-08,0,1.15251862e-06,1.80374204e-08,0.00873763021
1.22040899e-06,1.55282294e-07,0.00873763394,5.94451635e-08,1.40465248e-08,8.17906027e-08,0,1.15251862e-06,1.80442932e-08,0.00873763021
1.22133713e-06,1.5528407e-07,0.00873763394,5.94606604e-08,1.40300562e-08,8.17933525e-08,0,1.15257137e-06,1.80535711e-08,0.00873763021
1.22222139e-06,1.55288078e-07,0.00873763394,5.94624687e-08,1.403225e-08,8.17933596e-08,0,1.15257137e-06,1.80604491e-08,0.00873763021
1.22310564e-06,1.55301322e-07,0.00873763394,5.945369e-08,1.40542467e-08,8.17933881e-08,0,1.1526464e-06,1.80695743e-08,0.00873763021
1.22403651e-06,1.55289129e-07,0.00873763394,5.94400476e-08,1.40556864e-08,8.17934023e-08,0,1.15271985e-06,1.80781168e-08,0.00873763021
1.22491895e-06,1.55392982e-07,0.00873763394,5.95320273e-08,1.40675587e-08,8.17934023e-08,0,1.15290493e-06,1.80852293e-08,0.00873763021
1.22583265e-06,1.55535091e-07,0.00873763487,5.96419198e-08,1.40809879e-08,8.18121819e-08,0,1.15367459e-06,1.80998274e-08,0.00873763021
1.2267119e-06,1.55601498e-07,0.00873763394,5.96720184e-08,1.40944882e-08,8.18349903e-08,0,1.15370733e-06,1.81083326e-08,0.00873763021
1.22764277e-06,1.55606514e-07,0.00873763394,5.96761538e-08,1.40923238e-08,8.18380315e-08,0,1.15370733e-06,1.81160456e-08,0.00873763021
1.22852748e-06,1.55521093e-07,0.00873763487,5.9617463e-08,1.40655896e-08,8.18380457e-08,0,1.15370733e-06,1.81233268e-08,0.00873763021
1.22940924e-06,1.55547369e-07,0.00873763487,5.96387935e-08,1.40705314e-08,8.18380528e-08,0,1.15370733e-06,1.81306667e-08,0.00873763021
1.23034033e-06,1.55583834e-07,0.00873763394,5.96789036e-08,1.40668757e-08,8.18380528e-08,0,1.15370733e-06,1.81384099e-08,0.00873763021
1.23122481e-06,1.55567733e-07,0.00873763394,5.96755569e-08,1.40541196e-08,8.18380528e-08,0,1.15370733e-06,1.81456539e-08,0.00873763021
1.2321093e-06,1.55532931e-07,0.00873763487,5.96387579e-08,1.40561198e-08,8.18380528e-08,0,1.15370733e-06,1.81530435e-08,0.00873763021
1.23304039e-06,1.55516616e-07,0.00873763487,5.96181877e-08,1.40603795e-08,8.18380528e-08,0,1.15370733e-06,1.81608062e-08,0.00873763021
1.23392488e-06,1.55554872e-07,0.00873763394,5.96183867e-08,1.40984167e-08,8.18380599e-08,0,1.15370733e-06,1.8168274e-08,0.00873763021
1.23480913e-06,1.55642127e-07,0.00873763394,5.96931571e-08,1.41105687e-08,8.18384081e-08,0,1.15371154e-06,1.81760118e-08,0.00873763021
1.23574023e-06,1.55600006e-07,0.00873763394,5.97045116e-08,1.40546845e-08,8.18408026e-08,0,1.15371154e-06,1.81837265e-08,0.00873763021
1.23662198e-06,1.55549074e-07,0.00873763394,5.96494445e-08,1.4048835e-08,8.18507928e-08,0,1.15371154e-06,1.81911535e-08,0.00873763021
1.23750692e-06,1.55561011e-07,0.00873763394,5.96477534e-08,1.40595802e-08,8.18536847e-08,0,1.15371154e-06,1.81983602e-08,0.00873763021
1.23843836e-06,1.55604852e-07,0.00873763394,5.96956014e-08,1.40555665e-08,8.18536847e-08,0,1.15371154e-06,1.82058599e-08,0.00873763021
1.2393233e-06,1.55637963e-07,0.00873763394,5.97111125e-08,1.40728513e-08,8.18539903e-08,0,1.15371154e-06,1.82129369e-08,0.00873763021
1.24020835e-06,1.5564467e-07,0.00873763394,5.97089169e-08,1.4079963e-08,8.18557879e-08,0,1.15371154e-06,1.82198807e-08,0.00873763021
1.24114013e-06,1.55620484e-07,0.00873763394,5.97033676e-08,1.40597285e-08,8.18573866e-08,0,1.15371154e-06,1.82274018e-08,0.00873763021
1.24202529e-06,1.55568429e-07,0.00873763394,5.96876717e-08,1.40180187e-08,8.18627441e-08,0,1.15371154e-06,1.82389339e-08,0.00873763021
1.24291057e-06,1.55514329e-07,0.00873763394,5.96563865e-08,1.39942014e-08,8.1863746e-08,0,1.15371154e-06,1.82485902e-08,0.00873763021
1.24383928e-06,1.55563839e-07,0.00873763394,5.96842114e-08,1.40148027e-08,8.1864826e-08,0,1.15372256e-06,1.82571167e-08,0.00873763021
1.24472388e-06,1.55619531e-07,0.00873763394,5.97179408e-08,1.403677e-08,8.1864826e-08,0,1.15373371e-06,1.82646378e-08,0.00873763021
1.24560836e-06,1.55631838e-07,0.00873763394,5.9730155e-08,1.40368588e-08,8.1864826e-08,0,1.15373371e-06,1.82719422e-08,0.00873763021
1.24653889e-06,1.55672964e-07,0.00873763394,5.97581078e-08,1.40500296e-08,8.1864826e-08,0,1.15373371e-06,1.82797155e-08,0.00873763021
1.24742314e-06,1.55632961e-07,0.00873763394,5.97455667e-08,1.40225689e-08,8.1864826e-08,0,1.15373371e-06,1.82870643e-08,0.00873763021
1.24830115e-06,1.55640308e-07,0.00873763394,5.97485794e-08,1.40269059e-08,8.1864826e-08,0,1.15373371e-06,1.82943474e-08,0.00873763021
1.24922883e-06,1.55677711e-07,0.00873763394,5.97504126e-08,1.40618868e-08,8.18654087e-08,0,1.15373371e-06,1.83018454e-08,0.00873763021
1.25010877e-06,1.55704626e-07,0.00873763394,5.97495813e-08,1.40896352e-08,8.18654087e-08,0,1.15373371e-06,1.83089011e-08,0.00873763021
1.25103986e-06,1.55707994e-07,0.00873763394,5.97308301e-08,1.41115395e-08,8.18656289e-08,0,1.15373371e-06,1.83161735e-08,0.00873763021
1.25192435e-06,1.55652771e-07,0.00873763394,5.97175998e-08,1.40653293e-08,8.18698425e-08,0,1.15373371e-06,1.83230302e-08,0.00873763021
1.25280678e-06,1.55640848e-07,0.00873763394,5.97478618e-08,1.40210288e-08,8.18719599e-08,0,1.15373371e-06,1.83298887e-08,0.00873763021
1.25373299e-06,1.55650767e-07,0.00873763394,5.97673946e-08,1.40110767e-08,8.18722938e-08,0,1.15373371e-06,1.83371629e-08,0.00873763021
1.25460792e-06,1.55641899e-07,0.00873763394,5.97560117e-08,1.4013593e-08,8.18722938e-08,0,1.15373371e-06,1.83438296e-08,0.00873763021
1.25553333e-06,1.55643889e-07,0.00873763394,5.97432148e-08,1.40283749e-08,8.18723009e-08,0,1.15373371e-06,1.8350903e-08,0.00873763021
1.25641679e-06,1.55665575e-07,0.00873763394,5.97628684e-08,1.40304079e-08,8.18723009e-08,0,1.15373371e-06,1.83575768e-08,0.00873763021
1.25730116e-06,1.55719277e-07,0.00873763394,5.98206924e-08,1.40262904e-08,8.18723009e-08,0,1.15373803e-06,1.83644566e-08,0.00873763021
1.25822862e-06,1.55710921e-07,0.00873763394,5.9841156e-08,1.39974672e-08,8.18723009e-08,0,1.15374087e-06,1.83716118e-08,0.00873763021
1.25913539e-06,1.55660814e-07,0.00873763394,5.98148162e-08,1.39736942e-08,8.18723009e-08,0,1.15374087e-06,1.83785538e-08,0.00873763021
1.26000032e-06,1.55667223e-07,0.00873763394,5.9824437e-08,1.39704825e-08,8.18723009e-08,0,1.15374087e-06,1.83852062e-08,0.00873763021
1.26091379e-06,1.55683992e-07,0.00873763394,5.98066308e-08,1.40050576e-08,8.18723009e-08,0,1.15374087e-06,1.83922104e-08,0.00873763021
1.26182942e-06,1.55660146e-07,0.00873763394,5.97743153e-08,1.4013505e-08,8.18723294e-08,0,1.15374087e-06,1.839914e-08,0.00873763021
1.26270425e-06,1.55656977e-07,0.00873763394,5.97657817e-08,1.40188714e-08,8.18723294e-08,0,1.15374087e-06,1.84057445e-08,0.00873763021
1.26361999e-06,1.55642937e-07,0.00873763394,5.97837513e-08,1.39868526e-08,8.18723294e-08,0,1.15374087e-06,1.84127291e-08,0.00873763021
1.26454142e-06,1.55586974e-07,0.00873763394,5.97862595e-08,1.39283873e-08,8.18723294e-08,0,1.15374087e-06,1.84196747e-08,0.00873763021
1.26540453e-06,1.55575179e-07,0.00873763394,5.97875101e-08,1.39153231e-08,8.18723436e-08,0,1.15374087e-06,1.84262348e-08,0.00873763021
1.2663229e-06,1.55608561e-07,0.00873763394,5.97898122e-08,1.39464085e-08,8.18723436e-08,0,1.15374087e-06,1.84332318e-08,0.00873763021
1.2672316e-06,1.55626012e-07,0.00873763394,5.97797793e-08,1.39735263e-08,8.18727131e-08,0,1.15374087e-06,1.84400832e-08,0.00873763021
1.26810528e-06,1.55641189e-07,0.00873763394,5.97998593e-08,1.39686227e-08,8.18727131e-08,0,1.15374087e-06,1.8446606e-08,0.00873763021
1.26903376e-06,1.55623212e-07,0.00873763394,5.98012875e-08,1.39492071e-08,8.18727131e-08,0,1.15374087e-06,1.84535196e-08,0.00873763021
1.26990551e-06,1.55624861e-07,0.00873763394,5.98047833e-08,1.39473713e-08,8.18727131e-08,0,1.15374087e-06,1.84601721e-08,0.00873763021
1.27082183e-06,1.55667479e-07,0.00873763394,5.98126846e-08,1.39820449e-08,8.18727557e-08,0,1.15374087e-06,1.84672295e-08,0.00873763021
1.27170199e-06,1.55631028e-07,0.00873763394,5.97851866e-08,1.39722083e-08,8.18736368e-08,0,1.15374087e-06,1.84737878e-08,0.00873763021
1.27261853e-06,1.55622871e-07,0.00873763394,5.9781236e-08,1.39674343e-08,8.18741981e-08,0,1.15374087e-06,1.84808542e-08,0.00873763021
1.27353189e-06,1.55609342e-07,0.00873763394,5.97595431e-08,1.3975602e-08,8.18741981e-08,0,1.15374087e-06,1.84883717e-08,0.00873763021
1.2744448e-06,1.55625713e-07,0.00873763394,5.97893646e-08,1.3962147e-08,8.18741981e-08,0,1.15374087e-06,1.84957152e-08,0.00873763021
1.27531496e-06,1.5568159e-07,0.00873763394,5.98293965e-08,1.39780028e-08,8.18741981e-08,0,1.15374087e-06,1.85028792e-08,0.00873763021
1.27623048e-06,1.55703773e-07,0.00873763394,5.98284444e-08,1.40011274e-08,8.18741981e-08,0,1.15374087e-06,1.85097999e-08,0.00873763021
1.27714338e-06,1.55667578e-07,0.00873763394,5.97857053e-08,1.40076635e-08,8.18742052e-08,0,1.15374087e-06,1.851663e-08,0.00873763021
1.27800786e-06,1.55676588e-07,0.00873763394,5.98087055e-08,1.39936835e-08,8.18742052e-08,0,1.15374087e-06,1.85229752e-08,0.00873763021
1.27891963e-06,1.55686408e-07,0.00873763394,5.98323382e-08,1.39797898e-08,8.18742762e-08,0,1.15374087e-06,1.85296631e-08,0.00873763021
1.27983026e-06,1.55670676e-07,0.00873763394,5.98277339e-08,1.39686378e-08,8.18743118e-08,0,1.15374087e-06,1.85364684e-08,0.00873763021
1.28073759e-06,1.55666797e-07,0.00873763394,5.98195626e-08,1.39728753e-08,8.18743544e-08,0,1.15374087e-06,1.85434939e-08,0.00873763021
1.28160411e-06,1.55684731e-07,0.00873763394,5.98177792e-08,1.39925982e-08,8.18743615e-08,0,1.15374087e-06,1.85497839e-08,0.00873763021
1.28251634e-06,1.55664537e-07,0.00873763394,5.97987366e-08,1.399144e-08,8.18743615e-08,0,1.15374087e-06,1.85562641e-08,0.00873763021
1.28343129e-06,1.55670449e-07,0.00873763394,5.98090395e-08,1.39867469e-08,8.18746599e-08,0,1.15374087e-06,1.85627265e-08,0.00873763021
1.28434385e-06,1.55612213e-07,0.00873763394,5.9780433e-08,1.39562246e-08,8.18755623e-08,0,1.15374087e-06,1.85692333e-08,0.00873763021
1.28520799e-06,1.55604155e-07,0.00873763394,5.97619945e-08,1.39654937e-08,8.18766708e-08,0,1.15374087e-06,1.85754239e-08,0.00873763021
1.28611714e-06,1.55610181e-07,0.00873763394,5.97704854e-08,1.39630121e-08,8.18766779e-08,0,1.15374087e-06,1.85817886e-08,0.00873763021
1.28702618e-06,1.55599508e-07,0.00873763394,5.97739884e-08,1.39488421e-08,8.18766779e-08,0,1.15374087e-06,1.85883966e-08,0.00873763021
1.28793658e-06,1.55599935e-07,0.00873763394,5.97736829e-08,1.39495739e-08,8.18766779e-08,0,1.15374087e-06,1.85947719e-08,0.00873763021
1.2888097e-06,1.55602237e-07,0.00873763394,5.97735479e-08,1.39519747e-08,8.18767205e-08,0,1.15374087e-06,1.86008418e-08,0.00873763021
1.28971919e-06,1.55589873e-07,0.00873763394,5.97780385e-08,1.39325209e-08,8.1879314e-08,0,1.15374087e-06,1.86075741e-08,0.00873763021
1.29062721e-06,1.55578178e-07,0.00873763394,5.97731713e-08,1.39237342e-08,8.18812751e-08,0,1.15374087e-06,1.86142e-08,0.00873763021
1.29154205e-06,1.55576501e-07,0.00873763394,5.97815273e-08,1.391368e-08,8.18812964e-08,0,1.15374087e-06,1.86208045e-08,0.00873763021
1.29240345e-06,1.55573204e-07,0.00873763394,5.97911836e-08,1.39007241e-08,8.18812964e-08,0,1.15374087e-06,1.86267997e-08,0.00873763021
1.29331158e-06,1.55585212e-07,0.00873763394,5.97999161e-08,1.3903998e-08,8.18813035e-08,0,1.15374087e-06,1.86330862e-08,0.00873763021
1.29421653e-06,1.5555176e-07,0.00873763394,5.97812715e-08,1.38891894e-08,8.18813035e-08,0,1.15374087e-06,1.86392857e-08,0.00873763021
1.29512148e-06,1.55517881e-07,0.00873763394,5.9776859e-08,1.38597152e-08,8.18813035e-08,0,1.15374087e-06,1.86457569e-08,0.00873763021
1.29602654e-06,1.55572536e-07,0.00873763394,5.98226748e-08,1.38680951e-08,8.18817654e-08,0,1.15374087e-06,1.86527664e-08,0.00873763021
1.29693262e-06,1.55593568e-07,0.00873763394,5.98348251e-08,1.3876976e-08,8.18817654e-08,0,1.15374087e-06,1.86591578e-08,0.00873763021
1.29783848e-06,1.55570234e-07,0.00873763394,5.97874958e-08,1.39009684e-08,8.18817654e-08,0,1.15374087e-06,1.86656983e-08,0.00873763021
1.29874252e-06,1.55606287e-07,0.00873763394,5.98092171e-08,1.39152192e-08,8.18818506e-08,0,1.15374087e-06,1.86723934e-08,0.00873763021
1.29960415e-06,1.5564784e-07,0.00873763394,5.98482899e-08,1.39174574e-08,8.18820922e-08,0,1.15374087e-06,1.86785538e-08,0.00873763021
1.30051239e-06,1.55666072e-07,0.00873763394,5.98587846e-08,1.39251872e-08,8.18820993e-08,0,1.15374087e-06,1.86849807e-08,0.00873763021
1.3014178e-06,1.55657219e-07,0.00873763394,5.98304624e-08,1.39446579e-08,8.18820993e-08,0,1.15374087e-06,1.86914892e-08,0.00873763021
1.30232229e-06,1.55660217e-07,0.00873763394,5.9805771e-08,1.39723513e-08,8.18820993e-08,0,1.15374087e-06,1.86977456e-08,0.00873763021
1.30322667e-06,1.55672865e-07,0.00873763394,5.98106311e-08,1.39801317e-08,8.18820993e-08,0,1.15374087e-06,1.87040303e-08,0.00873763021
1.30413196e-06,1.55652103e-07,0.00873763394,5.98134946e-08,1.39565177e-08,8.18820993e-08,0,1.15374087e-06,1.87101428e-08,0.00873763021
1.30503804e-06,1.55616888e-07,0.00873763394,5.98053589e-08,1.39294309e-08,8.18820993e-08,0,1.15374087e-06,1.87163547e-08,0.00873763021
1.30594424e-06,1.55642965e-07,0.00873763394,5.98250338e-08,1.39358347e-08,8.18820993e-08,0,1.15374087e-06,1.8722524e-08,0.00873763021
1.30680439e-06,1.55656366e-07,0.00873763394,5.9827407e-08,1.39468552e-08,8.18820993e-08,0,1.15374087e-06,1.87283433e-08,0.00873763021
1.307709e-06,1.55613776e-07,0.00873763394,5.97975216e-08,1.39341561e-08,8.18820993e-08,0,1.15374087e-06,1.87345535e-08,0.00873763021
1.3086144e-06,1.55599452e-07,0.00873763394,5.97891372e-08,1.3928223e-08,8.18820993e-08,0,1.15374087e-06,1.87405753e-08,0.00873763021
1.30952071e-06,1.55632421e-07,0.00873763394,5.98252754e-08,1.39250478e-08,8.18820993e-08,0,1.15375997e-06,1.87477447e-08,0.00873763021
1.31042634e-06,1.55635007e-07,0.00873763394,5.98245506e-08,1.39280534e-08,8.1882412e-08,0,1.15375997e-06,1.87538305e-08,0.00873763021
1.31133152e-06,1.5560758e-07,0.00873763394,5.98187597e-08,1.39061651e-08,8.18826607e-08,0,1.15375997e-06,1.87597617e-08,0.00873763021
1.31223567e-06,1.55617471e-07,0.00873763394,5.98401755e-08,1.38946072e-08,8.18826891e-08,0,1.15375997e-06,1.8765741e-08,0.00873763021
1.31313902e-06,1.55620626e-07,0.00873763394,5.98394436e-08,1.3898485e-08,8.18826891e-08,0,1.15375997e-06,1.87718374e-08,0.00873763021
1.31404113e-06,1.55627021e-07,0.00873763394,5.98471814e-08,1.38971563e-08,8.18826891e-08,0,1.15375997e-06,1.87781204e-08,0.00873763021
1.3149363e-06,1.55629806e-07,0.00873763394,5.98596586e-08,1.3887453e-08,8.18826891e-08,0,1.15375997e-06,1.87839628e-08,0.00873763021
1.31583363e-06,1.55621777e-07,0.00873763394,5.985396e-08,1.3883164e-08,8.18846573e-08,0,1.15375997e-06,1.87898248e-08,0.00873763021
1.31673471e-06,1.55574298e-07,0.00873763394,5.98228524e-08,1.38640894e-08,8.18873573e-08,0,1.15375997e-06,1.87956086e-08,0.00873763021
1.31763704e-06,1.55578448e-07,0.00873763394,5.98210548e-08,1.38700189e-08,8.18873787e-08,0,1.15375997e-06,1.88014866e-08,0.00873763021
1.3185404e-06,1.55612256e-07,0.00873763394,5.98367933e-08,1.38880907e-08,8.18873787e-08,0,1.15375997e-06,1.88073628e-08,0.00873763021
1.31944489e-06,1.55651136e-07,0.00873763394,5.98579106e-08,1.39058542e-08,8.18873787e-08,0,1.15375997e-06,1.88131484e-08,0.00873763021
1.32030539e-06,1.55635007e-07,0.00873763394,5.984257e-08,1.39050584e-08,8.18873787e-08,0,1.15375997e-06,1.88185538e-08,0.00873763021
1.32121215e-06,1.55615183e-07,0.00873763394,5.9830775e-08,1.38970249e-08,8.18873787e-08,0,1.15375997e-06,1.88242311e-08,0.00873763021
1.32211869e-06,1.55624662e-07,0.00873763394,5.98360685e-08,1.3901218e-08,8.18873787e-08,0,1.15375997e-06,1.88299758e-08,0.00873763021
1.32302443e-06,1.55628484e-07,0.00873763394,5.98389605e-08,1.39021346e-08,8.18873858e-08,0,1.15375997e-06,1.88356886e-08,0.00873763021
1.32393075e-06,1.55605136e-07,0.00873763394,5.98179639e-08,1.38997933e-08,8.18873858e-08,0,1.15375997e-06,1.88413889e-08,0.00873763021
1.32483615e-06,1.5559209e-07,0.00873763394,5.9801863e-08,1.39028469e-08,8.18873858e-08,0,1.15375997e-06,1.88470946e-08,0.00873763021
1.32574019e-06,1.55625514e-07,0.00873763394,5.98212893e-08,1.39168375e-08,8.18873858e-08,0,1.15375997e-06,1.88527665e-08,0.00873763021
1.32663968e-06,1.55592502e-07,0.00873763394,5.98047265e-08,1.39003902e-08,8.18873858e-08,0,1.15375997e-06,1.88584455e-08,0.00873763021
1.32753405e-06,1.55575393e-07,0.00873763394,5.97923133e-08,1.38956953e-08,8.18873858e-08,0,1.15375997e-06,1.88644211e-08,0.00873763021
1.32842831e-06,1.55565289e-07,0.00873763394,5.97821668e-08,1.38957441e-08,8.18873858e-08,0,1.15375997e-06,1.88703932e-08,0.00873763021
1.32932314e-06,1.55587998e-07,0.00873763394,5.98085066e-08,1.38921106e-08,8.18873858e-08,0,1.15375997e-06,1.88761664e-08,0.00873763021
1.33022149e-06,1.55611318e-07,0.00873763394,5.98426553e-08,1.38812846e-08,8.18873858e-08,0,1.15375997e-06,1.88817797e-08,0.00873763021
1.3311236e-06,1.55622629e-07,0.00873763394,5.98573422e-08,1.38778988e-08,8.18873858e-08,0,1.15375997e-06,1.88875209e-08,0.00873763021
1.3320207e-06,1.55620057e-07,0.00873763394,5.98671264e-08,1.38655505e-08,8.18873858e-08,0,1.15375997e-06,1.88931875e-08,0.00873763021
1.33292383e-06,1.55587614e-07,0.00873763394,5.98427192e-08,1.38575151e-08,8.18873858e-08,0,1.15375997e-06,1.88988647e-08,0.00873763021
1.33382775e-06,1.55608006e-07,0.00873763394,5.98525745e-08,1.38680507e-08,8.18873858e-08,0,1.15375997e-06,1.89044655e-08,0.00873763021
1.33472429e-06,1.55643178e-07,0.00873763394,5.9871482e-08,1.38835015e-08,8.18881958e-08,0,1.15375997e-06,1.89100842e-08,0.00873763021
1.3356215e-06,1.55629806e-07,0.00873763394,5.98500378e-08,1.38915093e-08,8.18882668e-08,0,1.15375997e-06,1.89157046e-08,0.00873763021
1.33651827e-06,1.55611289e-07,0.00873763394,5.98346048e-08,1.38884264e-08,8.18882668e-08,0,1.15375997e-06,1.89213285e-08,0.00873763021
1.3374206e-06,1.55585525e-07,0.00873763394,5.98235204e-08,1.38737422e-08,8.18882668e-08,0,1.15375997e-06,1.8926972e-08,0.00873763021
1.33832475e-06,1.55586051e-07,0.00873763394,5.97988148e-08,1.38989709e-08,8.18882668e-08,0,1.15375997e-06,1.89325462e-08,0.00873763021
1.33922902e-06,1.55597135e-07,0.00873763394,5.97956031e-08,1.39132688e-08,8.18882668e-08,0,1.15375997e-06,1.89380174e-08,0.00873763021
1.34013374e-06,1.55565488e-07,0.00873763394,5.97791967e-08,1.38980178e-08,8.18882668e-08,0,1.15376929e-06,1.89440996e-08,0.00873763021
1.34103868e-06,1.55557601e-07,0.00873763394,5.97880145e-08,1.38813263e-08,8.18882668e-08,0,1.15376929e-06,1.89497911e-08,0.00873763021
1.34194443e-06,1.55534281e-07,0.00873763394,5.98071779e-08,1.38388465e-08,8.18882668e-08,0,1.15376929e-06,1.89553386e-08,0.00873763021
1.34280526e-06,1.55547667e-07,0.00873763394,5.98282668e-08,1.38311282e-08,8.1888281e-08,0,1.15376929e-06,1.89605611e-08,0.00873763021
1.34371044e-06,1.55557885e-07,0.00873763394,5.98324235e-08,1.38371785e-08,8.1888281e-08,0,1.15376929e-06,1.89661051e-08,0.00873763021
1.34461527e-06,1.55566582e-07,0.00873763394,5.9843579e-08,1.38347289e-08,8.1888281e-08,0,1.15376929e-06,1.89714946e-08,0.00873763021
1.34551976e-06,1.55593838e-07,0.00873763394,5.98605183e-08,1.38450424e-08,8.1888281e-08,0,1.15376929e-06,1.89768059e-08,0.00873763021
1.34642437e-06,1.55581105e-07,0.00873763394,5.98571432e-08,1.38356846e-08,8.18882882e-08,0,1.15376929e-06,1.89820675e-08,0.00873763021
1.34732932e-06,1.55574725e-07,0.00873763394,5.98502297e-08,1.38360985e-08,8.18884018e-08,0,1.15376929e-06,1.89873308e-08,0.00873763021
1.34823381e-06,1.55538686e-07,0.00873763394,5.98355783e-08,1.38147103e-08,8.18884018e-08,0,1.15376929e-06,1.8992651e-08,0.00873763021
1.34913898e-06,1.55555213e-07,0.00873763394,5.98695635e-08,1.37972336e-08,8.1888416e-08,0,1.15376929e-06,1.89980138e-08,0.00873763021
1.35004473e-06,1.55533371e-07,0.00873763394,5.98628205e-08,1.37821399e-08,8.1888416e-08,0,1.15376929e-06,1.90034068e-08,0.00873763021
1.35090431e-06,1.55516418e-07,0.00873763394,5.98564682e-08,1.37715315e-08,8.1888416e-08,0,1.15376929e-06,1.90085583e-08,0.00873763021
1.35180915e-06,1.55516759e-07,0.00873763394,5.9864675e-08,1.37636569e-08,8.1888416e-08,0,1.15376929e-06,1.90138767e-08,0.00873763021
1.35271387e-06,1.55510179e-07,0.00873763394,5.98678085e-08,1.37539473e-08,8.1888416e-08,0,1.15376929e-06,1.90191312e-08,0.00873763021
1.35361881e-06,1.5554005e-07,0.00873763394,5.98788219e-08,1.3772814e-08,8.1888416e-08,0,1.15376929e-06,1.90244478e-08,0.00873763021
1.35452387e-06,1.5555753e-07,0.008737633,5.98940773e-08,1.37750291e-08,8.1888416e-08,0,1.15376929e-06,1.90296987e-08,0.00873763021
1.3554295e-06,1.55522699e-07,0.00873763394,5.9867638e-08,1.37666367e-08,8.1888416e-08,0,1.15376929e-06,1.90348501e-08,0.00873763021
1.35633582e-06,1.55518578e-07,0.00873763394,5.98597651e-08,1.37703955e-08,8.1888416e-08,0,1.15376929e-06,1.90399998e-08,0.00873763021
1.35724258e-06,1.55515522e-07,0.00873763394,5.98759655e-08,1.37511442e-08,8.1888416e-08,0,1.15376929e-06,1.90452294e-08,0.00873763021
1.3581049e-06,1.55524276e-07,0.008737633,5.98866166e-08,1.37492453e-08,8.1888416e-08,0,1.15376929e-06,1.90501233e-08,0.00873763021
1.35901314e-06,1.55514172e-07,0.008737633,5.9885565e-08,1.37401734e-08,8.18884303e-08,0,1.15376929e-06,1.90552605e-08,0.00873763021
1.35992309e-06,1.55523651e-07,0.008737633,5.98946883e-08,1.3740534e-08,8.18884303e-08,0,1.15376929e-06,1.90603924e-08,0.00873763021
1.3608319e-06,1.55519658e-07,0.008737633,5.98869789e-08,1.37442528e-08,8.18884303e-08,0,1.1537818e-06,1.90663769e-08,0.00873763021
1.36173708e-06,1.55508999e-07,0.008737633,5.98725407e-08,1.37480392e-08,8.18884303e-08,0,1.1537818e-06,1.90713845e-08,0.00873763021
1.36264043e-06,1.55509611e-07,0.008737633,5.98675882e-08,1.37535912e-08,8.18884303e-08,0,1.1537818e-06,1.90764542e-08,0.00873763021
1.36354322e-06,1.55504779e-07,0.008737633,5.98612431e-08,1.37551126e-08,8.18884303e-08,0,1.1537818e-06,1.90816394e-08,0.00873763021
1.36440167e-06,1.55516815e-07,0.008737633,5.98646324e-08,1.37637537e-08,8.18884303e-08,0,1.1537818e-06,1.90864764e-08,0.00873763021
1.36530593e-06,1.55520524e-07,0.008737633,5.98548553e-08,1.37772167e-08,8.18884516e-08,0,1.1537818e-06,1.90914662e-08,0.00873763021
1.3662119e-06,1.55521903e-07,0.008737633,5.9849242e-08,1.37841845e-08,8.188848e-08,0,1.1537818e-06,1.90965128e-08,0.00873763021
1.36711913e-06,1.55515195e-07,0.008737633,5.98347327e-08,1.37919844e-08,8.188848e-08,0,1.1537818e-06,1.91014387e-08,0.00873763021
1.36802635e-06,1.55490184e-07,0.008737633,5.98072702e-08,1.37944012e-08,8.18885084e-08,0,1.1537818e-06,1.91067144e-08,0.00873763021
1.36893379e-06,1.55480691e-07,0.008737633,5.97861884e-08,1.38060026e-08,8.18885084e-08,0,1.1537818e-06,1.91117682e-08,0.00873763021
1.36984136e-06,1.55480407e-07,0.008737633,5.97798291e-08,1.38120635e-08,8.18885084e-08,0,1.15378782e-06,1.91171416e-08,0.00873763021
1.37070629e-06,1.55473899e-07,0.008737633,5.97836873e-08,1.38016949e-08,8.18885084e-08,0,1.15378782e-06,1.91219218e-08,0.00873763021
1.37161453e-06,1.55475419e-07,0.008737633,5.97818044e-08,1.38051055e-08,8.18885084e-08,0,1.15378782e-06,1.9126885e-08,0.00873763021
1.3725205e-06,1.55477522e-07,0.008737633,5.97815344e-08,1.38074716e-08,8.18885084e-08,0,1.15378782e-06,1.91319618e-08,0.00873763021
1.37341544e-06,1.55500516e-07,0.008737633,5.98158181e-08,1.37961909e-08,8.18885084e-08,0,1.15379794e-06,1.91382394e-08,0.00873763021
1.37431448e-06,1.55494604e-07,0.008737633,5.98233854e-08,1.37827101e-08,8.18885084e-08,0,1.15379794e-06,1.91436946e-08,0.00873763021
1.37521863e-06,1.55474638e-07,0.008737633,5.98245435e-08,1.37615928e-08,8.18885084e-08,0,1.15379794e-06,1.9149482e-08,0.00873763021
1.3761229e-06,1.55499521e-07,0.008737633,5.98379728e-08,1.37730414e-08,8.18885084e-08,0,1.15379794e-06,1.91550225e-08,0.00873763021
1.37702773e-06,1.55521249e-07,0.008737633,5.98496683e-08,1.37830751e-08,8.18885084e-08,0,1.15379794e-06,1.91604439e-08,0.00873763021
1.37793268e-06,1.55524546e-07,0.008737633,5.98628205e-08,1.37731977e-08,8.18885297e-08,0,1.15379794e-06,1.9165622e-08,0.00873763021
1.3788391e-06,1.55496821e-07,0.008737633,5.98592251e-08,1.37490677e-08,8.18885297e-08,0,1.15379919e-06,1.91709457e-08,0.00873763021
1.37973609e-06,1.5547208e-07,0.008737633,5.98521979e-08,1.37313458e-08,8.18885297e-08,0,1.15380612e-06,1.91762659e-08,0.00873763021
1.38064343e-06,1.55434023e-07,0.008737633,5.98186318e-08,1.37268579e-08,8.18885297e-08,0,1.15380612e-06,1.91813427e-08,0.00873763021
1.38150619e-06,1.55414696e-07,0.008737633,5.9796875e-08,1.37292897e-08,8.18885297e-08,0,1.15381374e-06,1.91864853e-08,0.00873763021
1.38241455e-06,1.55429362e-07,0.008737633,5.97980758e-08,1.37427651e-08,8.18885297e-08,0,1.15381374e-06,1.91914378e-08,0.00873763021
1.38332211e-06,1.55429376e-07,0.008737633,5.98058136e-08,1.37350309e-08,8.18885297e-08,0,1.15381374e-06,1.91964045e-08,0.00873763021
1.38422922e-06,1.55418022e-07,0.008737633,5.98059984e-08,1.37234988e-08,8.18885297e-08,0,1.15381374e-06,1.9201174e-08,0.00873763021
1.38513462e-06,1.55411641e-07,0.008737633,5.98038952e-08,1.37192151e-08,8.18885297e-08,0,1.15381374e-06,1.92060021e-08,0.00873763021
1.38603923e-06,1.55447424e-07,0.008737633,5.98218648e-08,1.37370373e-08,8.18885297e-08,0,1.15381374e-06,1.92111003e-08,0.00873763021
1.38694281e-06,1.55487356e-07,0.008737633,5.98486807e-08,1.37501521e-08,8.18885297e-08,0,1.15381374e-06,1.92158609e-08,0.00873763021
1.38780149e-06,1.55496878e-07,0.008737633,5.98633036e-08,1.37450478e-08,8.18885297e-08,0,1.15381374e-06,1.92203409e-08,0.00873763021
1.3887061e-06,1.5549341e-07,0.008737633,5.98678653e-08,1.3737024e-08,8.18885297e-08,0,1.15381374e-06,1.92250678e-08,0.00873763021
1.3896115e-06,1.55500487e-07,0.008737633,5.98676309e-08,1.37443337e-08,8.18885297e-08,0,1.15381374e-06,1.92299527e-08,0.00873763021
1.39051735e-06,1.55496608e-07,0.008737633,5.98573706e-08,1.37507117e-08,8.18885297e-08,0,1.15381374e-06,1.92348431e-08,0.00873763021
1.39141662e-06,1.55514343e-07,0.008737633,5.9858337e-08,1.37674778e-08,8.18885297e-08,0,1.15381374e-06,1.92396676e-08,0.00873763021
1.39231759e-06,1.55501723e-07,0.008737633,5.9848432e-08,1.37647627e-08,8.18885297e-08,0,1.15381374e-06,1.92444105e-08,0.00873763021
1.39322458e-06,1.55485367e-07,0.008737633,5.98447514e-08,1.37520928e-08,8.18885297e-08,0,1.15381374e-06,1.92491658e-08,0.00873763021
1.39413021e-06,1.55470275e-07,0.008737633,5.98430105e-08,1.37387373e-08,8.18885297e-08,0,1.15381374e-06,1.92539229e-08,0.00873763021
1.39503709e-06,1.55476357e-07,0.008737633,5.9874651e-08,1.3713179e-08,8.18885297e-08,0,1.15382124e-06,1.92589855e-08,0.00873763021
1.39594431e-06,1.55468157e-07,0.008737633,5.98728462e-08,1.37067877e-08,8.18885297e-08,0,1.15382124e-06,1.9263716e-08,0.00873763021
1.3968056e-06,1.5544569e-07,0.008737633,5.98589907e-08,1.36981777e-08,8.18885297e-08,0,1.15382124e-06,1.92682048e-08,0.00873763021
1.39774284e-06,1.55451914e-07,0.008737633,5.98580669e-08,1.37053231e-08,8.18885297e-08,0,1.15382124e-06,1.92730187e-08,0.00873763021
1.39863812e-06,1.55455695e-07,0.008737633,5.98564895e-08,1.37106744e-08,8.18885297e-08,0,1.15382124e-06,1.92777883e-08,0.00873763021
1.39953102e-06,1.55477409e-07,0.008737633,5.98681353e-08,1.37207463e-08,8.18885297e-08,0,1.15382124e-06,1.92826164e-08,0.00873763021
1.40042187e-06,1.55487143e-07,0.008737633,5.98688885e-08,1.37297294e-08,8.18885297e-08,0,1.15382124e-06,1.9287361e-08,0.00873763021
1.40131783e-06,1.55469181e-07,0.008737633,5.9834619e-08,1.37460336e-08,8.18885297e-08,0,1.15382124e-06,1.92919547e-08,0.00873763021
1.40222153e-06,1.55438684e-07,0.008737633,5.9800854e-08,1.37493021e-08,8.18885297e-08,0,1.15382124e-06,1.92965963e-08,0.00873763021
1.40312432e-06,1.55440659e-07,0.008737633,5.97965837e-08,1.37555585e-08,8.18885297e-08,0,1.15382124e-06,1.93014262e-08,0.00873763021
1.40402562e-06,1.55446799e-07,0.008737633,5.98011738e-08,1.37570924e-08,8.18885297e-08,0,1.15382124e-06,1.93060217e-08,0.00873763021
1.40492625e-06,1.55434279e-07,0.008737633,5.98108514e-08,1.37349012e-08,8.18885368e-08,0,1.15382124e-06,1.93104874e-08,0.00873763021
1.40582767e-06,1.55411385e-07,0.008737633,5.98027512e-08,1.37200953e-08,8.18885368e-08,0,1.15382124e-06,1.93151681e-08,0.00873763021
1.40672944e-06,1.55451488e-07,0.008737633,5.98261778e-08,1.37367691e-08,8.18885368e-08,0,1.15382124e-06,1.93197298e-08,0.00873763021
1.40763075e-06,1.55492856e-07,0.008737633,5.98569017e-08,1.37474245e-08,8.18885368e-08,0,1.15382124e-06,1.9324391e-08,0.00873763021
1.40853126e-06,1.55496366e-07,0.008737633,5.98587064e-08,1.37491352e-08,8.18885368e-08,0,1.15382124e-06,1.93289935e-08,0.00873763021
1.40943143e-06,1.55517327e-07,0.008737633,5.98631615e-08,1.37656002e-08,8.18885653e-08,0,1.15382124e-06,1.93335374e-08,0.00873763021
1.41033445e-06,1.55501468e-07,0.008737633,5.98546634e-08,1.37574263e-08,8.18893753e-08,0,1.15382124e-06,1.93380636e-08,0.00873763021
1.41123439e-06,1.5548386e-07,0.008737633,5.98437353e-08,1.37506273e-08,8.18894961e-08,0,1.15382966e-06,1.93430516e-08,0.00873763021
1.41213422e-06,1.55478759e-07,0.008737633,5.9840481e-08,1.37487692e-08,8.18895032e-08,0,1.15382966e-06,1.93475653e-08,0.00873763021
1.41303451e-06,1.55450167e-07,0.008737633,5.98108159e-08,1.37498439e-08,8.18895032e-08,0,1.15382966e-06,1.93521235e-08,0.00873763021
1.4139348e-06,1.55429532e-07,0.008737633,5.98047762e-08,1.37352574e-08,8.18895032e-08,0,1.15382966e-06,1.93566301e-08,0.00873763021
1.41483611e-06,1.55421944e-07,0.008737633,5.98146315e-08,1.37178082e-08,8.18895032e-08,0,1.15382966e-06,1.93610976e-08,0.00873763021
1.41573787e-06,1.55420068e-07,0.008737633,5.98365446e-08,1.36940157e-08,8.18895032e-08,0,1.15382966e-06,1.93655829e-08,0.00873763021
1.41664009e-06,1.55416274e-07,0.008737633,5.98408292e-08,1.36859413e-08,8.18895032e-08,0,1.15382966e-06,1.93703045e-08,0.00873763021
1.41754219e-06,1.55418263e-07,0.008737633,5.98376815e-08,1.36910758e-08,8.18895032e-08,0,1.15382966e-06,1.9374772e-08,0.00873763021
1.41844441e-06,1.55449172e-07,0.008737633,5.9851395e-08,1.37082266e-08,8.18895458e-08,0,1.15382966e-06,1.93793408e-08,0.00873763021
1.41930173e-06,1.55472918e-07,0.008737633,5.9878154e-08,1.3705014e-08,8.18897519e-08,0,1.15382966e-06,1.9383565e-08,0.00873763021
1.42020542e-06,1.55480095e-07,0.008737633,5.98986105e-08,1.3691694e-08,8.18897874e-08,0,1.15382966e-06,1.93878922e-08,0.00873763021
1.421109e-06,1.55474496e-07,0.008737633,5.99008985e-08,1.36838096e-08,8.18897945e-08,0,1.15382966e-06,1.93923082e-08,0.00873763021
1.42201213e-06,1.55431209e-07,0.008737633,5.98773724e-08,1.36640406e-08,8.18897945e-08,0,1.15382966e-06,1.93969019e-08,0.00873763021
1.42291469e-06,1.55418192e-07,0.008737633,5.98594099e-08,1.36689886e-08,8.18897945e-08,0,1.15382966e-06,1.94015914e-08,0.00873763021
1.4238168e-06,1.55437007e-07,0.008737633,5.98497749e-08,1.36974432e-08,8.18897945e-08,0,1.15382966e-06,1.94062491e-08,0.00873763021
1.42471811e-06,1.5544299e-07,0.008737633,5.98333187e-08,1.37198795e-08,8.18897945e-08,0,1.15382966e-06,1.94107646e-08,0.00873763021
1.42561908e-06,1.55419272e-07,0.008737633,5.98153278e-08,1.37141587e-08,8.18897945e-08,0,1.15382966e-06,1.94151841e-08,0.00873763021
1.42651959e-06,1.5540023e-07,0.008737633,5.98139209e-08,1.36965141e-08,8.18897945e-08,0,1.15382966e-06,1.94195913e-08,0.00873763021
1.42742067e-06,1.55414284e-07,0.008737633,5.98271725e-08,1.36972922e-08,8.18898229e-08,0,1.15382966e-06,1.94243555e-08,0.00873763021
1.42832255e-06,1.55420523e-07,0.008737633,5.98226322e-08,1.37080702e-08,8.18898229e-08,0,1.15382966e-06,1.94288674e-08,0.00873763021
1.42922659e-06,1.5545092e-07,0.008737633,5.98307395e-08,1.37303626e-08,8.18898229e-08,0,1.15382966e-06,1.94333527e-08,0.00873763021
1.43013131e-06,1.55459958e-07,0.008737633,5.98325371e-08,1.37375835e-08,8.18898442e-08,0,1.15382966e-06,1.9437767e-08,0.00873763021
1.43103614e-06,1.55467106e-07,0.008737633,5.98438135e-08,1.37329312e-08,8.18903629e-08,0,1.15382966e-06,1.94423784e-08,0.00873763021
1.43194177e-06,1.55458238e-07,0.008737633,5.98516721e-08,1.37145735e-08,8.18919901e-08,0,1.15382966e-06,1.94466878e-08,0.00873763021
1.43280079e-06,1.55424232e-07,0.008737633,5.98483467e-08,1.36830769e-08,8.18928001e-08,0,1.15382966e-06,1.94507876e-08,0.00873763021
1.43370471e-06,1.55413346e-07,0.008737633,5.98555729e-08,1.36647325e-08,8.18930346e-08,0,1.15383148e-06,1.94554985e-08,0.00873763021
1.43460841e-06,1.55394844e-07,0.008737633,5.98415681e-08,1.36602374e-08,8.18930488e-08,0,1.15383671e-06,1.94599039e-08,0.00873763021
1.43551097e-06,1.55384953e-07,0.008737633,5.98161947e-08,1.36756197e-08,8.18931412e-08,0,1.15383671e-06,1.94641778e-08,0.00873763021
1.43641159e-06,1.55380377e-07,0.008737633,5.98017067e-08,1.3685046e-08,8.18936243e-08,0,1.15383671e-06,1.946845e-08,0.00873763021
1.43731199e-06,1.55383304e-07,0.008737633,5.9809075e-08,1.36805802e-08,8.18936456e-08,0,1.15383671e-06,1.94726528e-08,0.00873763021
1.43821296e-06,1.55375972e-07,0.008737633,5.98205929e-08,1.36617286e-08,8.18936456e-08,0,1.15383671e-06,1.94769036e-08,0.00873763021
1.43911188e-06,1.55374579e-07,0.008737633,5.98225114e-08,1.36584175e-08,8.18936456e-08,0,1.15383671e-06,1.94812451e-08,0.00873763021
1.44000376e-06,1.55390168e-07,0.008737633,5.98334822e-08,1.3663044e-08,8.18936456e-08,0,1.15383671e-06,1.94856931e-08,0.00873763021
1.44094201e-06,1.5538329e-07,0.008737633,5.98287571e-08,1.36608866e-08,8.18936456e-08,0,1.15383671e-06,1.94903933e-08,0.00873763021
1.44183332e-06,1.55384726e-07,0.008737633,5.98391665e-08,1.3651853e-08,8.18937025e-08,0,1.15383671e-06,1.94945837e-08,0.00873763021
1.44273258e-06,1.55354726e-07,0.008737633,5.98314571e-08,1.36295615e-08,8.18937025e-08,0,1.15383671e-06,1.94986978e-08,0.00873763021
1.44363389e-06,1.55340416e-07,0.008737633,5.9821339e-08,1.36253435e-08,8.18937309e-08,0,1.15383671e-06,1.95028687e-08,0.00873763021
1.44452486e-06,1.55362315e-07,0.008737633,5.98285013e-08,1.36400855e-08,8.18937309e-08,0,1.15383671e-06,1.95070768e-08,0.00873763021
1.44541514e-06,1.55374849e-07,0.008737633,5.98286007e-08,1.36525191e-08,8.18937309e-08,0,1.15383671e-06,1.95113294e-08,0.00873763021
1.44630519e-06,1.55396719e-07,0.008737633,5.98301568e-08,1.36728309e-08,8.1893738e-08,0,1.15383671e-06,1.95154204e-08,0.00873763021
1.44723958e-06,1.55416316e-07,0.008737633,5.98418168e-08,1.36807605e-08,8.1893738e-08,0,1.15383671e-06,1.95197085e-08,0.00873763021
1.44812941e-06,1.55415918e-07,0.008737633,5.98485741e-08,1.36736116e-08,8.1893738e-08,0,1.15383671e-06,1.95236325e-08,0.00873763021
1.44902003e-06,1.55426889e-07,0.008737633,5.98696914e-08,1.36634588e-08,8.18937451e-08,0,1.15383671e-06,1.95277696e-08,0.00873763021
1.44991191e-06,1.55444482e-07,0.008737633,5.98742034e-08,1.36765443e-08,8.18937451e-08,0,1.15383671e-06,1.9531825e-08,0.00873763021
1.45080514e-06,1.55472208e-07,0.008737633,5.98769319e-08,1.37015306e-08,8.18937451e-08,0,1.15383671e-06,1.95358787e-08,0.00873763021
1.45169997e-06,1.55486291e-07,0.008737633,5.98828009e-08,1.37097445e-08,8.18937451e-08,0,1.15383671e-06,1.95399785e-08,0.00873763021
1.45263868e-06,1.55461535e-07,0.008737633,5.98752408e-08,1.36925493e-08,8.18937451e-08,0,1.15383671e-06,1.95442187e-08,0.00873763021
1.45353704e-06,1.55416529e-07,0.008737633,5.98517786e-08,1.36710057e-08,8.18937451e-08,0,1.15383671e-06,1.95482492e-08,0.00873763021
1.45443232e-06,1.55385052e-07,0.008737633,5.98365375e-08,1.36547698e-08,8.18937451e-08,0,1.15383671e-06,1.95522905e-08,0.00873763021
1.45532761e-06,1.55391589e-07,0.008737633,5.98362249e-08,1.36616221e-08,8.18937451e-08,0,1.15383671e-06,1.95562944e-08,0.00873763021
1.45622005e-06,1.55382423e-07,0.008737633,5.98202519e-08,1.36684273e-08,8.18937451e-08,0,1.15383671e-06,1.95601704e-08,0.00873763021
1.45711169e-06,1.55377705e-07,0.008737633,5.98143259e-08,1.36696405e-08,8.18937451e-08,0,1.15383671e-06,1.95640393e-08,0.00873763021
1.45800243e-06,1.55354087e-07,0.008737633,5.97998451e-08,1.36604994e-08,8.18937451e-08,0,1.15383671e-06,1.9568084e-08,0.00873763021
1.45893773e-06,1.55346982e-07,0.008737633,5.97999588e-08,1.36532741e-08,8.18937451e-08,0,1.15383671e-06,1.95722034e-08,0.00873763021
1.45983006e-06,1.55357085e-07,0.008737633,5.98032273e-08,1.36601193e-08,8.18937451e-08,0,1.15383671e-06,1.95760919e-08,0.00873763021
1.46072966e-06,1.55351998e-07,0.008737633,5.97940399e-08,1.36642138e-08,8.18937451e-08,0,1.15383671e-06,1.95799377e-08,0.00873763021
1.46162859e-06,1.55353717e-07,0.008737633,5.97966334e-08,1.3663338e-08,8.18937451e-08,0,1.15383671e-06,1.95839451e-08,0.00873763021
1.46252739e-06,1.55363125e-07,0.008737633,5.98155054e-08,1.36538736e-08,8.18937451e-08,0,1.15383671e-06,1.95878851e-08,0.00873763021
1.46342632e-06,1.5536915e-07,0.008737633,5.98306968e-08,1.36447147e-08,8.18937451e-08,0,1.15383671e-06,1.95918908e-08,0.00873763021
1.46432512e-06,1.55372177e-07,0.008737633,5.98370846e-08,1.36413503e-08,8.18937451e-08,0,1.15383671e-06,1.9595884e-08,0.00873763021
1.4652245e-06,1.55368653e-07,0.008737633,5.98518852e-08,1.36230067e-08,8.18937664e-08,0,1.15383671e-06,1.95997352e-08,0.00873763021
1.46612399e-06,1.55365555e-07,0.008737633,5.98558216e-08,1.36159617e-08,8.18937664e-08,0,1.15383671e-06,1.96035668e-08,0.00873763021
1.46701097e-06,1.55344281e-07,0.008737633,5.98438774e-08,1.36066323e-08,8.18937664e-08,0,1.15383671e-06,1.96075334e-08,0.00873763021
1.46791035e-06,1.55314765e-07,0.008737633,5.98171965e-08,1.36038043e-08,8.18937664e-08,0,1.15383671e-06,1.96114662e-08,0.00873763021
1.46880961e-06,1.5528498e-07,0.008737633,5.97988219e-08,1.35923992e-08,8.18937664e-08,0,1.15384319e-06,1.96157188e-08,0.00873763021
1.46970933e-06,1.55299091e-07,0.008737633,5.98059557e-08,1.35993652e-08,8.18937664e-08,0,1.15384319e-06,1.96197103e-08,0.00873763021
1.47060871e-06,1.55327825e-07,0.008737633,5.98227032e-08,1.3611352e-08,8.18937664e-08,0,1.15384319e-06,1.96236645e-08,0.00873763021
1.47150786e-06,1.55337702e-07,0.008737633,5.98202732e-08,1.36236684e-08,8.18937664e-08,0,1.15384319e-06,1.96275121e-08,0.00873763021
1.47240678e-06,1.5535872e-07,0.008737633,5.98222769e-08,1.36426799e-08,8.18937664e-08,0,1.15384319e-06,1.96313419e-08,0.00873763021
1.47330627e-06,1.55390978e-07,0.008737633,5.98405592e-08,1.36566483e-08,8.18937664e-08,0,1.15384319e-06,1.9635177e-08,0.00873763021
1.47420633e-06,1.55418519e-07,0.008737633,5.98597651e-08,1.36649954e-08,8.18937664e-08,0,1.15384319e-06,1.96389767e-08,0.00873763021
1.47510616e-06,1.55458622e-07,0.008737633,5.98747221e-08,1.36901335e-08,8.18937664e-08,0,1.15384319e-06,1.96429397e-08,0.00873763021
1.47600588e-06,1.55449129e-07,0.008737633,5.98644547e-08,1.36909062e-08,8.18937664e-08,0,1.15384785e-06,1.96469649e-08,0.00873763021
1.4769056e-06,1.55441427e-07,0.008737633,5.98553669e-08,1.36922997e-08,8.18937664e-08,0,1.15384785e-06,1.96509422e-08,0.00873763021
1.47780588e-06,1.55452682e-07,0.008737633,5.98557506e-08,1.37031639e-08,8.18937664e-08,0,1.15384785e-06,1.96549284e-08,0.00873763021
1.47870594e-06,1.55441739e-07,0.008737633,5.98454832e-08,1.37024774e-08,8.18937735e-08,0,1.15384785e-06,1.96587919e-08,0.00873763021
1.47960361e-06,1.55448262e-07,0.008737633,5.9843714e-08,1.37107659e-08,8.18937806e-08,0,1.15384785e-06,1.96626395e-08,0.00873763021
1.48053766e-06,1.55430669e-07,0.008737633,5.98260854e-08,1.37107836e-08,8.18937878e-08,0,1.15384785e-06,1.96667358e-08,0.00873763021
1.48142772e-06,1.55430087e-07,0.008737633,5.98352514e-08,1.37010474e-08,8.18937949e-08,0,1.15384785e-06,1.96704768e-08,0.00873763021
1.48231675e-06,1.55404749e-07,0.008737633,5.98390741e-08,1.36718707e-08,8.1893802e-08,0,1.15385319e-06,1.96744985e-08,0.00873763021
1.4832043e-06,1.55371765e-07,0.008737633,5.98200955e-08,1.36575391e-08,8.18941288e-08,0,1.15385319e-06,1.96782928e-08,0.00873763021
1.48413699e-06,1.55378942e-07,0.008737633,5.98253109e-08,1.36582159e-08,8.1895422e-08,0,1.15392186e-06,1.96849932e-08,0.00873763021
1.48502556e-06,1.5539328e-07,0.008737633,5.98361112e-08,1.36597507e-08,8.18974186e-08,0,1.15392186e-06,1.96890397e-08,0.00873763021
1.48591312e-06,1.55392428e-07,0.008737633,5.98358838e-08,1.365727e-08,8.18992802e-08,0,1.15392186e-06,1.96927736e-08,0.00873763021
1.48680681e-06,1.55366294e-07,0.008737633,5.98370207e-08,1.36298288e-08,8.18994437e-08,0,1.15392186e-06,1.96965075e-08,0.00873763021
1.48771289e-06,1.55325182e-07,0.008737633,5.98260428e-08,1.35990721e-08,8.19000618e-08,0,1.15392186e-06,1.97002592e-08,0.00873763021
1.48861e-06,1.55315078e-07,0.008737633,5.98201524e-08,1.35947342e-08,8.19001897e-08,0,1.15392186e-06,1.97040233e-08,0.00873763021
1.48951881e-06,1.55333183e-07,0.008737633,5.98215095e-08,1.36105038e-08,8.19011703e-08,0,1.15392186e-06,1.97078105e-08,0.00873763021
1.49041557e-06,1.55349298e-07,0.008737633,5.98171965e-08,1.36306824e-08,8.1901419e-08,0,1.15392186e-06,1.97115195e-08,0.00873763021
1.49131984e-06,1.55349582e-07,0.008737633,5.980651e-08,1.36405545e-08,8.19025203e-08,0,1.15395017e-06,1.97164987e-08,0.00873763021
1.49224331e-06,1.55348872e-07,0.008737633,5.98091177e-08,1.36336089e-08,8.1906137e-08,0,1.15396074e-06,1.97207655e-08,0.00873763021
1.49310051e-06,1.5535511e-07,0.008737633,5.98171468e-08,1.3630288e-08,8.19076789e-08,0,1.15396074e-06,1.97242809e-08,0.00873763021
1.494e-06,1.55365512e-07,0.008737633,5.983226e-08,1.36248453e-08,8.19084036e-08,0,1.15396074e-06,1.97279917e-08,0.00873763021
1.4949369e-06,1.55370643e-07,0.008737633,5.98368288e-08,1.36253364e-08,8.19084747e-08,0,1.15396074e-06,1.97317984e-08,0.00873763021
1.49582979e-06,1.55391135e-07,0.008737633,5.98456609e-08,1.36369955e-08,8.19084818e-08,0,1.15396074e-06,1.97354861e-08,0.00873763021
1.49672337e-06,1.55396833e-07,0.008737633,5.98526384e-08,1.36357148e-08,8.19084818e-08,0,1.15396074e-06,1.97392502e-08,0.00873763021
1.49761752e-06,1.55377734e-07,0.008737633,5.98385483e-08,1.36307126e-08,8.19084818e-08,0,1.15396074e-06,1.97430339e-08,0.00873763021
1.49851121e-06,1.55364773e-07,0.008737633,5.98358625e-08,1.36204177e-08,8.19084889e-08,0,1.15396074e-06,1.97467713e-08,0.00873763021
1.49940558e-06,1.55355067e-07,0.008737633,5.98174594e-08,1.36291138e-08,8.19084889e-08,0,1.15396074e-06,1.97504288e-08,0.00873763021
1.50030019e-06,1.55363679e-07,0.008737633,5.98017635e-08,1.36534268e-08,8.1908496e-08,0,1.15396074e-06,1.9754129e-08,0.00873763021
1.50124413e-06,1.55386189e-07,0.008737633,5.97939618e-08,1.3682417e-08,8.19098105e-08,0,1.15405771e-06,1.97622949e-08,0.00873763021
1.50210064e-06,1.55383745e-07,0.008737633,5.97913754e-08,1.36814942e-08,8.19108692e-08,0,1.15406692e-06,1.9766901e-08,0.00873763021
1.50303811e-06,1.55389984e-07,0.008737633,5.98076824e-08,1.36711451e-08,8.19111534e-08,0,1.15406692e-06,1.97706846e-08,0.00873763021
1.50393112e-06,1.55378657e-07,0.008737633,5.98177934e-08,1.36497107e-08,8.19111534e-08,0,1.15406692e-06,1.97743724e-08,0.00873763021
1.50482424e-06,1.55389074e-07,0.008737633,5.98343277e-08,1.36435867e-08,8.19111534e-08,0,1.15406692e-06,1.97781027e-08,0.00873763021
1.5057168e-06,1.55399988e-07,0.008737633,5.98418666e-08,1.364696e-08,8.19111534e-08,0,1.15406692e-06,1.978173e-08,0.00873763021
1.50660901e-06,1.55406738e-07,0.008737633,5.98576264e-08,1.36379592e-08,8.19111534e-08,0,1.15406692e-06,1.97852756e-08,0.00873763021
1.50750088e-06,1.55441086e-07,0.008737633,5.98859131e-08,1.36440113e-08,8.19111534e-08,0,1.15406692e-06,1.97888923e-08,0.00873763021
1.50843687e-06,1.55420395e-07,0.008737633,5.98703593e-08,1.36388225e-08,8.19112174e-08,0,1.15406692e-06,1.97927736e-08,0.00873763021
1.50932885e-06,1.55408017e-07,0.008737633,5.98714891e-08,1.36251117e-08,8.19114163e-08,0,1.15406692e-06,1.97963317e-08,0.00873763021
1.51022118e-06,1.55406013e-07,0.008737633,5.98729315e-08,1.36216638e-08,8.19114163e-08,0,1.15406692e-06,1.97998329e-08,0.00873763021
1.51111362e-06,1.55397643e-07,0.008737633,5.98604899e-08,1.36257361e-08,8.19114163e-08,0,1.15406692e-06,1.98035526e-08,0.00873763021
1.51200641e-06,1.55390154e-07,0.008737633,5.98516365e-08,1.36270932e-08,8.19114163e-08,0,1.15406692e-06,1.98071195e-08,0.00873763021
1.51294387e-06,1.55371168e-07,0.008737633,5.98284515e-08,1.36312925e-08,8.19114163e-08,0,1.15406692e-06,1.98108303e-08,0.00873763021
1.51383608e-06,1.55360709e-07,0.008737633,5.98143686e-08,1.3634911e-08,8.19114234e-08,0,1.15406692e-06,1.98143404e-08,0.00873763021
1.5147283e-06,1.55375716e-07,0.008737633,5.98281318e-08,1.36361642e-08,8.19114234e-08,0,1.15412638e-06,1.98205008e-08,0.00873763021
1.51562085e-06,1.55388079e-07,0.008737633,5.98372694e-08,1.36393892e-08,8.19114234e-08,0,1.15412638e-06,1.98239896e-08,0.00873763021
1.51651352e-06,1.55403825e-07,0.008737633,5.98417813e-08,1.36506255e-08,8.19114234e-08,0,1.15412638e-06,1.98275725e-08,0.00873763021
1.51740562e-06,1.55431664e-07,0.008737633,5.98564824e-08,1.3663767e-08,8.19114234e-08,0,1.15412638e-06,1.98352392e-08,0.00873763021
1.51834195e-06,1.55429163e-07,0.008737633,5.98647745e-08,1.36529588e-08,8.19114234e-08,0,1.15412638e-06,1.98406589e-08,0.00873763021
1.51923371e-06,1.55403399e-07,0.008737633,5.98696062e-08,1.3622369e-08,8.19114234e-08,0,1.15412638e-06,1.98452561e-08,0.00873763021
1.52012501e-06,1.55377094e-07,0.008737633,5.9859687e-08,1.3605983e-08,8.19114234e-08,0,1.15412638e-06,1.98493861e-08,0.00873763021
1.5210162e-06,1.55350165e-07,0.008737633,5.98563332e-08,1.35824028e-08,8.19114234e-08,0,1.15412638e-06,1.98533368e-08,0.00873763021
1.52190717e-06,1.55353206e-07,0.008737633,5.98616552e-08,1.35801326e-08,8.19114234e-08,0,1.15412638e-06,1.98571417e-08,0.00873763021
1.52284338e-06,1.55343727e-07,0.008737633,5.98586993e-08,1.35736e-08,8.19114234e-08,0,1.15412638e-06,1.98612131e-08,0.00873763021
1.52373514e-06,1.55323349e-07,0.008737633,5.98497891e-08,1.35621354e-08,8.19114234e-08,0,1.15412638e-06,1.98651229e-08,0.00873763021
1.52462769e-06,1.55324528e-07,0.008737633,5.98546208e-08,1.35584894e-08,8.19114234e-08,0,1.15412638e-06,1.98689758e-08,0.00873763021
1.52552104e-06,1.55331534e-07,0.008737633,5.98567951e-08,1.35633185e-08,8.19114234e-08,0,1.15412638e-06,1.98728412e-08,0.00873763021
1.52641508e-06,1.55339094e-07,0.008737633,5.98535408e-08,1.35741356e-08,8.19114234e-08,0,1.15412638e-06,1.98766781e-08,0.00873763021
1.52730979e-06,1.55344154e-07,0.008737633,5.98548553e-08,1.35778704e-08,8.19114234e-08,0,1.15412638e-06,1.98804422e-08,0.00873763021
1.52820473e-06,1.55340373e-07,0.008737633,5.9851736e-08,1.35772211e-08,8.19114234e-08,0,1.15412638e-06,1.988405e-08,0.00873763021
1.5291439e-06,1.55331847e-07,0.008737633,5.98440337e-08,1.35763845e-08,8.19114234e-08,0,1.15412638e-06,1.98877643e-08,0.00873763021
1.53003828e-06,1.55310303e-07,0.008737633,5.98310308e-08,1.35678375e-08,8.19114376e-08,0,1.15412638e-06,1.98914343e-08,0.00873763021
1.53093231e-06,1.55288618e-07,0.008737633,5.98172178e-08,1.35599594e-08,8.19114447e-08,0,1.15412638e-06,1.98949959e-08,0.00873763021
1.531826e-06,1.55290351e-07,0.008737633,5.98134093e-08,1.35654945e-08,8.19114447e-08,0,1.15412638e-06,1.98986712e-08,0.00873763021
1.53271867e-06,1.55298395e-07,0.008737633,5.98117964e-08,1.35751419e-08,8.19114518e-08,0,1.15412638e-06,1.99026715e-08,0.00873763021
1.53361179e-06,1.55292312e-07,0.008737633,5.98061334e-08,1.35747209e-08,8.19114518e-08,0,1.15412638e-06,1.99063557e-08,0.00873763021
1.53450571e-06,1.55304463e-07,0.008737633,5.9814063e-08,1.35789442e-08,8.19114518e-08,0,1.15412638e-06,1.99098267e-08,0.00873763021
1.53539997e-06,1.55306992e-07,0.008737633,5.98195768e-08,1.35759644e-08,8.19114518e-08,0,1.15412638e-06,1.99133403e-08,0.00873763021
1.53633846e-06,1.55310275e-07,0.008737633,5.98325158e-08,1.35663027e-08,8.19114518e-08,0,1.15412638e-06,1.99169303e-08,0.00873763021
1.53723215e-06,1.55320521e-07,0.008737633,5.98497607e-08,1.35593012e-08,8.19114518e-08,0,1.15412638e-06,1.99204777e-08,0.00873763021
1.5381263e-06,1.55330014e-07,0.008737633,5.98638294e-08,1.3554736e-08,8.19114518e-08,0,1.15412638e-06,1.99238848e-08,0.00873763021
1.53902135e-06,1.55318688e-07,0.008737633,5.98640639e-08,1.35431391e-08,8.19114803e-08,0,1.15412638e-06,1.99272367e-08,0.00873763021
1.53991709e-06,1.55315888e-07,0.008737633,5.98705583e-08,1.35338425e-08,8.19114803e-08,0,1.15412638e-06,1.99307095e-08,0.00873763021
1.54081306e-06,1.55308243e-07,0.008737633,5.98656769e-08,1.35310909e-08,8.19114803e-08,0,1.15412638e-06,1.99341024e-08,0.00873763021
1.54170868e-06,1.55295453e-07,0.008737633,5.98527947e-08,1.35311593e-08,8.19114945e-08,0,1.15413229e-06,1.99378363e-08,0.00873763021
1.54260442e-06,1.55283615e-07,0.008737633,5.9839266e-08,1.35328619e-08,8.19114945e-08,0,1.15413229e-06,1.99412877e-08,0.00873763021
1.54354473e-06,1.55258903e-07,0.008737633,5.98120877e-08,1.35353186e-08,8.19114945e-08,0,1.15413229e-06,1.99449151e-08,0.00873763021
1.54443978e-06,1.55257013e-07,0.008737633,5.98111498e-08,1.35343523e-08,8.19115158e-08,0,1.15413229e-06,1.9948315e-08,0.00873763021
1.54533438e-06,1.55267216e-07,0.008737633,5.98111427e-08,1.35445637e-08,8.19115158e-08,0,1.15413229e-06,1.99517043e-08,0.00873763021
1.54622967e-06,1.55278798e-07,0.008737633,5.98054157e-08,1.35618432e-08,8.191153e-08,0,1.15413229e-06,1.99551451e-08,0.00873763021
1.54712461e-06,1.55298494e-07,0.008737633,5.98080803e-08,1.35788545e-08,8.19115655e-08,0,1.15413229e-06,1.99584971e-08,0.00873763021
1.54801978e-06,1.55316854e-07,0.008737633,5.98294108e-08,1.35758755e-08,8.19115726e-08,0,1.15413229e-06,1.99618402e-08,0.00873763021
1.54891541e-06,1.55323065e-07,0.008737633,5.98395928e-08,1.35718992e-08,8.19115726e-08,0,1.15413229e-06,1.99651726e-08,0.00873763021
1.5498116e-06,1.55318489e-07,0.008737633,5.98352301e-08,1.3571694e-08,8.19115726e-08,0,1.15413229e-06,1.99685708e-08,0.00873763021
1.55070791e-06,1.55318133e-07,0.008737633,5.98216658e-08,1.35848888e-08,8.19115726e-08,0,1.15413229e-06,1.9971889e-08,0.00873763021
1.5516033e-06,1.5533449e-07,0.008737633,5.98268954e-08,1.35960194e-08,8.19115726e-08,0,1.15413229e-06,1.99752659e-08,0.00873763021
1.55254327e-06,1.5535214e-07,0.008737633,5.98342851e-08,1.36062779e-08,8.19115726e-08,0,1.15413229e-06,1.99787706e-08,0.00873763021
1.55343821e-06,1.5534863e-07,0.008737633,5.98334537e-08,1.36036e-08,8.19115726e-08,0,1.15413229e-06,1.99820605e-08,0.00873763021
1.5543327e-06,1.55334789e-07,0.008737633,5.98229235e-08,1.36002889e-08,8.19115726e-08,0,1.15413229e-06,1.99855386e-08,0.00873763021
1.55522798e-06,1.55312492e-07,0.008737633,5.98234422e-08,1.35774654e-08,8.19115868e-08,0,1.15413229e-06,1.99890202e-08,0.00873763021
1.55612383e-06,1.55300754e-07,0.008737633,5.98262488e-08,1.3562917e-08,8.19115868e-08,0,1.15413229e-06,1.99936707e-08,0.00873763021
1.5570206e-06,1.55274464e-07,0.008737633,5.98163297e-08,1.35465523e-08,8.19115868e-08,0,1.15413229e-06,1.99972625e-08,0.00873763021
1.55791804e-06,1.5525427e-07,0.008737633,5.98182552e-08,1.35244296e-08,8.19115868e-08,0,1.15413229e-06,2.00008241e-08,0.00873763021
1.55881526e-06,1.55254497e-07,0.008737633,5.98362462e-08,1.35066696e-08,8.19115868e-08,0,1.15413229e-06,2.00043182e-08,0.00873763021
1.5597127e-06,1.5525211e-07,0.008737633,5.98477143e-08,1.34928166e-08,8.19115868e-08,0,1.15413229e-06,2.00078514e-08,0.00873763021
1.5606106e-06,1.55243711e-07,0.008737633,5.98504002e-08,1.34817242e-08,8.19115868e-08,0,1.15413229e-06,2.00113082e-08,0.00873763021
1.56150884e-06,1.55229941e-07,0.008737633,5.98461014e-08,1.34722606e-08,8.19115868e-08,0,1.15413229e-06,2.00146513e-08,0.00873763021
1.5624064e-06,1.5522825e-07,0.008737633,5.98382712e-08,1.34783864e-08,8.19115868e-08,0,1.15413229e-06,2.00181098e-08,0.00873763021
1.56330339e-06,1.55242276e-07,0.008737633,5.9842904e-08,1.34877958e-08,8.19115868e-08,0,1.15413229e-06,2.00215418e-08,0.00873763021
1.56420003e-06,1.55235071e-07,0.008737633,5.9841831e-08,1.34816593e-08,8.19115868e-08,0,1.15413229e-06,2.00251105e-08,0.00873763021
1.56513613e-06,1.55209534e-07,0.008737633,5.9822213e-08,1.3475745e-08,8.19115868e-08,0,1.15413229e-06,2.00286792e-08,0.00873763021
1.56602994e-06,1.55201391e-07,0.008737633,5.98051102e-08,1.34846943e-08,8.19115868e-08,0,1.15413229e-06,2.00321058e-08,0.00873763021
1.56692374e-06,1.55213925e-07,0.008737633,5.9812983e-08,1.34893607e-08,8.19115868e-08,0,1.15413229e-06,2.00355785e-08,0.00873763021
1.56781846e-06,1.55244194e-07,0.008737633,5.9827336e-08,1.35052689e-08,8.19115868e-08,0,1.15413229e-06,2.00388222e-08,0.00873763021
1.5687142e-06,1.5525633e-07,0.008737633,5.9828615e-08,1.35161384e-08,8.19115868e-08,0,1.15413229e-06,2.00421315e-08,0.00873763021
1.56961005e-06,1.55263962e-07,0.008737633,5.98344485e-08,1.35179299e-08,8.19115868e-08,0,1.15413229e-06,2.00454178e-08,0.00873763021
1.57050636e-06,1.55271323e-07,0.008737633,5.98478636e-08,1.35118778e-08,8.19115868e-08,0,1.15413229e-06,2.00487662e-08,0.00873763021
1.57140266e-06,1.55283232e-07,0.008737633,5.9857463e-08,1.35141764e-08,8.19115868e-08,0,1.15413229e-06,2.00519619e-08,0.00873763021
1.57234422e-06,1.55285235e-07,0.008737633,5.98564043e-08,1.35172424e-08,8.19115868e-08,0,1.15413229e-06,2.00552748e-08,0.00873763021
1.57324087e-06,1.55285363e-07,0.008737633,5.98565606e-08,1.3517214e-08,8.19115868e-08,0,1.15413229e-06,2.0058561e-08,0.00873763021
1.5741374e-06,1.5527624e-07,0.008737633,5.98473235e-08,1.35173357e-08,8.19115868e-08,0,1.15413229e-06,2.00618651e-08,0.00873763021
1.57503382e-06,1.55266477e-07,0.008737633,5.9844993e-08,1.35099079e-08,8.19115868e-08,0,1.15413229e-06,2.00650394e-08,0.00873763021
1.5759307e-06,1.55255506e-07,0.008737633,5.98476859e-08,1.34962406e-08,8.19115868e-08,0,1.15413229e-06,2.00683026e-08,0.00873763021
1.57682803e-06,1.55248017e-07,0.008737633,5.98460872e-08,1.34903413e-08,8.19115868e-08,0,1.15413229e-06,2.00715338e-08,0.00873763021
1.5777249e-06,1.55244905e-07,0.008737633,5.98459096e-08,1.3487405e-08,8.19115868e-08,0,1.15413229e-06,2.00746175e-08,0.00873763021
1.57862144e-06,1.55238553e-07,0.008737633,5.98419092e-08,1.34850584e-08,8.19115868e-08,0,1.15413229e-06,2.00777457e-08,0.00873763021
1.57951797e-06,1.5523355e-07,0.008737633,5.98416321e-08,1.34803297e-08,8.19115868e-08,0,1.15413229e-06,2.0080865e-08,0.00873763021
1.58041405e-06,1.55216583e-07,0.008737633,5.98444316e-08,1.34605562e-08,8.1911594e-08,0,1.15413229e-06,2.00839896e-08,0.00873763021
1.5813099e-06,1.55212064e-07,0.008737633,5.98499312e-08,1.34505447e-08,8.1911594e-08,0,1.15413229e-06,2.00871426e-08,0.00873763021
1.58220564e-06,1.55219595e-07,0.008737633,5.98541021e-08,1.34538958e-08,8.1911594e-08,0,1.15413229e-06,2.00903543e-08,0.00873763021
1.58310081e-06,1.55225365e-07,0.008737633,5.9850386e-08,1.34633797e-08,8.1911594e-08,0,1.15413229e-06,2.00935713e-08,0.00873763021
1.58404032e-06,1.55231206e-07,0.008737633,5.98474159e-08,1.34721949e-08,8.1911594e-08,0,1.15413229e-06,2.00967651e-08,0.00873763021
1.58493435e-06,1.55222494e-07,0.008737633,5.98292758e-08,1.34816247e-08,8.1911594e-08,0,1.15413229e-06,2.00997636e-08,0.00873763021
1.58582861e-06,1.55212973e-07,0.008737633,5.98177152e-08,1.34836702e-08,8.1911594e-08,0,1.15413229e-06,2.0102787e-08,0.00873763021
1.58672299e-06,1.55214153e-07,0.008737633,5.98097145e-08,1.34928397e-08,8.1911594e-08,0,1.15413229e-06,2.01058548e-08,0.00873763021
1.58761736e-06,1.55199203e-07,0.008737633,5.97893006e-08,1.349831e-08,8.1911594e-08,0,1.15413229e-06,2.01089474e-08,0.00873763021
1.58851151e-06,1.5520844e-07,0.008737633,5.97868706e-08,1.35099762e-08,8.1911594e-08,0,1.15413229e-06,2.0112326e-08,0.00873763021
1.58940611e-06,1.5521114e-07,0.008737633,5.97905441e-08,1.3509001e-08,8.1911594e-08,0,1.15413229e-06,2.01154435e-08,0.00873763021
1.59030105e-06,1.55210444e-07,0.008737633,5.97968253e-08,1.35020235e-08,8.1911594e-08,0,1.15413229e-06,2.0118625e-08,0.00873763021
1.5912409e-06,1.55219155e-07,0.008737633,5.98061476e-08,1.3501424e-08,8.1911594e-08,0,1.15413229e-06,2.01218651e-08,0.00873763021
1.59213562e-06,1.55223589e-07,0.008737633,5.98184684e-08,1.34935272e-08,8.1911594e-08,0,1.15414014e-06,2.0125464e-08,0.00873763021
1.59302897e-06,1.55235838e-07,0.008737633,5.98318692e-08,1.34923681e-08,8.1911594e-08,0,1.15414014e-06,2.01284696e-08,0.00873763021
1.59392187e-06,1.5525076e-07,0.008737633,5.98361396e-08,1.35030298e-08,8.1911594e-08,0,1.15414014e-06,2.0131619e-08,0.00873763021
1.5948151e-06,1.55249225e-07,0.008737633,5.98328995e-08,1.35047422e-08,8.1911594e-08,0,1.15414014e-06,2.01348751e-08,0.00873763021
1.59570834e-06,1.55247491e-07,0.008737633,5.98340648e-08,1.35018299e-08,8.1911594e-08,0,1.15414014e-06,2.01379837e-08,0.00873763021
1.59660181e-06,1.55221556e-07,0.008737633,5.98257941e-08,1.3484172e-08,8.1911594e-08,0,1.15414014e-06,2.0141119e-08,0.00873763021
1.59754097e-06,1.55189383e-07,0.008737633,5.98136651e-08,1.34641169e-08,8.1911594e-08,0,1.1541498e-06,2.01448298e-08,0.00873763021
1.59843535e-06,1.55180871e-07,0.008737633,5.98164362e-08,1.34528406e-08,8.1911594e-08,0,1.1541498e-06,2.01479757e-08,0.00873763021
1.59933018e-06,1.55177361e-07,0.008737633,5.98176442e-08,1.34481173e-08,8.1911594e-08,0,1.1541498e-06,2.01509707e-08,0.00873763021
1.60022466e-06,1.55165594e-07,0.008737633,5.9806446e-08,1.3447556e-08,8.1911594e-08,0,1.1541498e-06,2.0154129e-08,0.00873763021
1.60111938e-06,1.55163676e-07,0.008737633,5.98006622e-08,1.34514195e-08,8.1911594e-08,0,1.15415446e-06,2.01573336e-08,0.00873763021
1.60201387e-06,1.55166234e-07,0.008737633,5.98008612e-08,1.34537776e-08,8.1911594e-08,0,1.15415446e-06,2.01606571e-08,0.00873763021
1.60290779e-06,1.55161615e-07,0.008737633,5.97941749e-08,1.34558507e-08,8.1911594e-08,0,1.15415446e-06,2.01637089e-08,0.00873763021
1.60380137e-06,1.55176735e-07,0.008737633,5.97904517e-08,1.34746898e-08,8.1911594e-08,0,1.15415446e-06,2.01670112e-08,0.00873763021
1.60474042e-06,1.55187436e-07,0.008737633,5.97922494e-08,1.34835965e-08,8.1911594e-08,0,1.15415446e-06,2.01700967e-08,0.00873763021
1.60563525e-06,1.55199743e-07,0.008737633,5.98032202e-08,1.34848799e-08,8.19116437e-08,0,1.15415446e-06,2.01731325e-08,0.00873763021
1.60653042e-06,1.55199174e-07,0.008737633,5.98106169e-08,1.34769094e-08,8.19116437e-08,0,1.15415446e-06,2.0176163e-08,0.00873763021
1.60742547e-06,1.55189014e-07,0.008737633,5.98068794e-08,1.34704861e-08,8.19116437e-08,0,1.15415446e-06,2.01792574e-08,0.00873763021
1.60832133e-06,1.55202557e-07,0.008737633,5.98164505e-08,1.34744598e-08,8.19116437e-08,0,1.15415446e-06,2.01821653e-08,0.00873763021
1.60921707e-06,1.55210373e-07,0.008737633,5.98184116e-08,1.34803138e-08,8.19116437e-08,0,1.15415446e-06,2.01851815e-08,0.00873763021
1.61011371e-06,1.55224399e-07,0.008737633,5.98238472e-08,1.3488898e-08,8.19116437e-08,0,1.15415446e-06,2.01883239e-08,0.00873763021
1.61101025e-06,1.55236577e-07,0.008737633,5.98306826e-08,1.34942519e-08,8.19116437e-08,0,1.15415446e-06,2.01914521e-08,0.00873763021
1.61190678e-06,1.552241e-07,0.008737633,5.98215806e-08,1.34908653e-08,8.19116437e-08,0,1.15415446e-06,2.01943475e-08,0.00873763021
1.6128032e-06,1.55225379e-07,0.008737633,5.9820529e-08,1.34932048e-08,8.19116437e-08,0,1.15415446e-06,2.01973567e-08,0.00873763021
1.61370053e-06,1.55207132e-07,0.008737633,5.98158323e-08,1.34796476e-08,8.19116437e-08,0,1.15415446e-06,2.02002663e-08,0.00873763021
1.6146422e-06,1.55184253e-07,0.008737633,5.98002643e-08,1.34723441e-08,8.19116437e-08,0,1.15415446e-06,2.02035295e-08,0.00873763021
1.61553896e-06,1.55179492e-07,0.008737633,5.9795326e-08,1.34725271e-08,8.19116437e-08,0,1.15415446e-06,2.02067465e-08,0.00873763021
1.61643561e-06,1.55175243e-07,0.008737633,5.97827565e-08,1.3480836e-08,8.19116437e-08,0,1.15415446e-06,2.0209713e-08,0.00873763021
1.61733203e-06,1.55149195e-07,0.008737633,5.97711036e-08,1.34664395e-08,8.19116437e-08,0,1.15415446e-06,2.02126174e-08,0.00873763021
1.61822845e-06,1.55124013e-07,0.008737633,5.97556635e-08,1.34567069e-08,8.19116437e-08,0,1.15415446e-06,2.02155181e-08,0.00873763021
1.61912442e-06,1.55101574e-07,0.008737633,5.97415735e-08,1.34483509e-08,8.19116437e-08,0,1.15415446e-06,2.02186285e-08,0.00873763021
1.62001993e-06,1.55102569e-07,0.008737633,5.97460357e-08,1.34448923e-08,8.19116437e-08,0,1.15415446e-06,2.02215791e-08,0.00873763021
1.62091521e-06,1.55109745e-07,0.008737633,5.97532619e-08,1.3444847e-08,8.19116437e-08,0,1.15415446e-06,2.02247676e-08,0.00873763021
1.62181084e-06,1.55130664e-07,0.008737633,5.97728729e-08,1.34461411e-08,8.19116437e-08,0,1.15415446e-06,2.02277928e-08,0.00873763021
1.62270737e-06,1.55129584e-07,0.008737633,5.97853003e-08,1.34326426e-08,8.19116437e-08,0,1.15415446e-06,2.02307735e-08,0.00873763021
1.62360368e-06,1.55150161e-07,0.008737633,5.97991985e-08,1.34393119e-08,8.19116437e-08,0,1.15415446e-06,2.02336956e-08,0.00873763021
1.62454467e-06,1.55156314e-07,0.008737633,5.98120096e-08,1.34326568e-08,8.19116437e-08,0,1.15415446e-06,2.02367332e-08,0.00873763021
1.62544052e-06,1.55174305e-07,0.008737633,5.98159033e-08,1.34467557e-08,8.19116437e-08,0,1.15415446e-06,2.02396393e-08,0.00873763021
1.62633592e-06,1.55178896e-07,0.008737633,5.98175092e-08,1.3449732e-08,8.19116437e-08,0,1.15415446e-06,2.02429185e-08,0.00873763021
1.62723086e-06,1.55191188e-07,0.008737633,5.9825588e-08,1.34539473e-08,8.19116437e-08,0,1.15415446e-06,2.02458939e-08,0.00873763021
1.62812546e-06,1.5519575e-07,0.008737633,5.98344485e-08,1.34496618e-08,8.19116437e-08,0,1.15415446e-06,2.02487378e-08,0.00873763021
1.62901949e-06,1.55189284e-07,0.008737633,5.98279328e-08,1.34497009e-08,8.19116437e-08,0,1.15415446e-06,2.025158e-08,0.00873763021
1.6299133e-06,1.55182803e-07,0.008737633,5.98142336e-08,1.34569182e-08,8.19116437e-08,0,1.15415446e-06,2.0254479e-08,0.00873763021
1.63080711e-06,1.55181908e-07,0.008737633,5.98033978e-08,1.34668623e-08,8.19116437e-08,0,1.15415446e-06,2.02573727e-08,0.00873763021
1.63170034e-06,1.55176096e-07,0.008737633,5.97872685e-08,1.34771794e-08,8.19116437e-08,0,1.15415446e-06,2.02602628e-08,0.00873763021
1.63263803e-06,1.5518367e-07,0.008737633,5.97960224e-08,1.34760034e-08,8.19116437e-08,0,1.15415446e-06,2.02631742e-08,0.00873763021
1.63353025e-06,1.55182207e-07,0.008737633,5.98048828e-08,1.34656748e-08,8.19116437e-08,0,1.15415446e-06,2.02660662e-08,0.00873763021
1.63442269e-06,1.55182448e-07,0.008737633,5.98151786e-08,1.34556233e-08,8.19116437e-08,0,1.15415446e-06,2.02688089e-08,0.00873763021
1.63531502e-06,1.55182462e-07,0.008737633,5.98160241e-08,1.34547884e-08,8.19116437e-08,0,1.15415446e-06,2.02716244e-08,0.00873763021
1.63620734e-06,1.55175513e-07,0.008737633,5.98192926e-08,1.34445752e-08,8.19116437e-08,0,1.15415446e-06,2.02743955e-08,0.00873763021
1.63714367e-06,1.55181851e-07,0.008737633,5.98355854e-08,1.34346205e-08,8.19116437e-08,0,1.15415446e-06,2.02773229e-08,0.00873763021
1.63803566e-06,1.55177133e-07,0.008737633,5.98442611e-08,1.34212215e-08,8.19116437e-08,0,1.15415446e-06,2.02800425e-08,0.00873763021
1.63892844e-06,1.55163207e-07,0.008737633,5.98466485e-08,1.3404919e-08,8.19116437e-08,0,1.15415446e-06,2.02827408e-08,0.00873763021
1.63982145e-06,1.55156911e-07,0.008737633,5.98424279e-08,1.34028362e-08,8.19116437e-08,0,1.15415446e-06,2.02856274e-08,0.00873763021
1.64071469e-06,1.55148271e-07,0.008737633,5.98407155e-08,1.33959039e-08,8.19116437e-08,0,1.15415446e-06,2.0288379e-08,0.00873763021
1.6416077e-06,1.55125164e-07,0.008737633,5.98326437e-08,1.33808715e-08,8.19116437e-08,0,1.15415446e-06,2.02911909e-08,0.00873763021
1.64250105e-06,1.55119196e-07,0.008737633,5.98303203e-08,1.33772105e-08,8.19116579e-08,0,1.15415446e-06,2.02938715e-08,0.00873763021
1.64343965e-06,1.55113653e-07,0.008737633,5.98388397e-08,1.33631461e-08,8.19116579e-08,0,1.15415446e-06,2.02966692e-08,0.00873763021
1.64433357e-06,1.55125434e-07,0.008737633,5.98453909e-08,1.3368374e-08,8.19116579e-08,0,1.15415446e-06,2.02993995e-08,0.00873763021
1.64522737e-06,1.55146552e-07,0.008737633,5.98557222e-08,1.3379168e-08,8.19116579e-08,0,1.15415446e-06,2.03021067e-08,0.00873763021
1.64612061e-06,1.55147717e-07,0.008737633,5.98471459e-08,1.33889149e-08,8.19116579e-08,0,1.15415446e-06,2.03049471e-08,0.00873763021
1.64701373e-06,1.55155121e-07,0.008737633,5.98435363e-08,1.33999256e-08,8.19116579e-08,0,1.15415446e-06,2.03077803e-08,0.00873763021
1.6479072e-06,1.55166234e-07,0.008737633,5.98396213e-08,1.34149483e-08,8.19116579e-08,0,1.15415446e-06,2.03105728e-08,0.00873763021
1.648801e-06,1.55182747e-07,0.008737633,5.98353296e-08,1.34357574e-08,8.19116579e-08,0,1.15415446e-06,2.03132551e-08,0.00873763021
1.64973915e-06,1.55193888e-07,0.008737633,5.98298087e-08,1.34524125e-08,8.19116579e-08,0,1.15415446e-06,2.03161044e-08,0.00873763021
1.65063273e-06,1.55199515e-07,0.008737633,5.98176868e-08,1.34701601e-08,8.19116579e-08,0,1.15415446e-06,2.03188097e-08,0.00873763021
1.65152676e-06,1.55211012e-07,0.008737633,5.98084142e-08,1.34909168e-08,8.19116792e-08,0,1.15415446e-06,2.03216697e-08,0.00873763021
1.65242091e-06,1.55207914e-07,0.008737633,5.97893077e-08,1.35069369e-08,8.19116792e-08,0,1.15415446e-06,2.03243467e-08,0.00873763021
1.65331471e-06,1.55201633e-07,0.008737633,5.97777046e-08,1.35122571e-08,8.19116792e-08,0,1.15416128e-06,2.03274748e-08,0.00873763021
1.65420806e-06,1.55193746e-07,0.008737633,5.97692633e-08,1.35128095e-08,8.19116792e-08,0,1.1541614e-06,2.03302868e-08,0.00873763021
1.65510119e-06,1.5520429e-07,0.008737633,5.97775767e-08,1.35150371e-08,8.19116792e-08,0,1.1541614e-06,2.03329584e-08,0.00873763021
1.65603979e-06,1.55200112e-07,0.008737633,5.97955108e-08,1.34929223e-08,8.19116792e-08,0,1.1541614e-06,2.033571e-08,0.00873763021
1.65693382e-06,1.55205313e-07,0.008737633,5.98152639e-08,1.34783766e-08,8.19116792e-08,0,1.1541614e-06,2.03385042e-08,0.00873763021
1.65782876e-06,1.551998e-07,0.008737633,5.98186389e-08,1.34694869e-08,8.19116792e-08,0,1.1541614e-06,2.03411048e-08,0.00873763021
1.6587237e-06,1.55190421e-07,0.008737633,5.98189516e-08,1.34597977e-08,8.19116792e-08,0,1.1541614e-06,2.03436823e-08,0.00873763021
1.65961876e-06,1.55185944e-07,0.008737633,5.98188521e-08,1.34554208e-08,8.19116792e-08,0,1.1541614e-06,2.03463042e-08,0.00873763021
1.66051427e-06,1.55168479e-07,0.008737633,5.98150152e-08,1.34417837e-08,8.19116792e-08,0,1.1541614e-06,2.0348887e-08,0.00873763021
1.66140944e-06,1.55141805e-07,0.008737633,5.98117609e-08,1.34183766e-08,8.19116792e-08,0,1.1541614e-06,2.03514752e-08,0.00873763021
1.66230382e-06,1.55113781e-07,0.008737633,5.98018559e-08,1.34002391e-08,8.19116792e-08,0,1.1541614e-06,2.03541717e-08,0.00873763021
1.66324219e-06,1.55091882e-07,0.008737633,5.9793706e-08,1.33865008e-08,8.19116792e-08,0,1.1541614e-06,2.03570458e-08,0.00873763021
1.66413622e-06,1.55085345e-07,0.008737633,5.97918586e-08,1.33818077e-08,8.19116792e-08,0,1.15416549e-06,2.03597743e-08,0.00873763021
1.6650306e-06,1.55089154e-07,0.008737633,5.97950276e-08,1.33824418e-08,8.19116792e-08,0,1.15416549e-06,2.03623252e-08,0.00873763021
1.66592474e-06,1.55108083e-07,0.008737633,5.98077179e-08,1.3388691e-08,8.19116792e-08,0,1.15416549e-06,2.03649648e-08,0.00873763021
1.66681946e-06,1.55117618e-07,0.008737633,5.9811029e-08,1.33949101e-08,8.19116792e-08,0,1.15416549e-06,2.03675121e-08,0.00873763021
1.66771406e-06,1.5513541e-07,0.008737633,5.98155623e-08,1.34081679e-08,8.19116792e-08,0,1.15416549e-06,2.03702477e-08,0.00873763021
1.668609e-06,1.55143439e-07,0.008737633,5.98201666e-08,1.34115918e-08,8.19116792e-08,0,1.15416549e-06,2.03729016e-08,0.00873763021
1.66950417e-06,1.55156044e-07,0.008737633,5.98292615e-08,1.34151064e-08,8.19116792e-08,0,1.15416549e-06,2.03754489e-08,0.00873763021
1.67044357e-06,1.55166504e-07,0.008737633,5.98301071e-08,1.34247182e-08,8.19116792e-08,0,1.15416549e-06,2.03781703e-08,0.00873763021
1.67133794e-06,1.55170028e-07,0.008737633,5.98232575e-08,1.34350948e-08,8.19116792e-08,0,1.15416549e-06,2.03810231e-08,0.00873763021
1.67223175e-06,1.55175684e-07,0.008737633,5.98210477e-08,1.3442965e-08,8.19116792e-08,0,1.15416549e-06,2.03835757e-08,0.00873763021
1.67312544e-06,1.55169047e-07,0.008737633,5.9818845e-08,1.34385187e-08,8.19116792e-08,0,1.15416549e-06,2.03860893e-08,0.00873763021
1.67401879e-06,1.55160748e-07,0.008737633,5.98139493e-08,1.34351277e-08,8.19116792e-08,0,1.15416549e-06,2.03885744e-08,0.00873763021
1.67491191e-06,1.55162297e-07,0.008737633,5.98189871e-08,1.343163e-08,8.19116792e-08,0,1.15416549e-06,2.03910542e-08,0.00873763021
1.67580549e-06,1.55177219e-07,0.008737633,5.98214953e-08,1.34440459e-08,8.19116792e-08,0,1.15416549e-06,2.03935393e-08,0.00873763021
1.67674364e-06,1.55181709e-07,0.008737633,5.98303629e-08,1.34396743e-08,8.19116792e-08,0,1.15416549e-06,2.03963673e-08,0.00873763021
1.67763721e-06,1.5519548e-07,0.008737633,5.98477712e-08,1.34360318e-08,8.19116792e-08,0,1.15416549e-06,2.03988773e-08,0.00873763021
1.67853113e-06,1.55182576e-07,0.008737633,5.98531429e-08,1.34177576e-08,8.19116792e-08,0,1.15416549e-06,2.04014174e-08,0.00873763021
1.67942528e-06,1.55168522e-07,0.008737633,5.98582162e-08,1.33986253e-08,8.19116792e-08,0,1.15416549e-06,2.04038901e-08,0.00873763021
1.68031966e-06,1.55165083e-07,0.008737633,5.98697767e-08,1.33836293e-08,8.19116792e-08,0,1.15416549e-06,2.04064605e-08,0.00873763021
1.68121392e-06,1.55169417e-07,0.008737633,5.98791559e-08,1.33785818e-08,8.19116792e-08,0,1.15416549e-06,2.04089172e-08,0.00873763021
1.68210795e-06,1.55157764e-07,0.008737633,5.98677943e-08,1.3378294e-08,8.19116792e-08,0,1.15416549e-06,2.04114965e-08,0.00873763021
1.68300176e-06,1.5515333e-07,0.008737633,5.98630621e-08,1.33785845e-08,8.19116792e-08,0,1.15416549e-06,2.04139727e-08,0.00873763021
1.68394035e-06,1.55136604e-07,0.008737633,5.98553669e-08,1.33695606e-08,8.19116792e-08,0,1.15416549e-06,2.04165502e-08,0.00873763021
1.68483405e-06,1.55137641e-07,0.008737633,5.98463217e-08,1.33796458e-08,8.19116792e-08,0,1.15416549e-06,2.04191153e-08,0.00873763021
1.68572763e-06,1.55131673e-07,0.008737633,5.98375465e-08,1.33824498e-08,8.19116792e-08,0,1.15416549e-06,2.04215755e-08,0.00873763021
1.68662064e-06,1.55151582e-07,0.008737633,5.98339653e-08,1.34059368e-08,8.19116792e-08,0,1.15416549e-06,2.0424114e-08,0.00873763021
1.68751319e-06,1.55176195e-07,0.008737633,5.98372125e-08,1.34273019e-08,8.19116792e-08,0,1.15416549e-06,2.04267181e-08,0.00873763021
1.68840586e-06,1.55185106e-07,0.008737633,5.98296666e-08,1.34437705e-08,8.19116792e-08,0,1.15416549e-06,2.04292245e-08,0.00873763021
1.68934321e-06,1.55182107e-07,0.008737633,5.98215379e-08,1.34488909e-08,8.19116792e-08,0,1.15416549e-06,2.04317878e-08,0.00873763021
1.69023622e-06,1.55184068e-07,0.008737633,5.98170615e-08,1.34553373e-08,8.19116792e-08,0,1.15416549e-06,2.04343031e-08,0.00873763021
1.69112957e-06,1.55174362e-07,0.008737633,5.98075545e-08,1.34551295e-08,8.19116792e-08,0,1.15416549e-06,2.04367794e-08,0.00873763021
1.69202247e-06,1.55178881e-07,0.008737633,5.98144325e-08,1.34527713e-08,8.19116792e-08,0,1.15416549e-06,2.04392148e-08,0.00873763021
1.69291593e-06,1.55163349e-07,0.008737633,5.98182766e-08,1.34333931e-08,8.19116792e-08,0,1.15416549e-06,2.04416324e-08,0.00873763021
1.69380951e-06,1.5515441e-07,0.008737633,5.98246714e-08,1.3418064e-08,8.19116792e-08,0,1.15416549e-06,2.04440678e-08,0.00873763021
1.6947032e-06,1.55132284e-07,0.008737633,5.98227388e-08,1.33978668e-08,8.19116792e-08,0,1.15416958e-06,2.04467057e-08,0.00873763021
1.69564134e-06,1.55121626e-07,0.008737633,5.98241527e-08,1.3385792e-08,8.19116792e-08,0,1.15416958e-06,2.04492387e-08,0.00873763021
1.69653481e-06,1.55116155e-07,0.008737633,5.98208416e-08,1.33836382e-08,8.19116792e-08,0,1.15417424e-06,2.04519317e-08,0.00873763021
1.69742782e-06,1.55127267e-07,0.008737633,5.98235204e-08,1.33920661e-08,8.19116792e-08,0,1.15417424e-06,2.04544293e-08,0.00873763021
1.69832026e-06,1.55140341e-07,0.008737633,5.98310663e-08,1.33976039e-08,8.19116792e-08,0,1.15417424e-06,2.04568984e-08,0.00873763021
1.69921248e-06,1.55139077e-07,0.008737633,5.98360472e-08,1.33913556e-08,8.19116792e-08,0,1.15417424e-06,2.04594048e-08,0.00873763021
1.70010412e-06,1.55143837e-07,0.008737633,5.98488228e-08,1.33833371e-08,8.19116792e-08,0,1.15417424e-06,2.04618278e-08,0.00873763021
1.70103965e-06,1.55129257e-07,0.008737633,5.98351662e-08,1.33824143e-08,8.19116792e-08,0,1.15417424e-06,2.04643609e-08,0.00873763021
1.70193027e-06,1.55125022e-07,0.008737633,5.98272081e-08,1.33861366e-08,8.19116792e-08,0,1.15419766e-06,2.04676738e-08,0.00873763021
1.70282055e-06,1.55121896e-07,0.008737633,5.98211827e-08,1.33890419e-08,8.19116792e-08,0,1.15419766e-06,2.04700594e-08,0.00873763021
1.70371061e-06,1.55113227e-07,0.008737633,5.98050178e-08,1.33965345e-08,8.19116792e-08,0,1.15419766e-06,2.04724362e-08,0.00873763021
1.70460032e-06,1.55114037e-07,0.008737633,5.97921428e-08,1.34102098e-08,8.19116792e-08,0,1.15419766e-06,2.04749426e-08,0.00873763021
1.70553449e-06,1.5511128e-07,0.008737633,5.9778678e-08,1.34209195e-08,8.19116792e-08,0,1.15419766e-06,2.04775024e-08,0.00873763021
1.70642511e-06,1.55109021e-07,0.008737633,5.97668333e-08,1.34305216e-08,8.19116792e-08,0,1.15419766e-06,2.04799893e-08,0.00873763021
1.70731596e-06,1.55107088e-07,0.008737633,5.9767757e-08,1.3427659e-08,8.19116792e-08,0,1.15419766e-06,2.04824708e-08,0.00873763021
1.70820738e-06,1.55111181e-07,0.008737633,5.97774203e-08,1.34220866e-08,8.19116792e-08,0,1.15419766e-06,2.04847996e-08,0.00873763021
1.70914393e-06,1.55124951e-07,0.008737633,5.97930523e-08,1.3420232e-08,8.19116792e-08,0,1.15419766e-06,2.04872492e-08,0.00873763021
1.71003592e-06,1.5513551e-07,0.008737633,5.98039378e-08,1.34198865e-08,8.19116792e-08,0,1.15419766e-06,2.04896562e-08,0.00873763021
1.7109279e-06,1.55153643e-07,0.008737633,5.98196195e-08,1.3422345e-08,8.19116792e-08,0,1.15420255e-06,2.04921466e-08,0.00873763021
1.71181989e-06,1.55168607e-07,0.008737633,5.98299721e-08,1.34269609e-08,8.19116792e-08,0,1.15420255e-06,2.04944843e-08,0.00873763021
1.71271222e-06,1.55177304e-07,0.008737633,5.98400618e-08,1.34255647e-08,8.19116792e-08,0,1.15420858e-06,2.04971276e-08,0.00873763021
1.71360466e-06,1.55178782e-07,0.008737633,5.98421934e-08,1.34249127e-08,8.19116792e-08,0,1.15420858e-06,2.04995416e-08,0.00873763021
1.71454246e-06,1.55168834e-07,0.008737633,5.98351377e-08,1.34220288e-08,8.19116792e-08,0,1.15420858e-06,2.0501929e-08,0.00873763021
1.71543604e-06,1.55144733e-07,0.008737633,5.9831585e-08,1.34014684e-08,8.19116792e-08,0,1.15420858e-06,2.05042241e-08,0.00873763021
1.71633008e-06,1.55134501e-07,0.008737633,5.98342709e-08,1.33885569e-08,8.19116792e-08,0,1.15420858e-06,2.05067607e-08,0.00873763021
1.71722411e-06,1.55111849e-07,0.008737633,5.98318124e-08,1.33683615e-08,8.19116792e-08,0,1.15420858e-06,2.05092938e-08,0.00873763021
1.71811791e-06,1.55115174e-07,0.008737633,5.98293752e-08,1.33741187e-08,8.19116792e-08,0,1.15420858e-06,2.05117061e-08,0.00873763021
1.71901149e-06,1.5511506e-07,0.008737633,5.98124004e-08,1.33909879e-08,8.19116792e-08,0,1.15420858e-06,2.05139905e-08,0.00873763021
1.71990541e-06,1.55120148e-07,0.008737633,5.98043286e-08,1.34041382e-08,8.19116792e-08,0,1.15420858e-06,2.05162891e-08,0.00873763021
1.7208439e-06,1.55135425e-07,0.008737633,5.98073768e-08,1.34163756e-08,8.19116792e-08,0,1.15420858e-06,2.05186925e-08,0.00873763021
1.7217377e-06,1.55147646e-07,0.008737633,5.98129617e-08,1.34230014e-08,8.19116792e-08,0,1.15420858e-06,2.05209663e-08,0.00873763021
1.72263174e-06,1.55154979e-07,0.008737633,5.98176726e-08,1.34256322e-08,8.19116792e-08,0,1.15420858e-06,2.05232524e-08,0.00873763021
1.72352679e-06,1.55174362e-07,0.008737633,5.98202305e-08,1.34424596e-08,8.19116792e-08,0,1.15420858e-06,2.05256825e-08,0.00873763021
1.72442299e-06,1.55183017e-07,0.008737633,5.98257657e-08,1.34455709e-08,8.19116792e-08,0,1.15420858e-06,2.05279633e-08,0.00873763021
1.72531963e-06,1.55183855e-07,0.008737633,5.98303984e-08,1.34417792e-08,8.19116792e-08,0,1.15420858e-06,2.05302442e-08,0.00873763021
1.72621685e-06,1.55172856e-07,0.008737633,5.98307821e-08,1.3430399e-08,8.19116792e-08,0,1.15420858e-06,2.05326049e-08,0.00873763021
1.72711418e-06,1.55157423e-07,0.008737633,5.98269807e-08,1.34187479e-08,8.19116934e-08,0,1.15420858e-06,2.05348627e-08,0.00873763021
1.72801208e-06,1.55140825e-07,0.008737633,5.98192642e-08,1.3409875e-08,8.19116934e-08,0,1.15420858e-06,2.05371382e-08,0.00873763021
1.72891055e-06,1.55125065e-07,0.008737633,5.98140844e-08,1.33992906e-08,8.19116934e-08,0,1.15420858e-06,2.05394226e-08,0.00873763021
1.72980924e-06,1.55118926e-07,0.008737633,5.98109295e-08,1.33962965e-08,8.19116934e-08,0,1.15420858e-06,2.05416395e-08,0.00873763021
1.73070748e-06,1.55110314e-07,0.008737633,5.98093663e-08,1.33892497e-08,8.19116934e-08,0,1.15420858e-06,2.0543844e-08,0.00873763021
1.73160549e-06,1.55115742e-07,0.008737633,5.98113417e-08,1.33927056e-08,8.19116934e-08,0,1.15420858e-06,2.05463131e-08,0.00873763021
1.73250339e-06,1.55104999e-07,0.008737633,5.98112209e-08,1.33820812e-08,8.19116934e-08,0,1.15420858e-06,2.05485193e-08,0.00873763021
1.73340027e-06,1.5511992e-07,0.008737633,5.98223906e-08,1.3385832e-08,8.19116934e-08,0,1.15420858e-06,2.05512354e-08,0.00873763021
1.73434182e-06,1.55139787e-07,0.008737633,5.98385128e-08,1.33895774e-08,8.19116934e-08,0,1.15420858e-06,2.05539372e-08,0.00873763021
1.73523836e-06,1.55140683e-07,0.008737633,5.9841561e-08,1.33874227e-08,8.19116934e-08,0,1.15420858e-06,2.05563335e-08,0.00873763021
1.73613478e-06,1.55138991e-07,0.008737633,5.98420655e-08,1.33852263e-08,8.19116934e-08,0,1.15420858e-06,2.05587121e-08,0.00873763021
1.73703131e-06,1.55123359e-07,0.008737633,5.9831855e-08,1.33798066e-08,8.19116934e-08,0,1.15420858e-06,2.05609734e-08,0.00873763021
1.73792819e-06,1.55100025e-07,0.008737633,5.98162799e-08,1.33720555e-08,8.19116934e-08,0,1.15420858e-06,2.05632595e-08,0.00873763021
1.73882586e-06,1.55093062e-07,0.008737633,5.98103256e-08,1.33710429e-08,8.19116934e-08,0,1.15420858e-06,2.05657518e-08,0.00873763021
1.73972307e-06,1.55089339e-07,0.008737633,5.98108372e-08,1.33668108e-08,8.19116934e-08,0,1.15420858e-06,2.05680273e-08,0.00873763021
1.74061972e-06,1.55089225e-07,0.008737633,5.98099774e-08,1.33675613e-08,8.19116934e-08,0,1.15421176e-06,2.05706669e-08,0.00873763021
1.74151614e-06,1.55100636e-07,0.008737633,5.98143757e-08,1.33745646e-08,8.19116934e-08,0,1.15421574e-06,2.05730135e-08,0.00873763021
1.74241234e-06,1.55107813e-07,0.008737633,5.98160099e-08,1.33801068e-08,8.19116934e-08,0,1.15421574e-06,2.05752659e-08,0.00873763021
1.74330796e-06,1.55110456e-07,0.008737633,5.98138712e-08,1.33848905e-08,8.19116934e-08,0,1.15421574e-06,2.05774988e-08,0.00873763021
1.74420256e-06,1.55117405e-07,0.008737633,5.98160028e-08,1.33897e-08,8.19116934e-08,0,1.15421574e-06,2.05799449e-08,0.00873763021
1.74514116e-06,1.55128589e-07,0.008737633,5.98206924e-08,1.33962041e-08,8.19116934e-08,0,1.15421574e-06,2.0582295e-08,0.00873763021
1.74603497e-06,1.55157565e-07,0.008737633,5.98311516e-08,1.341472e-08,8.19116934e-08,0,1.15421574e-06,2.05845438e-08,0.00873763021
1.74692877e-06,1.55164813e-07,0.008737633,5.9830306e-08,1.3422814e-08,8.19116934e-08,0,1.15421574e-06,2.0586814e-08,0.00873763021
1.74782258e-06,1.55156101e-07,0.008737633,5.98191292e-08,1.34252822e-08,8.19116934e-08,0,1.15421574e-06,2.05891286e-08,0.00873763021
1.74871627e-06,1.55143525e-07,0.008737633,5.98124146e-08,1.34194131e-08,8.19116934e-08,0,1.15421574e-06,2.05913366e-08,0.00873763021
1.74961031e-06,1.55136107e-07,0.008737633,5.98079239e-08,1.34164928e-08,8.19116934e-08,0,1.15421574e-06,2.05937258e-08,0.00873763021
1.75050479e-06,1.55141919e-07,0.008737633,5.9814063e-08,1.3416158e-08,8.19116934e-08,0,1.15421574e-06,2.05959196e-08,0.00873763021
1.75144453e-06,1.5514091e-07,0.008737633,5.98169123e-08,1.34122988e-08,8.19116934e-08,0,1.15421574e-06,2.05981898e-08,0.00873763021
1.75233959e-06,1.55134586e-07,0.008737633,5.98237051e-08,1.33991902e-08,8.19116934e-08,0,1.15421574e-06,2.06004209e-08,0.00873763021
1.75323476e-06,1.5513703e-07,0.008737633,5.98413479e-08,1.3383997e-08,8.19116934e-08,0,1.15421574e-06,2.06027835e-08,0.00873763021
1.75412981e-06,1.55128802e-07,0.008737633,5.98461583e-08,1.33709444e-08,8.19116934e-08,0,1.15422165e-06,2.06054072e-08,0.00873763021
1.75502464e-06,1.55120574e-07,0.008737633,5.9842904e-08,1.33659732e-08,8.19116934e-08,0,1.15422233e-06,2.06079029e-08,0.00873763021
1.75591913e-06,1.55125605e-07,0.008737633,5.98454122e-08,1.33684974e-08,8.19116934e-08,0,1.15422233e-06,2.06100825e-08,0.00873763021
1.75681328e-06,1.55124653e-07,0.008737633,5.98447585e-08,1.33681972e-08,8.19116934e-08,0,1.15422233e-06,2.06124255e-08,0.00873763021
1.75770674e-06,1.55130792e-07,0.008737633,5.98445453e-08,1.33745495e-08,8.19116934e-08,0,1.15422233e-06,2.06149462e-08,0.00873763021
1.75864454e-06,1.55126884e-07,0.008737633,5.98448722e-08,1.33703111e-08,8.19116934e-08,0,1.15422233e-06,2.06174118e-08,0.00873763021
1.75953733e-06,1.55124582e-07,0.008737633,5.98386265e-08,1.3374259e-08,8.19116934e-08,0,1.15422233e-06,2.06196304e-08,0.00873763021
1.76043e-06,1.55117988e-07,0.008737633,5.98358483e-08,1.3370447e-08,8.19116934e-08,0,1.15422233e-06,2.06218438e-08,0.00873763021
1.76132301e-06,1.55107799e-07,0.008737633,5.98274923e-08,1.33686111e-08,8.19116934e-08,0,1.15422233e-06,2.06242294e-08,0.00873763021
1.76221602e-06,1.550966e-07,0.008737633,5.98223124e-08,1.33625901e-08,8.19116934e-08,0,1.15422233e-06,2.06264303e-08,0.00873763021
1.76310948e-06,1.55091669e-07,0.008737633,5.98182197e-08,1.33617624e-08,8.19116934e-08,0,1.15422233e-06,2.06286508e-08,0.00873763021
1.76400283e-06,1.55090206e-07,0.008737633,5.98144894e-08,1.33640263e-08,8.19116934e-08,0,1.15422233e-06,2.06310169e-08,0.00873763021
1.76494098e-06,1.55095719e-07,0.008737633,5.9816287e-08,1.33677398e-08,8.19116934e-08,0,1.15422233e-06,2.06332693e-08,0.00873763021
1.76583455e-06,1.55112815e-07,0.008737633,5.9825858e-08,1.3375268e-08,8.19116934e-08,0,1.15422233e-06,2.06353779e-08,0.00873763021
1.76672859e-06,1.55128703e-07,0.00873763207,5.98362462e-08,1.33807561e-08,8.19116934e-08,0,1.15422233e-06,2.06375184e-08,0.00873763021
1.76762273e-06,1.55132227e-07,0.00873763207,5.98370136e-08,1.33835192e-08,8.19116934e-08,0,1.15422233e-06,2.06396802e-08,0.00873763021
1.76851745e-06,1.55145116e-07,0.00873763207,5.9839671e-08,1.33937439e-08,8.19116934e-08,0,1.15422233e-06,2.06417958e-08,0.00873763021
1.76941262e-06,1.55147887e-07,0.00873763207,5.98395076e-08,1.33966829e-08,8.19116934e-08,0,1.15422233e-06,2.06439577e-08,0.00873763021
1.77030813e-06,1.55154339e-07,0.00873763207,5.98409073e-08,1.34017428e-08,8.19116934e-08,0,1.15422233e-06,2.0646068e-08,0.00873763021
1.77120398e-06,1.55152449e-07,0.00873763207,5.98386407e-08,1.34021167e-08,8.19116934e-08,0,1.15422233e-06,2.06482742e-08,0.00873763021
1.77210006e-06,1.5514253e-07,0.00873763207,5.98302847e-08,1.340055e-08,8.19116934e-08,0,1.15422233e-06,2.06504058e-08,0.00873763021
1.77304128e-06,1.55130536e-07,0.00873763207,5.98214385e-08,1.33974103e-08,8.19116934e-08,0,1.15422233e-06,2.06527186e-08,0.00873763021
1.77393792e-06,1.55123089e-07,0.00873763207,5.98187739e-08,1.33926168e-08,8.19116934e-08,0,1.15422233e-06,2.06548325e-08,0.00873763021
1.77483423e-06,1.55117618e-07,0.00873763207,5.981763e-08,1.33882994e-08,8.19116934e-08,0,1.15422233e-06,2.06569251e-08,0.00873763021
1.7757302e-06,1.55119167e-07,0.00873763207,5.98184187e-08,1.33890516e-08,8.19116934e-08,0,1.15422711e-06,2.06592627e-08,0.00873763021
1.7766265e-06,1.55114307e-07,0.00873763207,5.9816081e-08,1.3386531e-08,8.19116934e-08,0,1.15423074e-06,2.06615365e-08,0.00873763021
1.77752304e-06,1.55113511e-07,0.00873763207,5.98142691e-08,1.33875435e-08,8.19116934e-08,0,1.15423074e-06,2.0663645e-08,0.00873763021
1.77841946e-06,1.55114734e-07,0.00873763207,5.98159318e-08,1.33871003e-08,8.19116934e-08,0,1.15423074e-06,2.06657127e-08,0.00873763021
1.77931554e-06,1.55110968e-07,0.00873763207,5.98184613e-08,1.33808147e-08,8.19116934e-08,0,1.15423074e-06,2.06677822e-08,0.00873763021
1.78021139e-06,1.55104928e-07,0.00873763207,5.98176015e-08,1.33756304e-08,8.19116934e-08,0,1.15423074e-06,2.06699564e-08,0.00873763021
1.78110747e-06,1.55092806e-07,0.00873763207,5.98130399e-08,1.33680667e-08,8.19116934e-08,0,1.15423074e-06,2.06720845e-08,0.00873763021
1.78200366e-06,1.55088571e-07,0.00873763207,5.9813118e-08,1.33637537e-08,8.19116934e-08,0,1.15423074e-06,2.06742001e-08,0.00873763021
1.78294374e-06,1.55089026e-07,0.00873763207,5.98146741e-08,1.33626523e-08,8.19116934e-08,0,1.15423074e-06,2.06764206e-08,0.00873763021
1.78383823e-06,1.5508752e-07,0.00873763207,5.98173671e-08,1.33584495e-08,8.19116934e-08,0,1.15423074e-06,2.0678538e-08,0.00873763021
1.78473215e-06,1.55096146e-07,0.00873763207,5.98152994e-08,1.33691476e-08,8.19116934e-08,0,1.154242e-06,2.06813588e-08,0.00873763021
1.78562573e-06,1.55109248e-07,0.00873763207,5.98190084e-08,1.3378548e-08,8.19116934e-08,0,1.154242e-06,2.06834692e-08,0.00873763021
1.78651999e-06,1.5511651e-07,0.00873763207,5.98235488e-08,1.33812748e-08,8.19116934e-08,0,1.154242e-06,2.06855209e-08,0.00873763021
1.78741448e-06,1.55121526e-07,0.00873763207,5.98217085e-08,1.33881244e-08,8.19116934e-08,0,1.154242e-06,2.06875939e-08,0.00873763021
1.78830919e-06,1.55123374e-07,0.00873763207,5.98170189e-08,1.33946632e-08,8.19116934e-08,0,1.15425473e-06,2.06907789e-08,0.00873763021
1.78920448e-06,1.55128788e-07,0.00873763207,5.98197403e-08,1.33973543e-08,8.19116934e-08,0,1.15425473e-06,2.06927755e-08,0.00873763021
1.79014421e-06,1.55131659e-07,0.00873763207,5.9811974e-08,1.34079867e-08,8.19116934e-08,0,1.15425473e-06,2.06949018e-08,0.00873763021
1.79103938e-06,1.55126429e-07,0.00873763207,5.97997314e-08,1.34150087e-08,8.19116934e-08,0,1.15425473e-06,2.06969375e-08,0.00873763021
1.79193421e-06,1.55107813e-07,0.00873763207,5.9784476e-08,1.3411646e-08,8.19116934e-08,0,1.15425473e-06,2.06989963e-08,0.00873763021
1.79282847e-06,1.55093531e-07,0.00873763207,5.97737113e-08,1.34081262e-08,8.19116934e-08,0,1.15425473e-06,2.07010604e-08,0.00873763021
1.79372228e-06,1.55095535e-07,0.00873763207,5.97782943e-08,1.34055451e-08,8.19116934e-08,0,1.15425473e-06,2.0703121e-08,0.00873763021
1.79461529e-06,1.55100523e-07,0.00873763207,5.9778472e-08,1.34103537e-08,8.19116934e-08,0,1.15425473e-06,2.07051656e-08,0.00873763021
1.79550761e-06,1.5510804e-07,0.00873763207,5.97840426e-08,1.34123042e-08,8.19116934e-08,0,1.15425473e-06,2.07072119e-08,0.00873763021
1.79640006e-06,1.55111479e-07,0.00873763207,5.97911338e-08,1.34086564e-08,8.19116934e-08,0,1.15426019e-06,2.0709594e-08,0.00873763021
1.79733684e-06,1.55119352e-07,0.00873763207,5.98005485e-08,1.34071083e-08,8.19116934e-08,0,1.15426019e-06,2.07117274e-08,0.00873763021
1.79822871e-06,1.55114563e-07,0.00873763207,5.98041012e-08,1.33987594e-08,8.19116934e-08,0,1.15426019e-06,2.07137916e-08,0.00873763021
1.7991207e-06,1.5511209e-07,0.00873763207,5.98105387e-08,1.33898661e-08,8.19116934e-08,0,1.15426019e-06,2.07159339e-08,0.00873763021
1.79999995e-06,1.55113753e-07,0.00873763207,5.98173315e-08,1.33847182e-08,8.19116934e-08,0,1.15426019e-06,2.07180442e-08,0.00873763021
